DEBUG:asyncio:Using proactor: IocpProactor
DEBUG:asyncio:Using proactor: IocpProactor
INFO:run_local_battle:Showdown server already running on port 8000 — skipping launch.
INFO:run_local_battle:Loaded team from D:\ShowdownProject\Victory-Dance\teams\M-A\Trickery
INFO:run_local_battle:Loaded team from D:\ShowdownProject\Victory-Dance\teams\M-A\Trickery
INFO:vgc_base:Loaded default BeliefState from D:\ShowdownProject\Victory-Dance\data\pikalytics_regma.json
INFO:player:VGCPlayer: loaded battle model from ai_train_scripts\BC_model\checkpoints_v3\bc_best.pt (heads=('our_a', 'our_b'))
INFO:player:VGCPlayer: loaded team-chooser from D:\ShowdownProject\Victory-Dance\ai_train_scripts\teamPreview_model\checkpoints\teampreview_best.pt (vocab=190)
INFO:player:VGCPlayer ready (gap-#6 splice) | battle_model=loaded (ai_train_scripts\BC_model\checkpoints_v3\bc_best.pt) | team_chooser=loaded (D:\ShowdownProject\Victory-Dance\ai_train_scripts\teamPreview_model\checkpoints\teampreview_best.pt) | replay=D:\ShowdownProject\Victory-Dance\replay_buffer\BC1.jsonl
INFO:random_player:RandomVGCPlayer ready (gap-#6 splice) | replay=D:\ShowdownProject\Victory-Dance\replay_buffer\OPrand1.jsonl
DEBUG:websockets.client:= connection is CONNECTING
DEBUG:websockets.client:> GET /showdown/websocket HTTP/1.1
DEBUG:websockets.client:> Host: localhost:8000
DEBUG:websockets.client:> Upgrade: websocket
DEBUG:websockets.client:> Connection: Upgrade
DEBUG:websockets.client:> Sec-WebSocket-Key: wEGFFx7enNIICGR+aGVJGw==
DEBUG:websockets.client:> Sec-WebSocket-Version: 13
DEBUG:websockets.client:> Sec-WebSocket-Extensions: permessage-deflate; client_max_window_bits
DEBUG:websockets.client:> User-Agent: Python/3.12 websockets/16.0
DEBUG:websockets.client:< HTTP/1.1 101 Switching Protocols
DEBUG:websockets.client:< Upgrade: websocket
DEBUG:websockets.client:< Connection: Upgrade
DEBUG:websockets.client:< Sec-WebSocket-Accept: x9UfM+kSjhlEtZbb6PbxuYBYRJE=
DEBUG:websockets.client:= connection is OPEN
DEBUG:websockets.client:< TEXT '|updateuser| Guest 941|0|170|{"blockChallenges"...c|[Gen 1] Custom Game,c' [8617 bytes]
DEBUG:websockets.client:< TEXT '|challstr|4|fec540b45b752e3968cb5ced75162ffe7a1...d4092c85114ea2b2b99ac48' [268 bytes]
DEBUG:websockets.client:> TEXT '|/trn BC1,0,' [12 bytes]
DEBUG:websockets.client:< TEXT '|updatesearch|{"searching":[],"games":null}' [43 bytes]
DEBUG:websockets.client:< TEXT '|updateuser| BC1|1|266|{"blockChallenges":false...:false,"language":null}' [346 bytes]
DEBUG:websockets.client:< TEXT '|updatesearch|{"searching":[],"games":null}' [43 bytes]
DEBUG:websockets.client:= connection is CONNECTING
DEBUG:websockets.client:> GET /showdown/websocket HTTP/1.1
DEBUG:websockets.client:> Host: localhost:8000
DEBUG:websockets.client:> Upgrade: websocket
DEBUG:websockets.client:> Connection: Upgrade
DEBUG:websockets.client:> Sec-WebSocket-Key: 1XtL9rn4+LJe7khsF6KYHw==
DEBUG:websockets.client:> Sec-WebSocket-Version: 13
DEBUG:websockets.client:> Sec-WebSocket-Extensions: permessage-deflate; client_max_window_bits
DEBUG:websockets.client:> User-Agent: Python/3.12 websockets/16.0
DEBUG:websockets.client:< HTTP/1.1 101 Switching Protocols
DEBUG:websockets.client:< Upgrade: websocket
DEBUG:websockets.client:< Connection: Upgrade
DEBUG:websockets.client:< Sec-WebSocket-Accept: ZLpDN8qTUyUFZsT16cFjY3afDeY=
DEBUG:websockets.client:= connection is OPEN
DEBUG:websockets.client:< TEXT '|updateuser| Guest 942|0|170|{"blockChallenges"...c|[Gen 1] Custom Game,c' [8617 bytes]
DEBUG:websockets.client:< TEXT '|challstr|4|a64e20c740b7108f12105251607418d73f0...b46b81c5db06557701432db' [268 bytes]
DEBUG:websockets.client:> TEXT '|/trn OPrand1,0,' [16 bytes]
DEBUG:websockets.client:< TEXT '|updatesearch|{"searching":[],"games":null}' [43 bytes]
DEBUG:websockets.client:< TEXT '|updateuser| OPrand1|1|266|{"blockChallenges":f...:false,"language":null}' [350 bytes]
DEBUG:websockets.client:< TEXT '|updatesearch|{"searching":[],"games":null}' [43 bytes]
DEBUG:websockets.client:> TEXT '|/utm Sneasler||whiteherb|unburden|fakeout,dire...Naive|32,2,,,,32||||50|' [550 bytes]
DEBUG:websockets.client:> TEXT '|/challenge oprand1, gen9championsvgc2026regma' [46 bytes]
DEBUG:websockets.client:< TEXT '|pm| BC1| OPrand1|/challenge gen9championsvgc20...hampionsvgc2026regma|||' [83 bytes]
DEBUG:websockets.client:< TEXT '|pm| BC1| OPrand1|/challenge gen9championsvgc20...hampionsvgc2026regma|||' [83 bytes]
DEBUG:websockets.client:< TEXT '|pm| BC1| OPrand1|/log BC1 wants to battle!' [43 bytes]
DEBUG:websockets.client:< TEXT '|pm| BC1| OPrand1|/log BC1 wants to battle!' [43 bytes]
DEBUG:websockets.client:> TEXT '|/utm Sneasler||whiteherb|unburden|fakeout,dire...Naive|32,2,,,,32||||50|' [550 bytes]
DEBUG:websockets.client:> TEXT '|/accept bc1' [12 bytes]
DEBUG:websockets.client:< TEXT '|pm| OPrand1| BC1|/challenge' [28 bytes]
DEBUG:websockets.client:< TEXT '|pm| OPrand1| BC1|/challenge' [28 bytes]
DEBUG:websockets.client:< TEXT '|updatesearch|{"searching":[],"games":null}' [43 bytes]
DEBUG:websockets.client:< TEXT '|updatesearch|{"searching":[],"games":null}' [43 bytes]
DEBUG:websockets.client:< TEXT '|updatesearch|{"searching":[],"games":{"battle-... 2026 Reg M-A Battle"}}' [124 bytes]
DEBUG:websockets.client:< TEXT '|updatesearch|{"searching":[],"games":{"battle-... 2026 Reg M-A Battle"}}' [124 bytes]
DEBUG:websockets.client:< TEXT '|updatesearch|{"searching":[],"games":{"battle-... 2026 Reg M-A Battle"}}' [124 bytes]
DEBUG:websockets.client:< TEXT '|updatesearch|{"searching":[],"games":{"battle-... 2026 Reg M-A Battle"}}' [124 bytes]
DEBUG:websockets.client:< TEXT '>battle-gen9championsvgc2026regma-1558\n|init|b... vs. OPrand1\n|j|\u2606BC1\n' [85 bytes]
DEBUG:websockets.client:< TEXT '>battle-gen9championsvgc2026regma-1558\n|j|\u2606OPrand1' [52 bytes]
DEBUG:websockets.client:< TEXT '>battle-gen9championsvgc2026regma-1558\n|init|b...n|j|\u2606BC1\n|j|\u2606OPrand1\n' [99 bytes]
DEBUG:websockets.client:< TEXT '|pm| OPrand1| BC1|/nonotify OPrand1 accepted th...26regma-1558</a>&raquo;' [173 bytes]
DEBUG:websockets.client:< TEXT '>battle-gen9championsvgc2026regma-1558\n|t:|1781642370\n|gametype|doubles' [71 bytes]
DEBUG:websockets.client:> TEXT 'battle-gen9championsvgc2026regma-1558|/rejectopenteamsheets' [59 bytes]
DEBUG:websockets.client:< TEXT '|pm| OPrand1| BC1|/nonotify OPrand1 accepted th...26regma-1558</a>&raquo;' [173 bytes]
DEBUG:websockets.client:< TEXT '>battle-gen9championsvgc2026regma-1558\n|t:|1781642370\n|gametype|doubles' [71 bytes]
DEBUG:websockets.client:> TEXT '|/utm Sneasler||whiteherb|unburden|fakeout,dire...Naive|32,2,,,,32||||50|' [550 bytes]
DEBUG:websockets.client:> TEXT '|/challenge oprand1, gen9championsvgc2026regma' [46 bytes]
DEBUG:websockets.client:< TEXT '>battle-gen9championsvgc2026regma-1558\n|player|p1|BC1|266|' [58 bytes]
DEBUG:websockets.client:< TEXT '>battle-gen9championsvgc2026regma-1558\n|player...heets</strong></button>' [857 bytes]
DEBUG:websockets.client:< TEXT '>battle-gen9championsvgc2026regma-1558\n|reques...ing":false}]},"rqid":3}' [2097 bytes]
DEBUG:websockets.client:> TEXT 'battle-gen9championsvgc2026regma-1558|/rejectopenteamsheets' [59 bytes]
DEBUG:websockets.client:< TEXT '>battle-gen9championsvgc2026regma-1558\n|player|p1|BC1|266|' [58 bytes]
DEBUG:websockets.client:< TEXT '>battle-gen9championsvgc2026regma-1558\n|uhtmlchange|otsrequest|' [63 bytes]
DEBUG:websockets.client:< TEXT '>battle-gen9championsvgc2026regma-1558\nBC1 rejected open team sheets.' [69 bytes]
DEBUG:websockets.client:< TEXT '>battle-gen9championsvgc2026regma-1558\n|player...heets</strong></button>' [857 bytes]
DEBUG:websockets.client:< TEXT '>battle-gen9championsvgc2026regma-1558\n|reques...ing":false}]},"rqid":2}' [2093 bytes]
DEBUG:websockets.client:< TEXT '>battle-gen9championsvgc2026regma-1558\n|uhtmlchange|otsrequest|' [63 bytes]
DEBUG:websockets.client:< TEXT '>battle-gen9championsvgc2026regma-1558\nBC1 rejected open team sheets.' [69 bytes]
INFO:vgc_base:Teampreview [battle-gen9championsvgc2026regma-1558] \u2192 /team 2513  (charizardmegay, zoroarkhisui, sneasler, whimsicott)
DEBUG:websockets.client:> TEXT 'battle-gen9championsvgc2026regma-1558|/team 2513' [48 bytes]
DEBUG:websockets.client:< TEXT '>battle-gen9championsvgc2026regma-1558\n|uhtmlchange|otsrequest|' [63 bytes]
DEBUG:websockets.client:< TEXT '>battle-gen9championsvgc2026regma-1558\nOPrand1...ected open team sheets.' [73 bytes]
INFO:player:Team-preview [battle-gen9championsvgc2026regma-1558] NET drove: bring=['whimsicott', 'zoroarkhisui', 'ditto', 'charizardmegay'] leads=['whimsicott', 'zoroarkhisui'] (vs opp ['sneasler', 'charizard', 'whimsicott', 'basculegion', 'zoroarkhisui', 'ditto'])
INFO:vgc_base:Teampreview [battle-gen9championsvgc2026regma-1558] \u2192 /team 3562  (whimsicott, zoroarkhisui, ditto, charizardmegay)
DEBUG:websockets.client:> TEXT 'battle-gen9championsvgc2026regma-1558|/team 3562' [48 bytes]
DEBUG:websockets.client:< TEXT '>battle-gen9championsvgc2026regma-1558\n|uhtmlchange|otsrequest|' [63 bytes]
DEBUG:websockets.client:< TEXT '|pm| BC1| OPrand1|/challenge gen9championsvgc20...hampionsvgc2026regma|||' [83 bytes]
DEBUG:websockets.client:< TEXT '|pm| BC1| OPrand1|/log BC1 wants to battle!' [43 bytes]
DEBUG:websockets.client:< TEXT '>battle-gen9championsvgc2026regma-1558\nOPrand1...ected open team sheets.' [73 bytes]
DEBUG:websockets.client:< TEXT '|pm| BC1| OPrand1|/challenge gen9championsvgc20...hampionsvgc2026regma|||' [83 bytes]
DEBUG:websockets.client:< TEXT '|pm| BC1| OPrand1|/log BC1 wants to battle!' [43 bytes]
DEBUG:websockets.client:> TEXT '|/utm Sneasler||whiteherb|unburden|fakeout,dire...Naive|32,2,,,,32||||50|' [550 bytes]
DEBUG:websockets.client:> TEXT '|/accept bc1' [12 bytes]
DEBUG:websockets.client:< TEXT '>battle-gen9championsvgc2026regma-1558\n|\n|t:|...L50, M|100/100\n|turn|1' [325 bytes]
DEBUG:websockets.client:< TEXT '>battle-gen9championsvgc2026regma-1558\n|\n|t:|...L50, M|132/132\n|turn|1' [325 bytes]
DEBUG:websockets.client:< TEXT '>battle-gen9championsvgc2026regma-1558\n|reques...ing":false}]},"rqid":4}' [2167 bytes]
DEBUG:websockets.client:< TEXT '>battle-gen9championsvgc2026regma-1558\n|reques...ing":false}]},"rqid":5}' [2245 bytes]
INFO:player:Turn 1 [battle-gen9championsvgc2026regma-1558] value head win-prob: 0.604  (winning)
DEBUG:live_vgc_base:Turn 1 [battle-gen9championsvgc2026regma-1558] a0=0 a1=9 src=model opp_splice=on
DEBUG:websockets.client:> TEXT 'battle-gen9championsvgc2026regma-1558|/choose move encore 1, move icywind' [73 bytes]
DEBUG:live_vgc_base:Turn 1 [battle-gen9championsvgc2026regma-1558] a0=9 a1=4 src=random opp_splice=on
DEBUG:websockets.client:> TEXT 'battle-gen9championsvgc2026regma-1558|/choose m...am 1, move shadowball 2' [81 bytes]
DEBUG:websockets.client:< TEXT '|pm| OPrand1| BC1|/challenge' [28 bytes]
DEBUG:websockets.client:< TEXT '|pm| OPrand1| BC1|/challenge' [28 bytes]
DEBUG:websockets.client:< TEXT '|updatesearch|{"searching":[],"games":{"battle-... 2026 Reg M-A Battle"}}' [124 bytes]
DEBUG:websockets.client:< TEXT '|updatesearch|{"searching":[],"games":{"battle-... 2026 Reg M-A Battle"}}' [208 bytes]
DEBUG:websockets.client:< TEXT '|updatesearch|{"searching":[],"games":{"battle-... 2026 Reg M-A Battle"}}' [208 bytes]
DEBUG:websockets.client:< TEXT '>battle-gen9championsvgc2026regma-1559\n|init|b...n|j|\u2606BC1\n|j|\u2606OPrand1\n' [99 bytes]
DEBUG:websockets.client:< TEXT '|pm| OPrand1| BC1|/nonotify OPrand1 accepted th...26regma-1559</a>&raquo;' [173 bytes]
DEBUG:websockets.client:< TEXT '>battle-gen9championsvgc2026regma-1559\n|t:|1781642370\n|gametype|doubles' [71 bytes]
DEBUG:websockets.client:< TEXT '>battle-gen9championsvgc2026regma-1559\n|player|p1|BC1|266|' [58 bytes]
DEBUG:websockets.client:< TEXT '>battle-gen9championsvgc2026regma-1559\n|player...heets</strong></button>' [857 bytes]
DEBUG:websockets.client:< TEXT '>battle-gen9championsvgc2026regma-1559\n|reques...ing":false}]},"rqid":3}' [2097 bytes]
DEBUG:websockets.client:< TEXT '|updatesearch|{"searching":[],"games":{"battle-... 2026 Reg M-A Battle"}}' [124 bytes]
DEBUG:websockets.client:< TEXT '|updatesearch|{"searching":[],"games":{"battle-... 2026 Reg M-A Battle"}}' [208 bytes]
DEBUG:websockets.client:< TEXT '|updatesearch|{"searching":[],"games":{"battle-... 2026 Reg M-A Battle"}}' [208 bytes]
DEBUG:websockets.client:< TEXT '>battle-gen9championsvgc2026regma-1559\n|init|b... vs. OPrand1\n|j|\u2606BC1\n' [85 bytes]
DEBUG:websockets.client:< TEXT '>battle-gen9championsvgc2026regma-1559\n|j|\u2606OPrand1' [52 bytes]
DEBUG:websockets.client:< TEXT '|pm| OPrand1| BC1|/nonotify OPrand1 accepted th...26regma-1559</a>&raquo;' [173 bytes]
DEBUG:websockets.client:< TEXT '>battle-gen9championsvgc2026regma-1559\n|t:|1781642370\n|gametype|doubles' [71 bytes]
DEBUG:websockets.client:< TEXT '>battle-gen9championsvgc2026regma-1559\n|player|p1|BC1|266|' [58 bytes]
DEBUG:websockets.client:< TEXT '>battle-gen9championsvgc2026regma-1559\n|player...heets</strong></button>' [857 bytes]
DEBUG:websockets.client:< TEXT '>battle-gen9championsvgc2026regma-1559\n|reques...ing":false}]},"rqid":2}' [2093 bytes]
DEBUG:websockets.client:< TEXT '>battle-gen9championsvgc2026regma-1558\n|\n|t:|...am\n|\n|upkeep\n|turn|2' [541 bytes]
DEBUG:websockets.client:< TEXT '>battle-gen9championsvgc2026regma-1558\n|\n|t:|...am\n|\n|upkeep\n|turn|2' [542 bytes]
DEBUG:websockets.client:< TEXT '>battle-gen9championsvgc2026regma-1558\n|reques...ing":false}]},"rqid":6}' [2167 bytes]
DEBUG:websockets.client:< TEXT '>battle-gen9championsvgc2026regma-1558\n|reques...ing":false}]},"rqid":7}' [1906 bytes]
DEBUG:live_vgc_base:Turn 2 [battle-gen9championsvgc2026regma-1558] a0=11 a1=13 src=random opp_splice=on
DEBUG:websockets.client:> TEXT 'battle-gen9championsvgc2026regma-1558|/choose m...m -2, switch Whimsicott' [82 bytes]
INFO:player:Turn 2 [battle-gen9championsvgc2026regma-1558] value head win-prob: 0.110  (losing)
DEBUG:live_vgc_base:Turn 2 [battle-gen9championsvgc2026regma-1558] a0=0 a1=9 src=model opp_splice=on
DEBUG:websockets.client:> TEXT 'battle-gen9championsvgc2026regma-1558|/choose move encore 1, move icywind' [73 bytes]
DEBUG:websockets.client:< TEXT '>battle-gen9championsvgc2026regma-1558\n|\n|t:|...37\n|\n|upkeep\n|turn|3' [550 bytes]
DEBUG:websockets.client:< TEXT '>battle-gen9championsvgc2026regma-1558\n|\n|t:|...00\n|\n|upkeep\n|turn|3' [550 bytes]
DEBUG:websockets.client:< TEXT '>battle-gen9championsvgc2026regma-1558\n|reques...ing":false}]},"rqid":8}' [2167 bytes]
DEBUG:websockets.client:< TEXT '>battle-gen9championsvgc2026regma-1558\n|reques...ing":false}]},"rqid":9}' [2230 bytes]
INFO:player:Turn 3 [battle-gen9championsvgc2026regma-1558] value head win-prob: 0.339  (losing)
DEBUG:live_vgc_base:Turn 3 [battle-gen9championsvgc2026regma-1558] a0=0 a1=9 src=model opp_splice=on
DEBUG:websockets.client:> TEXT 'battle-gen9championsvgc2026regma-1558|/choose move encore 1, move icywind' [73 bytes]
DEBUG:live_vgc_base:Turn 3 [battle-gen9championsvgc2026regma-1558] a0=12 a1=11 src=random opp_splice=on
DEBUG:websockets.client:> TEXT 'battle-gen9championsvgc2026regma-1558|/choose s...er, move helpinghand -1' [82 bytes]
DEBUG:websockets.client:< TEXT '>battle-gen9championsvgc2026regma-1558\n|\n|t:|...t]\n|\n|upkeep\n|turn|4' [589 bytes]
DEBUG:websockets.client:< TEXT '>battle-gen9championsvgc2026regma-1558\n|\n|t:|...t]\n|\n|upkeep\n|turn|4' [590 bytes]
DEBUG:websockets.client:< TEXT '>battle-gen9championsvgc2026regma-1558\n|reques...ng":false}]},"rqid":10}' [2168 bytes]
DEBUG:websockets.client:< TEXT '>battle-gen9championsvgc2026regma-1558\n|reques...ng":false}]},"rqid":11}' [2191 bytes]
DEBUG:live_vgc_base:Turn 4 [battle-gen9championsvgc2026regma-1558] a0=13 a1=13 src=random opp_splice=on
DEBUG:websockets.client:> TEXT 'battle-gen9championsvgc2026regma-1558|/choose s...Zoroark, switch Zoroark' [76 bytes]
INFO:player:Turn 4 [battle-gen9championsvgc2026regma-1558] value head win-prob: 0.576  (winning)
DEBUG:live_vgc_base:Turn 4 [battle-gen9championsvgc2026regma-1558] a0=0 a1=9 src=model opp_splice=on
DEBUG:websockets.client:> TEXT 'battle-gen9championsvgc2026regma-1558|/choose move encore 1, move icywind' [73 bytes]
DEBUG:websockets.client:< TEXT ">battle-gen9championsvgc2026regma-1558\n|error|...can only switch in once" [123 bytes]
DEBUG:live_vgc_base:Turn 4 [battle-gen9championsvgc2026regma-1558] a0=3 a1=11 src=random opp_splice=on
DEBUG:websockets.client:> TEXT 'battle-gen9championsvgc2026regma-1558|/choose m... 1, move helpinghand -1' [82 bytes]
DEBUG:websockets.client:< TEXT '>battle-gen9championsvgc2026regma-1558\n|\n|t:|... Whimsicott\n|\n|upkeep' [583 bytes]
DEBUG:websockets.client:< TEXT '>battle-gen9championsvgc2026regma-1558\n|\n|t:|... Whimsicott\n|\n|upkeep' [583 bytes]
DEBUG:websockets.client:< TEXT '>battle-gen9championsvgc2026regma-1558\n|reques...ng":false}]},"rqid":12}' [1406 bytes]
DEBUG:websockets.client:< TEXT '>battle-gen9championsvgc2026regma-1558\n|reques...ng":false}]},"rqid":13}' [1452 bytes]
DEBUG:live_vgc_base:forceSwitch forced_switch_model [battle-gen9championsvgc2026regma-1558] turn 4 a0=13 a1=None opp_splice=on
DEBUG:websockets.client:> TEXT 'battle-gen9championsvgc2026regma-1558|/choose switch Ditto, pass' [64 bytes]
DEBUG:vgc_base:forceSwitch [battle-gen9championsvgc2026regma-1558] force=[False, True] \u2192 /choose pass / /choose switch Zoroark
DEBUG:websockets.client:> TEXT 'battle-gen9championsvgc2026regma-1558|/choose pass, switch Zoroark' [66 bytes]
DEBUG:websockets.client:< TEXT '>battle-gen9championsvgc2026regma-1558\n|\n|t:|...o, L50|155/155\n|turn|5' [149 bytes]
DEBUG:websockets.client:< TEXT '>battle-gen9championsvgc2026regma-1558\n|\n|t:|...o, L50|100/100\n|turn|5' [149 bytes]
DEBUG:websockets.client:< TEXT '>battle-gen9championsvgc2026regma-1558\n|reques...ng":false}]},"rqid":14}' [1887 bytes]
DEBUG:websockets.client:< TEXT '>battle-gen9championsvgc2026regma-1558\n|reques...ng":false}]},"rqid":15}' [2199 bytes]
INFO:player:Turn 5 [battle-gen9championsvgc2026regma-1558] value head win-prob: 0.342  (losing)
DEBUG:live_vgc_base:Turn 5 [battle-gen9championsvgc2026regma-1558] a0=0 a1=9 src=model opp_splice=on
DEBUG:websockets.client:> TEXT 'battle-gen9championsvgc2026regma-1558|/choose m...ansform 1, move icywind' [76 bytes]
DEBUG:live_vgc_base:Turn 5 [battle-gen9championsvgc2026regma-1558] a0=5 a1=4 src=random opp_splice=on
DEBUG:websockets.client:> TEXT 'battle-gen9championsvgc2026regma-1558|/choose m...w -2, move shadowball 2' [81 bytes]
DEBUG:websockets.client:< TEXT '>battle-gen9championsvgc2026regma-1558\n|\n|t:|...er\n|\n|upkeep\n|turn|6' [559 bytes]
DEBUG:websockets.client:< TEXT '>battle-gen9championsvgc2026regma-1558\n|\n|t:|...er\n|\n|upkeep\n|turn|6' [559 bytes]
DEBUG:websockets.client:< TEXT '>battle-gen9championsvgc2026regma-1558\n|reques...ng":false}]},"rqid":16}' [2182 bytes]
DEBUG:websockets.client:< TEXT '>battle-gen9championsvgc2026regma-1558\n|reques...ng":false}]},"rqid":17}' [2202 bytes]
DEBUG:live_vgc_base:Turn 6 [battle-gen9championsvgc2026regma-1558] a0=6 a1=0 src=random opp_splice=on
DEBUG:websockets.client:> TEXT 'battle-gen9championsvgc2026regma-1558|/choose m...rotect, move hypervoice' [75 bytes]
INFO:player:Turn 6 [battle-gen9championsvgc2026regma-1558] value head win-prob: 0.895  (winning)
DEBUG:live_vgc_base:Turn 6 [battle-gen9championsvgc2026regma-1558] a0=6 a1=9 src=model opp_splice=on
DEBUG:websockets.client:> TEXT 'battle-gen9championsvgc2026regma-1558|/choose move protect, move icywind' [72 bytes]
DEBUG:websockets.client:< TEXT '>battle-gen9championsvgc2026regma-1558\n|\n|t:|...2b: Zoroark\n|\n|upkeep' [353 bytes]
DEBUG:websockets.client:< TEXT '>battle-gen9championsvgc2026regma-1558\n|\n|t:|...2b: Zoroark\n|\n|upkeep' [353 bytes]
DEBUG:websockets.client:< TEXT '>battle-gen9championsvgc2026regma-1558\n|reques...ng":false}]},"rqid":18}' [1424 bytes]
DEBUG:websockets.client:< TEXT '>battle-gen9championsvgc2026regma-1558\n|reques...Cancel":true,"rqid":19}' [1467 bytes]
DEBUG:vgc_base:forceSwitch [battle-gen9championsvgc2026regma-1558] force=[False, True] \u2192 /choose pass / /choose switch Charizard
DEBUG:websockets.client:> TEXT 'battle-gen9championsvgc2026regma-1558|/choose pass, switch Charizard' [68 bytes]
DEBUG:websockets.client:< TEXT '>battle-gen9championsvgc2026regma-1558\n|\n|t:|... L50, M|66/100\n|turn|7' [111 bytes]
DEBUG:websockets.client:< TEXT '>battle-gen9championsvgc2026regma-1558\n|\n|t:|...L50, M|111/168\n|turn|7' [112 bytes]
DEBUG:websockets.client:< TEXT '>battle-gen9championsvgc2026regma-1558\n|reques...ng":false}]},"rqid":20}' [2182 bytes]
DEBUG:websockets.client:< TEXT '>battle-gen9championsvgc2026regma-1558\n|reques...ng":false}]},"rqid":21}' [2209 bytes]
INFO:player:Turn 7 [battle-gen9championsvgc2026regma-1558] value head win-prob: 0.959  (winning)
DEBUG:live_vgc_base:Turn 7 [battle-gen9championsvgc2026regma-1558] a0=6 a1=9 src=model opp_splice=on
DEBUG:websockets.client:> TEXT 'battle-gen9championsvgc2026regma-1558|/choose move protect, move icywind' [72 bytes]
DEBUG:live_vgc_base:Turn 7 [battle-gen9championsvgc2026regma-1558] a0=11 a1=4 src=random opp_splice=on
DEBUG:websockets.client:> TEXT 'battle-gen9championsvgc2026regma-1558|/choose m... -2, move weatherball 2' [85 bytes]
DEBUG:websockets.client:< TEXT '>battle-gen9championsvgc2026regma-1558\n|\n|t:|...rd\n|\n|upkeep\n|turn|8' [549 bytes]
DEBUG:websockets.client:< TEXT '>battle-gen9championsvgc2026regma-1558\n|\n|t:|...rd\n|\n|upkeep\n|turn|8' [549 bytes]
DEBUG:websockets.client:< TEXT '>battle-gen9championsvgc2026regma-1558\n|reques...ng":false}]},"rqid":22}' [2181 bytes]
DEBUG:websockets.client:< TEXT '>battle-gen9championsvgc2026regma-1558\n|reques...ng":false}]},"rqid":23}' [2208 bytes]
INFO:player:Turn 8 [battle-gen9championsvgc2026regma-1558] value head win-prob: 0.994  (winning)
DEBUG:live_vgc_base:Turn 8 [battle-gen9championsvgc2026regma-1558] a0=6 a1=9 src=model opp_splice=on
DEBUG:websockets.client:> TEXT 'battle-gen9championsvgc2026regma-1558|/choose move protect, move icywind' [72 bytes]
DEBUG:live_vgc_base:Turn 8 [battle-gen9championsvgc2026regma-1558] a0=4 a1=10 src=random opp_splice=on
DEBUG:websockets.client:> TEXT 'battle-gen9championsvgc2026regma-1558|/choose m...law 2, move solarbeam 2' [79 bytes]
DEBUG:websockets.client:< TEXT '>battle-gen9championsvgc2026regma-1558\n|\n|t:|... Charizard\n|\n|win|BC1' [297 bytes]
DEBUG:websockets.client:< TEXT '>battle-gen9championsvgc2026regma-1558\n|\n|t:|... Charizard\n|\n|win|BC1' [297 bytes]
DEBUG:websockets.client:< TEXT '|updatesearch|{"searching":[],"games":{"battle-... 2026 Reg M-A Battle"}}' [124 bytes]
INFO:vgc_base:Battle battle-gen9championsvgc2026regma-1558 finished — outcome: WIN  (W/L/D so far: 1/0/0)
DEBUG:websockets.client:> TEXT '|/leave battle-gen9championsvgc2026regma-1558' [45 bytes]
DEBUG:websockets.client:< TEXT '|updatesearch|{"searching":[],"games":{"battle-... 2026 Reg M-A Battle"}}' [124 bytes]
DEBUG:websockets.client:> TEXT 'battle-gen9championsvgc2026regma-1559|/rejectopenteamsheets' [59 bytes]
INFO:vgc_base:Battle battle-gen9championsvgc2026regma-1558 finished — outcome: LOSS  (W/L/D so far: 0/1/0)
DEBUG:websockets.client:> TEXT '|/leave battle-gen9championsvgc2026regma-1558' [45 bytes]
DEBUG:websockets.client:> TEXT '|/utm Sneasler||whiteherb|unburden|fakeout,dire...Naive|32,2,,,,32||||50|' [550 bytes]
DEBUG:websockets.client:> TEXT '|/challenge oprand1, gen9championsvgc2026regma' [46 bytes]
DEBUG:websockets.client:> TEXT 'battle-gen9championsvgc2026regma-1559|/rejectopenteamsheets' [59 bytes]
DEBUG:websockets.client:< TEXT '>battle-gen9championsvgc2026regma-1558\n|deinit' [46 bytes]
DEBUG:websockets.client:< TEXT '>battle-gen9championsvgc2026regma-1558\n|l|\u2606BC1' [48 bytes]
DEBUG:websockets.client:< TEXT '>battle-gen9championsvgc2026regma-1559\n|uhtmlchange|otsrequest|' [63 bytes]
DEBUG:websockets.client:< TEXT '>battle-gen9championsvgc2026regma-1559\nBC1 rejected open team sheets.' [69 bytes]
DEBUG:websockets.client:< TEXT '>battle-gen9championsvgc2026regma-1559\n|uhtmlchange|otsrequest|' [63 bytes]
DEBUG:websockets.client:< TEXT '>battle-gen9championsvgc2026regma-1559\nBC1 rejected open team sheets.' [69 bytes]
DEBUG:websockets.client:< TEXT '>battle-gen9championsvgc2026regma-1558\n|deinit' [46 bytes]
DEBUG:websockets.client:< TEXT '>battle-gen9championsvgc2026regma-1559\n|uhtmlchange|otsrequest|' [63 bytes]
DEBUG:websockets.client:< TEXT '>battle-gen9championsvgc2026regma-1559\n|uhtmlchange|otsrequest|' [63 bytes]
DEBUG:websockets.client:< TEXT '>battle-gen9championsvgc2026regma-1559\nOPrand1...ected open team sheets.' [73 bytes]
DEBUG:websockets.client:< TEXT '>battle-gen9championsvgc2026regma-1559\nOPrand1...ected open team sheets.' [73 bytes]
INFO:player:Team-preview [battle-gen9championsvgc2026regma-1559] NET drove: bring=['whimsicott', 'zoroarkhisui', 'ditto', 'charizardmegay'] leads=['whimsicott', 'zoroarkhisui'] (vs opp ['sneasler', 'charizard', 'whimsicott', 'basculegion', 'zoroarkhisui', 'ditto'])
INFO:vgc_base:Teampreview [battle-gen9championsvgc2026regma-1559] \u2192 /team 3562  (whimsicott, zoroarkhisui, ditto, charizardmegay)
DEBUG:websockets.client:> TEXT 'battle-gen9championsvgc2026regma-1559|/team 3562' [48 bytes]
INFO:vgc_base:Teampreview [battle-gen9championsvgc2026regma-1559] \u2192 /team 5326  (zoroarkhisui, whimsicott, charizardmegay, ditto)
DEBUG:websockets.client:> TEXT 'battle-gen9championsvgc2026regma-1559|/team 5326' [48 bytes]
DEBUG:websockets.client:< TEXT '|pm| BC1| OPrand1|/challenge gen9championsvgc20...hampionsvgc2026regma|||' [83 bytes]
DEBUG:websockets.client:< TEXT '|pm| BC1| OPrand1|/challenge gen9championsvgc20...hampionsvgc2026regma|||' [83 bytes]
DEBUG:websockets.client:< TEXT '|pm| BC1| OPrand1|/log BC1 wants to battle!' [43 bytes]
DEBUG:websockets.client:< TEXT '|pm| BC1| OPrand1|/log BC1 wants to battle!' [43 bytes]
DEBUG:websockets.client:> TEXT '|/utm Sneasler||whiteherb|unburden|fakeout,dire...Naive|32,2,,,,32||||50|' [550 bytes]
DEBUG:websockets.client:> TEXT '|/accept bc1' [12 bytes]
DEBUG:websockets.client:< TEXT '>battle-gen9championsvgc2026regma-1559\n|\n|t:|...L50, F|100/100\n|turn|1' [314 bytes]
DEBUG:websockets.client:< TEXT '>battle-gen9championsvgc2026regma-1559\n|\n|t:|...L50, F|137/137\n|turn|1' [314 bytes]
DEBUG:websockets.client:< TEXT '>battle-gen9championsvgc2026regma-1559\n|reques...ing":false}]},"rqid":4}' [2167 bytes]
DEBUG:websockets.client:< TEXT '>battle-gen9championsvgc2026regma-1559\n|reques...ing":false}]},"rqid":5}' [2171 bytes]
INFO:player:Turn 1 [battle-gen9championsvgc2026regma-1559] value head win-prob: 0.360  (losing)
DEBUG:live_vgc_base:Turn 1 [battle-gen9championsvgc2026regma-1559] a0=0 a1=9 src=model opp_splice=on
DEBUG:websockets.client:> TEXT 'battle-gen9championsvgc2026regma-1559|/choose move encore 1, move icywind' [73 bytes]
DEBUG:live_vgc_base:Turn 1 [battle-gen9championsvgc2026regma-1559] a0=9 a1=8 src=random opp_splice=on
DEBUG:websockets.client:> TEXT 'battle-gen9championsvgc2026regma-1559|/choose m...wind, move moonblast -1' [77 bytes]
DEBUG:websockets.client:< TEXT '|pm| OPrand1| BC1|/challenge' [28 bytes]
DEBUG:websockets.client:< TEXT '|pm| OPrand1| BC1|/challenge' [28 bytes]
DEBUG:websockets.client:< TEXT '|updatesearch|{"searching":[],"games":{"battle-... 2026 Reg M-A Battle"}}' [124 bytes]
DEBUG:websockets.client:< TEXT '|updatesearch|{"searching":[],"games":{"battle-... 2026 Reg M-A Battle"}}' [208 bytes]
DEBUG:websockets.client:< TEXT '|updatesearch|{"searching":[],"games":{"battle-... 2026 Reg M-A Battle"}}' [208 bytes]
DEBUG:websockets.client:< TEXT '>battle-gen9championsvgc2026regma-1560\n|init|b...n|j|\u2606BC1\n|j|\u2606OPrand1\n' [99 bytes]
DEBUG:websockets.client:< TEXT '|pm| OPrand1| BC1|/nonotify OPrand1 accepted th...26regma-1560</a>&raquo;' [173 bytes]
DEBUG:websockets.client:< TEXT '>battle-gen9championsvgc2026regma-1560\n|t:|1781642370\n|gametype|doubles' [71 bytes]
DEBUG:websockets.client:< TEXT '>battle-gen9championsvgc2026regma-1560\n|player|p1|BC1|266|' [58 bytes]
DEBUG:websockets.client:< TEXT '>battle-gen9championsvgc2026regma-1560\n|player...heets</strong></button>' [857 bytes]
DEBUG:websockets.client:< TEXT '>battle-gen9championsvgc2026regma-1560\n|reques...ing":false}]},"rqid":3}' [2097 bytes]
DEBUG:websockets.client:< TEXT '|updatesearch|{"searching":[],"games":{"battle-... 2026 Reg M-A Battle"}}' [124 bytes]
DEBUG:websockets.client:< TEXT '|updatesearch|{"searching":[],"games":{"battle-... 2026 Reg M-A Battle"}}' [208 bytes]
DEBUG:websockets.client:< TEXT '|updatesearch|{"searching":[],"games":{"battle-... 2026 Reg M-A Battle"}}' [208 bytes]
DEBUG:websockets.client:< TEXT '>battle-gen9championsvgc2026regma-1560\n|init|b... vs. OPrand1\n|j|\u2606BC1\n' [85 bytes]
DEBUG:websockets.client:< TEXT '>battle-gen9championsvgc2026regma-1560\n|j|\u2606OPrand1' [52 bytes]
DEBUG:websockets.client:< TEXT '|pm| OPrand1| BC1|/nonotify OPrand1 accepted th...26regma-1560</a>&raquo;' [173 bytes]
DEBUG:websockets.client:< TEXT '>battle-gen9championsvgc2026regma-1560\n|t:|1781642370\n|gametype|doubles' [71 bytes]
DEBUG:websockets.client:< TEXT '>battle-gen9championsvgc2026regma-1560\n|player|p1|BC1|266|' [58 bytes]
DEBUG:websockets.client:< TEXT '>battle-gen9championsvgc2026regma-1560\n|player...heets</strong></button>' [857 bytes]
DEBUG:websockets.client:< TEXT '>battle-gen9championsvgc2026regma-1560\n|reques...ing":false}]},"rqid":2}' [2093 bytes]
DEBUG:websockets.client:< TEXT '>battle-gen9championsvgc2026regma-1559\n|\n|t:|...2a: Zoroark\n|\n|upkeep' [766 bytes]
DEBUG:websockets.client:< TEXT '>battle-gen9championsvgc2026regma-1559\n|\n|t:|...2a: Zoroark\n|\n|upkeep' [766 bytes]
DEBUG:websockets.client:< TEXT '>battle-gen9championsvgc2026regma-1559\n|reques...oCancel":true,"rqid":7}' [1424 bytes]
DEBUG:websockets.client:< TEXT '>battle-gen9championsvgc2026regma-1559\n|reques...ing":false}]},"rqid":6}' [1390 bytes]
DEBUG:vgc_base:forceSwitch [battle-gen9championsvgc2026regma-1559] force=[True, False] \u2192 /choose switch Charizard / /choose pass
DEBUG:websockets.client:> TEXT 'battle-gen9championsvgc2026regma-1559|/choose switch Charizard, pass' [68 bytes]
DEBUG:websockets.client:< TEXT '>battle-gen9championsvgc2026regma-1559\n|\n|t:|...L50, F|100/100\n|turn|2' [112 bytes]
DEBUG:websockets.client:< TEXT '>battle-gen9championsvgc2026regma-1559\n|\n|t:|...L50, F|168/168\n|turn|2' [112 bytes]
DEBUG:websockets.client:< TEXT '>battle-gen9championsvgc2026regma-1559\n|reques...ing":false}]},"rqid":8}' [2165 bytes]
DEBUG:websockets.client:< TEXT '>battle-gen9championsvgc2026regma-1559\n|reques...ing":false}]},"rqid":9}' [2179 bytes]
INFO:player:Turn 2 [battle-gen9championsvgc2026regma-1559] value head win-prob: 0.749  (winning)
DEBUG:live_vgc_base:Turn 2 [battle-gen9championsvgc2026regma-1559] a0=0 a1=9 src=model opp_splice=on
DEBUG:websockets.client:> TEXT 'battle-gen9championsvgc2026regma-1559|/choose move encore 1, move icywind' [73 bytes]
DEBUG:live_vgc_base:Turn 2 [battle-gen9championsvgc2026regma-1559] a0=4 a1=1 src=random opp_splice=on
DEBUG:websockets.client:> TEXT 'battle-gen9championsvgc2026regma-1559|/choose m...erball 2, move encore 2' [79 bytes]
DEBUG:websockets.client:< TEXT '>battle-gen9championsvgc2026regma-1559\n|\n|t:|...|1\n|\n|upkeep\n|turn|3' [494 bytes]
DEBUG:websockets.client:< TEXT '>battle-gen9championsvgc2026regma-1559\n|\n|t:|...|1\n|\n|upkeep\n|turn|3' [495 bytes]
DEBUG:websockets.client:< TEXT '>battle-gen9championsvgc2026regma-1559\n|reques...ng":false}]},"rqid":10}' [2163 bytes]
DEBUG:websockets.client:< TEXT '>battle-gen9championsvgc2026regma-1559\n|reques...ng":false}]},"rqid":11}' [2180 bytes]
INFO:player:Turn 3 [battle-gen9championsvgc2026regma-1559] value head win-prob: 0.840  (winning)
DEBUG:live_vgc_base:Turn 3 [battle-gen9championsvgc2026regma-1559] a0=0 a1=9 src=model opp_splice=on
DEBUG:websockets.client:> TEXT 'battle-gen9championsvgc2026regma-1559|/choose move encore 1, move icywind' [73 bytes]
DEBUG:live_vgc_base:Turn 3 [battle-gen9championsvgc2026regma-1559] a0=5 a1=3 src=random opp_splice=on
DEBUG:websockets.client:> TEXT 'battle-gen9championsvgc2026regma-1559|/choose m...rball -2, move tailwind' [80 bytes]
DEBUG:websockets.client:< TEXT '>battle-gen9championsvgc2026regma-1559\n|\n|t:|...izard|spe|1\n|\n|upkeep' [434 bytes]
DEBUG:websockets.client:< TEXT '>battle-gen9championsvgc2026regma-1559\n|\n|t:|...izard|spe|1\n|\n|upkeep' [435 bytes]
DEBUG:websockets.client:< TEXT '>battle-gen9championsvgc2026regma-1559\n|reques...ng":false}]},"rqid":12}' [1391 bytes]
DEBUG:websockets.client:< TEXT '>battle-gen9championsvgc2026regma-1559\n|reques...Cancel":true,"rqid":13}' [1424 bytes]
DEBUG:vgc_base:forceSwitch [battle-gen9championsvgc2026regma-1559] force=[False, True] \u2192 /choose pass / /choose switch Ditto
DEBUG:websockets.client:> TEXT 'battle-gen9championsvgc2026regma-1559|/choose pass, switch Ditto' [64 bytes]
DEBUG:websockets.client:< TEXT '>battle-gen9championsvgc2026regma-1559\n|\n|t:|...lity: Imposter\n|turn|4' [165 bytes]
DEBUG:websockets.client:< TEXT '>battle-gen9championsvgc2026regma-1559\n|\n|t:|...lity: Imposter\n|turn|4' [165 bytes]
DEBUG:websockets.client:< TEXT '>battle-gen9championsvgc2026regma-1559\n|reques...ng":false}]},"rqid":14}' [2163 bytes]
DEBUG:websockets.client:< TEXT '>battle-gen9championsvgc2026regma-1559\n|reques...ng":false}]},"rqid":15}' [2205 bytes]
INFO:player:Turn 4 [battle-gen9championsvgc2026regma-1559] value head win-prob: 0.906  (winning)
DEBUG:live_vgc_base:Turn 4 [battle-gen9championsvgc2026regma-1559] a0=0 a1=9 src=model opp_splice=on
DEBUG:websockets.client:> TEXT 'battle-gen9championsvgc2026regma-1559|/choose move encore 1, move icywind' [73 bytes]
DEBUG:live_vgc_base:Turn 4 [battle-gen9championsvgc2026regma-1559] a0=5 a1=0 src=random opp_splice=on
DEBUG:websockets.client:> TEXT 'battle-gen9championsvgc2026regma-1559|/choose m...rball -2, move encore 1' [80 bytes]
DEBUG:websockets.client:< TEXT '>battle-gen9championsvgc2026regma-1559\n|\n|t:|...ncore\n|upkeep\n|turn|5' [432 bytes]
DEBUG:websockets.client:< TEXT '>battle-gen9championsvgc2026regma-1559\n|\n|t:|...ncore\n|upkeep\n|turn|5' [433 bytes]
DEBUG:websockets.client:< TEXT '>battle-gen9championsvgc2026regma-1559\n|reques...ng":false}]},"rqid":16}' [2166 bytes]
DEBUG:websockets.client:< TEXT '>battle-gen9championsvgc2026regma-1559\n|reques...ng":false}]},"rqid":17}' [2203 bytes]
DEBUG:live_vgc_base:Turn 5 [battle-gen9championsvgc2026regma-1559] a0=5 a1=3 src=random opp_splice=on
DEBUG:websockets.client:> TEXT 'battle-gen9championsvgc2026regma-1559|/choose m...rball -2, move tailwind' [80 bytes]
INFO:player:Turn 5 [battle-gen9championsvgc2026regma-1559] value head win-prob: 0.941  (winning)
DEBUG:live_vgc_base:Turn 5 [battle-gen9championsvgc2026regma-1559] a0=0 a1=9 src=model opp_splice=on
DEBUG:websockets.client:> TEXT 'battle-gen9championsvgc2026regma-1559|/choose move encore 1, move icywind' [73 bytes]
DEBUG:websockets.client:< TEXT '>battle-gen9championsvgc2026regma-1559\n|\n|t:|...ncore\n|upkeep\n|turn|6' [493 bytes]
DEBUG:websockets.client:< TEXT '>battle-gen9championsvgc2026regma-1559\n|\n|t:|...ncore\n|upkeep\n|turn|6' [493 bytes]
DEBUG:websockets.client:< TEXT '>battle-gen9championsvgc2026regma-1559\n|reques...ng":false}]},"rqid":18}' [2166 bytes]
DEBUG:websockets.client:< TEXT '>battle-gen9championsvgc2026regma-1559\n|reques...ng":false}]},"rqid":19}' [2205 bytes]
DEBUG:live_vgc_base:Turn 6 [battle-gen9championsvgc2026regma-1559] a0=10 a1=1 src=random opp_splice=on
DEBUG:websockets.client:> TEXT 'battle-gen9championsvgc2026regma-1559|/choose m...arbeam 2, move encore 2' [77 bytes]
INFO:player:Turn 6 [battle-gen9championsvgc2026regma-1559] value head win-prob: 0.977  (winning)
DEBUG:live_vgc_base:Turn 6 [battle-gen9championsvgc2026regma-1559] a0=0 a1=9 src=model opp_splice=on
DEBUG:websockets.client:> TEXT 'battle-gen9championsvgc2026regma-1559|/choose move encore 1, move icywind' [73 bytes]
DEBUG:websockets.client:< TEXT '>battle-gen9championsvgc2026regma-1559\n|\n|t:|...lwind\n|upkeep\n|turn|7' [522 bytes]
DEBUG:websockets.client:< TEXT '>battle-gen9championsvgc2026regma-1559\n|\n|t:|...lwind\n|upkeep\n|turn|7' [523 bytes]
DEBUG:websockets.client:< TEXT '>battle-gen9championsvgc2026regma-1559\n|reques...ng":false}]},"rqid":20}' [2163 bytes]
DEBUG:websockets.client:< TEXT '>battle-gen9championsvgc2026regma-1559\n|reques...ng":false}]},"rqid":21}' [1893 bytes]
DEBUG:live_vgc_base:Turn 7 [battle-gen9championsvgc2026regma-1559] a0=4 a1=0 src=random opp_splice=on
DEBUG:vgc_base:_safe_order: action 0 slot 1 \u2192 None, scanning legal actions.
DEBUG:vgc_base:_safe_order: slot 1 has no decodable legal action — sending Pass.
DEBUG:websockets.client:> TEXT 'battle-gen9championsvgc2026regma-1559|/choose move weatherball 2, pass' [70 bytes]
INFO:player:Turn 7 [battle-gen9championsvgc2026regma-1559] value head win-prob: 0.998  (winning)
DEBUG:live_vgc_base:Turn 7 [battle-gen9championsvgc2026regma-1559] a0=6 a1=9 src=model opp_splice=on
DEBUG:websockets.client:> TEXT 'battle-gen9championsvgc2026regma-1559|/choose m...onblast 1, move icywind' [76 bytes]
DEBUG:websockets.client:< TEXT '>battle-gen9championsvgc2026regma-1559\n|\n|t:|... Charizard\n|\n|win|BC1' [193 bytes]
DEBUG:websockets.client:< TEXT '>battle-gen9championsvgc2026regma-1559\n|\n|t:|... Charizard\n|\n|win|BC1' [193 bytes]
INFO:vgc_base:Battle battle-gen9championsvgc2026regma-1559 finished — outcome: WIN  (W/L/D so far: 2/0/0)
DEBUG:websockets.client:> TEXT '|/leave battle-gen9championsvgc2026regma-1559' [45 bytes]
DEBUG:websockets.client:< TEXT '|updatesearch|{"searching":[],"games":{"battle-... 2026 Reg M-A Battle"}}' [124 bytes]
DEBUG:websockets.client:< TEXT '|updatesearch|{"searching":[],"games":{"battle-... 2026 Reg M-A Battle"}}' [124 bytes]
DEBUG:websockets.client:> TEXT 'battle-gen9championsvgc2026regma-1560|/rejectopenteamsheets' [59 bytes]
INFO:vgc_base:Battle battle-gen9championsvgc2026regma-1559 finished — outcome: LOSS  (W/L/D so far: 0/2/0)
DEBUG:websockets.client:> TEXT '|/leave battle-gen9championsvgc2026regma-1559' [45 bytes]
DEBUG:websockets.client:> TEXT '|/utm Sneasler||whiteherb|unburden|fakeout,dire...Naive|32,2,,,,32||||50|' [550 bytes]
DEBUG:websockets.client:> TEXT '|/challenge oprand1, gen9championsvgc2026regma' [46 bytes]
DEBUG:websockets.client:> TEXT 'battle-gen9championsvgc2026regma-1560|/rejectopenteamsheets' [59 bytes]
DEBUG:websockets.client:< TEXT '>battle-gen9championsvgc2026regma-1559\n|deinit' [46 bytes]
DEBUG:websockets.client:< TEXT '>battle-gen9championsvgc2026regma-1559\n|l|\u2606BC1' [48 bytes]
DEBUG:websockets.client:< TEXT '>battle-gen9championsvgc2026regma-1560\n|uhtmlchange|otsrequest|' [63 bytes]
DEBUG:websockets.client:< TEXT '>battle-gen9championsvgc2026regma-1560\nBC1 rejected open team sheets.' [69 bytes]
DEBUG:websockets.client:< TEXT '>battle-gen9championsvgc2026regma-1560\n|uhtmlchange|otsrequest|' [63 bytes]
DEBUG:websockets.client:< TEXT '>battle-gen9championsvgc2026regma-1560\nBC1 rejected open team sheets.' [69 bytes]
DEBUG:websockets.client:< TEXT '>battle-gen9championsvgc2026regma-1559\n|deinit' [46 bytes]
DEBUG:websockets.client:< TEXT '>battle-gen9championsvgc2026regma-1560\n|uhtmlchange|otsrequest|' [63 bytes]
DEBUG:websockets.client:< TEXT '>battle-gen9championsvgc2026regma-1560\n|uhtmlchange|otsrequest|' [63 bytes]
DEBUG:websockets.client:< TEXT '>battle-gen9championsvgc2026regma-1560\nOPrand1...ected open team sheets.' [73 bytes]
DEBUG:websockets.client:< TEXT '>battle-gen9championsvgc2026regma-1560\nOPrand1...ected open team sheets.' [73 bytes]
INFO:player:Team-preview [battle-gen9championsvgc2026regma-1560] NET drove: bring=['whimsicott', 'zoroarkhisui', 'ditto', 'charizardmegay'] leads=['whimsicott', 'zoroarkhisui'] (vs opp ['sneasler', 'charizard', 'whimsicott', 'basculegion', 'zoroarkhisui', 'ditto'])
INFO:vgc_base:Teampreview [battle-gen9championsvgc2026regma-1560] \u2192 /team 3562  (whimsicott, zoroarkhisui, ditto, charizardmegay)
DEBUG:websockets.client:> TEXT 'battle-gen9championsvgc2026regma-1560|/team 3562' [48 bytes]
INFO:vgc_base:Teampreview [battle-gen9championsvgc2026regma-1560] \u2192 /team 5132  (zoroarkhisui, sneasler, whimsicott, charizardmegay)
DEBUG:websockets.client:> TEXT 'battle-gen9championsvgc2026regma-1560|/team 5132' [48 bytes]
DEBUG:websockets.client:< TEXT '|pm| BC1| OPrand1|/challenge gen9championsvgc20...hampionsvgc2026regma|||' [83 bytes]
DEBUG:websockets.client:< TEXT '|pm| BC1| OPrand1|/challenge gen9championsvgc20...hampionsvgc2026regma|||' [83 bytes]
DEBUG:websockets.client:< TEXT '|pm| BC1| OPrand1|/log BC1 wants to battle!' [43 bytes]
DEBUG:websockets.client:< TEXT '|pm| BC1| OPrand1|/log BC1 wants to battle!' [43 bytes]
DEBUG:websockets.client:> TEXT '|/utm Sneasler||whiteherb|unburden|fakeout,dire...Naive|32,2,,,,32||||50|' [550 bytes]
DEBUG:websockets.client:> TEXT '|/accept bc1' [12 bytes]
DEBUG:websockets.client:< TEXT '>battle-gen9championsvgc2026regma-1560\n|\n|t:|...L50, M|100/100\n|turn|1' [321 bytes]
DEBUG:websockets.client:< TEXT '>battle-gen9championsvgc2026regma-1560\n|\n|t:|...L50, M|157/157\n|turn|1' [321 bytes]
DEBUG:websockets.client:< TEXT '>battle-gen9championsvgc2026regma-1560\n|reques...ing":false}]},"rqid":4}' [2167 bytes]
DEBUG:websockets.client:< TEXT '>battle-gen9championsvgc2026regma-1560\n|reques...ing":false}]},"rqid":5}' [2212 bytes]
DEBUG:websockets.client:< TEXT '|pm| OPrand1| BC1|/challenge' [28 bytes]
DEBUG:websockets.client:< TEXT '|pm| OPrand1| BC1|/challenge' [28 bytes]
INFO:player:Turn 1 [battle-gen9championsvgc2026regma-1560] value head win-prob: 0.492  (even)
DEBUG:live_vgc_base:Turn 1 [battle-gen9championsvgc2026regma-1560] a0=0 a1=9 src=model opp_splice=on
DEBUG:websockets.client:> TEXT 'battle-gen9championsvgc2026regma-1560|/choose move encore 1, move icywind' [73 bytes]
DEBUG:websockets.client:< TEXT '|updatesearch|{"searching":[],"games":{"battle-... 2026 Reg M-A Battle"}}' [124 bytes]
DEBUG:websockets.client:< TEXT '|updatesearch|{"searching":[],"games":{"battle-... 2026 Reg M-A Battle"}}' [208 bytes]
DEBUG:live_vgc_base:Turn 1 [battle-gen9championsvgc2026regma-1560] a0=12 a1=2 src=random opp_splice=on
DEBUG:websockets.client:> TEXT 'battle-gen9championsvgc2026regma-1560|/choose s...rizard, move fakeout -1' [79 bytes]
DEBUG:websockets.client:< TEXT '|updatesearch|{"searching":[],"games":{"battle-... 2026 Reg M-A Battle"}}' [124 bytes]
DEBUG:websockets.client:< TEXT '|updatesearch|{"searching":[],"games":{"battle-... 2026 Reg M-A Battle"}}' [208 bytes]
DEBUG:websockets.client:< TEXT '|updatesearch|{"searching":[],"games":{"battle-... 2026 Reg M-A Battle"}}' [208 bytes]
DEBUG:websockets.client:< TEXT '|updatesearch|{"searching":[],"games":{"battle-... 2026 Reg M-A Battle"}}' [208 bytes]
DEBUG:websockets.client:< TEXT '>battle-gen9championsvgc2026regma-1561\n|init|b...n|j|\u2606BC1\n|j|\u2606OPrand1\n' [99 bytes]
DEBUG:websockets.client:< TEXT '|pm| OPrand1| BC1|/nonotify OPrand1 accepted th...26regma-1561</a>&raquo;' [173 bytes]
DEBUG:websockets.client:< TEXT '>battle-gen9championsvgc2026regma-1561\n|t:|1781642370\n|gametype|doubles' [71 bytes]
DEBUG:websockets.client:< TEXT '>battle-gen9championsvgc2026regma-1561\n|player|p1|BC1|266|' [58 bytes]
DEBUG:websockets.client:< TEXT '>battle-gen9championsvgc2026regma-1561\n|player...heets</strong></button>' [857 bytes]
DEBUG:websockets.client:< TEXT '>battle-gen9championsvgc2026regma-1561\n|reques...ing":false}]},"rqid":3}' [2097 bytes]
DEBUG:websockets.client:< TEXT '>battle-gen9championsvgc2026regma-1561\n|init|b... vs. OPrand1\n|j|\u2606BC1\n' [85 bytes]
DEBUG:websockets.client:< TEXT '>battle-gen9championsvgc2026regma-1561\n|j|\u2606OPrand1' [52 bytes]
DEBUG:websockets.client:< TEXT '|pm| OPrand1| BC1|/nonotify OPrand1 accepted th...26regma-1561</a>&raquo;' [173 bytes]
DEBUG:websockets.client:< TEXT '>battle-gen9championsvgc2026regma-1561\n|t:|1781642370\n|gametype|doubles' [71 bytes]
DEBUG:websockets.client:< TEXT '>battle-gen9championsvgc2026regma-1561\n|player|p1|BC1|266|' [58 bytes]
DEBUG:websockets.client:< TEXT '>battle-gen9championsvgc2026regma-1561\n|player...heets</strong></button>' [857 bytes]
DEBUG:websockets.client:< TEXT '>battle-gen9championsvgc2026regma-1561\n|reques...ing":false}]},"rqid":2}' [2093 bytes]
DEBUG:websockets.client:< TEXT '>battle-gen9championsvgc2026regma-1560\n|\n|t:|...t]\n|\n|upkeep\n|turn|2' [520 bytes]
DEBUG:websockets.client:< TEXT '>battle-gen9championsvgc2026regma-1560\n|\n|t:|...t]\n|\n|upkeep\n|turn|2' [523 bytes]
DEBUG:websockets.client:< TEXT '>battle-gen9championsvgc2026regma-1560\n|reques...ing":false}]},"rqid":6}' [2167 bytes]
DEBUG:websockets.client:< TEXT '>battle-gen9championsvgc2026regma-1560\n|reques...ing":false}]},"rqid":7}' [2213 bytes]
INFO:player:Turn 2 [battle-gen9championsvgc2026regma-1560] value head win-prob: 0.734  (winning)
DEBUG:live_vgc_base:Turn 2 [battle-gen9championsvgc2026regma-1560] a0=0 a1=9 src=model opp_splice=on
DEBUG:websockets.client:> TEXT 'battle-gen9championsvgc2026regma-1560|/choose move encore 1, move icywind' [73 bytes]
DEBUG:live_vgc_base:Turn 2 [battle-gen9championsvgc2026regma-1560] a0=5 a1=13 src=random opp_splice=on
DEBUG:websockets.client:> TEXT 'battle-gen9championsvgc2026regma-1560|/choose m...ball -2, switch Zoroark' [81 bytes]
DEBUG:websockets.client:< TEXT '>battle-gen9championsvgc2026regma-1560\n|\n|t:|...rk\n|\n|upkeep\n|turn|3' [506 bytes]
DEBUG:websockets.client:< TEXT '>battle-gen9championsvgc2026regma-1560\n|\n|t:|...rk\n|\n|upkeep\n|turn|3' [506 bytes]
DEBUG:websockets.client:< TEXT '>battle-gen9championsvgc2026regma-1560\n|reques...ing":false}]},"rqid":8}' [2167 bytes]
DEBUG:websockets.client:< TEXT '>battle-gen9championsvgc2026regma-1560\n|reques...ing":false}]},"rqid":9}' [2234 bytes]
DEBUG:live_vgc_base:Turn 3 [battle-gen9championsvgc2026regma-1560] a0=13 a1=12 src=random opp_splice=on
DEBUG:websockets.client:> TEXT 'battle-gen9championsvgc2026regma-1560|/choose s...sicott, switch Sneasler' [80 bytes]
INFO:player:Turn 3 [battle-gen9championsvgc2026regma-1560] value head win-prob: 0.076  (losing)
DEBUG:live_vgc_base:Turn 3 [battle-gen9championsvgc2026regma-1560] a0=0 a1=9 src=model opp_splice=on
DEBUG:websockets.client:> TEXT 'battle-gen9championsvgc2026regma-1560|/choose move encore 1, move icywind' [73 bytes]
DEBUG:websockets.client:< TEXT '>battle-gen9championsvgc2026regma-1560\n|\n|t:|...|1\n|\n|upkeep\n|turn|4' [454 bytes]
DEBUG:websockets.client:< TEXT '>battle-gen9championsvgc2026regma-1560\n|\n|t:|...|1\n|\n|upkeep\n|turn|4' [454 bytes]
DEBUG:websockets.client:< TEXT '>battle-gen9championsvgc2026regma-1560\n|reques...ng":false}]},"rqid":10}' [2168 bytes]
DEBUG:websockets.client:< TEXT '>battle-gen9championsvgc2026regma-1560\n|reques...ng":false}]},"rqid":11}' [2190 bytes]
INFO:player:Turn 4 [battle-gen9championsvgc2026regma-1560] value head win-prob: 0.687  (winning)
DEBUG:live_vgc_base:Turn 4 [battle-gen9championsvgc2026regma-1560] a0=0 a1=9 src=model opp_splice=on
DEBUG:websockets.client:> TEXT 'battle-gen9championsvgc2026regma-1560|/choose move encore 1, move icywind' [73 bytes]
DEBUG:live_vgc_base:Turn 4 [battle-gen9championsvgc2026regma-1560] a0=0 a1=5 src=random opp_splice=on
DEBUG:websockets.client:> TEXT 'battle-gen9championsvgc2026regma-1560|/choose m...ore 1, move direclaw -1' [77 bytes]
DEBUG:websockets.client:< TEXT '>battle-gen9championsvgc2026regma-1560\n|\n|t:|...b: Sneasler\n|\n|upkeep' [499 bytes]
DEBUG:websockets.client:< TEXT '>battle-gen9championsvgc2026regma-1560\n|\n|t:|...b: Sneasler\n|\n|upkeep' [499 bytes]
DEBUG:websockets.client:< TEXT '>battle-gen9championsvgc2026regma-1560\n|reques...ng":false}]},"rqid":12}' [1393 bytes]
DEBUG:websockets.client:< TEXT '>battle-gen9championsvgc2026regma-1560\n|reques...Cancel":true,"rqid":13}' [1467 bytes]
DEBUG:vgc_base:forceSwitch [battle-gen9championsvgc2026regma-1560] force=[True, False] \u2192 /choose switch Zoroark / /choose pass
DEBUG:websockets.client:> TEXT 'battle-gen9championsvgc2026regma-1560|/choose switch Zoroark, pass' [66 bytes]
DEBUG:websockets.client:< TEXT '>battle-gen9championsvgc2026regma-1560\n|\n|t:|... L50, M|71/100\n|turn|5' [111 bytes]
DEBUG:websockets.client:< TEXT '>battle-gen9championsvgc2026regma-1560\n|\n|t:|... L50, M|94/132\n|turn|5' [111 bytes]
DEBUG:websockets.client:< TEXT '>battle-gen9championsvgc2026regma-1560\n|reques...ng":false}]},"rqid":14}' [2168 bytes]
DEBUG:websockets.client:< TEXT '>battle-gen9championsvgc2026regma-1560\n|reques...ng":false}]},"rqid":15}' [2198 bytes]
INFO:player:Turn 5 [battle-gen9championsvgc2026regma-1560] value head win-prob: 0.827  (winning)
DEBUG:live_vgc_base:Turn 5 [battle-gen9championsvgc2026regma-1560] a0=0 a1=9 src=model opp_splice=on
DEBUG:websockets.client:> TEXT 'battle-gen9championsvgc2026regma-1560|/choose move encore 1, move icywind' [73 bytes]
DEBUG:live_vgc_base:Turn 5 [battle-gen9championsvgc2026regma-1560] a0=9 a1=10 src=random opp_splice=on
DEBUG:websockets.client:> TEXT 'battle-gen9championsvgc2026regma-1560|/choose m...ind, move closecombat 2' [78 bytes]
DEBUG:websockets.client:< TEXT '>battle-gen9championsvgc2026regma-1560\n|\n|t:|...rk\n|\n|upkeep\n|turn|6' [750 bytes]
DEBUG:websockets.client:< TEXT '>battle-gen9championsvgc2026regma-1560\n|\n|t:|...rk\n|\n|upkeep\n|turn|6' [750 bytes]
DEBUG:websockets.client:< TEXT '>battle-gen9championsvgc2026regma-1560\n|reques...ng":false}]},"rqid":16}' [2166 bytes]
DEBUG:websockets.client:< TEXT '>battle-gen9championsvgc2026regma-1560\n|reques...ng":false}]},"rqid":17}' [2198 bytes]
INFO:player:Turn 6 [battle-gen9championsvgc2026regma-1560] value head win-prob: 0.968  (winning)
DEBUG:live_vgc_base:Turn 6 [battle-gen9championsvgc2026regma-1560] a0=0 a1=9 src=model opp_splice=on
DEBUG:websockets.client:> TEXT 'battle-gen9championsvgc2026regma-1560|/choose move encore 1, move icywind' [73 bytes]
DEBUG:live_vgc_base:Turn 6 [battle-gen9championsvgc2026regma-1560] a0=12 a1=4 src=random opp_splice=on
DEBUG:websockets.client:> TEXT 'battle-gen9championsvgc2026regma-1560|/choose s...rizard, move direclaw 2' [79 bytes]
DEBUG:websockets.client:< TEXT '>battle-gen9championsvgc2026regma-1560\n|\n|t:|...32\n|\n|upkeep\n|turn|7' [461 bytes]
DEBUG:websockets.client:< TEXT '>battle-gen9championsvgc2026regma-1560\n|\n|t:|...00\n|\n|upkeep\n|turn|7' [461 bytes]
DEBUG:websockets.client:< TEXT '>battle-gen9championsvgc2026regma-1560\n|reques...ng":false}]},"rqid":18}' [2166 bytes]
DEBUG:websockets.client:< TEXT '>battle-gen9championsvgc2026regma-1560\n|reques...ng":false}]},"rqid":19}' [2208 bytes]
DEBUG:live_vgc_base:Turn 7 [battle-gen9championsvgc2026regma-1560] a0=3 a1=9 src=random opp_splice=on
DEBUG:websockets.client:> TEXT 'battle-gen9championsvgc2026regma-1560|/choose m...l 1, move closecombat 1' [84 bytes]
INFO:player:Turn 7 [battle-gen9championsvgc2026regma-1560] value head win-prob: 0.930  (winning)
DEBUG:live_vgc_base:Turn 7 [battle-gen9championsvgc2026regma-1560] a0=0 a1=9 src=model opp_splice=on
DEBUG:websockets.client:> TEXT 'battle-gen9championsvgc2026regma-1560|/choose move encore 1, move icywind' [73 bytes]
DEBUG:websockets.client:< TEXT '>battle-gen9championsvgc2026regma-1560\n|\n|t:|...cott|43/137\n|\n|upkeep' [380 bytes]
DEBUG:websockets.client:< TEXT '>battle-gen9championsvgc2026regma-1560\n|\n|t:|...cott|31/100\n|\n|upkeep' [380 bytes]
DEBUG:websockets.client:< TEXT '>battle-gen9championsvgc2026regma-1560\n|reques...ng":false}]},"rqid":20}' [1391 bytes]
DEBUG:websockets.client:< TEXT '>battle-gen9championsvgc2026regma-1560\n|reques...Cancel":true,"rqid":21}' [1466 bytes]
DEBUG:vgc_base:forceSwitch [battle-gen9championsvgc2026regma-1560] force=[False, True] \u2192 /choose pass / /choose switch Zoroark
DEBUG:websockets.client:> TEXT 'battle-gen9championsvgc2026regma-1560|/choose pass, switch Zoroark' [66 bytes]
DEBUG:websockets.client:< TEXT '>battle-gen9championsvgc2026regma-1560\n|\n|t:|... L50, F|40/100\n|turn|8' [113 bytes]
DEBUG:websockets.client:< TEXT '>battle-gen9championsvgc2026regma-1560\n|\n|t:|... L50, F|53/132\n|turn|8' [113 bytes]
DEBUG:websockets.client:< TEXT '>battle-gen9championsvgc2026regma-1560\n|reques...ng":false}]},"rqid":23}' [2231 bytes]
DEBUG:websockets.client:< TEXT '>battle-gen9championsvgc2026regma-1560\n|reques...ng":false}]},"rqid":22}' [2165 bytes]
DEBUG:live_vgc_base:Turn 8 [battle-gen9championsvgc2026regma-1560] a0=4 a1=5 src=random opp_splice=on
DEBUG:websockets.client:> TEXT 'battle-gen9championsvgc2026regma-1560|/choose m...l 2, move shadowball -1' [84 bytes]
INFO:player:Turn 8 [battle-gen9championsvgc2026regma-1560] value head win-prob: 0.567  (winning)
DEBUG:live_vgc_base:Turn 8 [battle-gen9championsvgc2026regma-1560] a0=13 a1=9 src=model opp_splice=on
DEBUG:websockets.client:> TEXT 'battle-gen9championsvgc2026regma-1560|/choose switch Ditto, move icywind' [72 bytes]
DEBUG:websockets.client:< TEXT '>battle-gen9championsvgc2026regma-1560\n|\n|t:|...|1\n|\n|upkeep\n|turn|9' [368 bytes]
DEBUG:websockets.client:< TEXT '>battle-gen9championsvgc2026regma-1560\n|\n|t:|...|1\n|\n|upkeep\n|turn|9' [368 bytes]
DEBUG:websockets.client:< TEXT '>battle-gen9championsvgc2026regma-1560\n|reques...ng":false}]},"rqid":24}' [2203 bytes]
DEBUG:websockets.client:< TEXT '>battle-gen9championsvgc2026regma-1560\n|reques...ng":false}]},"rqid":25}' [2229 bytes]
DEBUG:live_vgc_base:Turn 9 [battle-gen9championsvgc2026regma-1560] a0=0 a1=9 src=random opp_splice=on
DEBUG:vgc_base:_safe_order: action 0 slot 0 \u2192 None, scanning legal actions.
DEBUG:vgc_base:_safe_order: slot 0 has no decodable legal action — sending Pass.
DEBUG:websockets.client:> TEXT 'battle-gen9championsvgc2026regma-1560|/choose pass, move icywind' [64 bytes]
INFO:player:Turn 9 [battle-gen9championsvgc2026regma-1560] value head win-prob: 0.995  (winning)
DEBUG:live_vgc_base:Turn 9 [battle-gen9championsvgc2026regma-1560] a0=7 a1=6 src=model opp_splice=on
DEBUG:websockets.client:> TEXT 'battle-gen9championsvgc2026regma-1560|/choose m...dowball 2, move protect' [77 bytes]
DEBUG:websockets.client:< TEXT '>battle-gen9championsvgc2026regma-1560\n|\n|t:|...1\n|\n|upkeep\n|turn|10' [359 bytes]
DEBUG:websockets.client:< TEXT '>battle-gen9championsvgc2026regma-1560\n|\n|t:|...1\n|\n|upkeep\n|turn|10' [358 bytes]
DEBUG:websockets.client:< TEXT '>battle-gen9championsvgc2026regma-1560\n|reques...ng":false}]},"rqid":26}' [2203 bytes]
DEBUG:websockets.client:< TEXT '>battle-gen9championsvgc2026regma-1560\n|reques...ng":false}]},"rqid":27}' [2229 bytes]
INFO:player:Turn 10 [battle-gen9championsvgc2026regma-1560] value head win-prob: 0.996  (winning)
DEBUG:live_vgc_base:Turn 10 [battle-gen9championsvgc2026regma-1560] a0=7 a1=6 src=model opp_splice=on
DEBUG:websockets.client:> TEXT 'battle-gen9championsvgc2026regma-1560|/choose m...dowball 2, move protect' [77 bytes]
DEBUG:live_vgc_base:Turn 10 [battle-gen9championsvgc2026regma-1560] a0=0 a1=0 src=random opp_splice=on
DEBUG:vgc_base:_safe_order: action 0 slot 0 \u2192 None, scanning legal actions.
DEBUG:vgc_base:_safe_order: slot 0 has no decodable legal action — sending Pass.
DEBUG:websockets.client:> TEXT 'battle-gen9championsvgc2026regma-1560|/choose pass, move hypervoice' [67 bytes]
DEBUG:websockets.client:< TEXT '>battle-gen9championsvgc2026regma-1560\n|\n|t:|...k\n|\n|upkeep\n|turn|11' [322 bytes]
DEBUG:websockets.client:< TEXT '>battle-gen9championsvgc2026regma-1560\n|\n|t:|...k\n|\n|upkeep\n|turn|11' [322 bytes]
DEBUG:websockets.client:< TEXT '>battle-gen9championsvgc2026regma-1560\n|reques...ng":false}]},"rqid":28}' [2203 bytes]
DEBUG:websockets.client:< TEXT '>battle-gen9championsvgc2026regma-1560\n|reques...ng":false}]},"rqid":29}' [2229 bytes]
INFO:player:Turn 11 [battle-gen9championsvgc2026regma-1560] value head win-prob: 0.996  (winning)
DEBUG:live_vgc_base:Turn 11 [battle-gen9championsvgc2026regma-1560] a0=7 a1=6 src=model opp_splice=on
DEBUG:websockets.client:> TEXT 'battle-gen9championsvgc2026regma-1560|/choose m...dowball 2, move protect' [77 bytes]
DEBUG:live_vgc_base:Turn 11 [battle-gen9championsvgc2026regma-1560] a0=0 a1=4 src=random opp_splice=on
DEBUG:vgc_base:_safe_order: action 0 slot 0 \u2192 None, scanning legal actions.
DEBUG:vgc_base:_safe_order: slot 0 has no decodable legal action — sending Pass.
DEBUG:websockets.client:> TEXT 'battle-gen9championsvgc2026regma-1560|/choose pass, move shadowball 2' [69 bytes]
DEBUG:websockets.client:< TEXT '>battle-gen9championsvgc2026regma-1560\n|\n|t:|...k\n|\n|upkeep\n|turn|12' [260 bytes]
DEBUG:websockets.client:< TEXT '>battle-gen9championsvgc2026regma-1560\n|\n|t:|...k\n|\n|upkeep\n|turn|12' [260 bytes]
DEBUG:websockets.client:< TEXT '>battle-gen9championsvgc2026regma-1560\n|reques...ng":false}]},"rqid":30}' [2203 bytes]
DEBUG:websockets.client:< TEXT '>battle-gen9championsvgc2026regma-1560\n|reques...ng":false}]},"rqid":31}' [2229 bytes]
INFO:player:Turn 12 [battle-gen9championsvgc2026regma-1560] value head win-prob: 0.996  (winning)
DEBUG:live_vgc_base:Turn 12 [battle-gen9championsvgc2026regma-1560] a0=7 a1=6 src=model opp_splice=on
DEBUG:websockets.client:> TEXT 'battle-gen9championsvgc2026regma-1560|/choose m...dowball 2, move protect' [77 bytes]
DEBUG:live_vgc_base:Turn 12 [battle-gen9championsvgc2026regma-1560] a0=0 a1=9 src=random opp_splice=on
DEBUG:vgc_base:_safe_order: action 0 slot 0 \u2192 None, scanning legal actions.
DEBUG:vgc_base:_safe_order: slot 0 has no decodable legal action — sending Pass.
DEBUG:websockets.client:> TEXT 'battle-gen9championsvgc2026regma-1560|/choose pass, move icywind' [64 bytes]
DEBUG:websockets.client:< TEXT '>battle-gen9championsvgc2026regma-1560\n|\n|t:|...k\n|\n|upkeep\n|turn|13' [356 bytes]
DEBUG:websockets.client:< TEXT '>battle-gen9championsvgc2026regma-1560\n|\n|t:|...k\n|\n|upkeep\n|turn|13' [356 bytes]
DEBUG:websockets.client:< TEXT '>battle-gen9championsvgc2026regma-1560\n|reques...ng":false}]},"rqid":32}' [2202 bytes]
DEBUG:websockets.client:< TEXT '>battle-gen9championsvgc2026regma-1560\n|reques...ng":false}]},"rqid":33}' [2229 bytes]
INFO:player:Turn 13 [battle-gen9championsvgc2026regma-1560] value head win-prob: 0.995  (winning)
DEBUG:live_vgc_base:Turn 13 [battle-gen9championsvgc2026regma-1560] a0=7 a1=6 src=model opp_splice=on
DEBUG:websockets.client:> TEXT 'battle-gen9championsvgc2026regma-1560|/choose m...dowball 2, move protect' [77 bytes]
DEBUG:live_vgc_base:Turn 13 [battle-gen9championsvgc2026regma-1560] a0=0 a1=0 src=random opp_splice=on
DEBUG:vgc_base:_safe_order: action 0 slot 0 \u2192 None, scanning legal actions.
DEBUG:vgc_base:_safe_order: slot 0 has no decodable legal action — sending Pass.
DEBUG:websockets.client:> TEXT 'battle-gen9championsvgc2026regma-1560|/choose pass, move hypervoice' [67 bytes]
DEBUG:websockets.client:< TEXT '>battle-gen9championsvgc2026regma-1560\n|\n|t:|...k\n|\n|upkeep\n|turn|14' [324 bytes]
DEBUG:websockets.client:< TEXT '>battle-gen9championsvgc2026regma-1560\n|\n|t:|...k\n|\n|upkeep\n|turn|14' [324 bytes]
DEBUG:websockets.client:< TEXT '>battle-gen9championsvgc2026regma-1560\n|reques...ng":false}]},"rqid":34}' [2201 bytes]
DEBUG:websockets.client:< TEXT '>battle-gen9championsvgc2026regma-1560\n|reques...ng":false}]},"rqid":35}' [2229 bytes]
INFO:player:Turn 14 [battle-gen9championsvgc2026regma-1560] value head win-prob: 0.995  (winning)
DEBUG:live_vgc_base:Turn 14 [battle-gen9championsvgc2026regma-1560] a0=13 a1=6 src=model opp_splice=on
DEBUG:websockets.client:> TEXT 'battle-gen9championsvgc2026regma-1560|/choose s...himsicott, move protect' [77 bytes]
DEBUG:live_vgc_base:Turn 14 [battle-gen9championsvgc2026regma-1560] a0=0 a1=9 src=random opp_splice=on
DEBUG:vgc_base:_safe_order: action 0 slot 0 \u2192 None, scanning legal actions.
DEBUG:vgc_base:_safe_order: slot 0 has no decodable legal action — sending Pass.
DEBUG:websockets.client:> TEXT 'battle-gen9championsvgc2026regma-1560|/choose pass, move icywind' [64 bytes]
DEBUG:websockets.client:< TEXT '>battle-gen9championsvgc2026regma-1560\n|\n|t:|...1b: Zoroark\n|\n|upkeep' [386 bytes]
DEBUG:websockets.client:< TEXT '>battle-gen9championsvgc2026regma-1560\n|\n|t:|...1b: Zoroark\n|\n|upkeep' [386 bytes]
DEBUG:websockets.client:< TEXT '>battle-gen9championsvgc2026regma-1560\n|reques...Cancel":true,"rqid":36}' [1418 bytes]
DEBUG:websockets.client:< TEXT '>battle-gen9championsvgc2026regma-1560\n|reques...ng":false}]},"rqid":37}' [1433 bytes]
DEBUG:live_vgc_base:forceSwitch forced_switch_model [battle-gen9championsvgc2026regma-1560] turn 14 a0=13 a1=12 opp_splice=on
DEBUG:websockets.client:> TEXT 'battle-gen9championsvgc2026regma-1560|/choose s...Ditto, switch Charizard' [76 bytes]
DEBUG:websockets.client:< TEXT '>battle-gen9championsvgc2026regma-1560\n|\n|t:|...ity: Imposter\n|turn|15' [211 bytes]
DEBUG:websockets.client:< TEXT '>battle-gen9championsvgc2026regma-1560\n|\n|t:|...ity: Imposter\n|turn|15' [211 bytes]
DEBUG:websockets.client:< TEXT '>battle-gen9championsvgc2026regma-1560\n|reques...ng":false}]},"rqid":38}' [2212 bytes]
DEBUG:websockets.client:< TEXT '>battle-gen9championsvgc2026regma-1560\n|reques...ng":false}]},"rqid":39}' [2229 bytes]
INFO:player:Turn 15 [battle-gen9championsvgc2026regma-1560] value head win-prob: 0.945  (winning)
DEBUG:live_vgc_base:Turn 15 [battle-gen9championsvgc2026regma-1560] a0=0 a1=0 src=model opp_splice=on
DEBUG:websockets.client:> TEXT 'battle-gen9championsvgc2026regma-1560|/choose m...ind, move heatwave mega' [78 bytes]
DEBUG:live_vgc_base:Turn 15 [battle-gen9championsvgc2026regma-1560] a0=0 a1=9 src=random opp_splice=on
DEBUG:vgc_base:_safe_order: action 0 slot 0 \u2192 None, scanning legal actions.
DEBUG:vgc_base:_safe_order: slot 0 has no decodable legal action — sending Pass.
DEBUG:websockets.client:> TEXT 'battle-gen9championsvgc2026regma-1560|/choose pass, move icywind' [64 bytes]
DEBUG:websockets.client:< TEXT '>battle-gen9championsvgc2026regma-1560\n|\n|t:|...b: Zoroark\n|\n|win|BC1' [323 bytes]
DEBUG:websockets.client:< TEXT '>battle-gen9championsvgc2026regma-1560\n|\n|t:|...b: Zoroark\n|\n|win|BC1' [323 bytes]
INFO:vgc_base:Battle battle-gen9championsvgc2026regma-1560 finished — outcome: WIN  (W/L/D so far: 3/0/0)
DEBUG:websockets.client:> TEXT '|/leave battle-gen9championsvgc2026regma-1560' [45 bytes]
DEBUG:websockets.client:< TEXT '|updatesearch|{"searching":[],"games":{"battle-... 2026 Reg M-A Battle"}}' [124 bytes]
DEBUG:websockets.client:< TEXT '|updatesearch|{"searching":[],"games":{"battle-... 2026 Reg M-A Battle"}}' [124 bytes]
DEBUG:websockets.client:> TEXT 'battle-gen9championsvgc2026regma-1561|/rejectopenteamsheets' [59 bytes]
INFO:vgc_base:Battle battle-gen9championsvgc2026regma-1560 finished — outcome: LOSS  (W/L/D so far: 0/3/0)
DEBUG:websockets.client:> TEXT '|/leave battle-gen9championsvgc2026regma-1560' [45 bytes]
DEBUG:websockets.client:> TEXT '|/utm Sneasler||whiteherb|unburden|fakeout,dire...Naive|32,2,,,,32||||50|' [550 bytes]
DEBUG:websockets.client:> TEXT '|/challenge oprand1, gen9championsvgc2026regma' [46 bytes]
DEBUG:websockets.client:> TEXT 'battle-gen9championsvgc2026regma-1561|/rejectopenteamsheets' [59 bytes]
DEBUG:websockets.client:< TEXT '>battle-gen9championsvgc2026regma-1560\n|deinit' [46 bytes]
DEBUG:websockets.client:< TEXT '>battle-gen9championsvgc2026regma-1560\n|l|\u2606BC1' [48 bytes]
DEBUG:websockets.client:< TEXT '>battle-gen9championsvgc2026regma-1561\n|uhtmlchange|otsrequest|' [63 bytes]
DEBUG:websockets.client:< TEXT '>battle-gen9championsvgc2026regma-1561\nBC1 rejected open team sheets.' [69 bytes]
DEBUG:websockets.client:< TEXT '>battle-gen9championsvgc2026regma-1561\n|uhtmlchange|otsrequest|' [63 bytes]
DEBUG:websockets.client:< TEXT '>battle-gen9championsvgc2026regma-1561\nBC1 rejected open team sheets.' [69 bytes]
DEBUG:websockets.client:< TEXT '>battle-gen9championsvgc2026regma-1560\n|deinit' [46 bytes]
DEBUG:websockets.client:< TEXT '>battle-gen9championsvgc2026regma-1561\n|uhtmlchange|otsrequest|' [63 bytes]
DEBUG:websockets.client:< TEXT '>battle-gen9championsvgc2026regma-1561\n|uhtmlchange|otsrequest|' [63 bytes]
DEBUG:websockets.client:< TEXT '>battle-gen9championsvgc2026regma-1561\nOPrand1...ected open team sheets.' [73 bytes]
DEBUG:websockets.client:< TEXT '>battle-gen9championsvgc2026regma-1561\nOPrand1...ected open team sheets.' [73 bytes]
INFO:player:Team-preview [battle-gen9championsvgc2026regma-1561] NET drove: bring=['whimsicott', 'zoroarkhisui', 'ditto', 'charizardmegay'] leads=['whimsicott', 'zoroarkhisui'] (vs opp ['sneasler', 'charizard', 'whimsicott', 'basculegion', 'zoroarkhisui', 'ditto'])
INFO:vgc_base:Teampreview [battle-gen9championsvgc2026regma-1561] \u2192 /team 3562  (whimsicott, zoroarkhisui, ditto, charizardmegay)
DEBUG:websockets.client:> TEXT 'battle-gen9championsvgc2026regma-1561|/team 3562' [48 bytes]
INFO:vgc_base:Teampreview [battle-gen9championsvgc2026regma-1561] \u2192 /team 1654  (sneasler, ditto, zoroarkhisui, basculegion)
DEBUG:websockets.client:> TEXT 'battle-gen9championsvgc2026regma-1561|/team 1654' [48 bytes]
DEBUG:websockets.client:< TEXT '|pm| BC1| OPrand1|/challenge gen9championsvgc20...hampionsvgc2026regma|||' [83 bytes]
DEBUG:websockets.client:< TEXT '|pm| BC1| OPrand1|/challenge gen9championsvgc20...hampionsvgc2026regma|||' [83 bytes]
DEBUG:websockets.client:< TEXT '|pm| BC1| OPrand1|/log BC1 wants to battle!' [43 bytes]
DEBUG:websockets.client:< TEXT '|pm| BC1| OPrand1|/log BC1 wants to battle!' [43 bytes]
DEBUG:websockets.client:> TEXT '|/utm Sneasler||whiteherb|unburden|fakeout,dire...Naive|32,2,,,,32||||50|' [550 bytes]
DEBUG:websockets.client:> TEXT '|/accept bc1' [12 bytes]
DEBUG:websockets.client:< TEXT '|pm| OPrand1| BC1|/challenge' [28 bytes]
DEBUG:websockets.client:< TEXT '|pm| OPrand1| BC1|/challenge' [28 bytes]
DEBUG:websockets.client:< TEXT '|updatesearch|{"searching":[],"games":{"battle-... 2026 Reg M-A Battle"}}' [124 bytes]
DEBUG:websockets.client:< TEXT '|updatesearch|{"searching":[],"games":{"battle-... 2026 Reg M-A Battle"}}' [124 bytes]
DEBUG:websockets.client:< TEXT '|updatesearch|{"searching":[],"games":{"battle-... 2026 Reg M-A Battle"}}' [208 bytes]
DEBUG:websockets.client:< TEXT '|updatesearch|{"searching":[],"games":{"battle-... 2026 Reg M-A Battle"}}' [208 bytes]
DEBUG:websockets.client:< TEXT '|updatesearch|{"searching":[],"games":{"battle-... 2026 Reg M-A Battle"}}' [208 bytes]
DEBUG:websockets.client:< TEXT '|updatesearch|{"searching":[],"games":{"battle-... 2026 Reg M-A Battle"}}' [208 bytes]
DEBUG:websockets.client:< TEXT '>battle-gen9championsvgc2026regma-1562\n|init|b... vs. OPrand1\n|j|\u2606BC1\n' [85 bytes]
DEBUG:websockets.client:< TEXT '>battle-gen9championsvgc2026regma-1562\n|j|\u2606OPrand1' [52 bytes]
DEBUG:websockets.client:< TEXT '>battle-gen9championsvgc2026regma-1562\n|init|b...n|j|\u2606BC1\n|j|\u2606OPrand1\n' [99 bytes]
DEBUG:websockets.client:< TEXT '|pm| OPrand1| BC1|/nonotify OPrand1 accepted th...26regma-1562</a>&raquo;' [173 bytes]
DEBUG:websockets.client:< TEXT '|pm| OPrand1| BC1|/nonotify OPrand1 accepted th...26regma-1562</a>&raquo;' [173 bytes]
DEBUG:websockets.client:< TEXT '>battle-gen9championsvgc2026regma-1561\n|\n|t:|...lity: Imposter\n|turn|1' [374 bytes]
DEBUG:websockets.client:< TEXT '>battle-gen9championsvgc2026regma-1561\n|\n|t:|...lity: Imposter\n|turn|1' [374 bytes]
DEBUG:websockets.client:< TEXT '>battle-gen9championsvgc2026regma-1561\n|reques...ing":false}]},"rqid":4}' [2167 bytes]
DEBUG:websockets.client:< TEXT '>battle-gen9championsvgc2026regma-1562\n|t:|1781642371\n|gametype|doubles' [71 bytes]
DEBUG:websockets.client:< TEXT '>battle-gen9championsvgc2026regma-1562\n|player|p1|BC1|266|' [58 bytes]
DEBUG:websockets.client:< TEXT '>battle-gen9championsvgc2026regma-1561\n|reques...ing":false}]},"rqid":5}' [2176 bytes]
DEBUG:websockets.client:< TEXT '>battle-gen9championsvgc2026regma-1562\n|t:|1781642371\n|gametype|doubles' [71 bytes]
DEBUG:websockets.client:< TEXT '>battle-gen9championsvgc2026regma-1562\n|player|p1|BC1|266|' [58 bytes]
DEBUG:websockets.client:< TEXT '>battle-gen9championsvgc2026regma-1562\n|player...heets</strong></button>' [857 bytes]
DEBUG:websockets.client:< TEXT '>battle-gen9championsvgc2026regma-1562\n|player...heets</strong></button>' [857 bytes]
DEBUG:websockets.client:< TEXT '>battle-gen9championsvgc2026regma-1562\n|reques...ing":false}]},"rqid":3}' [2097 bytes]
DEBUG:live_vgc_base:Turn 1 [battle-gen9championsvgc2026regma-1561] a0=10 a1=8 src=random opp_splice=on
DEBUG:websockets.client:> TEXT 'battle-gen9championsvgc2026regma-1561|/choose m...at 2, move moonblast -1' [83 bytes]
DEBUG:websockets.client:< TEXT '>battle-gen9championsvgc2026regma-1562\n|reques...ing":false}]},"rqid":2}' [2093 bytes]
INFO:player:Turn 1 [battle-gen9championsvgc2026regma-1561] value head win-prob: 0.517  (even)
DEBUG:live_vgc_base:Turn 1 [battle-gen9championsvgc2026regma-1561] a0=0 a1=9 src=model opp_splice=on
DEBUG:websockets.client:> TEXT 'battle-gen9championsvgc2026regma-1561|/choose move encore 1, move icywind' [73 bytes]
DEBUG:websockets.client:< TEXT '>battle-gen9championsvgc2026regma-1561\n|\n|t:|...t]\n|\n|upkeep\n|turn|2' [558 bytes]
DEBUG:websockets.client:< TEXT '>battle-gen9championsvgc2026regma-1561\n|\n|t:|...t]\n|\n|upkeep\n|turn|2' [558 bytes]
DEBUG:websockets.client:< TEXT '>battle-gen9championsvgc2026regma-1561\n|reques...ing":false}]},"rqid":6}' [2167 bytes]
DEBUG:websockets.client:< TEXT '>battle-gen9championsvgc2026regma-1561\n|reques...ing":false}]},"rqid":7}' [2164 bytes]
INFO:player:Turn 2 [battle-gen9championsvgc2026regma-1561] value head win-prob: 0.774  (winning)
DEBUG:live_vgc_base:Turn 2 [battle-gen9championsvgc2026regma-1561] a0=0 a1=9 src=model opp_splice=on
DEBUG:websockets.client:> TEXT 'battle-gen9championsvgc2026regma-1561|/choose move encore 1, move icywind' [73 bytes]
DEBUG:live_vgc_base:Turn 2 [battle-gen9championsvgc2026regma-1561] a0=10 a1=2 src=random opp_splice=on
DEBUG:websockets.client:> TEXT 'battle-gen9championsvgc2026regma-1561|/choose m...ombat 2, move encore -1' [80 bytes]
DEBUG:websockets.client:< TEXT '>battle-gen9championsvgc2026regma-1561\n|\n|t:|...|1\n|\n|upkeep\n|turn|3' [469 bytes]
DEBUG:websockets.client:< TEXT '>battle-gen9championsvgc2026regma-1561\n|\n|t:|...|1\n|\n|upkeep\n|turn|3' [470 bytes]
DEBUG:websockets.client:< TEXT '>battle-gen9championsvgc2026regma-1561\n|reques...ing":false}]},"rqid":9}' [2162 bytes]
DEBUG:websockets.client:< TEXT '>battle-gen9championsvgc2026regma-1561\n|reques...ing":false}]},"rqid":8}' [2167 bytes]
DEBUG:live_vgc_base:Turn 3 [battle-gen9championsvgc2026regma-1561] a0=9 a1=13 src=random opp_splice=on
DEBUG:websockets.client:> TEXT 'battle-gen9championsvgc2026regma-1561|/choose m...ombat 1, switch Zoroark' [80 bytes]
INFO:player:Turn 3 [battle-gen9championsvgc2026regma-1561] value head win-prob: 0.862  (winning)
DEBUG:live_vgc_base:Turn 3 [battle-gen9championsvgc2026regma-1561] a0=0 a1=9 src=model opp_splice=on
DEBUG:websockets.client:> TEXT 'battle-gen9championsvgc2026regma-1561|/choose move encore 1, move icywind' [73 bytes]
DEBUG:websockets.client:< TEXT '>battle-gen9championsvgc2026regma-1561\n|\n|t:|...a: Sneasler\n|\n|upkeep' [598 bytes]
DEBUG:websockets.client:< TEXT '>battle-gen9championsvgc2026regma-1561\n|\n|t:|...a: Sneasler\n|\n|upkeep' [598 bytes]
DEBUG:websockets.client:< TEXT '>battle-gen9championsvgc2026regma-1561\n|reques...ng":false}]},"rqid":10}' [1392 bytes]
DEBUG:websockets.client:< TEXT '>battle-gen9championsvgc2026regma-1561\n|reques...Cancel":true,"rqid":11}' [1413 bytes]
DEBUG:vgc_base:forceSwitch [battle-gen9championsvgc2026regma-1561] force=[True, False] \u2192 /choose switch Basculegion / /choose pass
DEBUG:websockets.client:> TEXT 'battle-gen9championsvgc2026regma-1561|/choose switch Basculegion, pass' [70 bytes]
DEBUG:websockets.client:< TEXT '>battle-gen9championsvgc2026regma-1561\n|\n|t:|...L50, M|100/100\n|turn|4' [116 bytes]
DEBUG:websockets.client:< TEXT '>battle-gen9championsvgc2026regma-1561\n|\n|t:|...L50, M|197/197\n|turn|4' [116 bytes]
DEBUG:websockets.client:< TEXT '>battle-gen9championsvgc2026regma-1561\n|reques...ng":false}]},"rqid":12}' [2167 bytes]
DEBUG:websockets.client:< TEXT '>battle-gen9championsvgc2026regma-1561\n|reques...ng":false}]},"rqid":13}' [2153 bytes]
DEBUG:live_vgc_base:Turn 4 [battle-gen9championsvgc2026regma-1561] a0=1 a1=0 src=random opp_splice=on
DEBUG:websockets.client:> TEXT 'battle-gen9championsvgc2026regma-1561|/choose m...turn 2, move hypervoice' [78 bytes]
INFO:player:Turn 4 [battle-gen9championsvgc2026regma-1561] value head win-prob: 0.916  (winning)
DEBUG:live_vgc_base:Turn 4 [battle-gen9championsvgc2026regma-1561] a0=0 a1=9 src=model opp_splice=on
DEBUG:websockets.client:> TEXT 'battle-gen9championsvgc2026regma-1561|/choose move encore 1, move icywind' [73 bytes]
DEBUG:websockets.client:< TEXT '>battle-gen9championsvgc2026regma-1561\n|\n|t:|...d|p1b: Zoroark|Illusion' [480 bytes]
DEBUG:websockets.client:< TEXT '>battle-gen9championsvgc2026regma-1561\n|\n|t:|...d|p1b: Zoroark|Illusion' [481 bytes]
DEBUG:websockets.client:< TEXT '>battle-gen9championsvgc2026regma-1561\n|reques...ng":false}]},"rqid":14}' [1390 bytes]
DEBUG:websockets.client:< TEXT '>battle-gen9championsvgc2026regma-1561\n|reques...Cancel":true,"rqid":15}' [1413 bytes]
DEBUG:vgc_base:forceSwitch [battle-gen9championsvgc2026regma-1561] force=[True, False] \u2192 /choose switch Ditto / /choose pass
DEBUG:websockets.client:> TEXT 'battle-gen9championsvgc2026regma-1561|/choose switch Ditto, pass' [64 bytes]
DEBUG:websockets.client:< TEXT '>battle-gen9championsvgc2026regma-1561\n|\n|t:|...37\n|\n|upkeep\n|turn|5' [301 bytes]
DEBUG:websockets.client:< TEXT '>battle-gen9championsvgc2026regma-1561\n|\n|t:|...00\n|\n|upkeep\n|turn|5' [301 bytes]
DEBUG:websockets.client:< TEXT '>battle-gen9championsvgc2026regma-1561\n|reques...ng":false}]},"rqid":16}' [2164 bytes]
DEBUG:websockets.client:< TEXT '>battle-gen9championsvgc2026regma-1561\n|reques...ng":false}]},"rqid":17}' [2195 bytes]
INFO:player:Turn 5 [battle-gen9championsvgc2026regma-1561] value head win-prob: 0.357  (losing)
DEBUG:live_vgc_base:Turn 5 [battle-gen9championsvgc2026regma-1561] a0=0 a1=9 src=model opp_splice=on
DEBUG:websockets.client:> TEXT 'battle-gen9championsvgc2026regma-1561|/choose move encore 1, move icywind' [73 bytes]
DEBUG:live_vgc_base:Turn 5 [battle-gen9championsvgc2026regma-1561] a0=3 a1=12 src=random opp_splice=on
DEBUG:websockets.client:> TEXT 'battle-gen9championsvgc2026regma-1561|/choose m...l 1, switch Basculegion' [83 bytes]
DEBUG:websockets.client:< TEXT '>battle-gen9championsvgc2026regma-1561\n|\n|t:|...|p2a: Ditto\n|\n|upkeep' [473 bytes]
DEBUG:websockets.client:< TEXT '>battle-gen9championsvgc2026regma-1561\n|\n|t:|...|p2a: Ditto\n|\n|upkeep' [475 bytes]
DEBUG:websockets.client:< TEXT '>battle-gen9championsvgc2026regma-1561\n|reques...ng":false}]},"rqid":18}' [1404 bytes]
DEBUG:websockets.client:< TEXT '>battle-gen9championsvgc2026regma-1561\n|reques...ng":false}]},"rqid":19}' [1396 bytes]
DEBUG:vgc_base:forceSwitch [battle-gen9championsvgc2026regma-1561] force=[True, False] \u2192 /choose switch Zoroark / /choose pass
DEBUG:websockets.client:> TEXT 'battle-gen9championsvgc2026regma-1561|/choose switch Zoroark, pass' [66 bytes]
DEBUG:live_vgc_base:forceSwitch forced_switch_model [battle-gen9championsvgc2026regma-1561] turn 5 a0=13 a1=None opp_splice=on
DEBUG:websockets.client:> TEXT 'battle-gen9championsvgc2026regma-1561|/choose switch Ditto, pass' [64 bytes]
DEBUG:websockets.client:< TEXT '>battle-gen9championsvgc2026regma-1561\n|\n|t:|...lity: Imposter\n|turn|6' [218 bytes]
DEBUG:websockets.client:< TEXT '>battle-gen9championsvgc2026regma-1561\n|\n|t:|...lity: Imposter\n|turn|6' [218 bytes]
DEBUG:websockets.client:< TEXT '>battle-gen9championsvgc2026regma-1561\n|reques...ng":false}]},"rqid":20}' [2194 bytes]
DEBUG:websockets.client:< TEXT '>battle-gen9championsvgc2026regma-1561\n|reques...ng":false}]},"rqid":21}' [2152 bytes]
INFO:player:Turn 6 [battle-gen9championsvgc2026regma-1561] value head win-prob: 0.870  (winning)
DEBUG:live_vgc_base:Turn 6 [battle-gen9championsvgc2026regma-1561] a0=6 a1=12 src=model opp_splice=on
DEBUG:websockets.client:> TEXT 'battle-gen9championsvgc2026regma-1561|/choose m...otect, switch Charizard' [76 bytes]
DEBUG:live_vgc_base:Turn 6 [battle-gen9championsvgc2026regma-1561] a0=4 a1=10 src=random opp_splice=on
DEBUG:websockets.client:> TEXT 'battle-gen9championsvgc2026regma-1561|/choose m... 2, move lastrespects 2' [84 bytes]
DEBUG:websockets.client:< TEXT '>battle-gen9championsvgc2026regma-1561\n|\n|t:|...: Charizard\n|\n|upkeep' [398 bytes]
DEBUG:websockets.client:< TEXT '>battle-gen9championsvgc2026regma-1561\n|\n|t:|...: Charizard\n|\n|upkeep' [398 bytes]
DEBUG:websockets.client:< TEXT '>battle-gen9championsvgc2026regma-1561\n|reques...Cancel":true,"rqid":22}' [1458 bytes]
DEBUG:websockets.client:< TEXT '>battle-gen9championsvgc2026regma-1561\n|reques...ng":false}]},"rqid":23}' [1381 bytes]
DEBUG:live_vgc_base:forceSwitch forced_switch_model [battle-gen9championsvgc2026regma-1561] turn 6 a0=None a1=12 opp_splice=on
DEBUG:websockets.client:> TEXT 'battle-gen9championsvgc2026regma-1561|/choose pass, switch Zoroark' [66 bytes]
DEBUG:websockets.client:< TEXT '>battle-gen9championsvgc2026regma-1561\n|\n|t:|..., L50, M|8/132\n|turn|7' [112 bytes]
DEBUG:websockets.client:< TEXT '>battle-gen9championsvgc2026regma-1561\n|\n|t:|..., L50, M|6/100\n|turn|7' [112 bytes]
DEBUG:websockets.client:< TEXT '>battle-gen9championsvgc2026regma-1561\n|reques...ng":false}]},"rqid":24}' [2192 bytes]
DEBUG:websockets.client:< TEXT '>battle-gen9championsvgc2026regma-1561\n|reques...ng":false}]},"rqid":25}' [2152 bytes]
INFO:player:Turn 7 [battle-gen9championsvgc2026regma-1561] value head win-prob: 0.352  (losing)
DEBUG:live_vgc_base:Turn 7 [battle-gen9championsvgc2026regma-1561] a0=6 a1=9 src=model opp_splice=on
DEBUG:websockets.client:> TEXT 'battle-gen9championsvgc2026regma-1561|/choose move protect, move icywind' [72 bytes]
DEBUG:live_vgc_base:Turn 7 [battle-gen9championsvgc2026regma-1561] a0=6 a1=1 src=random opp_splice=on
DEBUG:websockets.client:> TEXT 'battle-gen9championsvgc2026regma-1561|/choose m...rotect, move flipturn 2' [75 bytes]
DEBUG:websockets.client:< TEXT '>battle-gen9championsvgc2026regma-1561\n|\n|t:|...rk\n|\n|upkeep\n|turn|8' [517 bytes]
DEBUG:websockets.client:< TEXT '>battle-gen9championsvgc2026regma-1561\n|\n|t:|...rk\n|\n|upkeep\n|turn|8' [518 bytes]
DEBUG:websockets.client:< TEXT '>battle-gen9championsvgc2026regma-1561\n|reques...ng":false}]},"rqid":26}' [2192 bytes]
DEBUG:websockets.client:< TEXT '>battle-gen9championsvgc2026regma-1561\n|reques...ng":false}]},"rqid":27}' [2152 bytes]
INFO:player:Turn 8 [battle-gen9championsvgc2026regma-1561] value head win-prob: 0.032  (losing)
DEBUG:live_vgc_base:Turn 8 [battle-gen9championsvgc2026regma-1561] a0=6 a1=0 src=model opp_splice=on
DEBUG:vgc_base:_safe_order: action 0 slot 1 \u2192 None, scanning legal actions.
DEBUG:vgc_base:_safe_order: slot 1 has no decodable legal action — sending Pass.
DEBUG:websockets.client:> TEXT 'battle-gen9championsvgc2026regma-1561|/choose move protect, pass' [64 bytes]
DEBUG:live_vgc_base:Turn 8 [battle-gen9championsvgc2026regma-1561] a0=5 a1=11 src=random opp_splice=on
DEBUG:websockets.client:> TEXT 'battle-gen9championsvgc2026regma-1561|/choose m...2, move lastrespects -1' [86 bytes]
DEBUG:websockets.client:< TEXT '>battle-gen9championsvgc2026regma-1561\n|\n|t:|...on\n|\n|upkeep\n|turn|9' [269 bytes]
DEBUG:websockets.client:< TEXT '>battle-gen9championsvgc2026regma-1561\n|\n|t:|...on\n|\n|upkeep\n|turn|9' [269 bytes]
DEBUG:websockets.client:< TEXT '>battle-gen9championsvgc2026regma-1561\n|reques...ng":false}]},"rqid":28}' [2192 bytes]
INFO:player:Turn 9 [battle-gen9championsvgc2026regma-1561] value head win-prob: 0.243  (losing)
DEBUG:live_vgc_base:Turn 9 [battle-gen9championsvgc2026regma-1561] a0=6 a1=0 src=model opp_splice=on
DEBUG:vgc_base:_safe_order: action 0 slot 1 \u2192 None, scanning legal actions.
DEBUG:vgc_base:_safe_order: slot 1 has no decodable legal action — sending Pass.
DEBUG:websockets.client:> TEXT 'battle-gen9championsvgc2026regma-1561|/choose move protect, pass' [64 bytes]
DEBUG:websockets.client:< TEXT '>battle-gen9championsvgc2026regma-1561\n|reques...ng":false}]},"rqid":29}' [2150 bytes]
DEBUG:live_vgc_base:Turn 9 [battle-gen9championsvgc2026regma-1561] a0=3 a1=0 src=random opp_splice=on
DEBUG:vgc_base:_safe_order: action 0 slot 1 \u2192 None, scanning legal actions.
DEBUG:vgc_base:_safe_order: slot 1 has no decodable legal action — sending Pass.
DEBUG:websockets.client:> TEXT 'battle-gen9championsvgc2026regma-1561|/choose move shadowball 1, pass' [69 bytes]
DEBUG:websockets.client:< TEXT '>battle-gen9championsvgc2026regma-1561\n|\n|t:|...t\n|\n|upkeep\n|turn|10' [224 bytes]
DEBUG:websockets.client:< TEXT '>battle-gen9championsvgc2026regma-1561\n|\n|t:|...t\n|\n|upkeep\n|turn|10' [224 bytes]
DEBUG:websockets.client:< TEXT '>battle-gen9championsvgc2026regma-1561\n|reques...ng":false}]},"rqid":30}' [2192 bytes]
DEBUG:websockets.client:< TEXT '>battle-gen9championsvgc2026regma-1561\n|reques...ng":false}]},"rqid":31}' [2150 bytes]
INFO:player:Turn 10 [battle-gen9championsvgc2026regma-1561] value head win-prob: 0.263  (losing)
DEBUG:live_vgc_base:Turn 10 [battle-gen9championsvgc2026regma-1561] a0=6 a1=0 src=model opp_splice=on
DEBUG:vgc_base:_safe_order: action 0 slot 1 \u2192 None, scanning legal actions.
DEBUG:vgc_base:_safe_order: slot 1 has no decodable legal action — sending Pass.
DEBUG:websockets.client:> TEXT 'battle-gen9championsvgc2026regma-1561|/choose move protect, pass' [64 bytes]
DEBUG:live_vgc_base:Turn 10 [battle-gen9championsvgc2026regma-1561] a0=6 a1=0 src=random opp_splice=on
DEBUG:vgc_base:_safe_order: action 0 slot 1 \u2192 None, scanning legal actions.
DEBUG:vgc_base:_safe_order: slot 1 has no decodable legal action — sending Pass.
DEBUG:websockets.client:> TEXT 'battle-gen9championsvgc2026regma-1561|/choose move protect, pass' [64 bytes]
DEBUG:websockets.client:< TEXT '>battle-gen9championsvgc2026regma-1561\n|\n|t:|...o\n|\n|upkeep\n|turn|11' [212 bytes]
DEBUG:websockets.client:< TEXT '>battle-gen9championsvgc2026regma-1561\n|\n|t:|...o\n|\n|upkeep\n|turn|11' [212 bytes]
DEBUG:websockets.client:< TEXT '>battle-gen9championsvgc2026regma-1561\n|reques...ng":false}]},"rqid":32}' [2191 bytes]
DEBUG:websockets.client:< TEXT '>battle-gen9championsvgc2026regma-1561\n|reques...ng":false}]},"rqid":33}' [2150 bytes]
INFO:player:Turn 11 [battle-gen9championsvgc2026regma-1561] value head win-prob: 0.284  (losing)
DEBUG:live_vgc_base:Turn 11 [battle-gen9championsvgc2026regma-1561] a0=0 a1=0 src=model opp_splice=on
DEBUG:vgc_base:_safe_order: action 0 slot 1 \u2192 None, scanning legal actions.
DEBUG:vgc_base:_safe_order: slot 1 has no decodable legal action — sending Pass.
DEBUG:websockets.client:> TEXT 'battle-gen9championsvgc2026regma-1561|/choose move flipturn 1, pass' [67 bytes]
DEBUG:live_vgc_base:Turn 11 [battle-gen9championsvgc2026regma-1561] a0=6 a1=0 src=random opp_splice=on
DEBUG:vgc_base:_safe_order: action 0 slot 1 \u2192 None, scanning legal actions.
DEBUG:vgc_base:_safe_order: slot 1 has no decodable legal action — sending Pass.
DEBUG:websockets.client:> TEXT 'battle-gen9championsvgc2026regma-1561|/choose move protect, pass' [64 bytes]
DEBUG:websockets.client:< TEXT '>battle-gen9championsvgc2026regma-1561\n|\n|t:|...a: Zoroark\n|\n|win|BC1' [298 bytes]
DEBUG:websockets.client:< TEXT '>battle-gen9championsvgc2026regma-1561\n|\n|t:|...a: Zoroark\n|\n|win|BC1' [298 bytes]
DEBUG:websockets.client:< TEXT '|updatesearch|{"searching":[],"games":{"battle-... 2026 Reg M-A Battle"}}' [124 bytes]
INFO:vgc_base:Battle battle-gen9championsvgc2026regma-1561 finished — outcome: WIN  (W/L/D so far: 4/0/0)
DEBUG:websockets.client:> TEXT '|/leave battle-gen9championsvgc2026regma-1561' [45 bytes]
DEBUG:websockets.client:< TEXT '|updatesearch|{"searching":[],"games":{"battle-... 2026 Reg M-A Battle"}}' [124 bytes]
DEBUG:websockets.client:> TEXT 'battle-gen9championsvgc2026regma-1562|/rejectopenteamsheets' [59 bytes]
INFO:vgc_base:Battle battle-gen9championsvgc2026regma-1561 finished — outcome: LOSS  (W/L/D so far: 0/4/0)
DEBUG:websockets.client:> TEXT '|/leave battle-gen9championsvgc2026regma-1561' [45 bytes]
DEBUG:websockets.client:> TEXT '|/utm Sneasler||whiteherb|unburden|fakeout,dire...Naive|32,2,,,,32||||50|' [550 bytes]
DEBUG:websockets.client:> TEXT '|/challenge oprand1, gen9championsvgc2026regma' [46 bytes]
DEBUG:websockets.client:> TEXT 'battle-gen9championsvgc2026regma-1562|/rejectopenteamsheets' [59 bytes]
DEBUG:websockets.client:< TEXT '>battle-gen9championsvgc2026regma-1561\n|deinit' [46 bytes]
DEBUG:websockets.client:< TEXT '>battle-gen9championsvgc2026regma-1561\n|l|\u2606BC1' [48 bytes]
DEBUG:websockets.client:< TEXT '>battle-gen9championsvgc2026regma-1562\n|uhtmlchange|otsrequest|' [63 bytes]
DEBUG:websockets.client:< TEXT '>battle-gen9championsvgc2026regma-1562\nBC1 rejected open team sheets.' [69 bytes]
DEBUG:websockets.client:< TEXT '>battle-gen9championsvgc2026regma-1562\n|uhtmlchange|otsrequest|' [63 bytes]
DEBUG:websockets.client:< TEXT '>battle-gen9championsvgc2026regma-1562\nBC1 rejected open team sheets.' [69 bytes]
DEBUG:websockets.client:< TEXT '>battle-gen9championsvgc2026regma-1561\n|deinit' [46 bytes]
DEBUG:websockets.client:< TEXT '>battle-gen9championsvgc2026regma-1562\n|uhtmlchange|otsrequest|' [63 bytes]
DEBUG:websockets.client:< TEXT '>battle-gen9championsvgc2026regma-1562\n|uhtmlchange|otsrequest|' [63 bytes]
DEBUG:websockets.client:< TEXT '>battle-gen9championsvgc2026regma-1562\nOPrand1...ected open team sheets.' [73 bytes]
DEBUG:websockets.client:< TEXT '>battle-gen9championsvgc2026regma-1562\nOPrand1...ected open team sheets.' [73 bytes]
INFO:player:Team-preview [battle-gen9championsvgc2026regma-1562] NET drove: bring=['whimsicott', 'zoroarkhisui', 'ditto', 'charizardmegay'] leads=['whimsicott', 'zoroarkhisui'] (vs opp ['sneasler', 'charizard', 'whimsicott', 'basculegion', 'zoroarkhisui', 'ditto'])
INFO:vgc_base:Teampreview [battle-gen9championsvgc2026regma-1562] \u2192 /team 3562  (whimsicott, zoroarkhisui, ditto, charizardmegay)
DEBUG:websockets.client:> TEXT 'battle-gen9championsvgc2026regma-1562|/team 3562' [48 bytes]
INFO:vgc_base:Teampreview [battle-gen9championsvgc2026regma-1562] \u2192 /team 5231  (zoroarkhisui, charizardmegay, whimsicott, sneasler)
DEBUG:websockets.client:> TEXT 'battle-gen9championsvgc2026regma-1562|/team 5231' [48 bytes]
DEBUG:websockets.client:< TEXT '|pm| BC1| OPrand1|/challenge gen9championsvgc20...hampionsvgc2026regma|||' [83 bytes]
DEBUG:websockets.client:< TEXT '|pm| BC1| OPrand1|/challenge gen9championsvgc20...hampionsvgc2026regma|||' [83 bytes]
DEBUG:websockets.client:< TEXT '|pm| BC1| OPrand1|/log BC1 wants to battle!' [43 bytes]
DEBUG:websockets.client:< TEXT '|pm| BC1| OPrand1|/log BC1 wants to battle!' [43 bytes]
DEBUG:websockets.client:> TEXT '|/utm Sneasler||whiteherb|unburden|fakeout,dire...Naive|32,2,,,,32||||50|' [550 bytes]
DEBUG:websockets.client:> TEXT '|/accept bc1' [12 bytes]
DEBUG:websockets.client:< TEXT '>battle-gen9championsvgc2026regma-1562\n|\n|t:|...L50, F|100/100\n|turn|1' [321 bytes]
DEBUG:websockets.client:< TEXT '>battle-gen9championsvgc2026regma-1562\n|\n|t:|...L50, F|168/168\n|turn|1' [321 bytes]
DEBUG:websockets.client:< TEXT '>battle-gen9championsvgc2026regma-1562\n|reques...ing":false}]},"rqid":4}' [2167 bytes]
DEBUG:websockets.client:< TEXT '>battle-gen9championsvgc2026regma-1562\n|reques...ing":false}]},"rqid":5}' [2245 bytes]
DEBUG:websockets.client:< TEXT '|pm| OPrand1| BC1|/challenge' [28 bytes]
INFO:player:Turn 1 [battle-gen9championsvgc2026regma-1562] value head win-prob: 0.351  (losing)
DEBUG:live_vgc_base:Turn 1 [battle-gen9championsvgc2026regma-1562] a0=0 a1=9 src=model opp_splice=on
DEBUG:websockets.client:> TEXT 'battle-gen9championsvgc2026regma-1562|/choose move encore 1, move icywind' [73 bytes]
DEBUG:websockets.client:< TEXT '|pm| OPrand1| BC1|/challenge' [28 bytes]
DEBUG:websockets.client:< TEXT '|updatesearch|{"searching":[],"games":{"battle-... 2026 Reg M-A Battle"}}' [124 bytes]
DEBUG:websockets.client:< TEXT '|updatesearch|{"searching":[],"games":{"battle-... 2026 Reg M-A Battle"}}' [124 bytes]
DEBUG:websockets.client:< TEXT '|updatesearch|{"searching":[],"games":{"battle-... 2026 Reg M-A Battle"}}' [208 bytes]
DEBUG:websockets.client:< TEXT '|updatesearch|{"searching":[],"games":{"battle-... 2026 Reg M-A Battle"}}' [208 bytes]
DEBUG:websockets.client:< TEXT '|updatesearch|{"searching":[],"games":{"battle-... 2026 Reg M-A Battle"}}' [208 bytes]
DEBUG:websockets.client:< TEXT '|updatesearch|{"searching":[],"games":{"battle-... 2026 Reg M-A Battle"}}' [208 bytes]
DEBUG:websockets.client:< TEXT '>battle-gen9championsvgc2026regma-1563\n|init|b...n|j|\u2606BC1\n|j|\u2606OPrand1\n' [99 bytes]
DEBUG:websockets.client:< TEXT '|pm| OPrand1| BC1|/nonotify OPrand1 accepted th...26regma-1563</a>&raquo;' [173 bytes]
DEBUG:websockets.client:< TEXT '>battle-gen9championsvgc2026regma-1563\n|t:|1781642371\n|gametype|doubles' [71 bytes]
DEBUG:websockets.client:< TEXT '>battle-gen9championsvgc2026regma-1563\n|player|p1|BC1|266|' [58 bytes]
DEBUG:websockets.client:< TEXT '>battle-gen9championsvgc2026regma-1563\n|player...heets</strong></button>' [857 bytes]
DEBUG:websockets.client:< TEXT '>battle-gen9championsvgc2026regma-1563\n|reques...ing":false}]},"rqid":3}' [2097 bytes]
DEBUG:live_vgc_base:Turn 1 [battle-gen9championsvgc2026regma-1562] a0=6 a1=3 src=random opp_splice=on
DEBUG:websockets.client:> TEXT 'battle-gen9championsvgc2026regma-1562|/choose m...ect, move weatherball 1' [78 bytes]
DEBUG:websockets.client:< TEXT '>battle-gen9championsvgc2026regma-1563\n|init|b... vs. OPrand1\n|j|\u2606BC1\n' [85 bytes]
DEBUG:websockets.client:< TEXT '>battle-gen9championsvgc2026regma-1563\n|j|\u2606OPrand1' [52 bytes]
DEBUG:websockets.client:< TEXT '|pm| OPrand1| BC1|/nonotify OPrand1 accepted th...26regma-1563</a>&raquo;' [173 bytes]
DEBUG:websockets.client:< TEXT '>battle-gen9championsvgc2026regma-1563\n|t:|1781642371\n|gametype|doubles' [71 bytes]
DEBUG:websockets.client:< TEXT '>battle-gen9championsvgc2026regma-1563\n|player|p1|BC1|266|' [58 bytes]
DEBUG:websockets.client:< TEXT '>battle-gen9championsvgc2026regma-1563\n|player...heets</strong></button>' [857 bytes]
DEBUG:websockets.client:< TEXT '>battle-gen9championsvgc2026regma-1563\n|reques...ing":false}]},"rqid":2}' [2093 bytes]
DEBUG:websockets.client:< TEXT '>battle-gen9championsvgc2026regma-1562\n|\n|t:|...37\n|\n|upkeep\n|turn|2' [474 bytes]
DEBUG:websockets.client:< TEXT '>battle-gen9championsvgc2026regma-1562\n|\n|t:|...00\n|\n|upkeep\n|turn|2' [474 bytes]
DEBUG:websockets.client:< TEXT '>battle-gen9championsvgc2026regma-1562\n|reques...ing":false}]},"rqid":6}' [2167 bytes]
DEBUG:websockets.client:< TEXT '>battle-gen9championsvgc2026regma-1562\n|reques...ing":false}]},"rqid":7}' [2245 bytes]
DEBUG:live_vgc_base:Turn 2 [battle-gen9championsvgc2026regma-1562] a0=13 a1=5 src=random opp_splice=on
DEBUG:websockets.client:> TEXT 'battle-gen9championsvgc2026regma-1562|/choose s...tt, move weatherball -1' [84 bytes]
INFO:player:Turn 2 [battle-gen9championsvgc2026regma-1562] value head win-prob: 0.521  (even)
DEBUG:live_vgc_base:Turn 2 [battle-gen9championsvgc2026regma-1562] a0=0 a1=9 src=model opp_splice=on
DEBUG:websockets.client:> TEXT 'battle-gen9championsvgc2026regma-1562|/choose move encore 1, move icywind' [73 bytes]
DEBUG:websockets.client:< TEXT '>battle-gen9championsvgc2026regma-1562\n|\n|t:|...00\n|\n|upkeep\n|turn|3' [491 bytes]
DEBUG:websockets.client:< TEXT '>battle-gen9championsvgc2026regma-1562\n|\n|t:|...37\n|\n|upkeep\n|turn|3' [492 bytes]
DEBUG:websockets.client:< TEXT '>battle-gen9championsvgc2026regma-1562\n|reques...ing":false}]},"rqid":8}' [2167 bytes]
DEBUG:websockets.client:< TEXT '>battle-gen9championsvgc2026regma-1562\n|reques...ing":false}]},"rqid":9}' [2234 bytes]
DEBUG:live_vgc_base:Turn 3 [battle-gen9championsvgc2026regma-1562] a0=1 a1=9 src=random opp_splice=on
DEBUG:websockets.client:> TEXT 'battle-gen9championsvgc2026regma-1562|/choose m...ore 2, move solarbeam 1' [77 bytes]
INFO:player:Turn 3 [battle-gen9championsvgc2026regma-1562] value head win-prob: 0.142  (losing)
DEBUG:live_vgc_base:Turn 3 [battle-gen9championsvgc2026regma-1562] a0=13 a1=9 src=model opp_splice=on
DEBUG:websockets.client:> TEXT 'battle-gen9championsvgc2026regma-1562|/choose switch Ditto, move icywind' [72 bytes]
DEBUG:websockets.client:< TEXT '>battle-gen9championsvgc2026regma-1562\n|\n|t:|...|Solar Beam\n|\n|upkeep' [530 bytes]
DEBUG:websockets.client:< TEXT '>battle-gen9championsvgc2026regma-1562\n|\n|t:|...|Solar Beam\n|\n|upkeep' [530 bytes]
DEBUG:websockets.client:< TEXT '>battle-gen9championsvgc2026regma-1562\n|reques...ng":false}]},"rqid":10}' [1430 bytes]
DEBUG:websockets.client:< TEXT '>battle-gen9championsvgc2026regma-1562\n|reques...Cancel":true,"rqid":11}' [1478 bytes]
DEBUG:vgc_base:forceSwitch [battle-gen9championsvgc2026regma-1562] force=[True, False] \u2192 /choose switch Zoroark / /choose pass
DEBUG:websockets.client:> TEXT 'battle-gen9championsvgc2026regma-1562|/choose switch Zoroark, pass' [66 bytes]
DEBUG:websockets.client:< TEXT '>battle-gen9championsvgc2026regma-1562\n|\n|t:|...L50, F|100/100\n|turn|4' [110 bytes]
DEBUG:websockets.client:< TEXT '>battle-gen9championsvgc2026regma-1562\n|\n|t:|...L50, F|132/132\n|turn|4' [110 bytes]
DEBUG:websockets.client:< TEXT '>battle-gen9championsvgc2026regma-1562\n|reques...ng":false}]},"rqid":12}' [2199 bytes]
DEBUG:websockets.client:< TEXT '>battle-gen9championsvgc2026regma-1562\n|reques...ng":false}]},"rqid":13}' [1905 bytes]
INFO:player:Turn 4 [battle-gen9championsvgc2026regma-1562] value head win-prob: 0.977  (winning)
DEBUG:live_vgc_base:Turn 4 [battle-gen9championsvgc2026regma-1562] a0=1 a1=9 src=model opp_splice=on
DEBUG:websockets.client:> TEXT 'battle-gen9championsvgc2026regma-1562|/choose m...herball 2, move icywind' [78 bytes]
DEBUG:live_vgc_base:Turn 4 [battle-gen9championsvgc2026regma-1562] a0=5 a1=10 src=random opp_splice=on
DEBUG:websockets.client:> TEXT 'battle-gen9championsvgc2026regma-1562|/choose m...ll -2, move solarbeam 2' [82 bytes]
DEBUG:websockets.client:< TEXT '>battle-gen9championsvgc2026regma-1562\n|\n|t:|...2a: Zoroark\n|\n|upkeep' [405 bytes]
DEBUG:websockets.client:< TEXT '>battle-gen9championsvgc2026regma-1562\n|\n|t:|...2a: Zoroark\n|\n|upkeep' [405 bytes]
DEBUG:websockets.client:< TEXT '>battle-gen9championsvgc2026regma-1562\n|reques...ng":false}]},"rqid":14}' [1430 bytes]
DEBUG:websockets.client:< TEXT '>battle-gen9championsvgc2026regma-1562\n|reques...Cancel":true,"rqid":15}' [1476 bytes]
DEBUG:vgc_base:forceSwitch [battle-gen9championsvgc2026regma-1562] force=[False, True] \u2192 /choose pass / /choose switch Sneasler
DEBUG:websockets.client:> TEXT 'battle-gen9championsvgc2026regma-1562|/choose pass, switch Sneasler' [67 bytes]
DEBUG:websockets.client:< TEXT '>battle-gen9championsvgc2026regma-1562\n|\n|t:|...L50, F|100/100\n|turn|5' [110 bytes]
DEBUG:websockets.client:< TEXT '>battle-gen9championsvgc2026regma-1562\n|\n|t:|...L50, F|157/157\n|turn|5' [110 bytes]
DEBUG:websockets.client:< TEXT '>battle-gen9championsvgc2026regma-1562\n|reques...ng":false}]},"rqid":16}' [2199 bytes]
DEBUG:websockets.client:< TEXT '>battle-gen9championsvgc2026regma-1562\n|reques...ng":false}]},"rqid":17}' [2208 bytes]
DEBUG:live_vgc_base:Turn 5 [battle-gen9championsvgc2026regma-1562] a0=6 a1=1 src=random opp_splice=on
DEBUG:websockets.client:> TEXT 'battle-gen9championsvgc2026regma-1562|/choose m...protect, move fakeout 2' [74 bytes]
INFO:player:Turn 5 [battle-gen9championsvgc2026regma-1562] value head win-prob: 0.985  (winning)
DEBUG:live_vgc_base:Turn 5 [battle-gen9championsvgc2026regma-1562] a0=0 a1=9 src=model opp_splice=on
DEBUG:websockets.client:> TEXT 'battle-gen9championsvgc2026regma-1562|/choose m...herball 1, move icywind' [78 bytes]
DEBUG:websockets.client:< TEXT '>battle-gen9championsvgc2026regma-1562\n|\n|t:|...ncore\n|upkeep\n|turn|6' [557 bytes]
DEBUG:websockets.client:< TEXT '>battle-gen9championsvgc2026regma-1562\n|\n|t:|...ncore\n|upkeep\n|turn|6' [558 bytes]
DEBUG:websockets.client:< TEXT '>battle-gen9championsvgc2026regma-1562\n|reques...ng":false}]},"rqid":18}' [2202 bytes]
DEBUG:websockets.client:< TEXT '>battle-gen9championsvgc2026regma-1562\n|reques...ng":false}]},"rqid":19}' [2198 bytes]
INFO:player:Turn 6 [battle-gen9championsvgc2026regma-1562] value head win-prob: 0.958  (winning)
DEBUG:live_vgc_base:Turn 6 [battle-gen9championsvgc2026regma-1562] a0=3 a1=9 src=model opp_splice=on
DEBUG:websockets.client:> TEXT 'battle-gen9championsvgc2026regma-1562|/choose move heatwave, move icywind' [73 bytes]
DEBUG:live_vgc_base:Turn 6 [battle-gen9championsvgc2026regma-1562] a0=3 a1=9 src=random opp_splice=on
DEBUG:websockets.client:> TEXT 'battle-gen9championsvgc2026regma-1562|/choose m...l 1, move closecombat 1' [83 bytes]
DEBUG:websockets.client:< TEXT '>battle-gen9championsvgc2026regma-1562\n|\n|t:|...: Sneasler\n|\n|win|BC1' [652 bytes]
DEBUG:websockets.client:< TEXT '>battle-gen9championsvgc2026regma-1562\n|\n|t:|...: Sneasler\n|\n|win|BC1' [651 bytes]
DEBUG:websockets.client:< TEXT '|updatesearch|{"searching":[],"games":{"battle-... 2026 Reg M-A Battle"}}' [124 bytes]
INFO:vgc_base:Battle battle-gen9championsvgc2026regma-1562 finished — outcome: WIN  (W/L/D so far: 5/0/0)
DEBUG:websockets.client:> TEXT '|/leave battle-gen9championsvgc2026regma-1562' [45 bytes]
DEBUG:websockets.client:< TEXT '|updatesearch|{"searching":[],"games":{"battle-... 2026 Reg M-A Battle"}}' [124 bytes]
DEBUG:websockets.client:> TEXT 'battle-gen9championsvgc2026regma-1563|/rejectopenteamsheets' [59 bytes]
INFO:vgc_base:Battle battle-gen9championsvgc2026regma-1562 finished — outcome: LOSS  (W/L/D so far: 0/5/0)
DEBUG:websockets.client:> TEXT '|/leave battle-gen9championsvgc2026regma-1562' [45 bytes]
DEBUG:websockets.client:> TEXT '|/utm Sneasler||whiteherb|unburden|fakeout,dire...Naive|32,2,,,,32||||50|' [550 bytes]
DEBUG:websockets.client:> TEXT '|/challenge oprand1, gen9championsvgc2026regma' [46 bytes]
DEBUG:websockets.client:> TEXT 'battle-gen9championsvgc2026regma-1563|/rejectopenteamsheets' [59 bytes]
DEBUG:websockets.client:< TEXT '>battle-gen9championsvgc2026regma-1562\n|deinit' [46 bytes]
DEBUG:websockets.client:< TEXT '>battle-gen9championsvgc2026regma-1562\n|l|\u2606BC1' [48 bytes]
DEBUG:websockets.client:< TEXT '>battle-gen9championsvgc2026regma-1563\n|uhtmlchange|otsrequest|' [63 bytes]
DEBUG:websockets.client:< TEXT '>battle-gen9championsvgc2026regma-1563\nBC1 rejected open team sheets.' [69 bytes]
DEBUG:websockets.client:< TEXT '>battle-gen9championsvgc2026regma-1563\n|uhtmlchange|otsrequest|' [63 bytes]
DEBUG:websockets.client:< TEXT '>battle-gen9championsvgc2026regma-1563\nBC1 rejected open team sheets.' [69 bytes]
DEBUG:websockets.client:< TEXT '>battle-gen9championsvgc2026regma-1562\n|deinit' [46 bytes]
DEBUG:websockets.client:< TEXT '>battle-gen9championsvgc2026regma-1563\n|uhtmlchange|otsrequest|' [63 bytes]
DEBUG:websockets.client:< TEXT '>battle-gen9championsvgc2026regma-1563\n|uhtmlchange|otsrequest|' [63 bytes]
DEBUG:websockets.client:< TEXT '>battle-gen9championsvgc2026regma-1563\nOPrand1...ected open team sheets.' [73 bytes]
DEBUG:websockets.client:< TEXT '>battle-gen9championsvgc2026regma-1563\nOPrand1...ected open team sheets.' [73 bytes]
INFO:player:Team-preview [battle-gen9championsvgc2026regma-1563] NET drove: bring=['whimsicott', 'zoroarkhisui', 'ditto', 'charizardmegay'] leads=['whimsicott', 'zoroarkhisui'] (vs opp ['sneasler', 'charizard', 'whimsicott', 'basculegion', 'zoroarkhisui', 'ditto'])
INFO:vgc_base:Teampreview [battle-gen9championsvgc2026regma-1563] \u2192 /team 3562  (whimsicott, zoroarkhisui, ditto, charizardmegay)
DEBUG:websockets.client:> TEXT 'battle-gen9championsvgc2026regma-1563|/team 3562' [48 bytes]
INFO:vgc_base:Teampreview [battle-gen9championsvgc2026regma-1563] \u2192 /team 5124  (zoroarkhisui, sneasler, charizardmegay, basculegion)
DEBUG:websockets.client:> TEXT 'battle-gen9championsvgc2026regma-1563|/team 5124' [48 bytes]
DEBUG:websockets.client:< TEXT '|pm| BC1| OPrand1|/challenge gen9championsvgc20...hampionsvgc2026regma|||' [83 bytes]
DEBUG:websockets.client:< TEXT '|pm| BC1| OPrand1|/challenge gen9championsvgc20...hampionsvgc2026regma|||' [83 bytes]
DEBUG:websockets.client:< TEXT '|pm| BC1| OPrand1|/log BC1 wants to battle!' [43 bytes]
DEBUG:websockets.client:< TEXT '|pm| BC1| OPrand1|/log BC1 wants to battle!' [43 bytes]
DEBUG:websockets.client:> TEXT '|/utm Sneasler||whiteherb|unburden|fakeout,dire...Naive|32,2,,,,32||||50|' [550 bytes]
DEBUG:websockets.client:> TEXT '|/accept bc1' [12 bytes]
DEBUG:websockets.client:< TEXT '|pm| OPrand1| BC1|/challenge' [28 bytes]
DEBUG:websockets.client:< TEXT '|pm| OPrand1| BC1|/challenge' [28 bytes]
DEBUG:websockets.client:< TEXT '|updatesearch|{"searching":[],"games":{"battle-... 2026 Reg M-A Battle"}}' [124 bytes]
DEBUG:websockets.client:< TEXT '|updatesearch|{"searching":[],"games":{"battle-... 2026 Reg M-A Battle"}}' [124 bytes]
DEBUG:websockets.client:< TEXT '|updatesearch|{"searching":[],"games":{"battle-... 2026 Reg M-A Battle"}}' [208 bytes]
DEBUG:websockets.client:< TEXT '|updatesearch|{"searching":[],"games":{"battle-... 2026 Reg M-A Battle"}}' [208 bytes]
DEBUG:websockets.client:< TEXT '|updatesearch|{"searching":[],"games":{"battle-... 2026 Reg M-A Battle"}}' [208 bytes]
DEBUG:websockets.client:< TEXT '|updatesearch|{"searching":[],"games":{"battle-... 2026 Reg M-A Battle"}}' [208 bytes]
DEBUG:websockets.client:< TEXT '>battle-gen9championsvgc2026regma-1564\n|init|b... vs. OPrand1\n|j|\u2606BC1\n' [85 bytes]
DEBUG:websockets.client:< TEXT '>battle-gen9championsvgc2026regma-1564\n|j|\u2606OPrand1' [52 bytes]
DEBUG:websockets.client:< TEXT '>battle-gen9championsvgc2026regma-1564\n|init|b...n|j|\u2606BC1\n|j|\u2606OPrand1\n' [99 bytes]
DEBUG:websockets.client:< TEXT '|pm| OPrand1| BC1|/nonotify OPrand1 accepted th...26regma-1564</a>&raquo;' [173 bytes]
DEBUG:websockets.client:< TEXT '|pm| OPrand1| BC1|/nonotify OPrand1 accepted th...26regma-1564</a>&raquo;' [173 bytes]
DEBUG:websockets.client:< TEXT '>battle-gen9championsvgc2026regma-1563\n|\n|t:|...L50, M|157/157\n|turn|1' [325 bytes]
DEBUG:websockets.client:< TEXT '>battle-gen9championsvgc2026regma-1563\n|\n|t:|...L50, M|100/100\n|turn|1' [325 bytes]
DEBUG:websockets.client:< TEXT '>battle-gen9championsvgc2026regma-1563\n|reques...ing":false}]},"rqid":4}' [2167 bytes]
DEBUG:websockets.client:< TEXT '>battle-gen9championsvgc2026regma-1564\n|t:|1781642371\n|gametype|doubles' [71 bytes]
DEBUG:websockets.client:< TEXT '>battle-gen9championsvgc2026regma-1563\n|reques...ing":false}]},"rqid":5}' [2223 bytes]
DEBUG:websockets.client:< TEXT '>battle-gen9championsvgc2026regma-1564\n|t:|1781642371\n|gametype|doubles' [71 bytes]
DEBUG:websockets.client:< TEXT '>battle-gen9championsvgc2026regma-1564\n|player|p1|BC1|266|' [58 bytes]
DEBUG:websockets.client:< TEXT '>battle-gen9championsvgc2026regma-1564\n|player|p1|BC1|266|' [58 bytes]
DEBUG:websockets.client:< TEXT '>battle-gen9championsvgc2026regma-1564\n|player...heets</strong></button>' [857 bytes]
DEBUG:websockets.client:< TEXT '>battle-gen9championsvgc2026regma-1564\n|player...heets</strong></button>' [857 bytes]
DEBUG:live_vgc_base:Turn 1 [battle-gen9championsvgc2026regma-1563] a0=6 a1=6 src=random opp_splice=on
DEBUG:websockets.client:> TEXT 'battle-gen9championsvgc2026regma-1563|/choose move protect, move protect' [72 bytes]
DEBUG:websockets.client:< TEXT '>battle-gen9championsvgc2026regma-1564\n|reques...ing":false}]},"rqid":2}' [2093 bytes]
INFO:player:Turn 1 [battle-gen9championsvgc2026regma-1563] value head win-prob: 0.333  (losing)
DEBUG:live_vgc_base:Turn 1 [battle-gen9championsvgc2026regma-1563] a0=0 a1=9 src=model opp_splice=on
DEBUG:websockets.client:> TEXT 'battle-gen9championsvgc2026regma-1563|/choose move encore 1, move icywind' [73 bytes]
DEBUG:websockets.client:< TEXT '>battle-gen9championsvgc2026regma-1564\n|reques...ing":false}]},"rqid":3}' [2097 bytes]
DEBUG:websockets.client:< TEXT '>battle-gen9championsvgc2026regma-1563\n|\n|t:|...ct\n|\n|upkeep\n|turn|2' [462 bytes]
DEBUG:websockets.client:< TEXT '>battle-gen9championsvgc2026regma-1563\n|\n|t:|...ct\n|\n|upkeep\n|turn|2' [462 bytes]
DEBUG:websockets.client:< TEXT '>battle-gen9championsvgc2026regma-1563\n|reques...ing":false}]},"rqid":6}' [2167 bytes]
DEBUG:websockets.client:< TEXT '>battle-gen9championsvgc2026regma-1563\n|reques...ing":false}]},"rqid":7}' [2222 bytes]
INFO:player:Turn 2 [battle-gen9championsvgc2026regma-1563] value head win-prob: 0.538  (even)
DEBUG:live_vgc_base:Turn 2 [battle-gen9championsvgc2026regma-1563] a0=0 a1=9 src=model opp_splice=on
DEBUG:websockets.client:> TEXT 'battle-gen9championsvgc2026regma-1563|/choose move encore 1, move icywind' [73 bytes]
DEBUG:live_vgc_base:Turn 2 [battle-gen9championsvgc2026regma-1563] a0=4 a1=3 src=random opp_splice=on
DEBUG:websockets.client:> TEXT 'battle-gen9championsvgc2026regma-1563|/choose m...ball 2, move direclaw 1' [80 bytes]
DEBUG:websockets.client:< TEXT '>battle-gen9championsvgc2026regma-1563\n|\n|t:|...er|[silent]\n|\n|upkeep' [683 bytes]
DEBUG:websockets.client:< TEXT '>battle-gen9championsvgc2026regma-1563\n|\n|t:|...er|[silent]\n|\n|upkeep' [684 bytes]
DEBUG:websockets.client:< TEXT '>battle-gen9championsvgc2026regma-1563\n|reques...oCancel":true,"rqid":8}' [1421 bytes]
DEBUG:websockets.client:< TEXT '>battle-gen9championsvgc2026regma-1563\n|reques...ing":false}]},"rqid":9}' [1450 bytes]
DEBUG:live_vgc_base:forceSwitch forced_switch_model [battle-gen9championsvgc2026regma-1563] turn 2 a0=12 a1=None opp_splice=on
DEBUG:websockets.client:> TEXT 'battle-gen9championsvgc2026regma-1563|/choose switch Charizard, pass' [68 bytes]
DEBUG:websockets.client:< TEXT '>battle-gen9championsvgc2026regma-1563\n|\n|t:|...L50, F|168/168\n|turn|3' [112 bytes]
DEBUG:websockets.client:< TEXT '>battle-gen9championsvgc2026regma-1563\n|\n|t:|...L50, F|100/100\n|turn|3' [112 bytes]
DEBUG:websockets.client:< TEXT '>battle-gen9championsvgc2026regma-1563\n|reques...ng":false}]},"rqid":10}' [2187 bytes]
DEBUG:websockets.client:< TEXT '>battle-gen9championsvgc2026regma-1563\n|reques...ng":false}]},"rqid":11}' [2210 bytes]
INFO:player:Turn 3 [battle-gen9championsvgc2026regma-1563] value head win-prob: 0.483  (even)
DEBUG:live_vgc_base:Turn 3 [battle-gen9championsvgc2026regma-1563] a0=0 a1=9 src=model opp_splice=on
DEBUG:websockets.client:> TEXT 'battle-gen9championsvgc2026regma-1563|/choose m...wave mega, move icywind' [78 bytes]
DEBUG:live_vgc_base:Turn 3 [battle-gen9championsvgc2026regma-1563] a0=12 a1=3 src=random opp_splice=on
DEBUG:websockets.client:> TEXT 'battle-gen9championsvgc2026regma-1563|/choose s...rizard, move direclaw 1' [79 bytes]
DEBUG:websockets.client:< TEXT '>battle-gen9championsvgc2026regma-1563\n|\n|t:|...p2a: Charizard\n|upkeep' [816 bytes]
DEBUG:websockets.client:< TEXT '>battle-gen9championsvgc2026regma-1563\n|\n|t:|...p2a: Charizard\n|upkeep' [817 bytes]
DEBUG:websockets.client:< TEXT '>battle-gen9championsvgc2026regma-1563\n|reques...ng":false}]},"rqid":12}' [1392 bytes]
DEBUG:websockets.client:< TEXT '>battle-gen9championsvgc2026regma-1563\n|reques...Cancel":true,"rqid":13}' [1479 bytes]
DEBUG:vgc_base:forceSwitch [battle-gen9championsvgc2026regma-1563] force=[False, True] \u2192 /choose pass / /choose switch Basculegion
DEBUG:websockets.client:> TEXT 'battle-gen9championsvgc2026regma-1563|/choose pass, switch Basculegion' [70 bytes]
DEBUG:websockets.client:< TEXT '>battle-gen9championsvgc2026regma-1563\n|\n|t:|...L50, M|100/100\n|turn|4' [116 bytes]
DEBUG:websockets.client:< TEXT '>battle-gen9championsvgc2026regma-1563\n|\n|t:|...L50, M|197/197\n|turn|4' [116 bytes]
DEBUG:websockets.client:< TEXT '>battle-gen9championsvgc2026regma-1563\n|reques...ng":false}]},"rqid":15}' [2230 bytes]
DEBUG:websockets.client:< TEXT '>battle-gen9championsvgc2026regma-1563\n|reques...ng":false}]},"rqid":14}' [2170 bytes]
DEBUG:live_vgc_base:Turn 4 [battle-gen9championsvgc2026regma-1563] a0=10 a1=1 src=random opp_splice=on
DEBUG:websockets.client:> TEXT 'battle-gen9championsvgc2026regma-1563|/choose m...beam 1, move flipturn 1' [79 bytes]
INFO:player:Turn 4 [battle-gen9championsvgc2026regma-1563] value head win-prob: 0.897  (winning)
DEBUG:live_vgc_base:Turn 4 [battle-gen9championsvgc2026regma-1563] a0=0 a1=9 src=model opp_splice=on
DEBUG:websockets.client:> TEXT 'battle-gen9championsvgc2026regma-1563|/choose move heatwave, move icywind' [73 bytes]
DEBUG:websockets.client:< TEXT '>battle-gen9championsvgc2026regma-1563\n|\n|t:|...e|p1a: Charizard|15/168' [549 bytes]
DEBUG:websockets.client:< TEXT '>battle-gen9championsvgc2026regma-1563\n|\n|t:|...ge|p1a: Charizard|8/100' [550 bytes]
DEBUG:websockets.client:< TEXT '>battle-gen9championsvgc2026regma-1563\n|reques...ng":false}]},"rqid":16}' [1392 bytes]
DEBUG:websockets.client:< TEXT '>battle-gen9championsvgc2026regma-1563\n|reques...Cancel":true,"rqid":17}' [1479 bytes]
DEBUG:vgc_base:forceSwitch [battle-gen9championsvgc2026regma-1563] force=[False, True] \u2192 /choose pass / /choose switch Zoroark
DEBUG:websockets.client:> TEXT 'battle-gen9championsvgc2026regma-1563|/choose pass, switch Zoroark' [66 bytes]
DEBUG:websockets.client:< TEXT '>battle-gen9championsvgc2026regma-1563\n|\n|t:|...p2a: Charizard\n|upkeep' [445 bytes]
DEBUG:websockets.client:< TEXT '>battle-gen9championsvgc2026regma-1563\n|\n|t:|...p2a: Charizard\n|upkeep' [445 bytes]
DEBUG:websockets.client:< TEXT '>battle-gen9championsvgc2026regma-1563\n|reques...Cancel":true,"rqid":18}' [1422 bytes]
DEBUG:websockets.client:< TEXT '>battle-gen9championsvgc2026regma-1563\n|reques...ng":false}]},"rqid":19}' [1447 bytes]
DEBUG:live_vgc_base:forceSwitch forced_switch_model [battle-gen9championsvgc2026regma-1563] turn 4 a0=12 a1=None opp_splice=on
DEBUG:websockets.client:> TEXT 'battle-gen9championsvgc2026regma-1563|/choose switch Ditto, pass' [64 bytes]
DEBUG:websockets.client:< TEXT '>battle-gen9championsvgc2026regma-1563\n|\n|t:|...o, L50|155/155\n|turn|5' [101 bytes]
DEBUG:websockets.client:< TEXT '>battle-gen9championsvgc2026regma-1563\n|\n|t:|...o, L50|100/100\n|turn|5' [101 bytes]
DEBUG:websockets.client:< TEXT '>battle-gen9championsvgc2026regma-1563\n|reques...ng":false}]},"rqid":20}' [1887 bytes]
DEBUG:websockets.client:< TEXT '>battle-gen9championsvgc2026regma-1563\n|reques...ng":false}]},"rqid":21}' [2243 bytes]
INFO:player:Turn 5 [battle-gen9championsvgc2026regma-1563] value head win-prob: 0.738  (winning)
DEBUG:live_vgc_base:Turn 5 [battle-gen9championsvgc2026regma-1563] a0=0 a1=0 src=model opp_splice=on
DEBUG:websockets.client:> TEXT 'battle-gen9championsvgc2026regma-1563|/choose m...form 1, move hypervoice' [79 bytes]
DEBUG:live_vgc_base:Turn 5 [battle-gen9championsvgc2026regma-1563] a0=9 a1=9 src=random opp_splice=on
DEBUG:websockets.client:> TEXT 'battle-gen9championsvgc2026regma-1563|/choose m...larbeam 1, move icywind' [76 bytes]
DEBUG:websockets.client:< TEXT '>battle-gen9championsvgc2026regma-1563\n|\n|t:|...nyDay|[upkeep]\n|upkeep' [539 bytes]
DEBUG:websockets.client:< TEXT '>battle-gen9championsvgc2026regma-1563\n|\n|t:|...nyDay|[upkeep]\n|upkeep' [538 bytes]
DEBUG:websockets.client:< TEXT '>battle-gen9championsvgc2026regma-1563\n|reques...ng":false}]},"rqid":22}' [1390 bytes]
DEBUG:websockets.client:< TEXT '>battle-gen9championsvgc2026regma-1563\n|reques...Cancel":true,"rqid":23}' [1478 bytes]
DEBUG:vgc_base:forceSwitch [battle-gen9championsvgc2026regma-1563] force=[True, False] \u2192 /choose switch Basculegion / /choose pass
DEBUG:websockets.client:> TEXT 'battle-gen9championsvgc2026regma-1563|/choose switch Basculegion, pass' [70 bytes]
DEBUG:websockets.client:< TEXT '>battle-gen9championsvgc2026regma-1563\n|\n|t:|... L50, M|59/100\n|turn|6' [115 bytes]
DEBUG:websockets.client:< TEXT '>battle-gen9championsvgc2026regma-1563\n|\n|t:|...L50, M|117/197\n|turn|6' [116 bytes]
DEBUG:websockets.client:< TEXT '>battle-gen9championsvgc2026regma-1563\n|reques...ng":false}]},"rqid":24}' [1886 bytes]
DEBUG:websockets.client:< TEXT '>battle-gen9championsvgc2026regma-1563\n|reques...ng":false}]},"rqid":25}' [2218 bytes]
INFO:player:Turn 6 [battle-gen9championsvgc2026regma-1563] value head win-prob: 0.698  (winning)
DEBUG:live_vgc_base:Turn 6 [battle-gen9championsvgc2026regma-1563] a0=0 a1=0 src=model opp_splice=on
DEBUG:websockets.client:> TEXT 'battle-gen9championsvgc2026regma-1563|/choose m...form 1, move hypervoice' [79 bytes]
DEBUG:live_vgc_base:Turn 6 [battle-gen9championsvgc2026regma-1563] a0=4 a1=0 src=random opp_splice=on
DEBUG:websockets.client:> TEXT 'battle-gen9championsvgc2026regma-1563|/choose m...rash 2, move hypervoice' [79 bytes]
DEBUG:websockets.client:< TEXT '>battle-gen9championsvgc2026regma-1563\n|\n|t:|...Recoil\n|\n|win|OPrand1' [337 bytes]
DEBUG:websockets.client:< TEXT '>battle-gen9championsvgc2026regma-1563\n|\n|t:|...Recoil\n|\n|win|OPrand1' [337 bytes]
DEBUG:websockets.client:< TEXT '|updatesearch|{"searching":[],"games":{"battle-... 2026 Reg M-A Battle"}}' [124 bytes]
INFO:vgc_base:Battle battle-gen9championsvgc2026regma-1563 finished — outcome: LOSS  (W/L/D so far: 5/1/0)
DEBUG:websockets.client:> TEXT '|/leave battle-gen9championsvgc2026regma-1563' [45 bytes]
DEBUG:websockets.client:< TEXT '|updatesearch|{"searching":[],"games":{"battle-... 2026 Reg M-A Battle"}}' [124 bytes]
DEBUG:websockets.client:> TEXT 'battle-gen9championsvgc2026regma-1564|/rejectopenteamsheets' [59 bytes]
INFO:vgc_base:Battle battle-gen9championsvgc2026regma-1563 finished — outcome: WIN  (W/L/D so far: 1/5/0)
DEBUG:websockets.client:> TEXT '|/leave battle-gen9championsvgc2026regma-1563' [45 bytes]
DEBUG:websockets.client:> TEXT '|/utm Sneasler||whiteherb|unburden|fakeout,dire...Naive|32,2,,,,32||||50|' [550 bytes]
DEBUG:websockets.client:> TEXT '|/challenge oprand1, gen9championsvgc2026regma' [46 bytes]
DEBUG:websockets.client:> TEXT 'battle-gen9championsvgc2026regma-1564|/rejectopenteamsheets' [59 bytes]
DEBUG:websockets.client:< TEXT '>battle-gen9championsvgc2026regma-1563\n|deinit' [46 bytes]
DEBUG:websockets.client:< TEXT '>battle-gen9championsvgc2026regma-1563\n|l|\u2606BC1' [48 bytes]
DEBUG:websockets.client:< TEXT '>battle-gen9championsvgc2026regma-1564\n|uhtmlchange|otsrequest|' [63 bytes]
DEBUG:websockets.client:< TEXT '>battle-gen9championsvgc2026regma-1564\nBC1 rejected open team sheets.' [69 bytes]
DEBUG:websockets.client:< TEXT '>battle-gen9championsvgc2026regma-1564\n|uhtmlchange|otsrequest|' [63 bytes]
DEBUG:websockets.client:< TEXT '>battle-gen9championsvgc2026regma-1564\nBC1 rejected open team sheets.' [69 bytes]
DEBUG:websockets.client:< TEXT '>battle-gen9championsvgc2026regma-1563\n|deinit' [46 bytes]
DEBUG:websockets.client:< TEXT '>battle-gen9championsvgc2026regma-1564\n|uhtmlchange|otsrequest|' [63 bytes]
DEBUG:websockets.client:< TEXT '>battle-gen9championsvgc2026regma-1564\n|uhtmlchange|otsrequest|' [63 bytes]
DEBUG:websockets.client:< TEXT '>battle-gen9championsvgc2026regma-1564\nOPrand1...ected open team sheets.' [73 bytes]
DEBUG:websockets.client:< TEXT '>battle-gen9championsvgc2026regma-1564\nOPrand1...ected open team sheets.' [73 bytes]
INFO:player:Team-preview [battle-gen9championsvgc2026regma-1564] NET drove: bring=['whimsicott', 'zoroarkhisui', 'ditto', 'charizardmegay'] leads=['whimsicott', 'zoroarkhisui'] (vs opp ['sneasler', 'charizard', 'whimsicott', 'basculegion', 'zoroarkhisui', 'ditto'])
INFO:vgc_base:Teampreview [battle-gen9championsvgc2026regma-1564] \u2192 /team 3562  (whimsicott, zoroarkhisui, ditto, charizardmegay)
DEBUG:websockets.client:> TEXT 'battle-gen9championsvgc2026regma-1564|/team 3562' [48 bytes]
INFO:vgc_base:Teampreview [battle-gen9championsvgc2026regma-1564] \u2192 /team 6415  (ditto, basculegion, sneasler, zoroarkhisui)
DEBUG:websockets.client:> TEXT 'battle-gen9championsvgc2026regma-1564|/team 6415' [48 bytes]
DEBUG:websockets.client:< TEXT '|pm| BC1| OPrand1|/challenge gen9championsvgc20...hampionsvgc2026regma|||' [83 bytes]
DEBUG:websockets.client:< TEXT '|pm| BC1| OPrand1|/challenge gen9championsvgc20...hampionsvgc2026regma|||' [83 bytes]
DEBUG:websockets.client:< TEXT '|pm| BC1| OPrand1|/log BC1 wants to battle!' [43 bytes]
DEBUG:websockets.client:< TEXT '|pm| BC1| OPrand1|/log BC1 wants to battle!' [43 bytes]
DEBUG:websockets.client:> TEXT '|/utm Sneasler||whiteherb|unburden|fakeout,dire...Naive|32,2,,,,32||||50|' [550 bytes]
DEBUG:websockets.client:> TEXT '|/accept bc1' [12 bytes]
DEBUG:websockets.client:< TEXT '|pm| OPrand1| BC1|/challenge' [28 bytes]
DEBUG:websockets.client:< TEXT '|pm| OPrand1| BC1|/challenge' [28 bytes]
DEBUG:websockets.client:< TEXT '|updatesearch|{"searching":[],"games":{"battle-... 2026 Reg M-A Battle"}}' [124 bytes]
DEBUG:websockets.client:< TEXT '|updatesearch|{"searching":[],"games":{"battle-... 2026 Reg M-A Battle"}}' [124 bytes]
DEBUG:websockets.client:< TEXT '|updatesearch|{"searching":[],"games":{"battle-... 2026 Reg M-A Battle"}}' [208 bytes]
DEBUG:websockets.client:< TEXT '|updatesearch|{"searching":[],"games":{"battle-... 2026 Reg M-A Battle"}}' [208 bytes]
DEBUG:websockets.client:< TEXT '|updatesearch|{"searching":[],"games":{"battle-... 2026 Reg M-A Battle"}}' [208 bytes]
DEBUG:websockets.client:< TEXT '|updatesearch|{"searching":[],"games":{"battle-... 2026 Reg M-A Battle"}}' [208 bytes]
DEBUG:websockets.client:< TEXT '>battle-gen9championsvgc2026regma-1565\n|init|b... vs. OPrand1\n|j|\u2606BC1\n' [85 bytes]
DEBUG:websockets.client:< TEXT '>battle-gen9championsvgc2026regma-1565\n|init|b...n|j|\u2606BC1\n|j|\u2606OPrand1\n' [99 bytes]
DEBUG:websockets.client:< TEXT '>battle-gen9championsvgc2026regma-1565\n|j|\u2606OPrand1' [52 bytes]
DEBUG:websockets.client:< TEXT '|pm| OPrand1| BC1|/nonotify OPrand1 accepted th...26regma-1565</a>&raquo;' [173 bytes]
DEBUG:websockets.client:< TEXT '|pm| OPrand1| BC1|/nonotify OPrand1 accepted th...26regma-1565</a>&raquo;' [173 bytes]
DEBUG:websockets.client:< TEXT '>battle-gen9championsvgc2026regma-1564\n|\n|t:|...L50, M|100/100\n|turn|1' [316 bytes]
DEBUG:websockets.client:< TEXT '>battle-gen9championsvgc2026regma-1564\n|\n|t:|...L50, M|197/197\n|turn|1' [316 bytes]
DEBUG:websockets.client:< TEXT '>battle-gen9championsvgc2026regma-1564\n|reques...ing":false}]},"rqid":5}' [1876 bytes]
DEBUG:websockets.client:< TEXT '>battle-gen9championsvgc2026regma-1564\n|reques...ing":false}]},"rqid":4}' [2167 bytes]
DEBUG:websockets.client:< TEXT '>battle-gen9championsvgc2026regma-1565\n|t:|1781642372\n|gametype|doubles' [71 bytes]
DEBUG:websockets.client:< TEXT '>battle-gen9championsvgc2026regma-1565\n|t:|1781642372\n|gametype|doubles' [71 bytes]
DEBUG:websockets.client:< TEXT '>battle-gen9championsvgc2026regma-1565\n|player|p1|BC1|266|' [58 bytes]
DEBUG:websockets.client:< TEXT '>battle-gen9championsvgc2026regma-1565\n|player...heets</strong></button>' [857 bytes]
INFO:player:Turn 1 [battle-gen9championsvgc2026regma-1564] value head win-prob: 0.633  (winning)
DEBUG:live_vgc_base:Turn 1 [battle-gen9championsvgc2026regma-1564] a0=0 a1=9 src=model opp_splice=on
DEBUG:websockets.client:> TEXT 'battle-gen9championsvgc2026regma-1564|/choose move encore 1, move icywind' [73 bytes]
DEBUG:websockets.client:< TEXT '>battle-gen9championsvgc2026regma-1565\n|player|p1|BC1|266|' [58 bytes]
DEBUG:websockets.client:< TEXT '>battle-gen9championsvgc2026regma-1565\n|player...heets</strong></button>' [857 bytes]
DEBUG:websockets.client:< TEXT '>battle-gen9championsvgc2026regma-1565\n|reques...ing":false}]},"rqid":3}' [2097 bytes]
DEBUG:live_vgc_base:Turn 1 [battle-gen9championsvgc2026regma-1564] a0=1 a1=9 src=random opp_splice=on
DEBUG:websockets.client:> TEXT 'battle-gen9championsvgc2026regma-1564|/choose m... 2, move lastrespects 1' [83 bytes]
DEBUG:websockets.client:< TEXT '>battle-gen9championsvgc2026regma-1565\n|reques...ing":false}]},"rqid":2}' [2093 bytes]
DEBUG:websockets.client:< TEXT '>battle-gen9championsvgc2026regma-1564\n|\n|t:|...to\n|\n|upkeep\n|turn|2' [487 bytes]
DEBUG:websockets.client:< TEXT '>battle-gen9championsvgc2026regma-1564\n|\n|t:|...to\n|\n|upkeep\n|turn|2' [489 bytes]
DEBUG:websockets.client:< TEXT '>battle-gen9championsvgc2026regma-1564\n|reques...ing":false}]},"rqid":6}' [2166 bytes]
DEBUG:websockets.client:< TEXT '>battle-gen9championsvgc2026regma-1564\n|reques...ing":false}]},"rqid":7}' [1876 bytes]
DEBUG:live_vgc_base:Turn 2 [battle-gen9championsvgc2026regma-1564] a0=0 a1=0 src=random opp_splice=on
DEBUG:websockets.client:> TEXT 'battle-gen9championsvgc2026regma-1564|/choose m...form 1, move flipturn 1' [79 bytes]
INFO:player:Turn 2 [battle-gen9championsvgc2026regma-1564] value head win-prob: 0.622  (winning)
DEBUG:live_vgc_base:Turn 2 [battle-gen9championsvgc2026regma-1564] a0=0 a1=9 src=model opp_splice=on
DEBUG:websockets.client:> TEXT 'battle-gen9championsvgc2026regma-1564|/choose move encore 1, move icywind' [73 bytes]
DEBUG:websockets.client:< TEXT '>battle-gen9championsvgc2026regma-1564\n|\n|t:|...|p1a: Whimsicott|28/137' [434 bytes]
DEBUG:websockets.client:< TEXT '>battle-gen9championsvgc2026regma-1564\n|\n|t:|...p1a: Whimsicott|20/100y' [436 bytes]
DEBUG:websockets.client:< TEXT '>battle-gen9championsvgc2026regma-1564\n|reques...ing":false}]},"rqid":8}' [1391 bytes]
DEBUG:websockets.client:< TEXT '>battle-gen9championsvgc2026regma-1564\n|reques...oCancel":true,"rqid":9}' [1424 bytes]
DEBUG:vgc_base:forceSwitch [battle-gen9championsvgc2026regma-1564] force=[False, True] \u2192 /choose pass / /choose switch Zoroark
DEBUG:websockets.client:> TEXT 'battle-gen9championsvgc2026regma-1564|/choose pass, switch Zoroark' [66 bytes]
DEBUG:websockets.client:< TEXT '>battle-gen9championsvgc2026regma-1564\n|\n|t:|...tt\n|\n|upkeep\n|turn|3' [225 bytes]
DEBUG:websockets.client:< TEXT '>battle-gen9championsvgc2026regma-1564\n|\n|t:|...tt\n|\n|upkeep\n|turn|3' [225 bytes]
DEBUG:websockets.client:< TEXT '>battle-gen9championsvgc2026regma-1564\n|reques...ng":false}]},"rqid":10}' [2167 bytes]
DEBUG:websockets.client:< TEXT '>battle-gen9championsvgc2026regma-1564\n|reques...ng":false}]},"rqid":11}' [2198 bytes]
DEBUG:live_vgc_base:Turn 3 [battle-gen9championsvgc2026regma-1564] a0=7 a1=4 src=random opp_splice=on
DEBUG:websockets.client:> TEXT 'battle-gen9championsvgc2026regma-1564|/choose m...st 2, move shadowball 2' [81 bytes]
INFO:player:Turn 3 [battle-gen9championsvgc2026regma-1564] value head win-prob: 0.489  (even)
DEBUG:live_vgc_base:Turn 3 [battle-gen9championsvgc2026regma-1564] a0=0 a1=9 src=model opp_splice=on
DEBUG:websockets.client:> TEXT 'battle-gen9championsvgc2026regma-1564|/choose move encore 1, move icywind' [73 bytes]
DEBUG:websockets.client:< TEXT '>battle-gen9championsvgc2026regma-1564\n|\n|t:|...|p2a: Ditto\n|\n|upkeep' [615 bytes]
DEBUG:websockets.client:< TEXT '>battle-gen9championsvgc2026regma-1564\n|\n|t:|...|p2a: Ditto\n|\n|upkeep' [615 bytes]
DEBUG:websockets.client:< TEXT '>battle-gen9championsvgc2026regma-1564\n|reques...ng":false}]},"rqid":12}' [1391 bytes]
DEBUG:websockets.client:< TEXT '>battle-gen9championsvgc2026regma-1564\n|reques...Cancel":true,"rqid":13}' [1423 bytes]
DEBUG:vgc_base:forceSwitch [battle-gen9championsvgc2026regma-1564] force=[True, False] \u2192 /choose switch Basculegion / /choose pass
DEBUG:websockets.client:> TEXT 'battle-gen9championsvgc2026regma-1564|/choose switch Basculegion, pass' [70 bytes]
DEBUG:websockets.client:< TEXT '>battle-gen9championsvgc2026regma-1564\n|\n|t:|... L50, M|83/100\n|turn|4' [115 bytes]
DEBUG:websockets.client:< TEXT '>battle-gen9championsvgc2026regma-1564\n|\n|t:|...L50, M|165/197\n|turn|4' [116 bytes]
DEBUG:websockets.client:< TEXT '>battle-gen9championsvgc2026regma-1564\n|reques...ng":false}]},"rqid":14}' [2166 bytes]
DEBUG:websockets.client:< TEXT '>battle-gen9championsvgc2026regma-1564\n|reques...ng":false}]},"rqid":15}' [2163 bytes]
INFO:player:Turn 4 [battle-gen9championsvgc2026regma-1564] value head win-prob: 0.270  (losing)
DEBUG:live_vgc_base:Turn 4 [battle-gen9championsvgc2026regma-1564] a0=13 a1=9 src=model opp_splice=on
DEBUG:websockets.client:> TEXT 'battle-gen9championsvgc2026regma-1564|/choose switch Ditto, move icywind' [72 bytes]
DEBUG:live_vgc_base:Turn 4 [battle-gen9championsvgc2026regma-1564] a0=2 a1=4 src=random opp_splice=on
DEBUG:websockets.client:> TEXT 'battle-gen9championsvgc2026regma-1564|/choose m...n -2, move shadowball 2' [81 bytes]
DEBUG:websockets.client:< TEXT '>battle-gen9championsvgc2026regma-1564\n|\n|t:|...nt\n|faint|p2b: Zoroark' [460 bytes]
DEBUG:websockets.client:< TEXT '>battle-gen9championsvgc2026regma-1564\n|\n|t:|...nt\n|faint|p2b: Zoroark' [461 bytes]
DEBUG:websockets.client:< TEXT '>battle-gen9championsvgc2026regma-1564\n|reques...ng":false}]},"rqid":16}' [1425 bytes]
DEBUG:websockets.client:< TEXT '>battle-gen9championsvgc2026regma-1564\n|reques...Cancel":true,"rqid":17}' [1422 bytes]
DEBUG:vgc_base:forceSwitch [battle-gen9championsvgc2026regma-1564] force=[True, False] \u2192 /choose switch Sneasler / /choose pass
DEBUG:websockets.client:> TEXT 'battle-gen9championsvgc2026regma-1564|/choose switch Sneasler, pass' [67 bytes]
DEBUG:websockets.client:< TEXT '>battle-gen9championsvgc2026regma-1564\n|\n|t:|...] Flip Turn\n|\n|upkeep' [129 bytes]
DEBUG:websockets.client:< TEXT '>battle-gen9championsvgc2026regma-1564\n|\n|t:|...] Flip Turn\n|\n|upkeep' [129 bytes]
DEBUG:websockets.client:< TEXT '>battle-gen9championsvgc2026regma-1564\n|reques...ng":false}]},"rqid":18}' [1425 bytes]
DEBUG:websockets.client:< TEXT '>battle-gen9championsvgc2026regma-1564\n|reques...Cancel":true,"rqid":19}' [1422 bytes]
DEBUG:vgc_base:forceSwitch [battle-gen9championsvgc2026regma-1564] force=[False, True] \u2192 /choose pass / /choose switch Basculegion
DEBUG:websockets.client:> TEXT 'battle-gen9championsvgc2026regma-1564|/choose pass, switch Basculegion' [70 bytes]
DEBUG:websockets.client:< TEXT '>battle-gen9championsvgc2026regma-1564\n|\n|t:|... L50, M|76/100\n|turn|5' [115 bytes]
DEBUG:websockets.client:< TEXT '>battle-gen9championsvgc2026regma-1564\n|\n|t:|...L50, M|150/197\n|turn|5' [116 bytes]
DEBUG:websockets.client:< TEXT '>battle-gen9championsvgc2026regma-1564\n|reques...ng":false}]},"rqid":20}' [2204 bytes]
DEBUG:websockets.client:< TEXT '>battle-gen9championsvgc2026regma-1564\n|reques...ng":false}]},"rqid":21}' [2140 bytes]
INFO:player:Turn 5 [battle-gen9championsvgc2026regma-1564] value head win-prob: 0.997  (winning)
DEBUG:live_vgc_base:Turn 5 [battle-gen9championsvgc2026regma-1564] a0=0 a1=9 src=model opp_splice=on
DEBUG:websockets.client:> TEXT 'battle-gen9championsvgc2026regma-1564|/choose m...ypervoice, move icywind' [75 bytes]
DEBUG:live_vgc_base:Turn 5 [battle-gen9championsvgc2026regma-1564] a0=1 a1=2 src=random opp_splice=on
DEBUG:websockets.client:> TEXT 'battle-gen9championsvgc2026regma-1564|/choose m...out 2, move flipturn -1' [78 bytes]
DEBUG:websockets.client:< TEXT '>battle-gen9championsvgc2026regma-1564\n|\n|t:|...er\n|\n|upkeep\n|turn|6' [643 bytes]
DEBUG:websockets.client:< TEXT '>battle-gen9championsvgc2026regma-1564\n|\n|t:|...er\n|\n|upkeep\n|turn|6' [645 bytes]
DEBUG:websockets.client:< TEXT '>battle-gen9championsvgc2026regma-1564\n|reques...ng":false}]},"rqid":22}' [2204 bytes]
DEBUG:websockets.client:< TEXT '>battle-gen9championsvgc2026regma-1564\n|reques...ng":false}]},"rqid":23}' [2128 bytes]
DEBUG:live_vgc_base:Turn 6 [battle-gen9championsvgc2026regma-1564] a0=0 a1=3 src=random opp_splice=on
DEBUG:vgc_base:_safe_order: action 0 slot 0 \u2192 None, scanning legal actions.
DEBUG:vgc_base:_safe_order: slot 0 has no decodable legal action — sending Pass.
DEBUG:websockets.client:> TEXT 'battle-gen9championsvgc2026regma-1564|/choose pass, move wavecrash 1' [68 bytes]
INFO:player:Turn 6 [battle-gen9championsvgc2026regma-1564] value head win-prob: 1.000  (winning)
DEBUG:live_vgc_base:Turn 6 [battle-gen9championsvgc2026regma-1564] a0=4 a1=9 src=model opp_splice=on
DEBUG:websockets.client:> TEXT 'battle-gen9championsvgc2026regma-1564|/choose m...dowball 2, move icywind' [77 bytes]
DEBUG:websockets.client:< TEXT '>battle-gen9championsvgc2026regma-1564\n|\n|t:|...asculegion\n|\n|win|BC1' [345 bytes]
DEBUG:websockets.client:< TEXT '>battle-gen9championsvgc2026regma-1564\n|\n|t:|...asculegion\n|\n|win|BC1' [346 bytes]
INFO:vgc_base:Battle battle-gen9championsvgc2026regma-1564 finished — outcome: WIN  (W/L/D so far: 6/1/0)
DEBUG:websockets.client:> TEXT '|/leave battle-gen9championsvgc2026regma-1564' [45 bytes]
DEBUG:websockets.client:< TEXT '|updatesearch|{"searching":[],"games":{"battle-... 2026 Reg M-A Battle"}}' [124 bytes]
DEBUG:websockets.client:< TEXT '|updatesearch|{"searching":[],"games":{"battle-... 2026 Reg M-A Battle"}}' [124 bytes]
DEBUG:websockets.client:> TEXT 'battle-gen9championsvgc2026regma-1565|/rejectopenteamsheets' [59 bytes]
INFO:vgc_base:Battle battle-gen9championsvgc2026regma-1564 finished — outcome: LOSS  (W/L/D so far: 1/6/0)
DEBUG:websockets.client:> TEXT '|/leave battle-gen9championsvgc2026regma-1564' [45 bytes]
DEBUG:websockets.client:> TEXT '|/utm Sneasler||whiteherb|unburden|fakeout,dire...Naive|32,2,,,,32||||50|' [550 bytes]
DEBUG:websockets.client:> TEXT '|/challenge oprand1, gen9championsvgc2026regma' [46 bytes]
DEBUG:websockets.client:> TEXT 'battle-gen9championsvgc2026regma-1565|/rejectopenteamsheets' [59 bytes]
DEBUG:websockets.client:< TEXT '>battle-gen9championsvgc2026regma-1564\n|deinit' [46 bytes]
DEBUG:websockets.client:< TEXT '>battle-gen9championsvgc2026regma-1564\n|l|\u2606BC1' [48 bytes]
DEBUG:websockets.client:< TEXT '>battle-gen9championsvgc2026regma-1565\n|uhtmlchange|otsrequest|' [63 bytes]
DEBUG:websockets.client:< TEXT '>battle-gen9championsvgc2026regma-1565\nBC1 rejected open team sheets.' [69 bytes]
DEBUG:websockets.client:< TEXT '>battle-gen9championsvgc2026regma-1565\n|uhtmlchange|otsrequest|' [63 bytes]
DEBUG:websockets.client:< TEXT '>battle-gen9championsvgc2026regma-1565\nBC1 rejected open team sheets.' [69 bytes]
DEBUG:websockets.client:< TEXT '>battle-gen9championsvgc2026regma-1564\n|deinit' [46 bytes]
DEBUG:websockets.client:< TEXT '>battle-gen9championsvgc2026regma-1565\n|uhtmlchange|otsrequest|' [63 bytes]
DEBUG:websockets.client:< TEXT '>battle-gen9championsvgc2026regma-1565\n|uhtmlchange|otsrequest|' [63 bytes]
DEBUG:websockets.client:< TEXT '>battle-gen9championsvgc2026regma-1565\nOPrand1...ected open team sheets.' [73 bytes]
DEBUG:websockets.client:< TEXT '>battle-gen9championsvgc2026regma-1565\nOPrand1...ected open team sheets.' [73 bytes]
INFO:player:Team-preview [battle-gen9championsvgc2026regma-1565] NET drove: bring=['whimsicott', 'zoroarkhisui', 'ditto', 'charizardmegay'] leads=['whimsicott', 'zoroarkhisui'] (vs opp ['sneasler', 'charizard', 'whimsicott', 'basculegion', 'zoroarkhisui', 'ditto'])
INFO:vgc_base:Teampreview [battle-gen9championsvgc2026regma-1565] \u2192 /team 3562  (whimsicott, zoroarkhisui, ditto, charizardmegay)
DEBUG:websockets.client:> TEXT 'battle-gen9championsvgc2026regma-1565|/team 3562' [48 bytes]
INFO:vgc_base:Teampreview [battle-gen9championsvgc2026regma-1565] \u2192 /team 6342  (ditto, whimsicott, basculegion, charizardmegay)
DEBUG:websockets.client:> TEXT 'battle-gen9championsvgc2026regma-1565|/team 6342' [48 bytes]
DEBUG:websockets.client:< TEXT '|pm| BC1| OPrand1|/challenge gen9championsvgc20...hampionsvgc2026regma|||' [83 bytes]
DEBUG:websockets.client:< TEXT '|pm| BC1| OPrand1|/challenge gen9championsvgc20...hampionsvgc2026regma|||' [83 bytes]
DEBUG:websockets.client:< TEXT '|pm| BC1| OPrand1|/log BC1 wants to battle!' [43 bytes]
DEBUG:websockets.client:< TEXT '|pm| BC1| OPrand1|/log BC1 wants to battle!' [43 bytes]
DEBUG:websockets.client:> TEXT '|/utm Sneasler||whiteherb|unburden|fakeout,dire...Naive|32,2,,,,32||||50|' [550 bytes]
DEBUG:websockets.client:> TEXT '|/accept bc1' [12 bytes]
DEBUG:websockets.client:< TEXT '>battle-gen9championsvgc2026regma-1565\n|\n|t:|...L50, F|100/100\n|turn|1' [314 bytes]
DEBUG:websockets.client:< TEXT '>battle-gen9championsvgc2026regma-1565\n|\n|t:|...L50, F|137/137\n|turn|1' [314 bytes]
DEBUG:websockets.client:< TEXT '>battle-gen9championsvgc2026regma-1565\n|reques...ing":false}]},"rqid":4}' [2167 bytes]
DEBUG:websockets.client:< TEXT '>battle-gen9championsvgc2026regma-1565\n|reques...ing":false}]},"rqid":5}' [1895 bytes]
INFO:player:Turn 1 [battle-gen9championsvgc2026regma-1565] value head win-prob: 0.360  (losing)
DEBUG:live_vgc_base:Turn 1 [battle-gen9championsvgc2026regma-1565] a0=0 a1=9 src=model opp_splice=on
DEBUG:websockets.client:> TEXT 'battle-gen9championsvgc2026regma-1565|/choose move encore 1, move icywind' [73 bytes]
DEBUG:websockets.client:< TEXT '|pm| OPrand1| BC1|/challenge' [28 bytes]
DEBUG:websockets.client:< TEXT '|pm| OPrand1| BC1|/challenge' [28 bytes]
DEBUG:websockets.client:< TEXT '|updatesearch|{"searching":[],"games":{"battle-... 2026 Reg M-A Battle"}}' [124 bytes]
DEBUG:websockets.client:< TEXT '|updatesearch|{"searching":[],"games":{"battle-... 2026 Reg M-A Battle"}}' [208 bytes]
DEBUG:websockets.client:< TEXT '|updatesearch|{"searching":[],"games":{"battle-... 2026 Reg M-A Battle"}}' [208 bytes]
DEBUG:websockets.client:< TEXT '>battle-gen9championsvgc2026regma-1566\n|init|b...n|j|\u2606BC1\n|j|\u2606OPrand1\n' [99 bytes]
DEBUG:websockets.client:< TEXT '|pm| OPrand1| BC1|/nonotify OPrand1 accepted th...26regma-1566</a>&raquo;' [173 bytes]
DEBUG:websockets.client:< TEXT '>battle-gen9championsvgc2026regma-1566\n|t:|1781642372\n|gametype|doubles' [71 bytes]
DEBUG:websockets.client:< TEXT '>battle-gen9championsvgc2026regma-1566\n|player|p1|BC1|266|' [58 bytes]
DEBUG:websockets.client:< TEXT '>battle-gen9championsvgc2026regma-1566\n|player...heets</strong></button>' [857 bytes]
DEBUG:websockets.client:< TEXT '>battle-gen9championsvgc2026regma-1566\n|reques...ing":false}]},"rqid":3}' [2097 bytes]
DEBUG:live_vgc_base:Turn 1 [battle-gen9championsvgc2026regma-1565] a0=13 a1=7 src=random opp_splice=on
DEBUG:websockets.client:> TEXT 'battle-gen9championsvgc2026regma-1565|/choose s...egion, move moonblast 2' [82 bytes]
DEBUG:websockets.client:< TEXT '|updatesearch|{"searching":[],"games":{"battle-... 2026 Reg M-A Battle"}}' [124 bytes]
DEBUG:websockets.client:< TEXT '|updatesearch|{"searching":[],"games":{"battle-... 2026 Reg M-A Battle"}}' [208 bytes]
DEBUG:websockets.client:< TEXT '|updatesearch|{"searching":[],"games":{"battle-... 2026 Reg M-A Battle"}}' [208 bytes]
DEBUG:websockets.client:< TEXT '>battle-gen9championsvgc2026regma-1566\n|init|b... vs. OPrand1\n|j|\u2606BC1\n' [85 bytes]
DEBUG:websockets.client:< TEXT '>battle-gen9championsvgc2026regma-1566\n|j|\u2606OPrand1' [52 bytes]
DEBUG:websockets.client:< TEXT '|pm| OPrand1| BC1|/nonotify OPrand1 accepted th...26regma-1566</a>&raquo;' [173 bytes]
DEBUG:websockets.client:< TEXT '>battle-gen9championsvgc2026regma-1566\n|t:|1781642372\n|gametype|doubles' [71 bytes]
DEBUG:websockets.client:< TEXT '>battle-gen9championsvgc2026regma-1566\n|player|p1|BC1|266|' [58 bytes]
DEBUG:websockets.client:< TEXT '>battle-gen9championsvgc2026regma-1566\n|player...heets</strong></button>' [857 bytes]
DEBUG:websockets.client:< TEXT '>battle-gen9championsvgc2026regma-1566\n|reques...ing":false}]},"rqid":2}' [2093 bytes]
DEBUG:websockets.client:< TEXT '>battle-gen9championsvgc2026regma-1565\n|\n|t:|...|1\n|\n|upkeep\n|turn|2' [595 bytes]
DEBUG:websockets.client:< TEXT '>battle-gen9championsvgc2026regma-1565\n|\n|t:|...|1\n|\n|upkeep\n|turn|2' [595 bytes]
DEBUG:websockets.client:< TEXT '>battle-gen9championsvgc2026regma-1565\n|reques...ing":false}]},"rqid":6}' [2166 bytes]
DEBUG:websockets.client:< TEXT '>battle-gen9championsvgc2026regma-1565\n|reques...ing":false}]},"rqid":7}' [2169 bytes]
INFO:player:Turn 2 [battle-gen9championsvgc2026regma-1565] value head win-prob: 0.696  (winning)
DEBUG:live_vgc_base:Turn 2 [battle-gen9championsvgc2026regma-1565] a0=0 a1=9 src=model opp_splice=on
DEBUG:websockets.client:> TEXT 'battle-gen9championsvgc2026regma-1565|/choose move encore 1, move icywind' [73 bytes]
DEBUG:live_vgc_base:Turn 2 [battle-gen9championsvgc2026regma-1565] a0=11 a1=2 src=random opp_splice=on
DEBUG:websockets.client:> TEXT 'battle-gen9championsvgc2026regma-1565|/choose m...ects -2, move encore -1' [82 bytes]
DEBUG:websockets.client:< TEXT '>battle-gen9championsvgc2026regma-1565\n|\n|t:|... Whimsicott\n|\n|upkeep' [549 bytes]
DEBUG:websockets.client:< TEXT '>battle-gen9championsvgc2026regma-1565\n|\n|t:|... Whimsicott\n|\n|upkeep' [550 bytes]
DEBUG:websockets.client:< TEXT '>battle-gen9championsvgc2026regma-1565\n|reques...ing":false}]},"rqid":8}' [1391 bytes]
DEBUG:websockets.client:< TEXT '>battle-gen9championsvgc2026regma-1565\n|reques...oCancel":true,"rqid":9}' [1438 bytes]
DEBUG:vgc_base:forceSwitch [battle-gen9championsvgc2026regma-1565] force=[False, True] \u2192 /choose pass / /choose switch Charizard
DEBUG:websockets.client:> TEXT 'battle-gen9championsvgc2026regma-1565|/choose pass, switch Charizard' [68 bytes]
DEBUG:websockets.client:< TEXT '>battle-gen9championsvgc2026regma-1565\n|\n|t:|...L50, M|100/100\n|turn|3' [112 bytes]
DEBUG:websockets.client:< TEXT '>battle-gen9championsvgc2026regma-1565\n|\n|t:|...L50, M|168/168\n|turn|3' [112 bytes]
DEBUG:websockets.client:< TEXT '>battle-gen9championsvgc2026regma-1565\n|reques...ng":false}]},"rqid":10}' [2167 bytes]
DEBUG:websockets.client:< TEXT '>battle-gen9championsvgc2026regma-1565\n|reques...ng":false}]},"rqid":11}' [2190 bytes]
DEBUG:live_vgc_base:Turn 3 [battle-gen9championsvgc2026regma-1565] a0=11 a1=11 src=random opp_splice=on
DEBUG:websockets.client:> TEXT 'battle-gen9championsvgc2026regma-1565|/choose m...s -2, move solarbeam -1' [85 bytes]
INFO:player:Turn 3 [battle-gen9championsvgc2026regma-1565] value head win-prob: 0.895  (winning)
DEBUG:live_vgc_base:Turn 3 [battle-gen9championsvgc2026regma-1565] a0=0 a1=9 src=model opp_splice=on
DEBUG:websockets.client:> TEXT 'battle-gen9championsvgc2026regma-1565|/choose move encore 1, move icywind' [73 bytes]
DEBUG:websockets.client:< TEXT '>battle-gen9championsvgc2026regma-1565\n|\n|t:|...00\n|\n|upkeep\n|turn|4' [529 bytes]
DEBUG:websockets.client:< TEXT '>battle-gen9championsvgc2026regma-1565\n|\n|t:|...68\n|\n|upkeep\n|turn|4' [531 bytes]
DEBUG:websockets.client:< TEXT '>battle-gen9championsvgc2026regma-1565\n|reques...ng":false}]},"rqid":12}' [2167 bytes]
DEBUG:websockets.client:< TEXT '>battle-gen9championsvgc2026regma-1565\n|reques...ng":false}]},"rqid":13}' [1848 bytes]
INFO:player:Turn 4 [battle-gen9championsvgc2026regma-1565] value head win-prob: 0.946  (winning)
DEBUG:live_vgc_base:Turn 4 [battle-gen9championsvgc2026regma-1565] a0=0 a1=9 src=model opp_splice=on
DEBUG:websockets.client:> TEXT 'battle-gen9championsvgc2026regma-1565|/choose move encore 1, move icywind' [73 bytes]
DEBUG:live_vgc_base:Turn 4 [battle-gen9championsvgc2026regma-1565] a0=9 a1=9 src=random opp_splice=on
DEBUG:websockets.client:> TEXT 'battle-gen9championsvgc2026regma-1565|/choose m...cts 1, move solarbeam 1' [83 bytes]
DEBUG:websockets.client:< TEXT '>battle-gen9championsvgc2026regma-1565\n|\n|t:|...Basculegion\n|\n|upkeep' [504 bytes]
DEBUG:websockets.client:< TEXT '>battle-gen9championsvgc2026regma-1565\n|\n|t:|...Basculegion\n|\n|upkeep' [505 bytes]
DEBUG:websockets.client:< TEXT '>battle-gen9championsvgc2026regma-1565\n|reques...ng":false}]},"rqid":14}' [1392 bytes]
DEBUG:websockets.client:< TEXT '>battle-gen9championsvgc2026regma-1565\n|reques...Cancel":true,"rqid":15}' [1435 bytes]
DEBUG:vgc_base:forceSwitch [battle-gen9championsvgc2026regma-1565] force=[True, False] \u2192 /choose switch Ditto / /choose pass
DEBUG:websockets.client:> TEXT 'battle-gen9championsvgc2026regma-1565|/choose switch Ditto, pass' [64 bytes]
DEBUG:websockets.client:< TEXT '>battle-gen9championsvgc2026regma-1565\n|\n|t:|...lity: Imposter\n|turn|5' [162 bytes]
DEBUG:websockets.client:< TEXT '>battle-gen9championsvgc2026regma-1565\n|\n|t:|...lity: Imposter\n|turn|5' [162 bytes]
DEBUG:websockets.client:< TEXT '>battle-gen9championsvgc2026regma-1565\n|reques...ng":false}]},"rqid":17}' [2228 bytes]
DEBUG:websockets.client:< TEXT '>battle-gen9championsvgc2026regma-1565\n|reques...ng":false}]},"rqid":16}' [2167 bytes]
DEBUG:live_vgc_base:Turn 5 [battle-gen9championsvgc2026regma-1565] a0=7 a1=4 src=random opp_splice=on
DEBUG:websockets.client:> TEXT 'battle-gen9championsvgc2026regma-1565|/choose m...l 2, move weatherball 2' [83 bytes]
INFO:player:Turn 5 [battle-gen9championsvgc2026regma-1565] value head win-prob: 0.937  (winning)
DEBUG:live_vgc_base:Turn 5 [battle-gen9championsvgc2026regma-1565] a0=0 a1=9 src=model opp_splice=on
DEBUG:websockets.client:> TEXT 'battle-gen9championsvgc2026regma-1565|/choose move encore 1, move icywind' [73 bytes]
DEBUG:websockets.client:< TEXT '>battle-gen9championsvgc2026regma-1565\n|\n|t:|...rk\n|\n|upkeep\n|turn|6' [364 bytes]
DEBUG:websockets.client:< TEXT '>battle-gen9championsvgc2026regma-1565\n|\n|t:|...rk\n|\n|upkeep\n|turn|6' [365 bytes]
DEBUG:websockets.client:< TEXT '>battle-gen9championsvgc2026regma-1565\n|reques...ng":false}]},"rqid":18}' [2167 bytes]
DEBUG:websockets.client:< TEXT '>battle-gen9championsvgc2026regma-1565\n|reques...ng":false}]},"rqid":19}' [2228 bytes]
INFO:player:Turn 6 [battle-gen9championsvgc2026regma-1565] value head win-prob: 0.982  (winning)
DEBUG:live_vgc_base:Turn 6 [battle-gen9championsvgc2026regma-1565] a0=0 a1=9 src=model opp_splice=on
DEBUG:websockets.client:> TEXT 'battle-gen9championsvgc2026regma-1565|/choose move encore 1, move icywind' [73 bytes]
DEBUG:live_vgc_base:Turn 6 [battle-gen9championsvgc2026regma-1565] a0=7 a1=0 src=random opp_splice=on
DEBUG:vgc_base:_safe_order: action 0 slot 1 \u2192 None, scanning legal actions.
DEBUG:vgc_base:_safe_order: slot 1 has no decodable legal action — sending Pass.
DEBUG:websockets.client:> TEXT 'battle-gen9championsvgc2026regma-1565|/choose move shadowball 2, pass' [69 bytes]
DEBUG:websockets.client:< TEXT '>battle-gen9championsvgc2026regma-1565\n|\n|t:|...rk\n|\n|upkeep\n|turn|7' [296 bytes]
DEBUG:websockets.client:< TEXT '>battle-gen9championsvgc2026regma-1565\n|\n|t:|...rk\n|\n|upkeep\n|turn|7' [296 bytes]
DEBUG:websockets.client:< TEXT '>battle-gen9championsvgc2026regma-1565\n|reques...ng":false}]},"rqid":20}' [2167 bytes]
DEBUG:websockets.client:< TEXT '>battle-gen9championsvgc2026regma-1565\n|reques...ng":false}]},"rqid":21}' [2224 bytes]
INFO:player:Turn 7 [battle-gen9championsvgc2026regma-1565] value head win-prob: 0.988  (winning)
DEBUG:live_vgc_base:Turn 7 [battle-gen9championsvgc2026regma-1565] a0=0 a1=9 src=model opp_splice=on
DEBUG:websockets.client:> TEXT 'battle-gen9championsvgc2026regma-1565|/choose move encore 1, move icywind' [73 bytes]
DEBUG:live_vgc_base:Turn 7 [battle-gen9championsvgc2026regma-1565] a0=7 a1=0 src=random opp_splice=on
DEBUG:vgc_base:_safe_order: action 0 slot 1 \u2192 None, scanning legal actions.
DEBUG:vgc_base:_safe_order: slot 1 has no decodable legal action — sending Pass.
DEBUG:websockets.client:> TEXT 'battle-gen9championsvgc2026regma-1565|/choose move shadowball 2, pass' [69 bytes]
DEBUG:websockets.client:< TEXT '>battle-gen9championsvgc2026regma-1565\n|\n|t:|...rk\n|\n|upkeep\n|turn|8' [290 bytes]
DEBUG:websockets.client:< TEXT '>battle-gen9championsvgc2026regma-1565\n|\n|t:|...rk\n|\n|upkeep\n|turn|8' [291 bytes]
DEBUG:websockets.client:< TEXT '>battle-gen9championsvgc2026regma-1565\n|reques...ng":false}]},"rqid":22}' [2166 bytes]
DEBUG:websockets.client:< TEXT '>battle-gen9championsvgc2026regma-1565\n|reques...ng":false}]},"rqid":23}' [2224 bytes]
DEBUG:live_vgc_base:Turn 8 [battle-gen9championsvgc2026regma-1565] a0=7 a1=0 src=random opp_splice=on
DEBUG:vgc_base:_safe_order: action 0 slot 1 \u2192 None, scanning legal actions.
DEBUG:vgc_base:_safe_order: slot 1 has no decodable legal action — sending Pass.
DEBUG:websockets.client:> TEXT 'battle-gen9championsvgc2026regma-1565|/choose move shadowball 2, pass' [69 bytes]
INFO:player:Turn 8 [battle-gen9championsvgc2026regma-1565] value head win-prob: 0.993  (winning)
DEBUG:live_vgc_base:Turn 8 [battle-gen9championsvgc2026regma-1565] a0=0 a1=9 src=model opp_splice=on
DEBUG:websockets.client:> TEXT 'battle-gen9championsvgc2026regma-1565|/choose move encore 1, move icywind' [73 bytes]
DEBUG:websockets.client:< TEXT '>battle-gen9championsvgc2026regma-1565\n|\n|t:|...p2a: Ditto\n|\n|win|BC1' [210 bytes]
DEBUG:websockets.client:< TEXT '>battle-gen9championsvgc2026regma-1565\n|\n|t:|...p2a: Ditto\n|\n|win|BC1' [210 bytes]
INFO:vgc_base:Battle battle-gen9championsvgc2026regma-1565 finished — outcome: WIN  (W/L/D so far: 7/1/0)
DEBUG:websockets.client:> TEXT '|/leave battle-gen9championsvgc2026regma-1565' [45 bytes]
DEBUG:websockets.client:< TEXT '|updatesearch|{"searching":[],"games":{"battle-... 2026 Reg M-A Battle"}}' [124 bytes]
DEBUG:websockets.client:< TEXT '|updatesearch|{"searching":[],"games":{"battle-... 2026 Reg M-A Battle"}}' [124 bytes]
DEBUG:websockets.client:> TEXT 'battle-gen9championsvgc2026regma-1566|/rejectopenteamsheets' [59 bytes]
INFO:vgc_base:Battle battle-gen9championsvgc2026regma-1565 finished — outcome: LOSS  (W/L/D so far: 1/7/0)
DEBUG:websockets.client:> TEXT '|/leave battle-gen9championsvgc2026regma-1565' [45 bytes]
DEBUG:websockets.client:> TEXT '|/utm Sneasler||whiteherb|unburden|fakeout,dire...Naive|32,2,,,,32||||50|' [550 bytes]
DEBUG:websockets.client:> TEXT '|/challenge oprand1, gen9championsvgc2026regma' [46 bytes]
DEBUG:websockets.client:> TEXT 'battle-gen9championsvgc2026regma-1566|/rejectopenteamsheets' [59 bytes]
DEBUG:websockets.client:< TEXT '>battle-gen9championsvgc2026regma-1565\n|deinit' [46 bytes]
DEBUG:websockets.client:< TEXT '>battle-gen9championsvgc2026regma-1565\n|l|\u2606BC1' [48 bytes]
DEBUG:websockets.client:< TEXT '>battle-gen9championsvgc2026regma-1566\n|uhtmlchange|otsrequest|' [63 bytes]
DEBUG:websockets.client:< TEXT '>battle-gen9championsvgc2026regma-1566\nBC1 rejected open team sheets.' [69 bytes]
DEBUG:websockets.client:< TEXT '>battle-gen9championsvgc2026regma-1566\n|uhtmlchange|otsrequest|' [63 bytes]
DEBUG:websockets.client:< TEXT '>battle-gen9championsvgc2026regma-1566\nBC1 rejected open team sheets.' [69 bytes]
DEBUG:websockets.client:< TEXT '>battle-gen9championsvgc2026regma-1565\n|deinit' [46 bytes]
DEBUG:websockets.client:< TEXT '>battle-gen9championsvgc2026regma-1566\n|uhtmlchange|otsrequest|' [63 bytes]
DEBUG:websockets.client:< TEXT '>battle-gen9championsvgc2026regma-1566\n|uhtmlchange|otsrequest|' [63 bytes]
DEBUG:websockets.client:< TEXT '>battle-gen9championsvgc2026regma-1566\nOPrand1...ected open team sheets.' [73 bytes]
DEBUG:websockets.client:< TEXT '>battle-gen9championsvgc2026regma-1566\nOPrand1...ected open team sheets.' [73 bytes]
INFO:player:Team-preview [battle-gen9championsvgc2026regma-1566] NET drove: bring=['whimsicott', 'zoroarkhisui', 'ditto', 'charizardmegay'] leads=['whimsicott', 'zoroarkhisui'] (vs opp ['sneasler', 'charizard', 'whimsicott', 'basculegion', 'zoroarkhisui', 'ditto'])
INFO:vgc_base:Teampreview [battle-gen9championsvgc2026regma-1566] \u2192 /team 3562  (whimsicott, zoroarkhisui, ditto, charizardmegay)
DEBUG:websockets.client:> TEXT 'battle-gen9championsvgc2026regma-1566|/team 3562' [48 bytes]
INFO:vgc_base:Teampreview [battle-gen9championsvgc2026regma-1566] \u2192 /team 1526  (sneasler, zoroarkhisui, charizardmegay, ditto)
DEBUG:websockets.client:> TEXT 'battle-gen9championsvgc2026regma-1566|/team 1526' [48 bytes]
DEBUG:websockets.client:< TEXT '|pm| BC1| OPrand1|/challenge gen9championsvgc20...hampionsvgc2026regma|||' [83 bytes]
DEBUG:websockets.client:< TEXT '|pm| BC1| OPrand1|/challenge gen9championsvgc20...hampionsvgc2026regma|||' [83 bytes]
DEBUG:websockets.client:< TEXT '|pm| BC1| OPrand1|/log BC1 wants to battle!' [43 bytes]
DEBUG:websockets.client:< TEXT '|pm| BC1| OPrand1|/log BC1 wants to battle!' [43 bytes]
DEBUG:websockets.client:> TEXT '|/utm Sneasler||whiteherb|unburden|fakeout,dire...Naive|32,2,,,,32||||50|' [550 bytes]
DEBUG:websockets.client:> TEXT '|/accept bc1' [12 bytes]
DEBUG:websockets.client:< TEXT '>battle-gen9championsvgc2026regma-1566\n|\n|t:|...o, L50|100/100\n|turn|1' [310 bytes]
DEBUG:websockets.client:< TEXT '>battle-gen9championsvgc2026regma-1566\n|\n|t:|...o, L50|132/132\n|turn|1' [310 bytes]
DEBUG:websockets.client:< TEXT '>battle-gen9championsvgc2026regma-1566\n|reques...ing":false}]},"rqid":4}' [2167 bytes]
DEBUG:websockets.client:< TEXT '>battle-gen9championsvgc2026regma-1566\n|reques...ing":false}]},"rqid":5}' [2152 bytes]
DEBUG:websockets.client:< TEXT '|pm| OPrand1| BC1|/challenge' [28 bytes]
INFO:player:Turn 1 [battle-gen9championsvgc2026regma-1566] value head win-prob: 0.592  (winning)
DEBUG:live_vgc_base:Turn 1 [battle-gen9championsvgc2026regma-1566] a0=0 a1=9 src=model opp_splice=on
DEBUG:websockets.client:> TEXT 'battle-gen9championsvgc2026regma-1566|/choose move encore 1, move icywind' [73 bytes]
DEBUG:websockets.client:< TEXT '|pm| OPrand1| BC1|/challenge' [28 bytes]
DEBUG:websockets.client:< TEXT '|updatesearch|{"searching":[],"games":{"battle-... 2026 Reg M-A Battle"}}' [124 bytes]
DEBUG:websockets.client:< TEXT '|updatesearch|{"searching":[],"games":{"battle-... 2026 Reg M-A Battle"}}' [124 bytes]
DEBUG:websockets.client:< TEXT '|updatesearch|{"searching":[],"games":{"battle-... 2026 Reg M-A Battle"}}' [208 bytes]
DEBUG:websockets.client:< TEXT '|updatesearch|{"searching":[],"games":{"battle-... 2026 Reg M-A Battle"}}' [208 bytes]
DEBUG:websockets.client:< TEXT '|updatesearch|{"searching":[],"games":{"battle-... 2026 Reg M-A Battle"}}' [208 bytes]
DEBUG:websockets.client:< TEXT '|updatesearch|{"searching":[],"games":{"battle-... 2026 Reg M-A Battle"}}' [208 bytes]
DEBUG:websockets.client:< TEXT '>battle-gen9championsvgc2026regma-1567\n|init|b...n|j|\u2606BC1\n|j|\u2606OPrand1\n' [99 bytes]
DEBUG:websockets.client:< TEXT '|pm| OPrand1| BC1|/nonotify OPrand1 accepted th...26regma-1567</a>&raquo;' [173 bytes]
DEBUG:websockets.client:< TEXT '>battle-gen9championsvgc2026regma-1567\n|t:|1781642372\n|gametype|doubles' [71 bytes]
DEBUG:websockets.client:< TEXT '>battle-gen9championsvgc2026regma-1567\n|player|p1|BC1|266|' [58 bytes]
DEBUG:websockets.client:< TEXT '>battle-gen9championsvgc2026regma-1567\n|player...heets</strong></button>' [857 bytes]
DEBUG:websockets.client:< TEXT '>battle-gen9championsvgc2026regma-1567\n|reques...ing":false}]},"rqid":3}' [2097 bytes]
DEBUG:live_vgc_base:Turn 1 [battle-gen9championsvgc2026regma-1566] a0=0 a1=9 src=random opp_splice=on
DEBUG:websockets.client:> TEXT 'battle-gen9championsvgc2026regma-1566|/choose m...fakeout 1, move icywind' [74 bytes]
DEBUG:websockets.client:< TEXT '>battle-gen9championsvgc2026regma-1567\n|init|b... vs. OPrand1\n|j|\u2606BC1\n' [85 bytes]
DEBUG:websockets.client:< TEXT '>battle-gen9championsvgc2026regma-1567\n|j|\u2606OPrand1' [52 bytes]
DEBUG:websockets.client:< TEXT '|pm| OPrand1| BC1|/nonotify OPrand1 accepted th...26regma-1567</a>&raquo;' [173 bytes]
DEBUG:websockets.client:< TEXT '>battle-gen9championsvgc2026regma-1567\n|t:|1781642372\n|gametype|doubles' [71 bytes]
DEBUG:websockets.client:< TEXT '>battle-gen9championsvgc2026regma-1567\n|player|p1|BC1|266|' [58 bytes]
DEBUG:websockets.client:< TEXT '>battle-gen9championsvgc2026regma-1567\n|player...heets</strong></button>' [857 bytes]
DEBUG:websockets.client:< TEXT '>battle-gen9championsvgc2026regma-1567\n|reques...ing":false}]},"rqid":2}' [2093 bytes]
DEBUG:websockets.client:< TEXT '>battle-gen9championsvgc2026regma-1566\n|\n|t:|...on\n|\n|upkeep\n|turn|2' [799 bytes]
DEBUG:websockets.client:< TEXT '>battle-gen9championsvgc2026regma-1566\n|\n|t:|...on\n|\n|upkeep\n|turn|2' [799 bytes]
DEBUG:websockets.client:< TEXT '>battle-gen9championsvgc2026regma-1566\n|reques...ing":false}]},"rqid":6}' [2165 bytes]
DEBUG:websockets.client:< TEXT '>battle-gen9championsvgc2026regma-1566\n|reques...ing":false}]},"rqid":7}' [2141 bytes]
INFO:player:Turn 2 [battle-gen9championsvgc2026regma-1566] value head win-prob: 0.069  (losing)
DEBUG:live_vgc_base:Turn 2 [battle-gen9championsvgc2026regma-1566] a0=0 a1=9 src=model opp_splice=on
DEBUG:websockets.client:> TEXT 'battle-gen9championsvgc2026regma-1566|/choose move encore 1, move icywind' [73 bytes]
DEBUG:live_vgc_base:Turn 2 [battle-gen9championsvgc2026regma-1566] a0=5 a1=12 src=random opp_splice=on
DEBUG:websockets.client:> TEXT 'battle-gen9championsvgc2026regma-1566|/choose m...aw -2, switch Charizard' [80 bytes]
DEBUG:websockets.client:< TEXT '>battle-gen9championsvgc2026regma-1566\n|\n|t:|...|1\n|\n|upkeep\n|turn|3' [456 bytes]
DEBUG:websockets.client:< TEXT '>battle-gen9championsvgc2026regma-1566\n|\n|t:|...|1\n|\n|upkeep\n|turn|3' [457 bytes]
DEBUG:websockets.client:< TEXT '>battle-gen9championsvgc2026regma-1566\n|reques...ing":false}]},"rqid":9}' [1871 bytes]
DEBUG:websockets.client:< TEXT '>battle-gen9championsvgc2026regma-1566\n|reques...ing":false}]},"rqid":8}' [2165 bytes]
DEBUG:live_vgc_base:Turn 3 [battle-gen9championsvgc2026regma-1566] a0=12 a1=12 src=random opp_splice=on
DEBUG:websockets.client:> TEXT 'battle-gen9championsvgc2026regma-1566|/choose s...Zoroark, switch Zoroark' [76 bytes]
INFO:player:Turn 3 [battle-gen9championsvgc2026regma-1566] value head win-prob: 0.057  (losing)
DEBUG:live_vgc_base:Turn 3 [battle-gen9championsvgc2026regma-1566] a0=0 a1=9 src=model opp_splice=on
DEBUG:websockets.client:> TEXT 'battle-gen9championsvgc2026regma-1566|/choose move encore 1, move icywind' [73 bytes]
DEBUG:websockets.client:< TEXT ">battle-gen9championsvgc2026regma-1566\n|error|...can only switch in once" [123 bytes]
DEBUG:live_vgc_base:Turn 3 [battle-gen9championsvgc2026regma-1566] a0=12 a1=3 src=random opp_splice=on
DEBUG:websockets.client:> TEXT 'battle-gen9championsvgc2026regma-1566|/choose s...ark, move weatherball 1' [80 bytes]
DEBUG:websockets.client:< TEXT '>battle-gen9championsvgc2026regma-1566\n|\n|t:|...37\n|\n|upkeep\n|turn|4' [501 bytes]
DEBUG:websockets.client:< TEXT '>battle-gen9championsvgc2026regma-1566\n|\n|t:|...00\n|\n|upkeep\n|turn|4' [501 bytes]
DEBUG:websockets.client:< TEXT '>battle-gen9championsvgc2026regma-1566\n|reques...ng":false}]},"rqid":10}' [2166 bytes]
DEBUG:websockets.client:< TEXT '>battle-gen9championsvgc2026regma-1566\n|reques...ng":false}]},"rqid":11}' [2176 bytes]
DEBUG:live_vgc_base:Turn 4 [battle-gen9championsvgc2026regma-1566] a0=6 a1=13 src=random opp_splice=on
DEBUG:websockets.client:> TEXT 'battle-gen9championsvgc2026regma-1566|/choose move protect, switch Ditto' [72 bytes]
INFO:player:Turn 4 [battle-gen9championsvgc2026regma-1566] value head win-prob: 0.049  (losing)
DEBUG:live_vgc_base:Turn 4 [battle-gen9championsvgc2026regma-1566] a0=13 a1=9 src=model opp_splice=on
DEBUG:websockets.client:> TEXT 'battle-gen9championsvgc2026regma-1566|/choose switch Ditto, move icywind' [72 bytes]
DEBUG:websockets.client:< TEXT '>battle-gen9championsvgc2026regma-1566\n|\n|t:|...|1\n|\n|upkeep\n|turn|5' [432 bytes]
DEBUG:websockets.client:< TEXT '>battle-gen9championsvgc2026regma-1566\n|\n|t:|...|1\n|\n|upkeep\n|turn|5' [433 bytes]
DEBUG:websockets.client:< TEXT '>battle-gen9championsvgc2026regma-1566\n|reques...ng":false}]},"rqid":12}' [2200 bytes]
DEBUG:websockets.client:< TEXT '>battle-gen9championsvgc2026regma-1566\n|reques...ng":false}]},"rqid":13}' [1876 bytes]
INFO:player:Turn 5 [battle-gen9championsvgc2026regma-1566] value head win-prob: 0.870  (winning)
DEBUG:live_vgc_base:Turn 5 [battle-gen9championsvgc2026regma-1566] a0=1 a1=0 src=model opp_splice=on
DEBUG:websockets.client:> TEXT 'battle-gen9championsvgc2026regma-1566|/choose m...ball 2, move hypervoice' [81 bytes]
DEBUG:live_vgc_base:Turn 5 [battle-gen9championsvgc2026regma-1566] a0=5 a1=13 src=random opp_splice=on
DEBUG:websockets.client:> TEXT 'battle-gen9championsvgc2026regma-1566|/choose m...ll -2, switch Charizard' [82 bytes]
DEBUG:websockets.client:< TEXT '>battle-gen9championsvgc2026regma-1566\n|\n|t:|...2a: Zoroark\n|\n|upkeep' [388 bytes]
DEBUG:websockets.client:< TEXT '>battle-gen9championsvgc2026regma-1566\n|\n|t:|...2a: Zoroark\n|\n|upkeep' [389 bytes]
DEBUG:websockets.client:< TEXT '>battle-gen9championsvgc2026regma-1566\n|reques...ng":false}]},"rqid":14}' [1428 bytes]
DEBUG:websockets.client:< TEXT '>battle-gen9championsvgc2026regma-1566\n|reques...Cancel":true,"rqid":15}' [1409 bytes]
DEBUG:vgc_base:forceSwitch [battle-gen9championsvgc2026regma-1566] force=[False, True] \u2192 /choose pass / /choose switch Ditto
DEBUG:websockets.client:> TEXT 'battle-gen9championsvgc2026regma-1566|/choose pass, switch Ditto' [64 bytes]
DEBUG:websockets.client:< TEXT '>battle-gen9championsvgc2026regma-1566\n|\n|t:|...to, L50|68/100\n|turn|6' [100 bytes]
DEBUG:websockets.client:< TEXT '>battle-gen9championsvgc2026regma-1566\n|\n|t:|...o, L50|106/155\n|turn|6' [101 bytes]
DEBUG:websockets.client:< TEXT '>battle-gen9championsvgc2026regma-1566\n|reques...ng":false}]},"rqid":16}' [2200 bytes]
DEBUG:websockets.client:< TEXT '>battle-gen9championsvgc2026regma-1566\n|reques...ng":false}]},"rqid":17}' [1874 bytes]
INFO:player:Turn 6 [battle-gen9championsvgc2026regma-1566] value head win-prob: 0.915  (winning)
DEBUG:live_vgc_base:Turn 6 [battle-gen9championsvgc2026regma-1566] a0=1 a1=0 src=model opp_splice=on
DEBUG:websockets.client:> TEXT 'battle-gen9championsvgc2026regma-1566|/choose m...ball 2, move hypervoice' [81 bytes]
DEBUG:live_vgc_base:Turn 6 [battle-gen9championsvgc2026regma-1566] a0=9 a1=2 src=random opp_splice=on
DEBUG:websockets.client:> TEXT 'battle-gen9championsvgc2026regma-1566|/choose m...wind, move transform -1' [77 bytes]
DEBUG:websockets.client:< TEXT '>battle-gen9championsvgc2026regma-1566\n|\n|t:|...to\n|\n|upkeep\n|turn|7' [475 bytes]
DEBUG:websockets.client:< TEXT '>battle-gen9championsvgc2026regma-1566\n|\n|t:|...to\n|\n|upkeep\n|turn|7' [474 bytes]
DEBUG:websockets.client:< TEXT '>battle-gen9championsvgc2026regma-1566\n|reques...ng":false}]},"rqid":18}' [2200 bytes]
DEBUG:websockets.client:< TEXT '>battle-gen9championsvgc2026regma-1566\n|reques...ng":false}]},"rqid":19}' [2191 bytes]
DEBUG:live_vgc_base:Turn 7 [battle-gen9championsvgc2026regma-1566] a0=12 a1=9 src=random opp_splice=on
DEBUG:websockets.client:> TEXT 'battle-gen9championsvgc2026regma-1566|/choose s... Sneasler, move icywind' [75 bytes]
INFO:player:Turn 7 [battle-gen9championsvgc2026regma-1566] value head win-prob: 0.909  (winning)
DEBUG:live_vgc_base:Turn 7 [battle-gen9championsvgc2026regma-1566] a0=6 a1=0 src=model opp_splice=on
DEBUG:websockets.client:> TEXT 'battle-gen9championsvgc2026regma-1566|/choose m...rotect, move hypervoice' [75 bytes]
DEBUG:websockets.client:< TEXT '>battle-gen9championsvgc2026regma-1566\n|\n|t:|...00\n|\n|upkeep\n|turn|8' [441 bytes]
DEBUG:websockets.client:< TEXT '>battle-gen9championsvgc2026regma-1566\n|\n|t:|...57\n|\n|upkeep\n|turn|8' [442 bytes]
DEBUG:websockets.client:< TEXT '>battle-gen9championsvgc2026regma-1566\n|reques...ng":false}]},"rqid":20}' [2199 bytes]
DEBUG:websockets.client:< TEXT '>battle-gen9championsvgc2026regma-1566\n|reques...ng":false}]},"rqid":21}' [2168 bytes]
INFO:player:Turn 8 [battle-gen9championsvgc2026regma-1566] value head win-prob: 0.990  (winning)
DEBUG:live_vgc_base:Turn 8 [battle-gen9championsvgc2026regma-1566] a0=6 a1=12 src=model opp_splice=on
DEBUG:websockets.client:> TEXT 'battle-gen9championsvgc2026regma-1566|/choose m...otect, switch Charizard' [76 bytes]
DEBUG:live_vgc_base:Turn 8 [battle-gen9championsvgc2026regma-1566] a0=11 a1=6 src=random opp_splice=on
DEBUG:websockets.client:> TEXT 'battle-gen9championsvgc2026regma-1566|/choose m...combat -2, move protect' [79 bytes]
DEBUG:websockets.client:< TEXT ">battle-gen9championsvgc2026regma-1566\n|error|...ch to an active Pokémon" [115 bytes]
INFO:player:Turn 8 [battle-gen9championsvgc2026regma-1566] value head win-prob: 0.990  (winning)
WARNING:live_vgc_base:Turn 8 [battle-gen9championsvgc2026regma-1566] order REJECTED by Showdown — perturbing to a fresh legal action (src=retry). The model did NOT drive this slot.
DEBUG:live_vgc_base:Turn 8 [battle-gen9championsvgc2026regma-1566] a0=2 a1=0 src=retry opp_splice=on
DEBUG:websockets.client:> TEXT 'battle-gen9championsvgc2026regma-1566|/choose m...all -2, move hypervoice' [82 bytes]
DEBUG:websockets.client:< TEXT '>battle-gen9championsvgc2026regma-1566\n|\n|t:|...1b: Zoroark\n|\n|upkeep' [419 bytes]
DEBUG:websockets.client:< TEXT '>battle-gen9championsvgc2026regma-1566\n|\n|t:|...1b: Zoroark\n|\n|upkeep' [419 bytes]
DEBUG:websockets.client:< TEXT '>battle-gen9championsvgc2026regma-1566\n|reques...ng":false}]},"rqid":22}' [1428 bytes]
DEBUG:websockets.client:< TEXT '>battle-gen9championsvgc2026regma-1566\n|reques...Cancel":true,"rqid":23}' [1441 bytes]
DEBUG:vgc_base:forceSwitch [battle-gen9championsvgc2026regma-1566] force=[True, False] \u2192 /choose switch Zoroark / /choose pass
DEBUG:websockets.client:> TEXT 'battle-gen9championsvgc2026regma-1566|/choose switch Zoroark, pass' [66 bytes]
DEBUG:websockets.client:< TEXT '>battle-gen9championsvgc2026regma-1566\n|\n|t:|...ui, L50|43/100\n|turn|9' [108 bytes]
DEBUG:websockets.client:< TEXT '>battle-gen9championsvgc2026regma-1566\n|\n|t:|...ui, L50|58/132\n|turn|9' [108 bytes]
DEBUG:websockets.client:< TEXT '>battle-gen9championsvgc2026regma-1566\n|reques...ng":false}]},"rqid":24}' [2199 bytes]
DEBUG:websockets.client:< TEXT '>battle-gen9championsvgc2026regma-1566\n|reques...ng":false}]},"rqid":25}' [2189 bytes]
DEBUG:live_vgc_base:Turn 9 [battle-gen9championsvgc2026regma-1566] a0=9 a1=0 src=random opp_splice=on
DEBUG:websockets.client:> TEXT 'battle-gen9championsvgc2026regma-1566|/choose m...cywind, move hypervoice' [75 bytes]
INFO:player:Turn 9 [battle-gen9championsvgc2026regma-1566] value head win-prob: 0.969  (winning)
DEBUG:live_vgc_base:Turn 9 [battle-gen9championsvgc2026regma-1566] a0=3 a1=12 src=model opp_splice=on
DEBUG:websockets.client:> TEXT 'battle-gen9championsvgc2026regma-1566|/choose m...twave, switch Charizard' [77 bytes]
DEBUG:websockets.client:< TEXT ">battle-gen9championsvgc2026regma-1566\n|error|...ch to an active Pokémon" [115 bytes]
INFO:player:Turn 9 [battle-gen9championsvgc2026regma-1566] value head win-prob: 0.969  (winning)
WARNING:live_vgc_base:Turn 9 [battle-gen9championsvgc2026regma-1566] order REJECTED by Showdown — perturbing to a fresh legal action (src=retry). The model did NOT drive this slot.
DEBUG:live_vgc_base:Turn 9 [battle-gen9championsvgc2026regma-1566] a0=1 a1=9 src=retry opp_splice=on
DEBUG:websockets.client:> TEXT 'battle-gen9championsvgc2026regma-1566|/choose m...herball 1, move icywind' [78 bytes]
DEBUG:websockets.client:< TEXT '>battle-gen9championsvgc2026regma-1566\n|\n|t:|...|p1a: Ditto\n|\n|upkeep' [325 bytes]
DEBUG:websockets.client:< TEXT '>battle-gen9championsvgc2026regma-1566\n|\n|t:|...|p1a: Ditto\n|\n|upkeep' [325 bytes]
DEBUG:websockets.client:< TEXT '>battle-gen9championsvgc2026regma-1566\n|reques...Cancel":true,"rqid":26}' [1418 bytes]
DEBUG:websockets.client:< TEXT '>battle-gen9championsvgc2026regma-1566\n|reques...ng":false}]},"rqid":27}' [1410 bytes]
DEBUG:live_vgc_base:forceSwitch forced_switch_model [battle-gen9championsvgc2026regma-1566] turn 9 a0=12 a1=13 opp_splice=on
DEBUG:websockets.client:> TEXT 'battle-gen9championsvgc2026regma-1566|/choose s...zard, switch Whimsicott' [81 bytes]
DEBUG:websockets.client:< TEXT '>battle-gen9championsvgc2026regma-1566\n|\n|t:|...50, M|168/168\n|turn|10' [163 bytes]
DEBUG:websockets.client:< TEXT '>battle-gen9championsvgc2026regma-1566\n|\n|t:|...50, M|100/100\n|turn|10' [162 bytes]
DEBUG:websockets.client:< TEXT '>battle-gen9championsvgc2026regma-1566\n|reques...ng":false}]},"rqid":28}' [2174 bytes]
DEBUG:websockets.client:< TEXT '>battle-gen9championsvgc2026regma-1566\n|reques...ng":false}]},"rqid":29}' [2189 bytes]
INFO:player:Turn 10 [battle-gen9championsvgc2026regma-1566] value head win-prob: 0.512  (even)
DEBUG:live_vgc_base:Turn 10 [battle-gen9championsvgc2026regma-1566] a0=0 a1=0 src=model opp_splice=on
DEBUG:websockets.client:> TEXT 'battle-gen9championsvgc2026regma-1566|/choose m...ave mega, move encore 1' [79 bytes]
DEBUG:live_vgc_base:Turn 10 [battle-gen9championsvgc2026regma-1566] a0=6 a1=3 src=random opp_splice=on
DEBUG:websockets.client:> TEXT 'battle-gen9championsvgc2026regma-1566|/choose m...tect, move shadowball 1' [77 bytes]
DEBUG:websockets.client:< TEXT '>battle-gen9championsvgc2026regma-1566\n|\n|t:|...eep]\n|upkeep\n|turn|11' [546 bytes]
DEBUG:websockets.client:< TEXT '>battle-gen9championsvgc2026regma-1566\n|\n|t:|...eep]\n|upkeep\n|turn|11' [546 bytes]
DEBUG:websockets.client:< TEXT '>battle-gen9championsvgc2026regma-1566\n|reques...ng":false}]},"rqid":30}' [2158 bytes]
DEBUG:websockets.client:< TEXT '>battle-gen9championsvgc2026regma-1566\n|reques...ng":false}]},"rqid":31}' [1870 bytes]
DEBUG:live_vgc_base:Turn 11 [battle-gen9championsvgc2026regma-1566] a0=6 a1=0 src=random opp_splice=on
DEBUG:vgc_base:_safe_order: action 0 slot 1 \u2192 None, scanning legal actions.
DEBUG:vgc_base:_safe_order: slot 1 has no decodable legal action — sending Pass.
DEBUG:websockets.client:> TEXT 'battle-gen9championsvgc2026regma-1566|/choose move protect, pass' [64 bytes]
INFO:player:Turn 11 [battle-gen9championsvgc2026regma-1566] value head win-prob: 0.963  (winning)
DEBUG:live_vgc_base:Turn 11 [battle-gen9championsvgc2026regma-1566] a0=0 a1=3 src=model opp_splice=on
DEBUG:websockets.client:> TEXT 'battle-gen9championsvgc2026regma-1566|/choose m...heatwave, move tailwind' [74 bytes]
DEBUG:websockets.client:< TEXT '>battle-gen9championsvgc2026regma-1566\n|\n|t:|...eep]\n|upkeep\n|turn|12' [330 bytes]
DEBUG:websockets.client:< TEXT '>battle-gen9championsvgc2026regma-1566\n|\n|t:|...eep]\n|upkeep\n|turn|12' [330 bytes]
DEBUG:websockets.client:< TEXT '>battle-gen9championsvgc2026regma-1566\n|reques...ng":false}]},"rqid":32}' [2158 bytes]
INFO:player:Turn 12 [battle-gen9championsvgc2026regma-1566] value head win-prob: 0.972  (winning)
DEBUG:live_vgc_base:Turn 12 [battle-gen9championsvgc2026regma-1566] a0=0 a1=3 src=model opp_splice=on
DEBUG:websockets.client:> TEXT 'battle-gen9championsvgc2026regma-1566|/choose m...heatwave, move tailwind' [74 bytes]
DEBUG:websockets.client:< TEXT '>battle-gen9championsvgc2026regma-1566\n|reques...ng":false}]},"rqid":33}' [1870 bytes]
DEBUG:live_vgc_base:Turn 12 [battle-gen9championsvgc2026regma-1566] a0=4 a1=0 src=random opp_splice=on
DEBUG:vgc_base:_safe_order: action 0 slot 1 \u2192 None, scanning legal actions.
DEBUG:vgc_base:_safe_order: slot 1 has no decodable legal action — sending Pass.
DEBUG:websockets.client:> TEXT 'battle-gen9championsvgc2026regma-1566|/choose move shadowball 2, pass' [69 bytes]
DEBUG:websockets.client:< TEXT '>battle-gen9championsvgc2026regma-1566\n|\n|t:|...a: Zoroark\n|\n|win|BC1' [289 bytes]
DEBUG:websockets.client:< TEXT '>battle-gen9championsvgc2026regma-1566\n|\n|t:|...a: Zoroark\n|\n|win|BC1' [289 bytes]
INFO:vgc_base:Battle battle-gen9championsvgc2026regma-1566 finished — outcome: WIN  (W/L/D so far: 8/1/0)
DEBUG:websockets.client:> TEXT '|/leave battle-gen9championsvgc2026regma-1566' [45 bytes]
DEBUG:websockets.client:< TEXT '|updatesearch|{"searching":[],"games":{"battle-... 2026 Reg M-A Battle"}}' [124 bytes]
DEBUG:websockets.client:< TEXT '|updatesearch|{"searching":[],"games":{"battle-... 2026 Reg M-A Battle"}}' [124 bytes]
DEBUG:websockets.client:> TEXT 'battle-gen9championsvgc2026regma-1567|/rejectopenteamsheets' [59 bytes]
INFO:vgc_base:Battle battle-gen9championsvgc2026regma-1566 finished — outcome: LOSS  (W/L/D so far: 1/8/0)
DEBUG:websockets.client:> TEXT '|/leave battle-gen9championsvgc2026regma-1566' [45 bytes]
DEBUG:websockets.client:> TEXT 'battle-gen9championsvgc2026regma-1567|/rejectopenteamsheets' [59 bytes]
DEBUG:websockets.client:< TEXT '>battle-gen9championsvgc2026regma-1566\n|deinit' [46 bytes]
DEBUG:websockets.client:< TEXT '>battle-gen9championsvgc2026regma-1566\n|l|\u2606BC1' [48 bytes]
DEBUG:websockets.client:< TEXT '>battle-gen9championsvgc2026regma-1567\n|uhtmlchange|otsrequest|' [63 bytes]
DEBUG:websockets.client:< TEXT '>battle-gen9championsvgc2026regma-1567\nBC1 rejected open team sheets.' [69 bytes]
DEBUG:websockets.client:< TEXT '>battle-gen9championsvgc2026regma-1567\n|uhtmlchange|otsrequest|' [63 bytes]
DEBUG:websockets.client:< TEXT '>battle-gen9championsvgc2026regma-1567\nBC1 rejected open team sheets.' [69 bytes]
DEBUG:websockets.client:< TEXT '>battle-gen9championsvgc2026regma-1566\n|deinit' [46 bytes]
DEBUG:websockets.client:< TEXT '>battle-gen9championsvgc2026regma-1567\n|uhtmlchange|otsrequest|' [63 bytes]
DEBUG:websockets.client:< TEXT '>battle-gen9championsvgc2026regma-1567\n|uhtmlchange|otsrequest|' [63 bytes]
DEBUG:websockets.client:< TEXT '>battle-gen9championsvgc2026regma-1567\nOPrand1...ected open team sheets.' [73 bytes]
DEBUG:websockets.client:< TEXT '>battle-gen9championsvgc2026regma-1567\nOPrand1...ected open team sheets.' [73 bytes]
INFO:player:Team-preview [battle-gen9championsvgc2026regma-1567] NET drove: bring=['whimsicott', 'zoroarkhisui', 'ditto', 'charizardmegay'] leads=['whimsicott', 'zoroarkhisui'] (vs opp ['sneasler', 'charizard', 'whimsicott', 'basculegion', 'zoroarkhisui', 'ditto'])
INFO:vgc_base:Teampreview [battle-gen9championsvgc2026regma-1567] \u2192 /team 3562  (whimsicott, zoroarkhisui, ditto, charizardmegay)
DEBUG:websockets.client:> TEXT 'battle-gen9championsvgc2026regma-1567|/team 3562' [48 bytes]
INFO:vgc_base:Teampreview [battle-gen9championsvgc2026regma-1567] \u2192 /team 6231  (ditto, charizardmegay, whimsicott, sneasler)
DEBUG:websockets.client:> TEXT 'battle-gen9championsvgc2026regma-1567|/team 6231' [48 bytes]
DEBUG:websockets.client:< TEXT '>battle-gen9championsvgc2026regma-1567\n|\n|t:|...L50, M|100/100\n|turn|1' [312 bytes]
DEBUG:websockets.client:< TEXT '>battle-gen9championsvgc2026regma-1567\n|\n|t:|...L50, M|168/168\n|turn|1' [312 bytes]
DEBUG:websockets.client:< TEXT '>battle-gen9championsvgc2026regma-1567\n|reques...ing":false}]},"rqid":4}' [2167 bytes]
DEBUG:websockets.client:< TEXT '>battle-gen9championsvgc2026regma-1567\n|reques...ing":false}]},"rqid":5}' [1898 bytes]
INFO:player:Turn 1 [battle-gen9championsvgc2026regma-1567] value head win-prob: 0.109  (losing)
DEBUG:live_vgc_base:Turn 1 [battle-gen9championsvgc2026regma-1567] a0=0 a1=9 src=model opp_splice=on
DEBUG:websockets.client:> TEXT 'battle-gen9championsvgc2026regma-1567|/choose move encore 1, move icywind' [73 bytes]
DEBUG:live_vgc_base:Turn 1 [battle-gen9championsvgc2026regma-1567] a0=12 a1=11 src=random opp_splice=on
DEBUG:websockets.client:> TEXT 'battle-gen9championsvgc2026regma-1567|/choose s...sler, move solarbeam -1' [80 bytes]
DEBUG:websockets.client:< TEXT '>battle-gen9championsvgc2026regma-1567\n|\n|t:|...am\n|\n|upkeep\n|turn|2' [520 bytes]
DEBUG:websockets.client:< TEXT '>battle-gen9championsvgc2026regma-1567\n|\n|t:|...am\n|\n|upkeep\n|turn|2' [522 bytes]
DEBUG:websockets.client:< TEXT '>battle-gen9championsvgc2026regma-1567\n|reques...ing":false}]},"rqid":6}' [2167 bytes]
DEBUG:websockets.client:< TEXT '>battle-gen9championsvgc2026regma-1567\n|reques...ing":false}]},"rqid":7}' [1818 bytes]
DEBUG:live_vgc_base:Turn 2 [battle-gen9championsvgc2026regma-1567] a0=6 a1=11 src=random opp_splice=on
DEBUG:websockets.client:> TEXT 'battle-gen9championsvgc2026regma-1567|/choose m...tect, move solarbeam -1' [77 bytes]
INFO:player:Turn 2 [battle-gen9championsvgc2026regma-1567] value head win-prob: 0.175  (losing)
DEBUG:live_vgc_base:Turn 2 [battle-gen9championsvgc2026regma-1567] a0=0 a1=9 src=model opp_splice=on
DEBUG:websockets.client:> TEXT 'battle-gen9championsvgc2026regma-1567|/choose move encore 1, move icywind' [73 bytes]
DEBUG:websockets.client:< TEXT '>battle-gen9championsvgc2026regma-1567\n|\n|t:|...ct\n|\n|upkeep\n|turn|3' [493 bytes]
DEBUG:websockets.client:< TEXT '>battle-gen9championsvgc2026regma-1567\n|\n|t:|...ct\n|\n|upkeep\n|turn|3' [494 bytes]
DEBUG:websockets.client:< TEXT '>battle-gen9championsvgc2026regma-1567\n|reques...ing":false}]},"rqid":8}' [2167 bytes]
DEBUG:websockets.client:< TEXT '>battle-gen9championsvgc2026regma-1567\n|reques...ing":false}]},"rqid":9}' [2155 bytes]
INFO:player:Turn 3 [battle-gen9championsvgc2026regma-1567] value head win-prob: 0.241  (losing)
DEBUG:live_vgc_base:Turn 3 [battle-gen9championsvgc2026regma-1567] a0=0 a1=9 src=model opp_splice=on
DEBUG:websockets.client:> TEXT 'battle-gen9championsvgc2026regma-1567|/choose move encore 1, move icywind' [73 bytes]
DEBUG:live_vgc_base:Turn 3 [battle-gen9championsvgc2026regma-1567] a0=11 a1=4 src=random opp_splice=on
DEBUG:websockets.client:> TEXT 'battle-gen9championsvgc2026regma-1567|/choose m... -2, move weatherball 2' [85 bytes]
DEBUG:websockets.client:< TEXT '>battle-gen9championsvgc2026regma-1567\n|\n|t:|...rd\n|\n|upkeep\n|turn|4' [461 bytes]
DEBUG:websockets.client:< TEXT '>battle-gen9championsvgc2026regma-1567\n|\n|t:|...rd\n|\n|upkeep\n|turn|4' [460 bytes]
DEBUG:websockets.client:< TEXT '>battle-gen9championsvgc2026regma-1567\n|reques...ng":false}]},"rqid":10}' [2168 bytes]
DEBUG:websockets.client:< TEXT '>battle-gen9championsvgc2026regma-1567\n|reques...ng":false}]},"rqid":11}' [2152 bytes]
INFO:player:Turn 4 [battle-gen9championsvgc2026regma-1567] value head win-prob: 0.525  (even)
DEBUG:live_vgc_base:Turn 4 [battle-gen9championsvgc2026regma-1567] a0=1 a1=9 src=model opp_splice=on
DEBUG:websockets.client:> TEXT 'battle-gen9championsvgc2026regma-1567|/choose move encore 2, move icywind' [73 bytes]
DEBUG:live_vgc_base:Turn 4 [battle-gen9championsvgc2026regma-1567] a0=13 a1=5 src=random opp_splice=on
DEBUG:websockets.client:> TEXT 'battle-gen9championsvgc2026regma-1567|/choose s...to, move weatherball -1' [79 bytes]
DEBUG:websockets.client:< TEXT '>battle-gen9championsvgc2026regma-1567\n|\n|t:|...00\n|\n|upkeep\n|turn|5' [431 bytes]
DEBUG:websockets.client:< TEXT '>battle-gen9championsvgc2026regma-1567\n|\n|t:|...55\n|\n|upkeep\n|turn|5' [432 bytes]
DEBUG:websockets.client:< TEXT '>battle-gen9championsvgc2026regma-1567\n|reques...ng":false}]},"rqid":12}' [2168 bytes]
DEBUG:websockets.client:< TEXT '>battle-gen9championsvgc2026regma-1567\n|reques...ng":false}]},"rqid":13}' [1884 bytes]
INFO:player:Turn 5 [battle-gen9championsvgc2026regma-1567] value head win-prob: 0.413  (losing)
DEBUG:live_vgc_base:Turn 5 [battle-gen9championsvgc2026regma-1567] a0=0 a1=9 src=model opp_splice=on
DEBUG:websockets.client:> TEXT 'battle-gen9championsvgc2026regma-1567|/choose move encore 1, move icywind' [73 bytes]
DEBUG:live_vgc_base:Turn 5 [battle-gen9championsvgc2026regma-1567] a0=13 a1=4 src=random opp_splice=on
DEBUG:websockets.client:> TEXT 'battle-gen9championsvgc2026regma-1567|/choose s...ott, move weatherball 2' [83 bytes]
DEBUG:websockets.client:< TEXT '>battle-gen9championsvgc2026regma-1567\n|\n|t:|...rd\n|\n|upkeep\n|turn|6' [481 bytes]
DEBUG:websockets.client:< TEXT '>battle-gen9championsvgc2026regma-1567\n|\n|t:|...rd\n|\n|upkeep\n|turn|6' [481 bytes]
DEBUG:websockets.client:< TEXT '>battle-gen9championsvgc2026regma-1567\n|reques...ng":false}]},"rqid":14}' [2168 bytes]
DEBUG:websockets.client:< TEXT '>battle-gen9championsvgc2026regma-1567\n|reques...ng":false}]},"rqid":15}' [2161 bytes]
DEBUG:live_vgc_base:Turn 6 [battle-gen9championsvgc2026regma-1567] a0=6 a1=13 src=random opp_splice=on
DEBUG:websockets.client:> TEXT 'battle-gen9championsvgc2026regma-1567|/choose m...onblast 1, switch Ditto' [76 bytes]
INFO:player:Turn 6 [battle-gen9championsvgc2026regma-1567] value head win-prob: 0.554  (winning)
DEBUG:live_vgc_base:Turn 6 [battle-gen9championsvgc2026regma-1567] a0=13 a1=9 src=model opp_splice=on
DEBUG:websockets.client:> TEXT 'battle-gen9championsvgc2026regma-1567|/choose switch Ditto, move icywind' [72 bytes]
DEBUG:websockets.client:< TEXT '>battle-gen9championsvgc2026regma-1567\n|\n|t:|...55\n|\n|upkeep\n|turn|7' [521 bytes]
DEBUG:websockets.client:< TEXT '>battle-gen9championsvgc2026regma-1567\n|\n|t:|...00\n|\n|upkeep\n|turn|7' [521 bytes]
DEBUG:websockets.client:< TEXT '>battle-gen9championsvgc2026regma-1567\n|reques...ng":false}]},"rqid":16}' [2202 bytes]
DEBUG:websockets.client:< TEXT '>battle-gen9championsvgc2026regma-1567\n|reques...ng":false}]},"rqid":17}' [1865 bytes]
INFO:player:Turn 7 [battle-gen9championsvgc2026regma-1567] value head win-prob: 0.982  (winning)
DEBUG:live_vgc_base:Turn 7 [battle-gen9championsvgc2026regma-1567] a0=6 a1=9 src=model opp_splice=on
DEBUG:websockets.client:> TEXT 'battle-gen9championsvgc2026regma-1567|/choose move heatwave, move icywind' [73 bytes]
DEBUG:live_vgc_base:Turn 7 [battle-gen9championsvgc2026regma-1567] a0=3 a1=12 src=random opp_splice=on
DEBUG:websockets.client:> TEXT 'battle-gen9championsvgc2026regma-1567|/choose m...ilwind, switch Sneasler' [76 bytes]
DEBUG:websockets.client:< TEXT '>battle-gen9championsvgc2026regma-1567\n|\n|t:|...00\n|\n|upkeep\n|turn|8' [477 bytes]
DEBUG:websockets.client:< TEXT '>battle-gen9championsvgc2026regma-1567\n|\n|t:|...57\n|\n|upkeep\n|turn|8' [477 bytes]
DEBUG:websockets.client:< TEXT '>battle-gen9championsvgc2026regma-1567\n|reques...ng":false}]},"rqid":18}' [2201 bytes]
DEBUG:websockets.client:< TEXT '>battle-gen9championsvgc2026regma-1567\n|reques...ng":false}]},"rqid":19}' [2131 bytes]
INFO:player:Turn 8 [battle-gen9championsvgc2026regma-1567] value head win-prob: 0.992  (winning)
DEBUG:live_vgc_base:Turn 8 [battle-gen9championsvgc2026regma-1567] a0=13 a1=9 src=model opp_splice=on
DEBUG:websockets.client:> TEXT 'battle-gen9championsvgc2026regma-1567|/choose s...himsicott, move icywind' [77 bytes]
DEBUG:live_vgc_base:Turn 8 [battle-gen9championsvgc2026regma-1567] a0=0 a1=0 src=random opp_splice=on
DEBUG:websockets.client:> TEXT 'battle-gen9championsvgc2026regma-1567|/choose m...ncore 1, move fakeout 1' [75 bytes]
DEBUG:websockets.client:< TEXT '>battle-gen9championsvgc2026regma-1567\n|\n|t:|...b: Sneasler\n|\n|upkeep' [457 bytes]
DEBUG:websockets.client:< TEXT '>battle-gen9championsvgc2026regma-1567\n|\n|t:|...b: Sneasler\n|\n|upkeep' [456 bytes]
DEBUG:websockets.client:< TEXT '>battle-gen9championsvgc2026regma-1567\n|reques...ng":false}]},"rqid":20}' [1393 bytes]
DEBUG:websockets.client:< TEXT '>battle-gen9championsvgc2026regma-1567\n|reques...Cancel":true,"rqid":21}' [1407 bytes]
DEBUG:vgc_base:forceSwitch [battle-gen9championsvgc2026regma-1567] force=[True, True] \u2192 /choose switch Ditto / /choose switch Charizard
DEBUG:websockets.client:> TEXT 'battle-gen9championsvgc2026regma-1567|/choose s...Ditto, switch Charizard' [76 bytes]
DEBUG:websockets.client:< TEXT '>battle-gen9championsvgc2026regma-1567\n|\n|t:|...tto, L50|7/100\n|turn|9' [147 bytes]
DEBUG:websockets.client:< TEXT '>battle-gen9championsvgc2026regma-1567\n|\n|t:|...to, L50|11/155\n|turn|9' [148 bytes]
DEBUG:websockets.client:< TEXT '>battle-gen9championsvgc2026regma-1567\n|reques...ng":false}]},"rqid":23}' [1883 bytes]
DEBUG:websockets.client:< TEXT '>battle-gen9championsvgc2026regma-1567\n|reques...ng":false}]},"rqid":22}' [2167 bytes]
DEBUG:live_vgc_base:Turn 9 [battle-gen9championsvgc2026regma-1567] a0=0 a1=6 src=random opp_splice=on
DEBUG:websockets.client:> TEXT 'battle-gen9championsvgc2026regma-1567|/choose m...ansform 1, move protect' [76 bytes]
INFO:player:Turn 9 [battle-gen9championsvgc2026regma-1567] value head win-prob: 0.957  (winning)
DEBUG:live_vgc_base:Turn 9 [battle-gen9championsvgc2026regma-1567] a0=13 a1=9 src=model opp_splice=on
DEBUG:websockets.client:> TEXT 'battle-gen9championsvgc2026regma-1567|/choose switch Ditto, move icywind' [72 bytes]
DEBUG:websockets.client:< TEXT '>battle-gen9championsvgc2026regma-1567\n|\n|t:|...o\n|\n|upkeep\n|turn|10' [447 bytes]
DEBUG:websockets.client:< TEXT '>battle-gen9championsvgc2026regma-1567\n|\n|t:|...o\n|\n|upkeep\n|turn|10' [446 bytes]
DEBUG:websockets.client:< TEXT '>battle-gen9championsvgc2026regma-1567\n|reques...ng":false}]},"rqid":24}' [2201 bytes]
DEBUG:websockets.client:< TEXT '>battle-gen9championsvgc2026regma-1567\n|reques...ng":false}]},"rqid":25}' [1882 bytes]
DEBUG:live_vgc_base:Turn 10 [battle-gen9championsvgc2026regma-1567] a0=0 a1=3 src=random opp_splice=on
DEBUG:vgc_base:_safe_order: action 0 slot 0 \u2192 None, scanning legal actions.
DEBUG:vgc_base:_safe_order: slot 0 has no decodable legal action — sending Pass.
DEBUG:websockets.client:> TEXT 'battle-gen9championsvgc2026regma-1567|/choose pass, move weatherball 1' [70 bytes]
INFO:player:Turn 10 [battle-gen9championsvgc2026regma-1567] value head win-prob: 0.998  (winning)
DEBUG:live_vgc_base:Turn 10 [battle-gen9championsvgc2026regma-1567] a0=6 a1=0 src=model opp_splice=on
DEBUG:websockets.client:> TEXT 'battle-gen9championsvgc2026regma-1567|/choose m...atwave, move hypervoice' [76 bytes]
DEBUG:websockets.client:< TEXT '>battle-gen9championsvgc2026regma-1567\n|\n|t:|... Charizard\n|\n|win|BC1' [238 bytes]
DEBUG:websockets.client:< TEXT '>battle-gen9championsvgc2026regma-1567\n|\n|t:|... Charizard\n|\n|win|BC1' [238 bytes]
INFO:vgc_base:Battle battle-gen9championsvgc2026regma-1567 finished — outcome: WIN  (W/L/D so far: 9/1/0)
DEBUG:websockets.client:> TEXT '|/leave battle-gen9championsvgc2026regma-1567' [45 bytes]
DEBUG:websockets.client:< TEXT '|updatesearch|{"searching":[],"games":null}' [43 bytes]
DEBUG:websockets.client:< TEXT '|updatesearch|{"searching":[],"games":null}' [43 bytes]
INFO:vgc_base:Battle battle-gen9championsvgc2026regma-1567 finished — outcome: LOSS  (W/L/D so far: 1/9/0)
DEBUG:websockets.client:> TEXT '|/leave battle-gen9championsvgc2026regma-1567' [45 bytes]
DEBUG:websockets.client:< TEXT '>battle-gen9championsvgc2026regma-1567\n|deinit' [46 bytes]
DEBUG:websockets.client:< TEXT '>battle-gen9championsvgc2026regma-1567\n|l|\u2606BC1' [48 bytes]
DEBUG:websockets.client:< TEXT '>battle-gen9championsvgc2026regma-1567\n|deinit' [46 bytes]
DEBUG:websockets.client:> CLOSE 1000 (OK) [2 bytes]
DEBUG:websockets.client:= connection is CLOSING
DEBUG:websockets.client:< CLOSE 1000 (OK) [2 bytes]
DEBUG:websockets.client:< EOF
DEBUG:websockets.client:> EOF
DEBUG:websockets.client:= connection is CLOSED
DEBUG:websockets.client:x half-closing TCP connection
DEBUG:websockets.client:> CLOSE 1000 (OK) [2 bytes]
DEBUG:websockets.client:= connection is CLOSING
DEBUG:websockets.client:< CLOSE 1000 (OK) [2 bytes]
DEBUG:websockets.client:< EOF
DEBUG:websockets.client:> EOF
DEBUG:websockets.client:= connection is CLOSED
DEBUG:websockets.client:x half-closing TCP connection
INFO:__main__:vs random: 9/10
INFO:run_local_battle:Loaded team from D:\ShowdownProject\Victory-Dance\teams\M-A\Trickery
INFO:run_local_battle:Loaded team from D:\ShowdownProject\Victory-Dance\teams\M-A\Trickery
INFO:player:VGCPlayer: loaded battle model from ai_train_scripts\BC_model\checkpoints_v3\bc_best.pt (heads=('our_a', 'our_b'))
INFO:player:VGCPlayer: loaded team-chooser from D:\ShowdownProject\Victory-Dance\ai_train_scripts\teamPreview_model\checkpoints\teampreview_best.pt (vocab=190)
INFO:player:VGCPlayer ready (gap-#6 splice) | battle_model=loaded (ai_train_scripts\BC_model\checkpoints_v3\bc_best.pt) | team_chooser=loaded (D:\ShowdownProject\Victory-Dance\ai_train_scripts\teamPreview_model\checkpoints\teampreview_best.pt) | replay=D:\ShowdownProject\Victory-Dance\replay_buffer\BC2.jsonl
DEBUG:websockets.client:= connection is CONNECTING
DEBUG:websockets.client:> GET /showdown/websocket HTTP/1.1
DEBUG:websockets.client:> Host: localhost:8000
DEBUG:websockets.client:> Upgrade: websocket
DEBUG:websockets.client:> Connection: Upgrade
DEBUG:websockets.client:> Sec-WebSocket-Key: pcxV6s3qEosbRklxBRIocQ==
DEBUG:websockets.client:> Sec-WebSocket-Version: 13
DEBUG:websockets.client:> Sec-WebSocket-Extensions: permessage-deflate; client_max_window_bits
DEBUG:websockets.client:> User-Agent: Python/3.12 websockets/16.0
DEBUG:websockets.client:< HTTP/1.1 101 Switching Protocols
DEBUG:websockets.client:< Upgrade: websocket
DEBUG:websockets.client:< Connection: Upgrade
DEBUG:websockets.client:< Sec-WebSocket-Accept: 7Y5+bCuQkBlvQlw+4g2v138wX8Q=
DEBUG:websockets.client:= connection is OPEN
DEBUG:websockets.client:< TEXT '|updateuser| Guest 943|0|169|{"blockChallenges"...c|[Gen 1] Custom Game,c' [8617 bytes]
DEBUG:websockets.client:< TEXT '|challstr|4|acca33a6b972303e4c72c2b0322901e3ba6...253f90d93d17ac5bee5145b' [268 bytes]
DEBUG:websockets.client:> TEXT '|/trn BC2,0,' [12 bytes]
DEBUG:websockets.client:< TEXT '|updatesearch|{"searching":[],"games":null}' [43 bytes]
DEBUG:websockets.client:< TEXT '|updateuser| BC2|1|102|{"blockChallenges":false...:false,"language":null}' [346 bytes]
DEBUG:websockets.client:< TEXT '|updatesearch|{"searching":[],"games":null}' [43 bytes]
DEBUG:websockets.client:= connection is CONNECTING
DEBUG:websockets.client:> GET /showdown/websocket HTTP/1.1
DEBUG:websockets.client:> Host: localhost:8000
DEBUG:websockets.client:> Upgrade: websocket
DEBUG:websockets.client:> Connection: Upgrade
DEBUG:websockets.client:> Sec-WebSocket-Key: ruH+acK3IT6fHmm3fiQBYA==
DEBUG:websockets.client:> Sec-WebSocket-Version: 13
DEBUG:websockets.client:> Sec-WebSocket-Extensions: permessage-deflate; client_max_window_bits
DEBUG:websockets.client:> User-Agent: Python/3.12 websockets/16.0
DEBUG:websockets.client:< HTTP/1.1 101 Switching Protocols
DEBUG:websockets.client:< Upgrade: websocket
DEBUG:websockets.client:< Connection: Upgrade
DEBUG:websockets.client:< Sec-WebSocket-Accept: XCeULZl9zYdcFYLITx5yXiRYhik=
DEBUG:websockets.client:= connection is OPEN
DEBUG:websockets.client:< TEXT '|updateuser| Guest 944|0|170|{"blockChallenges"...c|[Gen 1] Custom Game,c' [8617 bytes]
DEBUG:websockets.client:< TEXT '|challstr|4|ace4036ef5092e027ffe31c6cd6880f9208...20e9b9067e518d69564fa7e' [268 bytes]
DEBUG:websockets.client:> TEXT '|/trn OPmax_2,0,' [16 bytes]
DEBUG:websockets.client:< TEXT '|updatesearch|{"searching":[],"games":null}' [43 bytes]
DEBUG:websockets.client:< TEXT '|updateuser| OPmax_2|1|1|{"blockChallenges":fal...:false,"language":null}' [348 bytes]
DEBUG:websockets.client:< TEXT '|updatesearch|{"searching":[],"games":null}' [43 bytes]
DEBUG:websockets.client:> TEXT '|/utm Sneasler||whiteherb|unburden|fakeout,dire...Naive|32,2,,,,32||||50|' [550 bytes]
DEBUG:websockets.client:> TEXT '|/challenge opmax2, gen9championsvgc2026regma' [45 bytes]
DEBUG:websockets.client:< TEXT '|pm| BC2| OPmax_2|/challenge gen9championsvgc20...hampionsvgc2026regma|||' [83 bytes]
DEBUG:websockets.client:< TEXT '|pm| BC2| OPmax_2|/challenge gen9championsvgc20...hampionsvgc2026regma|||' [83 bytes]
DEBUG:websockets.client:< TEXT '|pm| BC2| OPmax_2|/log BC2 wants to battle!' [43 bytes]
DEBUG:websockets.client:< TEXT '|pm| BC2| OPmax_2|/log BC2 wants to battle!' [43 bytes]
DEBUG:websockets.client:> TEXT '|/utm Sneasler||whiteherb|unburden|fakeout,dire...Naive|32,2,,,,32||||50|' [550 bytes]
DEBUG:websockets.client:> TEXT '|/accept bc2' [12 bytes]
DEBUG:websockets.client:< TEXT '|pm| OPmax_2| BC2|/challenge' [28 bytes]
DEBUG:websockets.client:< TEXT '|pm| OPmax_2| BC2|/challenge' [28 bytes]
DEBUG:websockets.client:< TEXT '|updatesearch|{"searching":[],"games":null}' [43 bytes]
DEBUG:websockets.client:< TEXT '|updatesearch|{"searching":[],"games":null}' [43 bytes]
DEBUG:websockets.client:< TEXT '|updatesearch|{"searching":[],"games":{"battle-... 2026 Reg M-A Battle"}}' [124 bytes]
DEBUG:websockets.client:< TEXT '|updatesearch|{"searching":[],"games":{"battle-... 2026 Reg M-A Battle"}}' [124 bytes]
DEBUG:websockets.client:< TEXT '|updatesearch|{"searching":[],"games":{"battle-... 2026 Reg M-A Battle"}}' [124 bytes]
DEBUG:websockets.client:< TEXT '|updatesearch|{"searching":[],"games":{"battle-... 2026 Reg M-A Battle"}}' [124 bytes]
DEBUG:websockets.client:< TEXT '>battle-gen9championsvgc2026regma-1568\n|init|b... vs. OPmax_2\n|j|\u2606BC2\n' [85 bytes]
DEBUG:websockets.client:< TEXT '>battle-gen9championsvgc2026regma-1568\n|init|b...n|j|\u2606BC2\n|j|\u2606OPmax_2\n' [99 bytes]
DEBUG:websockets.client:< TEXT '>battle-gen9championsvgc2026regma-1568\n|j|\u2606OPmax_2' [52 bytes]
DEBUG:websockets.client:< TEXT '|pm| OPmax_2| BC2|/nonotify OPmax_2 accepted th...26regma-1568</a>&raquo;' [173 bytes]
DEBUG:websockets.client:< TEXT '>battle-gen9championsvgc2026regma-1568\n|t:|1781642375\n|gametype|doubles' [71 bytes]
DEBUG:websockets.client:< TEXT '|pm| OPmax_2| BC2|/nonotify OPmax_2 accepted th...26regma-1568</a>&raquo;' [173 bytes]
DEBUG:websockets.client:< TEXT '>battle-gen9championsvgc2026regma-1568\n|t:|1781642375\n|gametype|doubles' [71 bytes]
DEBUG:websockets.client:> TEXT 'battle-gen9championsvgc2026regma-1568|/rejectopenteamsheets' [59 bytes]
DEBUG:websockets.client:> TEXT 'battle-gen9championsvgc2026regma-1568|/rejectopenteamsheets' [59 bytes]
DEBUG:websockets.client:< TEXT '>battle-gen9championsvgc2026regma-1568\n|player|p1|BC2|102|' [58 bytes]
DEBUG:websockets.client:< TEXT '>battle-gen9championsvgc2026regma-1568\n|player|p1|BC2|102|' [58 bytes]
DEBUG:websockets.client:> TEXT '|/utm Sneasler||whiteherb|unburden|fakeout,dire...Naive|32,2,,,,32||||50|' [550 bytes]
DEBUG:websockets.client:> TEXT '|/challenge opmax2, gen9championsvgc2026regma' [45 bytes]
DEBUG:websockets.client:< TEXT '>battle-gen9championsvgc2026regma-1568\n|player...heets</strong></button>' [855 bytes]
DEBUG:websockets.client:< TEXT '>battle-gen9championsvgc2026regma-1568\n|reques...ing":false}]},"rqid":3}' [2097 bytes]
DEBUG:websockets.client:< TEXT '>battle-gen9championsvgc2026regma-1568\n|uhtmlchange|otsrequest|' [63 bytes]
DEBUG:websockets.client:< TEXT '>battle-gen9championsvgc2026regma-1568\nBC2 rejected open team sheets.' [69 bytes]
DEBUG:websockets.client:< TEXT '>battle-gen9championsvgc2026regma-1568\n|player...heets</strong></button>' [855 bytes]
DEBUG:websockets.client:< TEXT '>battle-gen9championsvgc2026regma-1568\n|reques...ing":false}]},"rqid":2}' [2093 bytes]
DEBUG:websockets.client:< TEXT '>battle-gen9championsvgc2026regma-1568\n|uhtmlchange|otsrequest|' [63 bytes]
DEBUG:websockets.client:< TEXT '>battle-gen9championsvgc2026regma-1568\nBC2 rejected open team sheets.' [69 bytes]
DEBUG:websockets.client:< TEXT '>battle-gen9championsvgc2026regma-1568\n|uhtmlchange|otsrequest|' [63 bytes]
DEBUG:websockets.client:< TEXT '>battle-gen9championsvgc2026regma-1568\nOPmax_2...ected open team sheets.' [73 bytes]
DEBUG:vgc_base:Teampreview: first-4 roster order \u2192 ['sneasler', 'charizardmegay', 'whimsicott', 'basculegion']
INFO:vgc_base:Teampreview [battle-gen9championsvgc2026regma-1568] \u2192 /team 1234  (sneasler, charizardmegay, whimsicott, basculegion)
DEBUG:websockets.client:> TEXT 'battle-gen9championsvgc2026regma-1568|/team 1234' [48 bytes]
DEBUG:websockets.client:< TEXT '>battle-gen9championsvgc2026regma-1568\n|uhtmlchange|otsrequest|' [63 bytes]
DEBUG:websockets.client:< TEXT '>battle-gen9championsvgc2026regma-1568\nOPmax_2...ected open team sheets.' [73 bytes]
INFO:player:Team-preview [battle-gen9championsvgc2026regma-1568] NET drove: bring=['whimsicott', 'zoroarkhisui', 'ditto', 'charizardmegay'] leads=['whimsicott', 'zoroarkhisui'] (vs opp ['sneasler', 'charizard', 'whimsicott', 'basculegion', 'zoroarkhisui', 'ditto'])
INFO:vgc_base:Teampreview [battle-gen9championsvgc2026regma-1568] \u2192 /team 3562  (whimsicott, zoroarkhisui, ditto, charizardmegay)
DEBUG:websockets.client:> TEXT 'battle-gen9championsvgc2026regma-1568|/team 3562' [48 bytes]
DEBUG:websockets.client:< TEXT '|pm| BC2| OPmax_2|/challenge gen9championsvgc20...hampionsvgc2026regma|||' [83 bytes]
DEBUG:websockets.client:< TEXT '|pm| BC2| OPmax_2|/challenge gen9championsvgc20...hampionsvgc2026regma|||' [83 bytes]
DEBUG:websockets.client:< TEXT '|pm| BC2| OPmax_2|/log BC2 wants to battle!' [43 bytes]
DEBUG:websockets.client:< TEXT '|pm| BC2| OPmax_2|/log BC2 wants to battle!' [43 bytes]
DEBUG:websockets.client:> TEXT '|/utm Sneasler||whiteherb|unburden|fakeout,dire...Naive|32,2,,,,32||||50|' [550 bytes]
DEBUG:websockets.client:> TEXT '|/accept bc2' [12 bytes]
DEBUG:websockets.client:< TEXT '>battle-gen9championsvgc2026regma-1568\n|\n|t:|...L50, M|100/100\n|turn|1' [321 bytes]
DEBUG:websockets.client:< TEXT '>battle-gen9championsvgc2026regma-1568\n|\n|t:|...L50, M|168/168\n|turn|1' [321 bytes]
DEBUG:websockets.client:< TEXT '|pm| OPmax_2| BC2|/challenge' [28 bytes]
DEBUG:websockets.client:< TEXT '|pm| OPmax_2| BC2|/challenge' [28 bytes]
DEBUG:websockets.client:< TEXT '|updatesearch|{"searching":[],"games":{"battle-... 2026 Reg M-A Battle"}}' [124 bytes]
DEBUG:websockets.client:< TEXT '|updatesearch|{"searching":[],"games":{"battle-... 2026 Reg M-A Battle"}}' [208 bytes]
DEBUG:websockets.client:< TEXT '|updatesearch|{"searching":[],"games":{"battle-... 2026 Reg M-A Battle"}}' [124 bytes]
DEBUG:websockets.client:< TEXT '|updatesearch|{"searching":[],"games":{"battle-... 2026 Reg M-A Battle"}}' [208 bytes]
DEBUG:websockets.client:< TEXT '|updatesearch|{"searching":[],"games":{"battle-... 2026 Reg M-A Battle"}}' [208 bytes]
DEBUG:websockets.client:< TEXT '|updatesearch|{"searching":[],"games":{"battle-... 2026 Reg M-A Battle"}}' [208 bytes]
DEBUG:websockets.client:< TEXT '>battle-gen9championsvgc2026regma-1569\n|init|b... vs. OPmax_2\n|j|\u2606BC2\n' [85 bytes]
DEBUG:websockets.client:< TEXT '>battle-gen9championsvgc2026regma-1569\n|init|b...n|j|\u2606BC2\n|j|\u2606OPmax_2\n' [99 bytes]
DEBUG:websockets.client:< TEXT '|pm| OPmax_2| BC2|/nonotify OPmax_2 accepted th...26regma-1569</a>&raquo;' [173 bytes]
DEBUG:websockets.client:< TEXT '>battle-gen9championsvgc2026regma-1569\n|j|\u2606OPmax_2' [52 bytes]
DEBUG:websockets.client:< TEXT '|pm| OPmax_2| BC2|/nonotify OPmax_2 accepted th...26regma-1569</a>&raquo;' [173 bytes]
DEBUG:websockets.client:< TEXT '>battle-gen9championsvgc2026regma-1568\n|reques...ing":false}]},"rqid":4}' [2167 bytes]
DEBUG:websockets.client:< TEXT '>battle-gen9championsvgc2026regma-1569\n|t:|1781642375\n|gametype|doubles' [71 bytes]
DEBUG:websockets.client:< TEXT '>battle-gen9championsvgc2026regma-1569\n|player|p1|BC2|102|' [58 bytes]
DEBUG:websockets.client:< TEXT '>battle-gen9championsvgc2026regma-1568\n|reques...ing":false}]},"rqid":5}' [2236 bytes]
DEBUG:websockets.client:< TEXT '>battle-gen9championsvgc2026regma-1569\n|t:|1781642375\n|gametype|doubles' [71 bytes]
DEBUG:websockets.client:< TEXT '>battle-gen9championsvgc2026regma-1569\n|player|p1|BC2|102|' [58 bytes]
DEBUG:websockets.client:< TEXT '>battle-gen9championsvgc2026regma-1569\n|player...heets</strong></button>' [855 bytes]
DEBUG:websockets.client:< TEXT '>battle-gen9championsvgc2026regma-1569\n|player...heets</strong></button>' [855 bytes]
DEBUG:websockets.client:< TEXT '>battle-gen9championsvgc2026regma-1569\n|reques...ing":false}]},"rqid":2}' [2093 bytes]
INFO:player:Turn 1 [battle-gen9championsvgc2026regma-1568] value head win-prob: 0.351  (losing)
DEBUG:live_vgc_base:Turn 1 [battle-gen9championsvgc2026regma-1568] a0=0 a1=9 src=model opp_splice=on
DEBUG:websockets.client:> TEXT 'battle-gen9championsvgc2026regma-1568|/choose move encore 1, move icywind' [73 bytes]
DEBUG:websockets.client:< TEXT '>battle-gen9championsvgc2026regma-1569\n|reques...ing":false}]},"rqid":3}' [2097 bytes]
DEBUG:vgc_base:Turn 1 [battle-gen9championsvgc2026regma-1568] a0=9 a1=9 src=max_damage g0=0 g1=0
DEBUG:websockets.client:> TEXT 'battle-gen9championsvgc2026regma-1568|/choose m...bat 1, move solarbeam 1' [82 bytes]
DEBUG:websockets.client:< TEXT '>battle-gen9championsvgc2026regma-1568\n|\n|t:|...am\n|\n|upkeep\n|turn|2' [643 bytes]
DEBUG:websockets.client:< TEXT '>battle-gen9championsvgc2026regma-1568\n|\n|t:|...am\n|\n|upkeep\n|turn|2' [645 bytes]
DEBUG:websockets.client:< TEXT '>battle-gen9championsvgc2026regma-1568\n|reques...ing":false}]},"rqid":6}' [2166 bytes]
DEBUG:websockets.client:< TEXT '>battle-gen9championsvgc2026regma-1568\n|reques...ing":false}]},"rqid":7}' [1888 bytes]
INFO:player:Turn 2 [battle-gen9championsvgc2026regma-1568] value head win-prob: 0.270  (losing)
DEBUG:live_vgc_base:Turn 2 [battle-gen9championsvgc2026regma-1568] a0=0 a1=9 src=model opp_splice=on
DEBUG:websockets.client:> TEXT 'battle-gen9championsvgc2026regma-1568|/choose move encore 1, move icywind' [73 bytes]
DEBUG:vgc_base:Turn 2 [battle-gen9championsvgc2026regma-1568] a0=9 a1=9 src=max_damage g0=0 g1=0
DEBUG:websockets.client:> TEXT 'battle-gen9championsvgc2026regma-1568|/choose m...bat 1, move solarbeam 1' [82 bytes]
DEBUG:websockets.client:< TEXT '>battle-gen9championsvgc2026regma-1568\n|\n|t:|... Whimsicott\n|\n|upkeep' [640 bytes]
DEBUG:websockets.client:< TEXT '>battle-gen9championsvgc2026regma-1568\n|\n|t:|... Whimsicott\n|\n|upkeep' [640 bytes]
DEBUG:websockets.client:< TEXT '>battle-gen9championsvgc2026regma-1568\n|reques...oCancel":true,"rqid":8}' [1421 bytes]
DEBUG:websockets.client:< TEXT '>battle-gen9championsvgc2026regma-1568\n|reques...ing":false}]},"rqid":9}' [1452 bytes]
DEBUG:live_vgc_base:forceSwitch forced_switch_model [battle-gen9championsvgc2026regma-1568] turn 2 a0=13 a1=None opp_splice=on
DEBUG:websockets.client:> TEXT 'battle-gen9championsvgc2026regma-1568|/choose switch Ditto, pass' [64 bytes]
DEBUG:websockets.client:< TEXT '>battle-gen9championsvgc2026regma-1568\n|\n|t:|...lity: Imposter\n|turn|3' [164 bytes]
DEBUG:websockets.client:< TEXT '>battle-gen9championsvgc2026regma-1568\n|\n|t:|...lity: Imposter\n|turn|3' [164 bytes]
DEBUG:websockets.client:< TEXT '>battle-gen9championsvgc2026regma-1568\n|reques...ng":false}]},"rqid":10}' [2200 bytes]
DEBUG:websockets.client:< TEXT '>battle-gen9championsvgc2026regma-1568\n|reques...ng":false}]},"rqid":11}' [2224 bytes]
INFO:player:Turn 3 [battle-gen9championsvgc2026regma-1568] value head win-prob: 0.528  (even)
DEBUG:live_vgc_base:Turn 3 [battle-gen9championsvgc2026regma-1568] a0=3 a1=9 src=model opp_splice=on
DEBUG:websockets.client:> TEXT 'battle-gen9championsvgc2026regma-1568|/choose move heatwave, move icywind' [73 bytes]
DEBUG:vgc_base:Turn 3 [battle-gen9championsvgc2026regma-1568] a0=9 a1=9 src=max_damage g0=0 g1=0
DEBUG:websockets.client:> TEXT 'battle-gen9championsvgc2026regma-1568|/choose m...bat 1, move solarbeam 1' [82 bytes]
DEBUG:websockets.client:< TEXT '>battle-gen9championsvgc2026regma-1568\n|\n|t:|...|Solar Beam\n|\n|upkeep' [649 bytes]
DEBUG:websockets.client:< TEXT '>battle-gen9championsvgc2026regma-1568\n|\n|t:|...|Solar Beam\n|\n|upkeep' [648 bytes]
DEBUG:websockets.client:< TEXT '>battle-gen9championsvgc2026regma-1568\n|reques...ng":false}]},"rqid":12}' [1427 bytes]
DEBUG:websockets.client:< TEXT '>battle-gen9championsvgc2026regma-1568\n|reques...Cancel":true,"rqid":13}' [1482 bytes]
DEBUG:vgc_base:forceSwitch [battle-gen9championsvgc2026regma-1568] force=[True, False] \u2192 /choose switch Basculegion / /choose pass
DEBUG:websockets.client:> TEXT 'battle-gen9championsvgc2026regma-1568|/choose switch Basculegion, pass' [70 bytes]
DEBUG:websockets.client:< TEXT '>battle-gen9championsvgc2026regma-1568\n|\n|t:|...L50, M|100/100\n|turn|4' [116 bytes]
DEBUG:websockets.client:< TEXT '>battle-gen9championsvgc2026regma-1568\n|\n|t:|...L50, M|197/197\n|turn|4' [116 bytes]
DEBUG:websockets.client:< TEXT '>battle-gen9championsvgc2026regma-1568\n|reques...ng":false}]},"rqid":14}' [2199 bytes]
DEBUG:websockets.client:< TEXT '>battle-gen9championsvgc2026regma-1568\n|reques...ng":false}]},"rqid":15}' [1895 bytes]
INFO:player:Turn 4 [battle-gen9championsvgc2026regma-1568] value head win-prob: 0.136  (losing)
DEBUG:live_vgc_base:Turn 4 [battle-gen9championsvgc2026regma-1568] a0=3 a1=0 src=model opp_splice=on
DEBUG:websockets.client:> TEXT 'battle-gen9championsvgc2026regma-1568|/choose m...atwave, move hypervoice' [76 bytes]
DEBUG:vgc_base:Turn 4 [battle-gen9championsvgc2026regma-1568] a0=3 a1=9 src=max_damage g0=0 g1=0
DEBUG:websockets.client:> TEXT 'battle-gen9championsvgc2026regma-1568|/choose m...ash 1, move solarbeam 1' [80 bytes]
DEBUG:websockets.client:< TEXT '>battle-gen9championsvgc2026regma-1568\n|\n|t:|...rom] Recoil\n|\n|upkeep' [388 bytes]
DEBUG:websockets.client:< TEXT '>battle-gen9championsvgc2026regma-1568\n|\n|t:|...rom] Recoil\n|\n|upkeep' [389 bytes]
DEBUG:websockets.client:< TEXT '>battle-gen9championsvgc2026regma-1568\n|reques...ng":false}]},"rqid":16}' [1404 bytes]
DEBUG:websockets.client:< TEXT '>battle-gen9championsvgc2026regma-1568\n|reques...ng":false}]},"rqid":17}' [1465 bytes]
DEBUG:vgc_base:forceSwitch [battle-gen9championsvgc2026regma-1568] force=[False, True] \u2192 /choose pass / /choose switch Whimsicott
DEBUG:websockets.client:> TEXT 'battle-gen9championsvgc2026regma-1568|/choose pass, switch Whimsicott' [69 bytes]
DEBUG:live_vgc_base:forceSwitch forced_switch_model [battle-gen9championsvgc2026regma-1568] turn 4 a0=12 a1=None opp_splice=on
DEBUG:websockets.client:> TEXT 'battle-gen9championsvgc2026regma-1568|/choose switch Charizard, pass' [68 bytes]
DEBUG:websockets.client:< TEXT '>battle-gen9championsvgc2026regma-1568\n|\n|t:|...L50, M|168/168\n|turn|5' [163 bytes]
DEBUG:websockets.client:< TEXT '>battle-gen9championsvgc2026regma-1568\n|\n|t:|...L50, M|100/100\n|turn|5' [163 bytes]
DEBUG:websockets.client:< TEXT '>battle-gen9championsvgc2026regma-1568\n|reques...ng":false}]},"rqid":18}' [2185 bytes]
DEBUG:websockets.client:< TEXT '>battle-gen9championsvgc2026regma-1568\n|reques...ng":false}]},"rqid":19}' [2211 bytes]
DEBUG:vgc_base:Turn 5 [battle-gen9championsvgc2026regma-1568] a0=3 a1=6 src=max_damage g0=0 g1=0
DEBUG:websockets.client:> TEXT 'battle-gen9championsvgc2026regma-1568|/choose m...ash 1, move moonblast 1' [80 bytes]
INFO:player:Turn 5 [battle-gen9championsvgc2026regma-1568] value head win-prob: 0.160  (losing)
DEBUG:live_vgc_base:Turn 5 [battle-gen9championsvgc2026regma-1568] a0=0 a1=0 src=model opp_splice=on
DEBUG:websockets.client:> TEXT 'battle-gen9championsvgc2026regma-1568|/choose m...e mega, move hypervoice' [81 bytes]
DEBUG:websockets.client:< TEXT '>battle-gen9championsvgc2026regma-1568\n|\n|t:|...keep]\n|upkeep\n|turn|6' [1005 bytes]
DEBUG:websockets.client:< TEXT '>battle-gen9championsvgc2026regma-1568\n|\n|t:|...keep]\n|upkeep\n|turn|6' [1005 bytes]
DEBUG:websockets.client:< TEXT '>battle-gen9championsvgc2026regma-1568\n|reques...ng":false}]},"rqid":20}' [2167 bytes]
DEBUG:websockets.client:< TEXT '>battle-gen9championsvgc2026regma-1568\n|reques...ng":false}]},"rqid":21}' [2199 bytes]
DEBUG:vgc_base:Turn 6 [battle-gen9championsvgc2026regma-1568] a0=3 a1=0 src=max_damage g0=0 g1=0
DEBUG:vgc_base:_safe_order: action 0 slot 1 \u2192 None, scanning legal actions.
DEBUG:vgc_base:_safe_order: slot 1 has no decodable legal action — sending Pass.
DEBUG:websockets.client:> TEXT 'battle-gen9championsvgc2026regma-1568|/choose move wavecrash 1, pass' [68 bytes]
INFO:player:Turn 6 [battle-gen9championsvgc2026regma-1568] value head win-prob: 0.991  (winning)
DEBUG:live_vgc_base:Turn 6 [battle-gen9championsvgc2026regma-1568] a0=0 a1=0 src=model opp_splice=on
DEBUG:vgc_base:_safe_order: action 0 slot 0 \u2192 None, scanning legal actions.
DEBUG:vgc_base:_safe_order: slot 0 has no decodable legal action — sending Pass.
DEBUG:websockets.client:> TEXT 'battle-gen9championsvgc2026regma-1568|/choose pass, move hypervoice' [67 bytes]
DEBUG:websockets.client:< TEXT '>battle-gen9championsvgc2026regma-1568\n|\n|t:|...asculegion\n|\n|win|BC2' [364 bytes]
DEBUG:websockets.client:< TEXT '>battle-gen9championsvgc2026regma-1568\n|\n|t:|...asculegion\n|\n|win|BC2' [363 bytes]
INFO:vgc_base:Battle battle-gen9championsvgc2026regma-1568 finished — outcome: WIN  (W/L/D so far: 1/0/0)
DEBUG:websockets.client:> TEXT '|/leave battle-gen9championsvgc2026regma-1568' [45 bytes]
DEBUG:websockets.client:< TEXT '|updatesearch|{"searching":[],"games":{"battle-... 2026 Reg M-A Battle"}}' [124 bytes]
DEBUG:websockets.client:> TEXT 'battle-gen9championsvgc2026regma-1569|/rejectopenteamsheets' [59 bytes]
INFO:vgc_base:Battle battle-gen9championsvgc2026regma-1568 finished — outcome: LOSS  (W/L/D so far: 0/1/0)
DEBUG:websockets.client:> TEXT '|/leave battle-gen9championsvgc2026regma-1568' [45 bytes]
DEBUG:websockets.client:< TEXT '|updatesearch|{"searching":[],"games":{"battle-... 2026 Reg M-A Battle"}}' [124 bytes]
DEBUG:websockets.client:> TEXT '|/utm Sneasler||whiteherb|unburden|fakeout,dire...Naive|32,2,,,,32||||50|' [550 bytes]
DEBUG:websockets.client:> TEXT '|/challenge opmax2, gen9championsvgc2026regma' [45 bytes]
DEBUG:websockets.client:> TEXT 'battle-gen9championsvgc2026regma-1569|/rejectopenteamsheets' [59 bytes]
DEBUG:websockets.client:< TEXT '>battle-gen9championsvgc2026regma-1568\n|l|\u2606BC2' [48 bytes]
DEBUG:websockets.client:< TEXT '>battle-gen9championsvgc2026regma-1569\n|uhtmlchange|otsrequest|' [63 bytes]
DEBUG:websockets.client:< TEXT '>battle-gen9championsvgc2026regma-1569\nBC2 rejected open team sheets.' [69 bytes]
DEBUG:websockets.client:< TEXT '>battle-gen9championsvgc2026regma-1568\n|deinit' [46 bytes]
DEBUG:websockets.client:< TEXT '>battle-gen9championsvgc2026regma-1568\n|deinit' [46 bytes]
DEBUG:websockets.client:< TEXT '>battle-gen9championsvgc2026regma-1569\n|uhtmlchange|otsrequest|' [63 bytes]
DEBUG:websockets.client:< TEXT '>battle-gen9championsvgc2026regma-1569\nBC2 rejected open team sheets.' [69 bytes]
DEBUG:websockets.client:< TEXT '>battle-gen9championsvgc2026regma-1569\n|uhtmlchange|otsrequest|' [63 bytes]
DEBUG:websockets.client:< TEXT '>battle-gen9championsvgc2026regma-1569\n|uhtmlchange|otsrequest|' [63 bytes]
DEBUG:websockets.client:< TEXT '>battle-gen9championsvgc2026regma-1569\nOPmax_2...ected open team sheets.' [73 bytes]
DEBUG:websockets.client:< TEXT '>battle-gen9championsvgc2026regma-1569\nOPmax_2...ected open team sheets.' [73 bytes]
INFO:player:Team-preview [battle-gen9championsvgc2026regma-1569] NET drove: bring=['whimsicott', 'zoroarkhisui', 'ditto', 'charizardmegay'] leads=['whimsicott', 'zoroarkhisui'] (vs opp ['sneasler', 'charizard', 'whimsicott', 'basculegion', 'zoroarkhisui', 'ditto'])
INFO:vgc_base:Teampreview [battle-gen9championsvgc2026regma-1569] \u2192 /team 3562  (whimsicott, zoroarkhisui, ditto, charizardmegay)
DEBUG:websockets.client:> TEXT 'battle-gen9championsvgc2026regma-1569|/team 3562' [48 bytes]
DEBUG:vgc_base:Teampreview: first-4 roster order \u2192 ['sneasler', 'charizardmegay', 'whimsicott', 'basculegion']
INFO:vgc_base:Teampreview [battle-gen9championsvgc2026regma-1569] \u2192 /team 1234  (sneasler, charizardmegay, whimsicott, basculegion)
DEBUG:websockets.client:> TEXT 'battle-gen9championsvgc2026regma-1569|/team 1234' [48 bytes]
DEBUG:websockets.client:< TEXT '|pm| BC2| OPmax_2|/challenge gen9championsvgc20...hampionsvgc2026regma|||' [83 bytes]
DEBUG:websockets.client:< TEXT '|pm| BC2| OPmax_2|/challenge gen9championsvgc20...hampionsvgc2026regma|||' [83 bytes]
DEBUG:websockets.client:< TEXT '|pm| BC2| OPmax_2|/log BC2 wants to battle!' [43 bytes]
DEBUG:websockets.client:< TEXT '|pm| BC2| OPmax_2|/log BC2 wants to battle!' [43 bytes]
DEBUG:websockets.client:> TEXT '|/utm Sneasler||whiteherb|unburden|fakeout,dire...Naive|32,2,,,,32||||50|' [550 bytes]
DEBUG:websockets.client:> TEXT '|/accept bc2' [12 bytes]
DEBUG:websockets.client:< TEXT '|pm| OPmax_2| BC2|/challenge' [28 bytes]
DEBUG:websockets.client:< TEXT '|pm| OPmax_2| BC2|/challenge' [28 bytes]
DEBUG:websockets.client:< TEXT '|updatesearch|{"searching":[],"games":{"battle-... 2026 Reg M-A Battle"}}' [124 bytes]
DEBUG:websockets.client:< TEXT '|updatesearch|{"searching":[],"games":{"battle-... 2026 Reg M-A Battle"}}' [124 bytes]
DEBUG:websockets.client:< TEXT '|updatesearch|{"searching":[],"games":{"battle-... 2026 Reg M-A Battle"}}' [208 bytes]
DEBUG:websockets.client:< TEXT '|updatesearch|{"searching":[],"games":{"battle-... 2026 Reg M-A Battle"}}' [208 bytes]
DEBUG:websockets.client:< TEXT '|updatesearch|{"searching":[],"games":{"battle-... 2026 Reg M-A Battle"}}' [208 bytes]
DEBUG:websockets.client:< TEXT '|updatesearch|{"searching":[],"games":{"battle-... 2026 Reg M-A Battle"}}' [208 bytes]
DEBUG:websockets.client:< TEXT '>battle-gen9championsvgc2026regma-1570\n|init|b... vs. OPmax_2\n|j|\u2606BC2\n' [85 bytes]
DEBUG:websockets.client:< TEXT '>battle-gen9championsvgc2026regma-1570\n|j|\u2606OPmax_2' [52 bytes]
DEBUG:websockets.client:< TEXT '>battle-gen9championsvgc2026regma-1570\n|init|b...n|j|\u2606BC2\n|j|\u2606OPmax_2\n' [99 bytes]
DEBUG:websockets.client:< TEXT '|pm| OPmax_2| BC2|/nonotify OPmax_2 accepted th...26regma-1570</a>&raquo;' [173 bytes]
DEBUG:websockets.client:< TEXT '|pm| OPmax_2| BC2|/nonotify OPmax_2 accepted th...26regma-1570</a>&raquo;' [173 bytes]
DEBUG:websockets.client:< TEXT '>battle-gen9championsvgc2026regma-1569\n|\n|t:|...L50, M|100/100\n|turn|1' [321 bytes]
DEBUG:websockets.client:< TEXT '>battle-gen9championsvgc2026regma-1569\n|reques...ing":false}]},"rqid":4}' [2167 bytes]
DEBUG:websockets.client:< TEXT '>battle-gen9championsvgc2026regma-1569\n|\n|t:|...L50, M|168/168\n|turn|1' [321 bytes]
DEBUG:websockets.client:< TEXT '>battle-gen9championsvgc2026regma-1569\n|reques...ing":false}]},"rqid":5}' [2236 bytes]
DEBUG:websockets.client:< TEXT '>battle-gen9championsvgc2026regma-1570\n|t:|1781642375\n|gametype|doubles' [71 bytes]
DEBUG:websockets.client:< TEXT '>battle-gen9championsvgc2026regma-1570\n|t:|1781642375\n|gametype|doubles' [71 bytes]
DEBUG:websockets.client:< TEXT '>battle-gen9championsvgc2026regma-1570\n|player|p1|BC2|102|' [58 bytes]
DEBUG:websockets.client:< TEXT '>battle-gen9championsvgc2026regma-1570\n|player...heets</strong></button>' [855 bytes]
DEBUG:websockets.client:< TEXT '>battle-gen9championsvgc2026regma-1570\n|player|p1|BC2|102|' [58 bytes]
DEBUG:websockets.client:< TEXT '>battle-gen9championsvgc2026regma-1570\n|player...heets</strong></button>' [855 bytes]
DEBUG:websockets.client:< TEXT '>battle-gen9championsvgc2026regma-1570\n|reques...ing":false}]},"rqid":3}' [2097 bytes]
DEBUG:websockets.client:< TEXT '>battle-gen9championsvgc2026regma-1570\n|reques...ing":false}]},"rqid":2}' [2093 bytes]
INFO:player:Turn 1 [battle-gen9championsvgc2026regma-1569] value head win-prob: 0.351  (losing)
DEBUG:live_vgc_base:Turn 1 [battle-gen9championsvgc2026regma-1569] a0=0 a1=9 src=model opp_splice=on
DEBUG:websockets.client:> TEXT 'battle-gen9championsvgc2026regma-1569|/choose move encore 1, move icywind' [73 bytes]
DEBUG:vgc_base:Turn 1 [battle-gen9championsvgc2026regma-1569] a0=9 a1=9 src=max_damage g0=0 g1=0
DEBUG:websockets.client:> TEXT 'battle-gen9championsvgc2026regma-1569|/choose m...bat 1, move solarbeam 1' [82 bytes]
DEBUG:websockets.client:< TEXT '>battle-gen9championsvgc2026regma-1569\n|\n|t:|...am\n|\n|upkeep\n|turn|2' [666 bytes]
DEBUG:websockets.client:< TEXT '>battle-gen9championsvgc2026regma-1569\n|\n|t:|...am\n|\n|upkeep\n|turn|2' [668 bytes]
DEBUG:websockets.client:< TEXT '>battle-gen9championsvgc2026regma-1569\n|reques...ing":false}]},"rqid":6}' [2166 bytes]
DEBUG:websockets.client:< TEXT '>battle-gen9championsvgc2026regma-1569\n|reques...ing":false}]},"rqid":7}' [1888 bytes]
INFO:player:Turn 2 [battle-gen9championsvgc2026regma-1569] value head win-prob: 0.225  (losing)
DEBUG:live_vgc_base:Turn 2 [battle-gen9championsvgc2026regma-1569] a0=0 a1=9 src=model opp_splice=on
DEBUG:websockets.client:> TEXT 'battle-gen9championsvgc2026regma-1569|/choose move encore 1, move icywind' [73 bytes]
DEBUG:vgc_base:Turn 2 [battle-gen9championsvgc2026regma-1569] a0=9 a1=9 src=max_damage g0=0 g1=0
DEBUG:websockets.client:> TEXT 'battle-gen9championsvgc2026regma-1569|/choose m...bat 1, move solarbeam 1' [82 bytes]
DEBUG:websockets.client:< TEXT '>battle-gen9championsvgc2026regma-1569\n|\n|t:|...rk|Illusion\n|\n|upkeep' [681 bytes]
DEBUG:websockets.client:< TEXT '>battle-gen9championsvgc2026regma-1569\n|\n|t:|...rk|Illusion\n|\n|upkeep' [682 bytes]
DEBUG:websockets.client:< TEXT '>battle-gen9championsvgc2026regma-1569\n|reques...oCancel":true,"rqid":8}' [1420 bytes]
DEBUG:websockets.client:< TEXT '>battle-gen9championsvgc2026regma-1569\n|reques...ing":false}]},"rqid":9}' [1452 bytes]
DEBUG:live_vgc_base:forceSwitch forced_switch_model [battle-gen9championsvgc2026regma-1569] turn 2 a0=13 a1=None opp_splice=on
DEBUG:websockets.client:> TEXT 'battle-gen9championsvgc2026regma-1569|/choose switch Ditto, pass' [64 bytes]
DEBUG:websockets.client:< TEXT '>battle-gen9championsvgc2026regma-1569\n|\n|t:|...lity: Imposter\n|turn|3' [164 bytes]
DEBUG:websockets.client:< TEXT '>battle-gen9championsvgc2026regma-1569\n|\n|t:|...lity: Imposter\n|turn|3' [164 bytes]
DEBUG:websockets.client:< TEXT '>battle-gen9championsvgc2026regma-1569\n|reques...ng":false}]},"rqid":10}' [2199 bytes]
DEBUG:websockets.client:< TEXT '>battle-gen9championsvgc2026regma-1569\n|reques...ng":false}]},"rqid":11}' [2224 bytes]
INFO:player:Turn 3 [battle-gen9championsvgc2026regma-1569] value head win-prob: 0.322  (losing)
DEBUG:live_vgc_base:Turn 3 [battle-gen9championsvgc2026regma-1569] a0=3 a1=9 src=model opp_splice=on
DEBUG:websockets.client:> TEXT 'battle-gen9championsvgc2026regma-1569|/choose move heatwave, move icywind' [73 bytes]
DEBUG:vgc_base:Turn 3 [battle-gen9championsvgc2026regma-1569] a0=9 a1=9 src=max_damage g0=0 g1=0
DEBUG:websockets.client:> TEXT 'battle-gen9championsvgc2026regma-1569|/choose m...bat 1, move solarbeam 1' [82 bytes]
DEBUG:websockets.client:< TEXT '>battle-gen9championsvgc2026regma-1569\n|\n|t:|...|Solar Beam\n|\n|upkeep' [646 bytes]
DEBUG:websockets.client:< TEXT '>battle-gen9championsvgc2026regma-1569\n|\n|t:|...|Solar Beam\n|\n|upkeep' [646 bytes]
DEBUG:websockets.client:< TEXT '>battle-gen9championsvgc2026regma-1569\n|reques...ng":false}]},"rqid":12}' [1426 bytes]
DEBUG:websockets.client:< TEXT '>battle-gen9championsvgc2026regma-1569\n|reques...Cancel":true,"rqid":13}' [1482 bytes]
DEBUG:vgc_base:forceSwitch [battle-gen9championsvgc2026regma-1569] force=[True, False] \u2192 /choose switch Basculegion / /choose pass
DEBUG:websockets.client:> TEXT 'battle-gen9championsvgc2026regma-1569|/choose switch Basculegion, pass' [70 bytes]
DEBUG:websockets.client:< TEXT '>battle-gen9championsvgc2026regma-1569\n|\n|t:|...L50, M|100/100\n|turn|4' [116 bytes]
DEBUG:websockets.client:< TEXT '>battle-gen9championsvgc2026regma-1569\n|\n|t:|...L50, M|197/197\n|turn|4' [116 bytes]
DEBUG:websockets.client:< TEXT '>battle-gen9championsvgc2026regma-1569\n|reques...ng":false}]},"rqid":15}' [1895 bytes]
DEBUG:websockets.client:< TEXT '>battle-gen9championsvgc2026regma-1569\n|reques...ng":false}]},"rqid":14}' [2198 bytes]
DEBUG:vgc_base:Turn 4 [battle-gen9championsvgc2026regma-1569] a0=3 a1=9 src=max_damage g0=0 g1=0
DEBUG:websockets.client:> TEXT 'battle-gen9championsvgc2026regma-1569|/choose m...ash 1, move solarbeam 1' [80 bytes]
INFO:player:Turn 4 [battle-gen9championsvgc2026regma-1569] value head win-prob: 0.085  (losing)
DEBUG:live_vgc_base:Turn 4 [battle-gen9championsvgc2026regma-1569] a0=3 a1=9 src=model opp_splice=on
DEBUG:websockets.client:> TEXT 'battle-gen9championsvgc2026regma-1569|/choose move heatwave, move icywind' [73 bytes]
DEBUG:websockets.client:< TEXT '>battle-gen9championsvgc2026regma-1569\n|\n|t:|...1b: Zoroark\n|\n|upkeep' [560 bytes]
DEBUG:websockets.client:< TEXT '>battle-gen9championsvgc2026regma-1569\n|\n|t:|...1b: Zoroark\n|\n|upkeep' [562 bytes]
DEBUG:websockets.client:< TEXT '>battle-gen9championsvgc2026regma-1569\n|reques...Cancel":true,"rqid":16}' [1417 bytes]
DEBUG:websockets.client:< TEXT '>battle-gen9championsvgc2026regma-1569\n|reques...ng":false}]},"rqid":17}' [1451 bytes]
DEBUG:vgc_base:forceSwitch slot 1: no available switch — '/choose default' (handled poke-env desync).
DEBUG:vgc_base:forceSwitch DIAG [battle-gen9championsvgc2026regma-1569] turn=4 slot=1 force=[True, True] available_switches=[['charizard'], ['charizard']] team=[sneasler(act=True,fnt=False,hp=1.0), charizard(act=False,fnt=False,hp=1.0), whimsicott(act=False,fnt=True,hp=0), basculegion(act=False,fnt=False,hp=1.0), zoroarkhisui(act=True,fnt=True,hp=0), ditto(act=True,fnt=True,hp=0)]
DEBUG:websockets.client:> TEXT 'battle-gen9championsvgc2026regma-1569|/choose default' [53 bytes]
DEBUG:websockets.client:< TEXT '>battle-gen9championsvgc2026regma-1569\n|\n|t:|...L50, M|168/168\n|turn|5' [112 bytes]
DEBUG:websockets.client:< TEXT '>battle-gen9championsvgc2026regma-1569\n|\n|t:|...L50, M|100/100\n|turn|5' [112 bytes]
DEBUG:websockets.client:< TEXT '>battle-gen9championsvgc2026regma-1569\n|reques...ng":false}]},"rqid":18}' [2183 bytes]
DEBUG:websockets.client:< TEXT '>battle-gen9championsvgc2026regma-1569\n|reques...ng":false}]},"rqid":19}' [2233 bytes]
INFO:player:Turn 5 [battle-gen9championsvgc2026regma-1569] value head win-prob: 0.054  (losing)
DEBUG:live_vgc_base:Turn 5 [battle-gen9championsvgc2026regma-1569] a0=0 a1=0 src=model opp_splice=on
DEBUG:vgc_base:_safe_order: action 0 slot 1 \u2192 None, scanning legal actions.
DEBUG:vgc_base:_safe_order: slot 1 has no decodable legal action — sending Pass.
DEBUG:websockets.client:> TEXT 'battle-gen9championsvgc2026regma-1569|/choose move heatwave mega, pass' [70 bytes]
DEBUG:vgc_base:Turn 5 [battle-gen9championsvgc2026regma-1569] a0=3 a1=9 src=max_damage g0=0 g1=0
DEBUG:websockets.client:> TEXT 'battle-gen9championsvgc2026regma-1569|/choose m...ash 1, move solarbeam 1' [80 bytes]
DEBUG:websockets.client:< TEXT '>battle-gen9championsvgc2026regma-1569\n|\n|t:|...Recoil\n|\n|win|OPmax_2' [576 bytes]
DEBUG:websockets.client:< TEXT '>battle-gen9championsvgc2026regma-1569\n|\n|t:|...Recoil\n|\n|win|OPmax_2' [576 bytes]
DEBUG:websockets.client:< TEXT '|updatesearch|{"searching":[],"games":{"battle-... 2026 Reg M-A Battle"}}' [124 bytes]
INFO:vgc_base:Battle battle-gen9championsvgc2026regma-1569 finished — outcome: LOSS  (W/L/D so far: 1/1/0)
DEBUG:websockets.client:> TEXT '|/leave battle-gen9championsvgc2026regma-1569' [45 bytes]
DEBUG:websockets.client:< TEXT '|updatesearch|{"searching":[],"games":{"battle-... 2026 Reg M-A Battle"}}' [124 bytes]
DEBUG:websockets.client:> TEXT 'battle-gen9championsvgc2026regma-1570|/rejectopenteamsheets' [59 bytes]
INFO:vgc_base:Battle battle-gen9championsvgc2026regma-1569 finished — outcome: WIN  (W/L/D so far: 1/1/0)
DEBUG:websockets.client:> TEXT '|/leave battle-gen9championsvgc2026regma-1569' [45 bytes]
DEBUG:websockets.client:> TEXT '|/utm Sneasler||whiteherb|unburden|fakeout,dire...Naive|32,2,,,,32||||50|' [550 bytes]
DEBUG:websockets.client:> TEXT '|/challenge opmax2, gen9championsvgc2026regma' [45 bytes]
DEBUG:websockets.client:> TEXT 'battle-gen9championsvgc2026regma-1570|/rejectopenteamsheets' [59 bytes]
DEBUG:websockets.client:< TEXT '>battle-gen9championsvgc2026regma-1569\n|deinit' [46 bytes]
DEBUG:websockets.client:< TEXT '>battle-gen9championsvgc2026regma-1569\n|l|\u2606BC2' [48 bytes]
DEBUG:websockets.client:< TEXT '>battle-gen9championsvgc2026regma-1570\n|uhtmlchange|otsrequest|' [63 bytes]
DEBUG:websockets.client:< TEXT '>battle-gen9championsvgc2026regma-1570\nBC2 rejected open team sheets.' [69 bytes]
DEBUG:websockets.client:< TEXT '>battle-gen9championsvgc2026regma-1570\n|uhtmlchange|otsrequest|' [63 bytes]
DEBUG:websockets.client:< TEXT '>battle-gen9championsvgc2026regma-1570\nBC2 rejected open team sheets.' [69 bytes]
DEBUG:websockets.client:< TEXT '>battle-gen9championsvgc2026regma-1569\n|deinit' [46 bytes]
DEBUG:websockets.client:< TEXT '>battle-gen9championsvgc2026regma-1570\n|uhtmlchange|otsrequest|' [63 bytes]
DEBUG:websockets.client:< TEXT '>battle-gen9championsvgc2026regma-1570\n|uhtmlchange|otsrequest|' [63 bytes]
DEBUG:websockets.client:< TEXT '>battle-gen9championsvgc2026regma-1570\nOPmax_2...ected open team sheets.' [73 bytes]
DEBUG:websockets.client:< TEXT '>battle-gen9championsvgc2026regma-1570\nOPmax_2...ected open team sheets.' [73 bytes]
INFO:player:Team-preview [battle-gen9championsvgc2026regma-1570] NET drove: bring=['whimsicott', 'zoroarkhisui', 'ditto', 'charizardmegay'] leads=['whimsicott', 'zoroarkhisui'] (vs opp ['sneasler', 'charizard', 'whimsicott', 'basculegion', 'zoroarkhisui', 'ditto'])
INFO:vgc_base:Teampreview [battle-gen9championsvgc2026regma-1570] \u2192 /team 3562  (whimsicott, zoroarkhisui, ditto, charizardmegay)
DEBUG:websockets.client:> TEXT 'battle-gen9championsvgc2026regma-1570|/team 3562' [48 bytes]
DEBUG:vgc_base:Teampreview: first-4 roster order \u2192 ['sneasler', 'charizardmegay', 'whimsicott', 'basculegion']
INFO:vgc_base:Teampreview [battle-gen9championsvgc2026regma-1570] \u2192 /team 1234  (sneasler, charizardmegay, whimsicott, basculegion)
DEBUG:websockets.client:> TEXT 'battle-gen9championsvgc2026regma-1570|/team 1234' [48 bytes]
DEBUG:websockets.client:< TEXT '|pm| BC2| OPmax_2|/challenge gen9championsvgc20...hampionsvgc2026regma|||' [83 bytes]
DEBUG:websockets.client:< TEXT '|pm| BC2| OPmax_2|/challenge gen9championsvgc20...hampionsvgc2026regma|||' [83 bytes]
DEBUG:websockets.client:< TEXT '|pm| BC2| OPmax_2|/log BC2 wants to battle!' [43 bytes]
DEBUG:websockets.client:< TEXT '|pm| BC2| OPmax_2|/log BC2 wants to battle!' [43 bytes]
DEBUG:websockets.client:> TEXT '|/utm Sneasler||whiteherb|unburden|fakeout,dire...Naive|32,2,,,,32||||50|' [550 bytes]
DEBUG:websockets.client:> TEXT '|/accept bc2' [12 bytes]
DEBUG:websockets.client:< TEXT '>battle-gen9championsvgc2026regma-1570\n|\n|t:|...L50, F|100/100\n|turn|1' [321 bytes]
DEBUG:websockets.client:< TEXT '>battle-gen9championsvgc2026regma-1570\n|\n|t:|...L50, F|168/168\n|turn|1' [321 bytes]
DEBUG:websockets.client:< TEXT '>battle-gen9championsvgc2026regma-1570\n|reques...ing":false}]},"rqid":4}' [2167 bytes]
DEBUG:websockets.client:< TEXT '>battle-gen9championsvgc2026regma-1570\n|reques...ing":false}]},"rqid":5}' [2236 bytes]
DEBUG:websockets.client:< TEXT '|pm| OPmax_2| BC2|/challenge' [28 bytes]
INFO:player:Turn 1 [battle-gen9championsvgc2026regma-1570] value head win-prob: 0.351  (losing)
DEBUG:live_vgc_base:Turn 1 [battle-gen9championsvgc2026regma-1570] a0=0 a1=9 src=model opp_splice=on
DEBUG:websockets.client:> TEXT 'battle-gen9championsvgc2026regma-1570|/choose move encore 1, move icywind' [73 bytes]
DEBUG:websockets.client:< TEXT '|pm| OPmax_2| BC2|/challenge' [28 bytes]
DEBUG:websockets.client:< TEXT '|updatesearch|{"searching":[],"games":{"battle-... 2026 Reg M-A Battle"}}' [124 bytes]
DEBUG:websockets.client:< TEXT '|updatesearch|{"searching":[],"games":{"battle-... 2026 Reg M-A Battle"}}' [124 bytes]
DEBUG:websockets.client:< TEXT '|updatesearch|{"searching":[],"games":{"battle-... 2026 Reg M-A Battle"}}' [208 bytes]
DEBUG:websockets.client:< TEXT '|updatesearch|{"searching":[],"games":{"battle-... 2026 Reg M-A Battle"}}' [208 bytes]
DEBUG:websockets.client:< TEXT '|updatesearch|{"searching":[],"games":{"battle-... 2026 Reg M-A Battle"}}' [208 bytes]
DEBUG:websockets.client:< TEXT '>battle-gen9championsvgc2026regma-1571\n|init|b...n|j|\u2606BC2\n|j|\u2606OPmax_2\n' [99 bytes]
DEBUG:websockets.client:< TEXT '|pm| OPmax_2| BC2|/nonotify OPmax_2 accepted th...26regma-1571</a>&raquo;' [173 bytes]
DEBUG:websockets.client:< TEXT '>battle-gen9championsvgc2026regma-1571\n|t:|1781642375\n|gametype|doubles' [71 bytes]
DEBUG:websockets.client:< TEXT '>battle-gen9championsvgc2026regma-1571\n|player|p1|BC2|102|' [58 bytes]
DEBUG:websockets.client:< TEXT '>battle-gen9championsvgc2026regma-1571\n|player...heets</strong></button>' [855 bytes]
DEBUG:websockets.client:< TEXT '>battle-gen9championsvgc2026regma-1571\n|reques...ing":false}]},"rqid":3}' [2097 bytes]
DEBUG:vgc_base:Turn 1 [battle-gen9championsvgc2026regma-1570] a0=9 a1=9 src=max_damage g0=0 g1=0
DEBUG:websockets.client:> TEXT 'battle-gen9championsvgc2026regma-1570|/choose m...bat 1, move solarbeam 1' [82 bytes]
DEBUG:websockets.client:< TEXT '|updatesearch|{"searching":[],"games":{"battle-... 2026 Reg M-A Battle"}}' [208 bytes]
DEBUG:websockets.client:< TEXT '>battle-gen9championsvgc2026regma-1571\n|init|b... vs. OPmax_2\n|j|\u2606BC2\n' [85 bytes]
DEBUG:websockets.client:< TEXT '>battle-gen9championsvgc2026regma-1571\n|j|\u2606OPmax_2' [52 bytes]
DEBUG:websockets.client:< TEXT '|pm| OPmax_2| BC2|/nonotify OPmax_2 accepted th...26regma-1571</a>&raquo;' [173 bytes]
DEBUG:websockets.client:< TEXT '>battle-gen9championsvgc2026regma-1571\n|t:|1781642375\n|gametype|doubles' [71 bytes]
DEBUG:websockets.client:< TEXT '>battle-gen9championsvgc2026regma-1571\n|player|p1|BC2|102|' [58 bytes]
DEBUG:websockets.client:< TEXT '>battle-gen9championsvgc2026regma-1571\n|player...heets</strong></button>' [855 bytes]
DEBUG:websockets.client:< TEXT '>battle-gen9championsvgc2026regma-1571\n|reques...ing":false}]},"rqid":2}' [2093 bytes]
DEBUG:websockets.client:< TEXT '>battle-gen9championsvgc2026regma-1570\n|\n|t:|...am\n|\n|upkeep\n|turn|2' [643 bytes]
DEBUG:websockets.client:< TEXT '>battle-gen9championsvgc2026regma-1570\n|\n|t:|...am\n|\n|upkeep\n|turn|2' [645 bytes]
DEBUG:websockets.client:< TEXT '>battle-gen9championsvgc2026regma-1570\n|reques...ing":false}]},"rqid":6}' [2166 bytes]
DEBUG:websockets.client:< TEXT '>battle-gen9championsvgc2026regma-1570\n|reques...ing":false}]},"rqid":7}' [1888 bytes]
INFO:player:Turn 2 [battle-gen9championsvgc2026regma-1570] value head win-prob: 0.270  (losing)
DEBUG:live_vgc_base:Turn 2 [battle-gen9championsvgc2026regma-1570] a0=0 a1=9 src=model opp_splice=on
DEBUG:websockets.client:> TEXT 'battle-gen9championsvgc2026regma-1570|/choose move encore 1, move icywind' [73 bytes]
DEBUG:vgc_base:Turn 2 [battle-gen9championsvgc2026regma-1570] a0=9 a1=9 src=max_damage g0=0 g1=0
DEBUG:websockets.client:> TEXT 'battle-gen9championsvgc2026regma-1570|/choose m...bat 1, move solarbeam 1' [82 bytes]
DEBUG:websockets.client:< TEXT '>battle-gen9championsvgc2026regma-1570\n|\n|t:|... Whimsicott\n|\n|upkeep' [639 bytes]
DEBUG:websockets.client:< TEXT '>battle-gen9championsvgc2026regma-1570\n|\n|t:|... Whimsicott\n|\n|upkeep' [640 bytes]
DEBUG:websockets.client:< TEXT '>battle-gen9championsvgc2026regma-1570\n|reques...oCancel":true,"rqid":8}' [1421 bytes]
DEBUG:websockets.client:< TEXT '>battle-gen9championsvgc2026regma-1570\n|reques...ing":false}]},"rqid":9}' [1452 bytes]
DEBUG:live_vgc_base:forceSwitch forced_switch_model [battle-gen9championsvgc2026regma-1570] turn 2 a0=13 a1=None opp_splice=on
DEBUG:websockets.client:> TEXT 'battle-gen9championsvgc2026regma-1570|/choose switch Ditto, pass' [64 bytes]
DEBUG:websockets.client:< TEXT '>battle-gen9championsvgc2026regma-1570\n|\n|t:|...lity: Imposter\n|turn|3' [164 bytes]
DEBUG:websockets.client:< TEXT '>battle-gen9championsvgc2026regma-1570\n|\n|t:|...lity: Imposter\n|turn|3' [164 bytes]
DEBUG:websockets.client:< TEXT '>battle-gen9championsvgc2026regma-1570\n|reques...ng":false}]},"rqid":10}' [2200 bytes]
DEBUG:websockets.client:< TEXT '>battle-gen9championsvgc2026regma-1570\n|reques...ng":false}]},"rqid":11}' [2224 bytes]
DEBUG:vgc_base:Turn 3 [battle-gen9championsvgc2026regma-1570] a0=9 a1=9 src=max_damage g0=0 g1=0
DEBUG:websockets.client:> TEXT 'battle-gen9championsvgc2026regma-1570|/choose m...bat 1, move solarbeam 1' [82 bytes]
INFO:player:Turn 3 [battle-gen9championsvgc2026regma-1570] value head win-prob: 0.525  (even)
DEBUG:live_vgc_base:Turn 3 [battle-gen9championsvgc2026regma-1570] a0=3 a1=9 src=model opp_splice=on
DEBUG:websockets.client:> TEXT 'battle-gen9championsvgc2026regma-1570|/choose move heatwave, move icywind' [73 bytes]
DEBUG:websockets.client:< TEXT '>battle-gen9championsvgc2026regma-1570\n|\n|t:|...|Solar Beam\n|\n|upkeep' [648 bytes]
DEBUG:websockets.client:< TEXT '>battle-gen9championsvgc2026regma-1570\n|\n|t:|...|Solar Beam\n|\n|upkeep' [647 bytes]
DEBUG:websockets.client:< TEXT '>battle-gen9championsvgc2026regma-1570\n|reques...ng":false}]},"rqid":12}' [1427 bytes]
DEBUG:websockets.client:< TEXT '>battle-gen9championsvgc2026regma-1570\n|reques...Cancel":true,"rqid":13}' [1482 bytes]
DEBUG:vgc_base:forceSwitch [battle-gen9championsvgc2026regma-1570] force=[True, False] \u2192 /choose switch Whimsicott / /choose pass
DEBUG:websockets.client:> TEXT 'battle-gen9championsvgc2026regma-1570|/choose switch Whimsicott, pass' [69 bytes]
DEBUG:websockets.client:< TEXT '>battle-gen9championsvgc2026regma-1570\n|\n|t:|...L50, M|100/100\n|turn|4' [114 bytes]
DEBUG:websockets.client:< TEXT '>battle-gen9championsvgc2026regma-1570\n|\n|t:|...L50, M|137/137\n|turn|4' [114 bytes]
DEBUG:websockets.client:< TEXT '>battle-gen9championsvgc2026regma-1570\n|reques...ng":false}]},"rqid":14}' [2199 bytes]
DEBUG:websockets.client:< TEXT '>battle-gen9championsvgc2026regma-1570\n|reques...ng":false}]},"rqid":15}' [1899 bytes]
DEBUG:vgc_base:Turn 4 [battle-gen9championsvgc2026regma-1570] a0=6 a1=9 src=max_damage g0=0 g1=0
DEBUG:websockets.client:> TEXT 'battle-gen9championsvgc2026regma-1570|/choose m...ast 1, move solarbeam 1' [80 bytes]
INFO:player:Turn 4 [battle-gen9championsvgc2026regma-1570] value head win-prob: 0.167  (losing)
DEBUG:live_vgc_base:Turn 4 [battle-gen9championsvgc2026regma-1570] a0=3 a1=9 src=model opp_splice=on
DEBUG:websockets.client:> TEXT 'battle-gen9championsvgc2026regma-1570|/choose move heatwave, move icywind' [73 bytes]
DEBUG:websockets.client:< TEXT '>battle-gen9championsvgc2026regma-1570\n|\n|t:|...: Charizard\n|\n|upkeep' [612 bytes]
DEBUG:websockets.client:< TEXT '>battle-gen9championsvgc2026regma-1570\n|\n|t:|...: Charizard\n|\n|upkeep' [612 bytes]
DEBUG:websockets.client:< TEXT '>battle-gen9championsvgc2026regma-1570\n|reques...ng":false}]},"rqid":16}' [1427 bytes]
DEBUG:websockets.client:< TEXT '>battle-gen9championsvgc2026regma-1570\n|reques...Cancel":true,"rqid":17}' [1471 bytes]
DEBUG:vgc_base:forceSwitch [battle-gen9championsvgc2026regma-1570] force=[False, True] \u2192 /choose pass / /choose switch Basculegion
DEBUG:websockets.client:> TEXT 'battle-gen9championsvgc2026regma-1570|/choose pass, switch Basculegion' [70 bytes]
DEBUG:websockets.client:< TEXT '>battle-gen9championsvgc2026regma-1570\n|\n|t:|...L50, M|100/100\n|turn|5' [116 bytes]
DEBUG:websockets.client:< TEXT '>battle-gen9championsvgc2026regma-1570\n|\n|t:|...L50, M|197/197\n|turn|5' [116 bytes]
DEBUG:websockets.client:< TEXT '>battle-gen9championsvgc2026regma-1570\n|reques...ng":false}]},"rqid":18}' [2199 bytes]
DEBUG:websockets.client:< TEXT '>battle-gen9championsvgc2026regma-1570\n|reques...ng":false}]},"rqid":19}' [2201 bytes]
INFO:player:Turn 5 [battle-gen9championsvgc2026regma-1570] value head win-prob: 0.375  (losing)
DEBUG:live_vgc_base:Turn 5 [battle-gen9championsvgc2026regma-1570] a0=12 a1=9 src=model opp_splice=on
DEBUG:websockets.client:> TEXT 'battle-gen9championsvgc2026regma-1570|/choose s...Charizard, move icywind' [76 bytes]
DEBUG:vgc_base:Turn 5 [battle-gen9championsvgc2026regma-1570] a0=6 a1=3 src=max_damage g0=0 g1=0
DEBUG:websockets.client:> TEXT 'battle-gen9championsvgc2026regma-1570|/choose m...ast 1, move wavecrash 1' [80 bytes]
DEBUG:websockets.client:< TEXT ">battle-gen9championsvgc2026regma-1570\n|error|...ch to an active Pokémon" [115 bytes]
INFO:player:Turn 5 [battle-gen9championsvgc2026regma-1570] value head win-prob: 0.375  (losing)
WARNING:live_vgc_base:Turn 5 [battle-gen9championsvgc2026regma-1570] order REJECTED by Showdown — perturbing to a fresh legal action (src=retry). The model did NOT drive this slot.
DEBUG:live_vgc_base:Turn 5 [battle-gen9championsvgc2026regma-1570] a0=7 a1=5 src=retry opp_splice=on
DEBUG:websockets.client:> TEXT 'battle-gen9championsvgc2026regma-1570|/choose m...l 2, move shadowball -1' [84 bytes]
DEBUG:websockets.client:< TEXT '>battle-gen9championsvgc2026regma-1570\n|\n|t:|...rom] Recoil\n|\n|upkeep' [508 bytes]
DEBUG:websockets.client:< TEXT '>battle-gen9championsvgc2026regma-1570\n|\n|t:|...rom] Recoil\n|\n|upkeep' [509 bytes]
DEBUG:websockets.client:< TEXT '>battle-gen9championsvgc2026regma-1570\n|reques...Cancel":true,"rqid":20}' [1409 bytes]
DEBUG:websockets.client:< TEXT '>battle-gen9championsvgc2026regma-1570\n|reques...ng":false}]},"rqid":21}' [1440 bytes]
DEBUG:live_vgc_base:forceSwitch forced_switch_model [battle-gen9championsvgc2026regma-1570] turn 5 a0=12 a1=None opp_splice=on
DEBUG:websockets.client:> TEXT 'battle-gen9championsvgc2026regma-1570|/choose switch Charizard, pass' [68 bytes]
DEBUG:websockets.client:< TEXT '>battle-gen9championsvgc2026regma-1570\n|\n|t:|...L50, M|168/168\n|turn|6' [112 bytes]
DEBUG:websockets.client:< TEXT '>battle-gen9championsvgc2026regma-1570\n|\n|t:|...L50, M|100/100\n|turn|6' [112 bytes]
DEBUG:websockets.client:< TEXT '>battle-gen9championsvgc2026regma-1570\n|reques...ng":false}]},"rqid":22}' [2174 bytes]
DEBUG:websockets.client:< TEXT '>battle-gen9championsvgc2026regma-1570\n|reques...ng":false}]},"rqid":23}' [2201 bytes]
INFO:player:Turn 6 [battle-gen9championsvgc2026regma-1570] value head win-prob: 0.033  (losing)
DEBUG:live_vgc_base:Turn 6 [battle-gen9championsvgc2026regma-1570] a0=0 a1=0 src=model opp_splice=on
DEBUG:websockets.client:> TEXT 'battle-gen9championsvgc2026regma-1570|/choose m...e mega, move hypervoice' [81 bytes]
DEBUG:vgc_base:Turn 6 [battle-gen9championsvgc2026regma-1570] a0=6 a1=3 src=max_damage g0=0 g1=0
DEBUG:websockets.client:> TEXT 'battle-gen9championsvgc2026regma-1570|/choose m...ast 1, move wavecrash 1' [80 bytes]
DEBUG:websockets.client:< TEXT '>battle-gen9championsvgc2026regma-1570\n|\n|t:|...keep]\n|upkeep\n|turn|7' [805 bytes]
DEBUG:websockets.client:< TEXT '>battle-gen9championsvgc2026regma-1570\n|\n|t:|...keep]\n|upkeep\n|turn|7' [805 bytes]
DEBUG:websockets.client:< TEXT '>battle-gen9championsvgc2026regma-1570\n|reques...ng":false}]},"rqid":24}' [2156 bytes]
DEBUG:websockets.client:< TEXT '>battle-gen9championsvgc2026regma-1570\n|reques...ng":false}]},"rqid":25}' [2199 bytes]
DEBUG:vgc_base:Turn 7 [battle-gen9championsvgc2026regma-1570] a0=0 a1=4 src=max_damage g0=0 g1=0
DEBUG:vgc_base:_safe_order: action 0 slot 0 \u2192 None, scanning legal actions.
DEBUG:vgc_base:_safe_order: slot 0 has no decodable legal action — sending Pass.
DEBUG:websockets.client:> TEXT 'battle-gen9championsvgc2026regma-1570|/choose pass, move wavecrash 2' [68 bytes]
INFO:player:Turn 7 [battle-gen9championsvgc2026regma-1570] value head win-prob: 0.408  (losing)
DEBUG:live_vgc_base:Turn 7 [battle-gen9championsvgc2026regma-1570] a0=0 a1=0 src=model opp_splice=on
DEBUG:vgc_base:_safe_order: action 0 slot 0 \u2192 None, scanning legal actions.
DEBUG:vgc_base:_safe_order: slot 0 has no decodable legal action — sending Pass.
DEBUG:websockets.client:> TEXT 'battle-gen9championsvgc2026regma-1570|/choose pass, move hypervoice' [67 bytes]
DEBUG:websockets.client:< TEXT '>battle-gen9championsvgc2026regma-1570\n|\n|t:|...Recoil\n|\n|win|OPmax_2' [285 bytes]
DEBUG:websockets.client:< TEXT '>battle-gen9championsvgc2026regma-1570\n|\n|t:|...Recoil\n|\n|win|OPmax_2' [286 bytes]
INFO:vgc_base:Battle battle-gen9championsvgc2026regma-1570 finished — outcome: LOSS  (W/L/D so far: 1/2/0)
DEBUG:websockets.client:> TEXT '|/leave battle-gen9championsvgc2026regma-1570' [45 bytes]
DEBUG:websockets.client:< TEXT '|updatesearch|{"searching":[],"games":{"battle-... 2026 Reg M-A Battle"}}' [124 bytes]
DEBUG:websockets.client:< TEXT '|updatesearch|{"searching":[],"games":{"battle-... 2026 Reg M-A Battle"}}' [124 bytes]
DEBUG:websockets.client:> TEXT 'battle-gen9championsvgc2026regma-1571|/rejectopenteamsheets' [59 bytes]
INFO:vgc_base:Battle battle-gen9championsvgc2026regma-1570 finished — outcome: WIN  (W/L/D so far: 2/1/0)
DEBUG:websockets.client:> TEXT '|/leave battle-gen9championsvgc2026regma-1570' [45 bytes]
DEBUG:websockets.client:> TEXT '|/utm Sneasler||whiteherb|unburden|fakeout,dire...Naive|32,2,,,,32||||50|' [550 bytes]
DEBUG:websockets.client:> TEXT '|/challenge opmax2, gen9championsvgc2026regma' [45 bytes]
DEBUG:websockets.client:> TEXT 'battle-gen9championsvgc2026regma-1571|/rejectopenteamsheets' [59 bytes]
DEBUG:websockets.client:< TEXT '>battle-gen9championsvgc2026regma-1570\n|deinit' [46 bytes]
DEBUG:websockets.client:< TEXT '>battle-gen9championsvgc2026regma-1570\n|l|\u2606BC2' [48 bytes]
DEBUG:websockets.client:< TEXT '>battle-gen9championsvgc2026regma-1571\n|uhtmlchange|otsrequest|' [63 bytes]
DEBUG:websockets.client:< TEXT '>battle-gen9championsvgc2026regma-1571\nBC2 rejected open team sheets.' [69 bytes]
DEBUG:websockets.client:< TEXT '>battle-gen9championsvgc2026regma-1571\n|uhtmlchange|otsrequest|' [63 bytes]
DEBUG:websockets.client:< TEXT '>battle-gen9championsvgc2026regma-1571\nBC2 rejected open team sheets.' [69 bytes]
DEBUG:websockets.client:< TEXT '>battle-gen9championsvgc2026regma-1570\n|deinit' [46 bytes]
DEBUG:websockets.client:< TEXT '>battle-gen9championsvgc2026regma-1571\n|uhtmlchange|otsrequest|' [63 bytes]
DEBUG:websockets.client:< TEXT '>battle-gen9championsvgc2026regma-1571\n|uhtmlchange|otsrequest|' [63 bytes]
DEBUG:websockets.client:< TEXT '>battle-gen9championsvgc2026regma-1571\nOPmax_2...ected open team sheets.' [73 bytes]
DEBUG:websockets.client:< TEXT '>battle-gen9championsvgc2026regma-1571\nOPmax_2...ected open team sheets.' [73 bytes]
INFO:player:Team-preview [battle-gen9championsvgc2026regma-1571] NET drove: bring=['whimsicott', 'zoroarkhisui', 'ditto', 'charizardmegay'] leads=['whimsicott', 'zoroarkhisui'] (vs opp ['sneasler', 'charizard', 'whimsicott', 'basculegion', 'zoroarkhisui', 'ditto'])
INFO:vgc_base:Teampreview [battle-gen9championsvgc2026regma-1571] \u2192 /team 3562  (whimsicott, zoroarkhisui, ditto, charizardmegay)
DEBUG:websockets.client:> TEXT 'battle-gen9championsvgc2026regma-1571|/team 3562' [48 bytes]
DEBUG:vgc_base:Teampreview: first-4 roster order \u2192 ['sneasler', 'charizardmegay', 'whimsicott', 'basculegion']
INFO:vgc_base:Teampreview [battle-gen9championsvgc2026regma-1571] \u2192 /team 1234  (sneasler, charizardmegay, whimsicott, basculegion)
DEBUG:websockets.client:> TEXT 'battle-gen9championsvgc2026regma-1571|/team 1234' [48 bytes]
DEBUG:websockets.client:< TEXT '|pm| BC2| OPmax_2|/challenge gen9championsvgc20...hampionsvgc2026regma|||' [83 bytes]
DEBUG:websockets.client:< TEXT '|pm| BC2| OPmax_2|/challenge gen9championsvgc20...hampionsvgc2026regma|||' [83 bytes]
DEBUG:websockets.client:< TEXT '|pm| BC2| OPmax_2|/log BC2 wants to battle!' [43 bytes]
DEBUG:websockets.client:< TEXT '|pm| BC2| OPmax_2|/log BC2 wants to battle!' [43 bytes]
DEBUG:websockets.client:> TEXT '|/utm Sneasler||whiteherb|unburden|fakeout,dire...Naive|32,2,,,,32||||50|' [550 bytes]
DEBUG:websockets.client:> TEXT '|/accept bc2' [12 bytes]
DEBUG:websockets.client:< TEXT '>battle-gen9championsvgc2026regma-1571\n|\n|t:|...L50, M|100/100\n|turn|1' [321 bytes]
DEBUG:websockets.client:< TEXT '>battle-gen9championsvgc2026regma-1571\n|\n|t:|...L50, M|168/168\n|turn|1' [321 bytes]
DEBUG:websockets.client:< TEXT '>battle-gen9championsvgc2026regma-1571\n|reques...ing":false}]},"rqid":4}' [2167 bytes]
DEBUG:websockets.client:< TEXT '>battle-gen9championsvgc2026regma-1571\n|reques...ing":false}]},"rqid":5}' [2236 bytes]
INFO:player:Turn 1 [battle-gen9championsvgc2026regma-1571] value head win-prob: 0.351  (losing)
DEBUG:live_vgc_base:Turn 1 [battle-gen9championsvgc2026regma-1571] a0=0 a1=9 src=model opp_splice=on
DEBUG:websockets.client:> TEXT 'battle-gen9championsvgc2026regma-1571|/choose move encore 1, move icywind' [73 bytes]
DEBUG:vgc_base:Turn 1 [battle-gen9championsvgc2026regma-1571] a0=9 a1=9 src=max_damage g0=0 g1=0
DEBUG:websockets.client:> TEXT 'battle-gen9championsvgc2026regma-1571|/choose m...bat 1, move solarbeam 1' [82 bytes]
DEBUG:websockets.client:< TEXT '|pm| OPmax_2| BC2|/challenge' [28 bytes]
DEBUG:websockets.client:< TEXT '|pm| OPmax_2| BC2|/challenge' [28 bytes]
DEBUG:websockets.client:< TEXT '|updatesearch|{"searching":[],"games":{"battle-... 2026 Reg M-A Battle"}}' [124 bytes]
DEBUG:websockets.client:< TEXT '|updatesearch|{"searching":[],"games":{"battle-... 2026 Reg M-A Battle"}}' [208 bytes]
DEBUG:websockets.client:< TEXT '|updatesearch|{"searching":[],"games":{"battle-... 2026 Reg M-A Battle"}}' [208 bytes]
DEBUG:websockets.client:< TEXT '>battle-gen9championsvgc2026regma-1572\n|init|b...n|j|\u2606BC2\n|j|\u2606OPmax_2\n' [99 bytes]
DEBUG:websockets.client:< TEXT '|pm| OPmax_2| BC2|/nonotify OPmax_2 accepted th...26regma-1572</a>&raquo;' [173 bytes]
DEBUG:websockets.client:< TEXT '>battle-gen9championsvgc2026regma-1572\n|t:|1781642375\n|gametype|doubles' [71 bytes]
DEBUG:websockets.client:< TEXT '>battle-gen9championsvgc2026regma-1572\n|player|p1|BC2|102|' [58 bytes]
DEBUG:websockets.client:< TEXT '>battle-gen9championsvgc2026regma-1572\n|player...heets</strong></button>' [855 bytes]
DEBUG:websockets.client:< TEXT '>battle-gen9championsvgc2026regma-1572\n|reques...ing":false}]},"rqid":3}' [2097 bytes]
DEBUG:websockets.client:< TEXT '|updatesearch|{"searching":[],"games":{"battle-... 2026 Reg M-A Battle"}}' [124 bytes]
DEBUG:websockets.client:< TEXT '|updatesearch|{"searching":[],"games":{"battle-... 2026 Reg M-A Battle"}}' [208 bytes]
DEBUG:websockets.client:< TEXT '|updatesearch|{"searching":[],"games":{"battle-... 2026 Reg M-A Battle"}}' [208 bytes]
DEBUG:websockets.client:< TEXT '>battle-gen9championsvgc2026regma-1572\n|init|b... vs. OPmax_2\n|j|\u2606BC2\n' [85 bytes]
DEBUG:websockets.client:< TEXT '>battle-gen9championsvgc2026regma-1572\n|j|\u2606OPmax_2' [52 bytes]
DEBUG:websockets.client:< TEXT '|pm| OPmax_2| BC2|/nonotify OPmax_2 accepted th...26regma-1572</a>&raquo;' [173 bytes]
DEBUG:websockets.client:< TEXT '>battle-gen9championsvgc2026regma-1572\n|t:|1781642375\n|gametype|doubles' [71 bytes]
DEBUG:websockets.client:< TEXT '>battle-gen9championsvgc2026regma-1572\n|player|p1|BC2|102|' [58 bytes]
DEBUG:websockets.client:< TEXT '>battle-gen9championsvgc2026regma-1572\n|player...heets</strong></button>' [855 bytes]
DEBUG:websockets.client:< TEXT '>battle-gen9championsvgc2026regma-1572\n|reques...ing":false}]},"rqid":2}' [2093 bytes]
DEBUG:websockets.client:< TEXT '>battle-gen9championsvgc2026regma-1571\n|\n|t:|...am\n|\n|upkeep\n|turn|2' [664 bytes]
DEBUG:websockets.client:< TEXT '>battle-gen9championsvgc2026regma-1571\n|\n|t:|...am\n|\n|upkeep\n|turn|2' [666 bytes]
DEBUG:websockets.client:< TEXT '>battle-gen9championsvgc2026regma-1571\n|reques...ing":false}]},"rqid":6}' [2166 bytes]
DEBUG:websockets.client:< TEXT '>battle-gen9championsvgc2026regma-1571\n|reques...ing":false}]},"rqid":7}' [1888 bytes]
INFO:player:Turn 2 [battle-gen9championsvgc2026regma-1571] value head win-prob: 0.292  (losing)
DEBUG:live_vgc_base:Turn 2 [battle-gen9championsvgc2026regma-1571] a0=0 a1=9 src=model opp_splice=on
DEBUG:websockets.client:> TEXT 'battle-gen9championsvgc2026regma-1571|/choose move encore 1, move icywind' [73 bytes]
DEBUG:vgc_base:Turn 2 [battle-gen9championsvgc2026regma-1571] a0=9 a1=9 src=max_damage g0=0 g1=0
DEBUG:websockets.client:> TEXT 'battle-gen9championsvgc2026regma-1571|/choose m...bat 1, move solarbeam 1' [82 bytes]
DEBUG:websockets.client:< TEXT '>battle-gen9championsvgc2026regma-1571\n|\n|t:|... Whimsicott\n|\n|upkeep' [639 bytes]
DEBUG:websockets.client:< TEXT '>battle-gen9championsvgc2026regma-1571\n|\n|t:|... Whimsicott\n|\n|upkeep' [640 bytes]
DEBUG:websockets.client:< TEXT '>battle-gen9championsvgc2026regma-1571\n|reques...oCancel":true,"rqid":8}' [1421 bytes]
DEBUG:websockets.client:< TEXT '>battle-gen9championsvgc2026regma-1571\n|reques...ing":false}]},"rqid":9}' [1452 bytes]
DEBUG:live_vgc_base:forceSwitch forced_switch_model [battle-gen9championsvgc2026regma-1571] turn 2 a0=13 a1=None opp_splice=on
DEBUG:websockets.client:> TEXT 'battle-gen9championsvgc2026regma-1571|/choose switch Ditto, pass' [64 bytes]
DEBUG:websockets.client:< TEXT '>battle-gen9championsvgc2026regma-1571\n|\n|t:|...lity: Imposter\n|turn|3' [164 bytes]
DEBUG:websockets.client:< TEXT '>battle-gen9championsvgc2026regma-1571\n|\n|t:|...lity: Imposter\n|turn|3' [164 bytes]
DEBUG:websockets.client:< TEXT '>battle-gen9championsvgc2026regma-1571\n|reques...ng":false}]},"rqid":10}' [2200 bytes]
DEBUG:websockets.client:< TEXT '>battle-gen9championsvgc2026regma-1571\n|reques...ng":false}]},"rqid":11}' [2224 bytes]
INFO:player:Turn 3 [battle-gen9championsvgc2026regma-1571] value head win-prob: 0.553  (winning)
DEBUG:live_vgc_base:Turn 3 [battle-gen9championsvgc2026regma-1571] a0=3 a1=9 src=model opp_splice=on
DEBUG:websockets.client:> TEXT 'battle-gen9championsvgc2026regma-1571|/choose move heatwave, move icywind' [73 bytes]
DEBUG:vgc_base:Turn 3 [battle-gen9championsvgc2026regma-1571] a0=9 a1=9 src=max_damage g0=0 g1=0
DEBUG:websockets.client:> TEXT 'battle-gen9championsvgc2026regma-1571|/choose m...bat 1, move solarbeam 1' [82 bytes]
DEBUG:websockets.client:< TEXT '>battle-gen9championsvgc2026regma-1571\n|\n|t:|...|Solar Beam\n|\n|upkeep' [686 bytes]
DEBUG:websockets.client:< TEXT '>battle-gen9championsvgc2026regma-1571\n|\n|t:|...|Solar Beam\n|\n|upkeep' [687 bytes]
DEBUG:websockets.client:< TEXT '>battle-gen9championsvgc2026regma-1571\n|reques...ng":false}]},"rqid":12}' [1427 bytes]
DEBUG:websockets.client:< TEXT '>battle-gen9championsvgc2026regma-1571\n|reques...Cancel":true,"rqid":13}' [1482 bytes]
DEBUG:vgc_base:forceSwitch [battle-gen9championsvgc2026regma-1571] force=[True, False] \u2192 /choose switch Whimsicott / /choose pass
DEBUG:websockets.client:> TEXT 'battle-gen9championsvgc2026regma-1571|/choose switch Whimsicott, pass' [69 bytes]
DEBUG:websockets.client:< TEXT '>battle-gen9championsvgc2026regma-1571\n|\n|t:|...L50, M|100/100\n|turn|4' [114 bytes]
DEBUG:websockets.client:< TEXT '>battle-gen9championsvgc2026regma-1571\n|\n|t:|...L50, M|137/137\n|turn|4' [114 bytes]
DEBUG:websockets.client:< TEXT '>battle-gen9championsvgc2026regma-1571\n|reques...ng":false}]},"rqid":14}' [2199 bytes]
DEBUG:websockets.client:< TEXT '>battle-gen9championsvgc2026regma-1571\n|reques...ng":false}]},"rqid":15}' [1899 bytes]
DEBUG:vgc_base:Turn 4 [battle-gen9championsvgc2026regma-1571] a0=6 a1=9 src=max_damage g0=0 g1=0
DEBUG:websockets.client:> TEXT 'battle-gen9championsvgc2026regma-1571|/choose m...ast 1, move solarbeam 1' [80 bytes]
INFO:player:Turn 4 [battle-gen9championsvgc2026regma-1571] value head win-prob: 0.151  (losing)
DEBUG:live_vgc_base:Turn 4 [battle-gen9championsvgc2026regma-1571] a0=3 a1=9 src=model opp_splice=on
DEBUG:websockets.client:> TEXT 'battle-gen9championsvgc2026regma-1571|/choose move heatwave, move icywind' [73 bytes]
DEBUG:websockets.client:< TEXT '>battle-gen9championsvgc2026regma-1571\n|\n|t:|...: Charizard\n|\n|upkeep' [677 bytes]
DEBUG:websockets.client:< TEXT '>battle-gen9championsvgc2026regma-1571\n|\n|t:|...: Charizard\n|\n|upkeep' [676 bytes]
DEBUG:websockets.client:< TEXT '>battle-gen9championsvgc2026regma-1571\n|reques...ng":false}]},"rqid":16}' [1427 bytes]
DEBUG:websockets.client:< TEXT '>battle-gen9championsvgc2026regma-1571\n|reques...Cancel":true,"rqid":17}' [1470 bytes]
DEBUG:vgc_base:forceSwitch [battle-gen9championsvgc2026regma-1571] force=[False, True] \u2192 /choose pass / /choose switch Basculegion
DEBUG:websockets.client:> TEXT 'battle-gen9championsvgc2026regma-1571|/choose pass, switch Basculegion' [70 bytes]
DEBUG:websockets.client:< TEXT '>battle-gen9championsvgc2026regma-1571\n|\n|t:|...L50, M|100/100\n|turn|5' [116 bytes]
DEBUG:websockets.client:< TEXT '>battle-gen9championsvgc2026regma-1571\n|\n|t:|...L50, M|197/197\n|turn|5' [116 bytes]
DEBUG:websockets.client:< TEXT '>battle-gen9championsvgc2026regma-1571\n|reques...ng":false}]},"rqid":18}' [2199 bytes]
DEBUG:websockets.client:< TEXT '>battle-gen9championsvgc2026regma-1571\n|reques...ng":false}]},"rqid":19}' [2200 bytes]
DEBUG:vgc_base:Turn 5 [battle-gen9championsvgc2026regma-1571] a0=6 a1=3 src=max_damage g0=0 g1=0
DEBUG:websockets.client:> TEXT 'battle-gen9championsvgc2026regma-1571|/choose m...ast 1, move wavecrash 1' [80 bytes]
INFO:player:Turn 5 [battle-gen9championsvgc2026regma-1571] value head win-prob: 0.549  (even)
DEBUG:live_vgc_base:Turn 5 [battle-gen9championsvgc2026regma-1571] a0=12 a1=9 src=model opp_splice=on
DEBUG:websockets.client:> TEXT 'battle-gen9championsvgc2026regma-1571|/choose s...Charizard, move icywind' [76 bytes]
DEBUG:websockets.client:< TEXT ">battle-gen9championsvgc2026regma-1571\n|error|...ch to an active Pokémon" [115 bytes]
INFO:player:Turn 5 [battle-gen9championsvgc2026regma-1571] value head win-prob: 0.549  (even)
WARNING:live_vgc_base:Turn 5 [battle-gen9championsvgc2026regma-1571] order REJECTED by Showdown — perturbing to a fresh legal action (src=retry). The model did NOT drive this slot.
DEBUG:live_vgc_base:Turn 5 [battle-gen9championsvgc2026regma-1571] a0=6 a1=12 src=retry opp_splice=on
DEBUG:websockets.client:> TEXT 'battle-gen9championsvgc2026regma-1571|/choose m...all 1, switch Charizard' [82 bytes]
DEBUG:websockets.client:< TEXT ">battle-gen9championsvgc2026regma-1571\n|error|...ch to an active Pokémon" [115 bytes]
INFO:player:Turn 5 [battle-gen9championsvgc2026regma-1571] value head win-prob: 0.549  (even)
WARNING:live_vgc_base:Turn 5 [battle-gen9championsvgc2026regma-1571] order REJECTED by Showdown — perturbing to a fresh legal action (src=retry). The model did NOT drive this slot.
DEBUG:live_vgc_base:Turn 5 [battle-gen9championsvgc2026regma-1571] a0=8 a1=5 src=retry opp_splice=on
DEBUG:websockets.client:> TEXT 'battle-gen9championsvgc2026regma-1571|/choose m... -2, move shadowball -1' [85 bytes]
DEBUG:websockets.client:< TEXT '>battle-gen9championsvgc2026regma-1571\n|\n|t:|...1b: Zoroark\n|\n|upkeep' [480 bytes]
DEBUG:websockets.client:< TEXT '>battle-gen9championsvgc2026regma-1571\n|\n|t:|...1b: Zoroark\n|\n|upkeep' [481 bytes]
DEBUG:websockets.client:< TEXT '>battle-gen9championsvgc2026regma-1571\n|reques...Cancel":true,"rqid":20}' [1408 bytes]
DEBUG:websockets.client:< TEXT '>battle-gen9championsvgc2026regma-1571\n|reques...ng":false}]},"rqid":21}' [1439 bytes]
DEBUG:vgc_base:forceSwitch slot 1: no available switch — '/choose default' (handled poke-env desync).
DEBUG:vgc_base:forceSwitch DIAG [battle-gen9championsvgc2026regma-1571] turn=5 slot=1 force=[True, True] available_switches=[['charizard'], ['charizard']] team=[sneasler(act=True,fnt=False,hp=1.0), charizard(act=False,fnt=False,hp=1.0), whimsicott(act=False,fnt=True,hp=0), basculegion(act=False,fnt=False,hp=1.0), zoroarkhisui(act=True,fnt=True,hp=0), ditto(act=True,fnt=True,hp=0)]
DEBUG:websockets.client:> TEXT 'battle-gen9championsvgc2026regma-1571|/choose default' [53 bytes]
DEBUG:websockets.client:< TEXT '>battle-gen9championsvgc2026regma-1571\n|\n|t:|...L50, M|168/168\n|turn|6' [112 bytes]
DEBUG:websockets.client:< TEXT '>battle-gen9championsvgc2026regma-1571\n|\n|t:|...L50, M|100/100\n|turn|6' [112 bytes]
DEBUG:websockets.client:< TEXT '>battle-gen9championsvgc2026regma-1571\n|reques...ng":false}]},"rqid":22}' [2174 bytes]
DEBUG:websockets.client:< TEXT '>battle-gen9championsvgc2026regma-1571\n|reques...ng":false}]},"rqid":23}' [2200 bytes]
DEBUG:vgc_base:Turn 6 [battle-gen9championsvgc2026regma-1571] a0=6 a1=3 src=max_damage g0=0 g1=0
DEBUG:websockets.client:> TEXT 'battle-gen9championsvgc2026regma-1571|/choose m...ast 1, move wavecrash 1' [80 bytes]
INFO:player:Turn 6 [battle-gen9championsvgc2026regma-1571] value head win-prob: 0.049  (losing)
DEBUG:live_vgc_base:Turn 6 [battle-gen9championsvgc2026regma-1571] a0=0 a1=0 src=model opp_splice=on
DEBUG:vgc_base:_safe_order: action 0 slot 1 \u2192 None, scanning legal actions.
DEBUG:vgc_base:_safe_order: slot 1 has no decodable legal action — sending Pass.
DEBUG:websockets.client:> TEXT 'battle-gen9championsvgc2026regma-1571|/choose move heatwave mega, pass' [70 bytes]
DEBUG:websockets.client:< TEXT '>battle-gen9championsvgc2026regma-1571\n|\n|t:|...keep]\n|upkeep\n|turn|7' [642 bytes]
DEBUG:websockets.client:< TEXT '>battle-gen9championsvgc2026regma-1571\n|\n|t:|...keep]\n|upkeep\n|turn|7' [642 bytes]
DEBUG:websockets.client:< TEXT '>battle-gen9championsvgc2026regma-1571\n|reques...ng":false}]},"rqid":24}' [2156 bytes]
DEBUG:websockets.client:< TEXT '>battle-gen9championsvgc2026regma-1571\n|reques...ng":false}]},"rqid":25}' [2199 bytes]
INFO:player:Turn 7 [battle-gen9championsvgc2026regma-1571] value head win-prob: 0.297  (losing)
DEBUG:live_vgc_base:Turn 7 [battle-gen9championsvgc2026regma-1571] a0=0 a1=0 src=model opp_splice=on
DEBUG:vgc_base:_safe_order: action 0 slot 1 \u2192 None, scanning legal actions.
DEBUG:vgc_base:_safe_order: slot 1 has no decodable legal action — sending Pass.
DEBUG:websockets.client:> TEXT 'battle-gen9championsvgc2026regma-1571|/choose move heatwave, pass' [65 bytes]
DEBUG:vgc_base:Turn 7 [battle-gen9championsvgc2026regma-1571] a0=0 a1=3 src=max_damage g0=0 g1=0
DEBUG:vgc_base:_safe_order: action 0 slot 0 \u2192 None, scanning legal actions.
DEBUG:vgc_base:_safe_order: slot 0 has no decodable legal action — sending Pass.
DEBUG:websockets.client:> TEXT 'battle-gen9championsvgc2026regma-1571|/choose pass, move wavecrash 1' [68 bytes]
DEBUG:websockets.client:< TEXT '>battle-gen9championsvgc2026regma-1571\n|\n|t:|...asculegion\n|\n|win|BC2' [200 bytes]
DEBUG:websockets.client:< TEXT '>battle-gen9championsvgc2026regma-1571\n|\n|t:|...asculegion\n|\n|win|BC2' [200 bytes]
INFO:vgc_base:Battle battle-gen9championsvgc2026regma-1571 finished — outcome: WIN  (W/L/D so far: 2/2/0)
DEBUG:websockets.client:> TEXT '|/leave battle-gen9championsvgc2026regma-1571' [45 bytes]
DEBUG:websockets.client:< TEXT '|updatesearch|{"searching":[],"games":{"battle-... 2026 Reg M-A Battle"}}' [124 bytes]
DEBUG:websockets.client:> TEXT 'battle-gen9championsvgc2026regma-1572|/rejectopenteamsheets' [59 bytes]
INFO:vgc_base:Battle battle-gen9championsvgc2026regma-1571 finished — outcome: LOSS  (W/L/D so far: 2/2/0)
DEBUG:websockets.client:> TEXT '|/leave battle-gen9championsvgc2026regma-1571' [45 bytes]
DEBUG:websockets.client:< TEXT '|updatesearch|{"searching":[],"games":{"battle-... 2026 Reg M-A Battle"}}' [124 bytes]
DEBUG:websockets.client:> TEXT '|/utm Sneasler||whiteherb|unburden|fakeout,dire...Naive|32,2,,,,32||||50|' [550 bytes]
DEBUG:websockets.client:> TEXT '|/challenge opmax2, gen9championsvgc2026regma' [45 bytes]
DEBUG:websockets.client:> TEXT 'battle-gen9championsvgc2026regma-1572|/rejectopenteamsheets' [59 bytes]
DEBUG:websockets.client:< TEXT '>battle-gen9championsvgc2026regma-1571\n|l|\u2606BC2' [48 bytes]
DEBUG:websockets.client:< TEXT '>battle-gen9championsvgc2026regma-1572\n|uhtmlchange|otsrequest|' [63 bytes]
DEBUG:websockets.client:< TEXT '>battle-gen9championsvgc2026regma-1572\nBC2 rejected open team sheets.' [69 bytes]
DEBUG:websockets.client:< TEXT '>battle-gen9championsvgc2026regma-1571\n|deinit' [46 bytes]
DEBUG:websockets.client:< TEXT '>battle-gen9championsvgc2026regma-1571\n|deinit' [46 bytes]
DEBUG:websockets.client:< TEXT '>battle-gen9championsvgc2026regma-1572\n|uhtmlchange|otsrequest|' [63 bytes]
DEBUG:websockets.client:< TEXT '>battle-gen9championsvgc2026regma-1572\nBC2 rejected open team sheets.' [69 bytes]
DEBUG:websockets.client:< TEXT '>battle-gen9championsvgc2026regma-1572\n|uhtmlchange|otsrequest|' [63 bytes]
DEBUG:websockets.client:< TEXT '>battle-gen9championsvgc2026regma-1572\n|uhtmlchange|otsrequest|' [63 bytes]
DEBUG:websockets.client:< TEXT '>battle-gen9championsvgc2026regma-1572\nOPmax_2...ected open team sheets.' [73 bytes]
DEBUG:websockets.client:< TEXT '>battle-gen9championsvgc2026regma-1572\nOPmax_2...ected open team sheets.' [73 bytes]
INFO:player:Team-preview [battle-gen9championsvgc2026regma-1572] NET drove: bring=['whimsicott', 'zoroarkhisui', 'ditto', 'charizardmegay'] leads=['whimsicott', 'zoroarkhisui'] (vs opp ['sneasler', 'charizard', 'whimsicott', 'basculegion', 'zoroarkhisui', 'ditto'])
INFO:vgc_base:Teampreview [battle-gen9championsvgc2026regma-1572] \u2192 /team 3562  (whimsicott, zoroarkhisui, ditto, charizardmegay)
DEBUG:websockets.client:> TEXT 'battle-gen9championsvgc2026regma-1572|/team 3562' [48 bytes]
DEBUG:vgc_base:Teampreview: first-4 roster order \u2192 ['sneasler', 'charizardmegay', 'whimsicott', 'basculegion']
INFO:vgc_base:Teampreview [battle-gen9championsvgc2026regma-1572] \u2192 /team 1234  (sneasler, charizardmegay, whimsicott, basculegion)
DEBUG:websockets.client:> TEXT 'battle-gen9championsvgc2026regma-1572|/team 1234' [48 bytes]
DEBUG:websockets.client:< TEXT '|pm| BC2| OPmax_2|/challenge gen9championsvgc20...hampionsvgc2026regma|||' [83 bytes]
DEBUG:websockets.client:< TEXT '|pm| BC2| OPmax_2|/challenge gen9championsvgc20...hampionsvgc2026regma|||' [83 bytes]
DEBUG:websockets.client:< TEXT '|pm| BC2| OPmax_2|/log BC2 wants to battle!' [43 bytes]
DEBUG:websockets.client:< TEXT '|pm| BC2| OPmax_2|/log BC2 wants to battle!' [43 bytes]
DEBUG:websockets.client:> TEXT '|/utm Sneasler||whiteherb|unburden|fakeout,dire...Naive|32,2,,,,32||||50|' [550 bytes]
DEBUG:websockets.client:> TEXT '|/accept bc2' [12 bytes]
DEBUG:websockets.client:< TEXT '>battle-gen9championsvgc2026regma-1572\n|\n|t:|...L50, F|100/100\n|turn|1' [321 bytes]
DEBUG:websockets.client:< TEXT '>battle-gen9championsvgc2026regma-1572\n|\n|t:|...L50, F|168/168\n|turn|1' [321 bytes]
DEBUG:websockets.client:< TEXT '>battle-gen9championsvgc2026regma-1572\n|reques...ing":false}]},"rqid":4}' [2167 bytes]
DEBUG:websockets.client:< TEXT '>battle-gen9championsvgc2026regma-1572\n|reques...ing":false}]},"rqid":5}' [2236 bytes]
DEBUG:websockets.client:< TEXT '|pm| OPmax_2| BC2|/challenge' [28 bytes]
DEBUG:websockets.client:< TEXT '|pm| OPmax_2| BC2|/challenge' [28 bytes]
DEBUG:websockets.client:< TEXT '|updatesearch|{"searching":[],"games":{"battle-... 2026 Reg M-A Battle"}}' [124 bytes]
DEBUG:vgc_base:Turn 1 [battle-gen9championsvgc2026regma-1572] a0=9 a1=9 src=max_damage g0=0 g1=0
DEBUG:websockets.client:> TEXT 'battle-gen9championsvgc2026regma-1572|/choose m...bat 1, move solarbeam 1' [82 bytes]
INFO:player:Turn 1 [battle-gen9championsvgc2026regma-1572] value head win-prob: 0.351  (losing)
DEBUG:live_vgc_base:Turn 1 [battle-gen9championsvgc2026regma-1572] a0=0 a1=9 src=model opp_splice=on
DEBUG:websockets.client:> TEXT 'battle-gen9championsvgc2026regma-1572|/choose move encore 1, move icywind' [73 bytes]
DEBUG:websockets.client:< TEXT '|updatesearch|{"searching":[],"games":{"battle-... 2026 Reg M-A Battle"}}' [124 bytes]
DEBUG:websockets.client:< TEXT '|updatesearch|{"searching":[],"games":{"battle-... 2026 Reg M-A Battle"}}' [208 bytes]
DEBUG:websockets.client:< TEXT '|updatesearch|{"searching":[],"games":{"battle-... 2026 Reg M-A Battle"}}' [208 bytes]
DEBUG:websockets.client:< TEXT '|updatesearch|{"searching":[],"games":{"battle-... 2026 Reg M-A Battle"}}' [208 bytes]
DEBUG:websockets.client:< TEXT '|updatesearch|{"searching":[],"games":{"battle-... 2026 Reg M-A Battle"}}' [208 bytes]
DEBUG:websockets.client:< TEXT '>battle-gen9championsvgc2026regma-1573\n|init|b... vs. OPmax_2\n|j|\u2606BC2\n' [85 bytes]
DEBUG:websockets.client:< TEXT '>battle-gen9championsvgc2026regma-1573\n|j|\u2606OPmax_2' [52 bytes]
DEBUG:websockets.client:< TEXT '|pm| OPmax_2| BC2|/nonotify OPmax_2 accepted th...26regma-1573</a>&raquo;' [173 bytes]
DEBUG:websockets.client:< TEXT '>battle-gen9championsvgc2026regma-1573\n|t:|1781642375\n|gametype|doubles' [71 bytes]
DEBUG:websockets.client:< TEXT '>battle-gen9championsvgc2026regma-1573\n|player|p1|BC2|102|' [58 bytes]
DEBUG:websockets.client:< TEXT '>battle-gen9championsvgc2026regma-1573\n|player...heets</strong></button>' [855 bytes]
DEBUG:websockets.client:< TEXT '>battle-gen9championsvgc2026regma-1573\n|reques...ing":false}]},"rqid":2}' [2093 bytes]
DEBUG:websockets.client:< TEXT '>battle-gen9championsvgc2026regma-1573\n|init|b...n|j|\u2606BC2\n|j|\u2606OPmax_2\n' [99 bytes]
DEBUG:websockets.client:< TEXT '|pm| OPmax_2| BC2|/nonotify OPmax_2 accepted th...26regma-1573</a>&raquo;' [173 bytes]
DEBUG:websockets.client:< TEXT '>battle-gen9championsvgc2026regma-1573\n|t:|1781642375\n|gametype|doubles' [71 bytes]
DEBUG:websockets.client:< TEXT '>battle-gen9championsvgc2026regma-1573\n|player|p1|BC2|102|' [58 bytes]
DEBUG:websockets.client:< TEXT '>battle-gen9championsvgc2026regma-1573\n|player...heets</strong></button>' [855 bytes]
DEBUG:websockets.client:< TEXT '>battle-gen9championsvgc2026regma-1573\n|reques...ing":false}]},"rqid":3}' [2097 bytes]
DEBUG:websockets.client:< TEXT '>battle-gen9championsvgc2026regma-1572\n|\n|t:|...am\n|\n|upkeep\n|turn|2' [665 bytes]
DEBUG:websockets.client:< TEXT '>battle-gen9championsvgc2026regma-1572\n|\n|t:|...am\n|\n|upkeep\n|turn|2' [667 bytes]
DEBUG:websockets.client:< TEXT '>battle-gen9championsvgc2026regma-1572\n|reques...ing":false}]},"rqid":6}' [2166 bytes]
DEBUG:websockets.client:< TEXT '>battle-gen9championsvgc2026regma-1572\n|reques...ing":false}]},"rqid":7}' [1888 bytes]
INFO:player:Turn 2 [battle-gen9championsvgc2026regma-1572] value head win-prob: 0.296  (losing)
DEBUG:live_vgc_base:Turn 2 [battle-gen9championsvgc2026regma-1572] a0=0 a1=9 src=model opp_splice=on
DEBUG:websockets.client:> TEXT 'battle-gen9championsvgc2026regma-1572|/choose move encore 1, move icywind' [73 bytes]
DEBUG:vgc_base:Turn 2 [battle-gen9championsvgc2026regma-1572] a0=9 a1=9 src=max_damage g0=0 g1=0
DEBUG:websockets.client:> TEXT 'battle-gen9championsvgc2026regma-1572|/choose m...bat 1, move solarbeam 1' [82 bytes]
DEBUG:websockets.client:< TEXT '>battle-gen9championsvgc2026regma-1572\n|\n|t:|... Whimsicott\n|\n|upkeep' [638 bytes]
DEBUG:websockets.client:< TEXT '>battle-gen9championsvgc2026regma-1572\n|\n|t:|... Whimsicott\n|\n|upkeep' [639 bytes]
DEBUG:websockets.client:< TEXT '>battle-gen9championsvgc2026regma-1572\n|reques...oCancel":true,"rqid":8}' [1421 bytes]
DEBUG:websockets.client:< TEXT '>battle-gen9championsvgc2026regma-1572\n|reques...ing":false}]},"rqid":9}' [1452 bytes]
DEBUG:live_vgc_base:forceSwitch forced_switch_model [battle-gen9championsvgc2026regma-1572] turn 2 a0=13 a1=None opp_splice=on
DEBUG:websockets.client:> TEXT 'battle-gen9championsvgc2026regma-1572|/choose switch Ditto, pass' [64 bytes]
DEBUG:websockets.client:< TEXT '>battle-gen9championsvgc2026regma-1572\n|\n|t:|...lity: Imposter\n|turn|3' [164 bytes]
DEBUG:websockets.client:< TEXT '>battle-gen9championsvgc2026regma-1572\n|\n|t:|...lity: Imposter\n|turn|3' [164 bytes]
DEBUG:websockets.client:< TEXT '>battle-gen9championsvgc2026regma-1572\n|reques...ng":false}]},"rqid":10}' [2200 bytes]
DEBUG:websockets.client:< TEXT '>battle-gen9championsvgc2026regma-1572\n|reques...ng":false}]},"rqid":11}' [2224 bytes]
INFO:player:Turn 3 [battle-gen9championsvgc2026regma-1572] value head win-prob: 0.557  (winning)
DEBUG:live_vgc_base:Turn 3 [battle-gen9championsvgc2026regma-1572] a0=3 a1=9 src=model opp_splice=on
DEBUG:websockets.client:> TEXT 'battle-gen9championsvgc2026regma-1572|/choose move heatwave, move icywind' [73 bytes]
DEBUG:vgc_base:Turn 3 [battle-gen9championsvgc2026regma-1572] a0=9 a1=9 src=max_damage g0=0 g1=0
DEBUG:websockets.client:> TEXT 'battle-gen9championsvgc2026regma-1572|/choose m...bat 1, move solarbeam 1' [82 bytes]
DEBUG:websockets.client:< TEXT '>battle-gen9championsvgc2026regma-1572\n|\n|t:|...|Solar Beam\n|\n|upkeep' [646 bytes]
DEBUG:websockets.client:< TEXT '>battle-gen9championsvgc2026regma-1572\n|\n|t:|...|Solar Beam\n|\n|upkeep' [647 bytes]
DEBUG:websockets.client:< TEXT '>battle-gen9championsvgc2026regma-1572\n|reques...ng":false}]},"rqid":12}' [1427 bytes]
DEBUG:websockets.client:< TEXT '>battle-gen9championsvgc2026regma-1572\n|reques...Cancel":true,"rqid":13}' [1482 bytes]
DEBUG:vgc_base:forceSwitch [battle-gen9championsvgc2026regma-1572] force=[True, False] \u2192 /choose switch Whimsicott / /choose pass
DEBUG:websockets.client:> TEXT 'battle-gen9championsvgc2026regma-1572|/choose switch Whimsicott, pass' [69 bytes]
DEBUG:websockets.client:< TEXT '>battle-gen9championsvgc2026regma-1572\n|\n|t:|...L50, M|100/100\n|turn|4' [114 bytes]
DEBUG:websockets.client:< TEXT '>battle-gen9championsvgc2026regma-1572\n|\n|t:|...L50, M|137/137\n|turn|4' [114 bytes]
DEBUG:websockets.client:< TEXT '>battle-gen9championsvgc2026regma-1572\n|reques...ng":false}]},"rqid":14}' [2199 bytes]
DEBUG:websockets.client:< TEXT '>battle-gen9championsvgc2026regma-1572\n|reques...ng":false}]},"rqid":15}' [1899 bytes]
DEBUG:vgc_base:Turn 4 [battle-gen9championsvgc2026regma-1572] a0=6 a1=9 src=max_damage g0=0 g1=0
DEBUG:websockets.client:> TEXT 'battle-gen9championsvgc2026regma-1572|/choose m...ast 1, move solarbeam 1' [80 bytes]
INFO:player:Turn 4 [battle-gen9championsvgc2026regma-1572] value head win-prob: 0.164  (losing)
DEBUG:live_vgc_base:Turn 4 [battle-gen9championsvgc2026regma-1572] a0=3 a1=9 src=model opp_splice=on
DEBUG:websockets.client:> TEXT 'battle-gen9championsvgc2026regma-1572|/choose move heatwave, move icywind' [73 bytes]
DEBUG:websockets.client:< TEXT '>battle-gen9championsvgc2026regma-1572\n|\n|t:|...: Charizard\n|\n|upkeep' [678 bytes]
DEBUG:websockets.client:< TEXT '>battle-gen9championsvgc2026regma-1572\n|\n|t:|...: Charizard\n|\n|upkeep' [678 bytes]
DEBUG:websockets.client:< TEXT '>battle-gen9championsvgc2026regma-1572\n|reques...ng":false}]},"rqid":16}' [1427 bytes]
DEBUG:websockets.client:< TEXT '>battle-gen9championsvgc2026regma-1572\n|reques...Cancel":true,"rqid":17}' [1470 bytes]
DEBUG:vgc_base:forceSwitch [battle-gen9championsvgc2026regma-1572] force=[False, True] \u2192 /choose pass / /choose switch Basculegion
DEBUG:websockets.client:> TEXT 'battle-gen9championsvgc2026regma-1572|/choose pass, switch Basculegion' [70 bytes]
DEBUG:websockets.client:< TEXT '>battle-gen9championsvgc2026regma-1572\n|\n|t:|...L50, M|100/100\n|turn|5' [116 bytes]
DEBUG:websockets.client:< TEXT '>battle-gen9championsvgc2026regma-1572\n|\n|t:|...L50, M|197/197\n|turn|5' [116 bytes]
DEBUG:websockets.client:< TEXT '>battle-gen9championsvgc2026regma-1572\n|reques...ng":false}]},"rqid":18}' [2199 bytes]
DEBUG:websockets.client:< TEXT '>battle-gen9championsvgc2026regma-1572\n|reques...ng":false}]},"rqid":19}' [2200 bytes]
INFO:player:Turn 5 [battle-gen9championsvgc2026regma-1572] value head win-prob: 0.631  (winning)
DEBUG:live_vgc_base:Turn 5 [battle-gen9championsvgc2026regma-1572] a0=12 a1=9 src=model opp_splice=on
DEBUG:websockets.client:> TEXT 'battle-gen9championsvgc2026regma-1572|/choose s...Charizard, move icywind' [76 bytes]
DEBUG:vgc_base:Turn 5 [battle-gen9championsvgc2026regma-1572] a0=6 a1=3 src=max_damage g0=0 g1=0
DEBUG:websockets.client:> TEXT 'battle-gen9championsvgc2026regma-1572|/choose m...ast 1, move wavecrash 1' [80 bytes]
DEBUG:websockets.client:< TEXT ">battle-gen9championsvgc2026regma-1572\n|error|...ch to an active Pokémon" [115 bytes]
INFO:player:Turn 5 [battle-gen9championsvgc2026regma-1572] value head win-prob: 0.631  (winning)
WARNING:live_vgc_base:Turn 5 [battle-gen9championsvgc2026regma-1572] order REJECTED by Showdown — perturbing to a fresh legal action (src=retry). The model did NOT drive this slot.
DEBUG:live_vgc_base:Turn 5 [battle-gen9championsvgc2026regma-1572] a0=0 a1=6 src=retry opp_splice=on
DEBUG:websockets.client:> TEXT 'battle-gen9championsvgc2026regma-1572|/choose m...larbeam 1, move protect' [76 bytes]
DEBUG:websockets.client:< TEXT '>battle-gen9championsvgc2026regma-1572\n|\n|t:|...ve: Protect\n|\n|upkeep' [398 bytes]
DEBUG:websockets.client:< TEXT '>battle-gen9championsvgc2026regma-1572\n|\n|t:|...ve: Protect\n|\n|upkeep' [399 bytes]
DEBUG:websockets.client:< TEXT '>battle-gen9championsvgc2026regma-1572\n|reques...Cancel":true,"rqid":20}' [1420 bytes]
DEBUG:websockets.client:< TEXT '>battle-gen9championsvgc2026regma-1572\n|reques...ng":false}]},"rqid":21}' [1439 bytes]
DEBUG:live_vgc_base:forceSwitch forced_switch_model [battle-gen9championsvgc2026regma-1572] turn 5 a0=12 a1=None opp_splice=on
DEBUG:websockets.client:> TEXT 'battle-gen9championsvgc2026regma-1572|/choose switch Charizard, pass' [68 bytes]
DEBUG:websockets.client:< TEXT '>battle-gen9championsvgc2026regma-1572\n|\n|t:|...L50, F|168/168\n|turn|6' [112 bytes]
DEBUG:websockets.client:< TEXT '>battle-gen9championsvgc2026regma-1572\n|\n|t:|...L50, F|100/100\n|turn|6' [112 bytes]
DEBUG:websockets.client:< TEXT '>battle-gen9championsvgc2026regma-1572\n|reques...ng":false}]},"rqid":22}' [2185 bytes]
DEBUG:websockets.client:< TEXT '>battle-gen9championsvgc2026regma-1572\n|reques...ng":false}]},"rqid":23}' [2200 bytes]
INFO:player:Turn 6 [battle-gen9championsvgc2026regma-1572] value head win-prob: 0.269  (losing)
DEBUG:live_vgc_base:Turn 6 [battle-gen9championsvgc2026regma-1572] a0=0 a1=0 src=model opp_splice=on
DEBUG:websockets.client:> TEXT 'battle-gen9championsvgc2026regma-1572|/choose m...e mega, move hypervoice' [81 bytes]
DEBUG:vgc_base:Turn 6 [battle-gen9championsvgc2026regma-1572] a0=6 a1=3 src=max_damage g0=0 g1=0
DEBUG:websockets.client:> TEXT 'battle-gen9championsvgc2026regma-1572|/choose m...ast 1, move wavecrash 1' [80 bytes]
DEBUG:websockets.client:< TEXT '>battle-gen9championsvgc2026regma-1572\n|\n|t:|...keep]\n|upkeep\n|turn|7' [664 bytes]
DEBUG:websockets.client:< TEXT '>battle-gen9championsvgc2026regma-1572\n|\n|t:|...keep]\n|upkeep\n|turn|7' [664 bytes]
DEBUG:websockets.client:< TEXT '>battle-gen9championsvgc2026regma-1572\n|reques...ng":false}]},"rqid":24}' [2168 bytes]
DEBUG:websockets.client:< TEXT '>battle-gen9championsvgc2026regma-1572\n|reques...ng":false}]},"rqid":25}' [2200 bytes]
INFO:player:Turn 7 [battle-gen9championsvgc2026regma-1572] value head win-prob: 0.752  (winning)
DEBUG:live_vgc_base:Turn 7 [battle-gen9championsvgc2026regma-1572] a0=0 a1=0 src=model opp_splice=on
DEBUG:websockets.client:> TEXT 'battle-gen9championsvgc2026regma-1572|/choose m...atwave, move hypervoice' [76 bytes]
DEBUG:vgc_base:Turn 7 [battle-gen9championsvgc2026regma-1572] a0=0 a1=3 src=max_damage g0=0 g1=0
DEBUG:vgc_base:_safe_order: action 0 slot 0 \u2192 None, scanning legal actions.
DEBUG:vgc_base:_safe_order: slot 0 has no decodable legal action — sending Pass.
DEBUG:websockets.client:> TEXT 'battle-gen9championsvgc2026regma-1572|/choose pass, move wavecrash 1' [68 bytes]
DEBUG:websockets.client:< TEXT '>battle-gen9championsvgc2026regma-1572\n|\n|t:|...keep]\n|upkeep\n|turn|8' [471 bytes]
DEBUG:websockets.client:< TEXT '>battle-gen9championsvgc2026regma-1572\n|\n|t:|...keep]\n|upkeep\n|turn|8' [470 bytes]
DEBUG:websockets.client:< TEXT '>battle-gen9championsvgc2026regma-1572\n|reques...ng":false}]},"rqid":26}' [2167 bytes]
DEBUG:websockets.client:< TEXT '>battle-gen9championsvgc2026regma-1572\n|reques...ng":false}]},"rqid":27}' [2198 bytes]
DEBUG:vgc_base:Turn 8 [battle-gen9championsvgc2026regma-1572] a0=0 a1=3 src=max_damage g0=0 g1=0
DEBUG:vgc_base:_safe_order: action 0 slot 0 \u2192 None, scanning legal actions.
DEBUG:vgc_base:_safe_order: slot 0 has no decodable legal action — sending Pass.
DEBUG:websockets.client:> TEXT 'battle-gen9championsvgc2026regma-1572|/choose pass, move wavecrash 1' [68 bytes]
INFO:player:Turn 8 [battle-gen9championsvgc2026regma-1572] value head win-prob: 0.769  (winning)
DEBUG:live_vgc_base:Turn 8 [battle-gen9championsvgc2026regma-1572] a0=0 a1=0 src=model opp_splice=on
DEBUG:vgc_base:_safe_order: action 0 slot 0 \u2192 None, scanning legal actions.
DEBUG:vgc_base:_safe_order: slot 0 has no decodable legal action — sending Pass.
DEBUG:websockets.client:> TEXT 'battle-gen9championsvgc2026regma-1572|/choose pass, move hypervoice' [67 bytes]
DEBUG:websockets.client:< TEXT '>battle-gen9championsvgc2026regma-1572\n|\n|t:|...asculegion\n|\n|win|BC2' [364 bytes]
DEBUG:websockets.client:< TEXT '>battle-gen9championsvgc2026regma-1572\n|\n|t:|...asculegion\n|\n|win|BC2' [364 bytes]
INFO:vgc_base:Battle battle-gen9championsvgc2026regma-1572 finished — outcome: WIN  (W/L/D so far: 3/2/0)
DEBUG:websockets.client:> TEXT '|/leave battle-gen9championsvgc2026regma-1572' [45 bytes]
DEBUG:websockets.client:< TEXT '|updatesearch|{"searching":[],"games":{"battle-... 2026 Reg M-A Battle"}}' [124 bytes]
DEBUG:websockets.client:< TEXT '|updatesearch|{"searching":[],"games":{"battle-... 2026 Reg M-A Battle"}}' [124 bytes]
DEBUG:websockets.client:> TEXT 'battle-gen9championsvgc2026regma-1573|/rejectopenteamsheets' [59 bytes]
INFO:vgc_base:Battle battle-gen9championsvgc2026regma-1572 finished — outcome: LOSS  (W/L/D so far: 2/3/0)
DEBUG:websockets.client:> TEXT '|/leave battle-gen9championsvgc2026regma-1572' [45 bytes]
DEBUG:websockets.client:> TEXT '|/utm Sneasler||whiteherb|unburden|fakeout,dire...Naive|32,2,,,,32||||50|' [550 bytes]
DEBUG:websockets.client:> TEXT '|/challenge opmax2, gen9championsvgc2026regma' [45 bytes]
DEBUG:websockets.client:> TEXT 'battle-gen9championsvgc2026regma-1573|/rejectopenteamsheets' [59 bytes]
DEBUG:websockets.client:< TEXT '>battle-gen9championsvgc2026regma-1572\n|deinit' [46 bytes]
DEBUG:websockets.client:< TEXT '>battle-gen9championsvgc2026regma-1572\n|l|\u2606BC2' [48 bytes]
DEBUG:websockets.client:< TEXT '>battle-gen9championsvgc2026regma-1573\n|uhtmlchange|otsrequest|' [63 bytes]
DEBUG:websockets.client:< TEXT '>battle-gen9championsvgc2026regma-1573\nBC2 rejected open team sheets.' [69 bytes]
DEBUG:websockets.client:< TEXT '>battle-gen9championsvgc2026regma-1573\n|uhtmlchange|otsrequest|' [63 bytes]
DEBUG:websockets.client:< TEXT '>battle-gen9championsvgc2026regma-1573\nBC2 rejected open team sheets.' [69 bytes]
DEBUG:websockets.client:< TEXT '>battle-gen9championsvgc2026regma-1572\n|deinit' [46 bytes]
DEBUG:websockets.client:< TEXT '>battle-gen9championsvgc2026regma-1573\n|uhtmlchange|otsrequest|' [63 bytes]
DEBUG:websockets.client:< TEXT '>battle-gen9championsvgc2026regma-1573\n|uhtmlchange|otsrequest|' [63 bytes]
DEBUG:websockets.client:< TEXT '>battle-gen9championsvgc2026regma-1573\nOPmax_2...ected open team sheets.' [73 bytes]
DEBUG:websockets.client:< TEXT '>battle-gen9championsvgc2026regma-1573\nOPmax_2...ected open team sheets.' [73 bytes]
INFO:player:Team-preview [battle-gen9championsvgc2026regma-1573] NET drove: bring=['whimsicott', 'zoroarkhisui', 'ditto', 'charizardmegay'] leads=['whimsicott', 'zoroarkhisui'] (vs opp ['sneasler', 'charizard', 'whimsicott', 'basculegion', 'zoroarkhisui', 'ditto'])
INFO:vgc_base:Teampreview [battle-gen9championsvgc2026regma-1573] \u2192 /team 3562  (whimsicott, zoroarkhisui, ditto, charizardmegay)
DEBUG:websockets.client:> TEXT 'battle-gen9championsvgc2026regma-1573|/team 3562' [48 bytes]
DEBUG:vgc_base:Teampreview: first-4 roster order \u2192 ['sneasler', 'charizardmegay', 'whimsicott', 'basculegion']
INFO:vgc_base:Teampreview [battle-gen9championsvgc2026regma-1573] \u2192 /team 1234  (sneasler, charizardmegay, whimsicott, basculegion)
DEBUG:websockets.client:> TEXT 'battle-gen9championsvgc2026regma-1573|/team 1234' [48 bytes]
DEBUG:websockets.client:< TEXT '|pm| BC2| OPmax_2|/challenge gen9championsvgc20...hampionsvgc2026regma|||' [83 bytes]
DEBUG:websockets.client:< TEXT '|pm| BC2| OPmax_2|/challenge gen9championsvgc20...hampionsvgc2026regma|||' [83 bytes]
DEBUG:websockets.client:< TEXT '|pm| BC2| OPmax_2|/log BC2 wants to battle!' [43 bytes]
DEBUG:websockets.client:< TEXT '|pm| BC2| OPmax_2|/log BC2 wants to battle!' [43 bytes]
DEBUG:websockets.client:> TEXT '|/utm Sneasler||whiteherb|unburden|fakeout,dire...Naive|32,2,,,,32||||50|' [550 bytes]
DEBUG:websockets.client:> TEXT '|/accept bc2' [12 bytes]
DEBUG:websockets.client:< TEXT '>battle-gen9championsvgc2026regma-1573\n|\n|t:|...L50, F|100/100\n|turn|1' [321 bytes]
DEBUG:websockets.client:< TEXT '>battle-gen9championsvgc2026regma-1573\n|\n|t:|...L50, F|168/168\n|turn|1' [321 bytes]
DEBUG:websockets.client:< TEXT '>battle-gen9championsvgc2026regma-1573\n|reques...ing":false}]},"rqid":4}' [2167 bytes]
DEBUG:websockets.client:< TEXT '>battle-gen9championsvgc2026regma-1573\n|reques...ing":false}]},"rqid":5}' [2236 bytes]
DEBUG:websockets.client:< TEXT '|pm| OPmax_2| BC2|/challenge' [28 bytes]
INFO:player:Turn 1 [battle-gen9championsvgc2026regma-1573] value head win-prob: 0.351  (losing)
DEBUG:live_vgc_base:Turn 1 [battle-gen9championsvgc2026regma-1573] a0=0 a1=9 src=model opp_splice=on
DEBUG:websockets.client:> TEXT 'battle-gen9championsvgc2026regma-1573|/choose move encore 1, move icywind' [73 bytes]
DEBUG:websockets.client:< TEXT '|pm| OPmax_2| BC2|/challenge' [28 bytes]
DEBUG:websockets.client:< TEXT '|updatesearch|{"searching":[],"games":{"battle-... 2026 Reg M-A Battle"}}' [124 bytes]
DEBUG:websockets.client:< TEXT '|updatesearch|{"searching":[],"games":{"battle-... 2026 Reg M-A Battle"}}' [124 bytes]
DEBUG:websockets.client:< TEXT '|updatesearch|{"searching":[],"games":{"battle-... 2026 Reg M-A Battle"}}' [208 bytes]
DEBUG:websockets.client:< TEXT '|updatesearch|{"searching":[],"games":{"battle-... 2026 Reg M-A Battle"}}' [208 bytes]
DEBUG:websockets.client:< TEXT '|updatesearch|{"searching":[],"games":{"battle-... 2026 Reg M-A Battle"}}' [208 bytes]
DEBUG:websockets.client:< TEXT '|updatesearch|{"searching":[],"games":{"battle-... 2026 Reg M-A Battle"}}' [208 bytes]
DEBUG:websockets.client:< TEXT '>battle-gen9championsvgc2026regma-1574\n|init|b...n|j|\u2606BC2\n|j|\u2606OPmax_2\n' [99 bytes]
DEBUG:websockets.client:< TEXT '|pm| OPmax_2| BC2|/nonotify OPmax_2 accepted th...26regma-1574</a>&raquo;' [173 bytes]
DEBUG:websockets.client:< TEXT '>battle-gen9championsvgc2026regma-1574\n|t:|1781642376\n|gametype|doubles' [71 bytes]
DEBUG:websockets.client:< TEXT '>battle-gen9championsvgc2026regma-1574\n|player|p1|BC2|102|' [58 bytes]
DEBUG:websockets.client:< TEXT '>battle-gen9championsvgc2026regma-1574\n|player...heets</strong></button>' [855 bytes]
DEBUG:websockets.client:< TEXT '>battle-gen9championsvgc2026regma-1574\n|reques...ing":false}]},"rqid":3}' [2097 bytes]
DEBUG:vgc_base:Turn 1 [battle-gen9championsvgc2026regma-1573] a0=9 a1=9 src=max_damage g0=0 g1=0
DEBUG:websockets.client:> TEXT 'battle-gen9championsvgc2026regma-1573|/choose m...bat 1, move solarbeam 1' [82 bytes]
DEBUG:websockets.client:< TEXT '>battle-gen9championsvgc2026regma-1574\n|init|b... vs. OPmax_2\n|j|\u2606BC2\n' [85 bytes]
DEBUG:websockets.client:< TEXT '>battle-gen9championsvgc2026regma-1574\n|j|\u2606OPmax_2' [52 bytes]
DEBUG:websockets.client:< TEXT '|pm| OPmax_2| BC2|/nonotify OPmax_2 accepted th...26regma-1574</a>&raquo;' [173 bytes]
DEBUG:websockets.client:< TEXT '>battle-gen9championsvgc2026regma-1574\n|t:|1781642376\n|gametype|doubles' [71 bytes]
DEBUG:websockets.client:< TEXT '>battle-gen9championsvgc2026regma-1574\n|player|p1|BC2|102|' [58 bytes]
DEBUG:websockets.client:< TEXT '>battle-gen9championsvgc2026regma-1574\n|player...heets</strong></button>' [855 bytes]
DEBUG:websockets.client:< TEXT '>battle-gen9championsvgc2026regma-1574\n|reques...ing":false}]},"rqid":2}' [2093 bytes]
DEBUG:websockets.client:< TEXT '>battle-gen9championsvgc2026regma-1573\n|\n|t:|...am\n|\n|upkeep\n|turn|2' [644 bytes]
DEBUG:websockets.client:< TEXT '>battle-gen9championsvgc2026regma-1573\n|\n|t:|...am\n|\n|upkeep\n|turn|2' [646 bytes]
DEBUG:websockets.client:< TEXT '>battle-gen9championsvgc2026regma-1573\n|reques...ing":false}]},"rqid":6}' [2166 bytes]
DEBUG:websockets.client:< TEXT '>battle-gen9championsvgc2026regma-1573\n|reques...ing":false}]},"rqid":7}' [1888 bytes]
INFO:player:Turn 2 [battle-gen9championsvgc2026regma-1573] value head win-prob: 0.270  (losing)
DEBUG:live_vgc_base:Turn 2 [battle-gen9championsvgc2026regma-1573] a0=0 a1=9 src=model opp_splice=on
DEBUG:websockets.client:> TEXT 'battle-gen9championsvgc2026regma-1573|/choose move encore 1, move icywind' [73 bytes]
DEBUG:vgc_base:Turn 2 [battle-gen9championsvgc2026regma-1573] a0=9 a1=9 src=max_damage g0=0 g1=0
DEBUG:websockets.client:> TEXT 'battle-gen9championsvgc2026regma-1573|/choose m...bat 1, move solarbeam 1' [82 bytes]
DEBUG:websockets.client:< TEXT '>battle-gen9championsvgc2026regma-1573\n|\n|t:|... Whimsicott\n|\n|upkeep' [639 bytes]
DEBUG:websockets.client:< TEXT '>battle-gen9championsvgc2026regma-1573\n|\n|t:|... Whimsicott\n|\n|upkeep' [640 bytes]
DEBUG:websockets.client:< TEXT '>battle-gen9championsvgc2026regma-1573\n|reques...oCancel":true,"rqid":8}' [1421 bytes]
DEBUG:websockets.client:< TEXT '>battle-gen9championsvgc2026regma-1573\n|reques...ing":false}]},"rqid":9}' [1452 bytes]
DEBUG:live_vgc_base:forceSwitch forced_switch_model [battle-gen9championsvgc2026regma-1573] turn 2 a0=13 a1=None opp_splice=on
DEBUG:websockets.client:> TEXT 'battle-gen9championsvgc2026regma-1573|/choose switch Ditto, pass' [64 bytes]
DEBUG:websockets.client:< TEXT '>battle-gen9championsvgc2026regma-1573\n|\n|t:|...lity: Imposter\n|turn|3' [164 bytes]
DEBUG:websockets.client:< TEXT '>battle-gen9championsvgc2026regma-1573\n|\n|t:|...lity: Imposter\n|turn|3' [164 bytes]
DEBUG:websockets.client:< TEXT '>battle-gen9championsvgc2026regma-1573\n|reques...ng":false}]},"rqid":10}' [2200 bytes]
DEBUG:websockets.client:< TEXT '>battle-gen9championsvgc2026regma-1573\n|reques...ng":false}]},"rqid":11}' [2224 bytes]
INFO:player:Turn 3 [battle-gen9championsvgc2026regma-1573] value head win-prob: 0.531  (even)
DEBUG:live_vgc_base:Turn 3 [battle-gen9championsvgc2026regma-1573] a0=3 a1=9 src=model opp_splice=on
DEBUG:websockets.client:> TEXT 'battle-gen9championsvgc2026regma-1573|/choose move heatwave, move icywind' [73 bytes]
DEBUG:vgc_base:Turn 3 [battle-gen9championsvgc2026regma-1573] a0=9 a1=9 src=max_damage g0=0 g1=0
DEBUG:websockets.client:> TEXT 'battle-gen9championsvgc2026regma-1573|/choose m...bat 1, move solarbeam 1' [82 bytes]
DEBUG:websockets.client:< TEXT '>battle-gen9championsvgc2026regma-1573\n|\n|t:|...|Solar Beam\n|\n|upkeep' [647 bytes]
DEBUG:websockets.client:< TEXT '>battle-gen9championsvgc2026regma-1573\n|\n|t:|...|Solar Beam\n|\n|upkeep' [647 bytes]
DEBUG:websockets.client:< TEXT '>battle-gen9championsvgc2026regma-1573\n|reques...ng":false}]},"rqid":12}' [1427 bytes]
DEBUG:websockets.client:< TEXT '>battle-gen9championsvgc2026regma-1573\n|reques...Cancel":true,"rqid":13}' [1482 bytes]
DEBUG:vgc_base:forceSwitch [battle-gen9championsvgc2026regma-1573] force=[True, False] \u2192 /choose switch Whimsicott / /choose pass
DEBUG:websockets.client:> TEXT 'battle-gen9championsvgc2026regma-1573|/choose switch Whimsicott, pass' [69 bytes]
DEBUG:websockets.client:< TEXT '>battle-gen9championsvgc2026regma-1573\n|\n|t:|...L50, F|100/100\n|turn|4' [114 bytes]
DEBUG:websockets.client:< TEXT '>battle-gen9championsvgc2026regma-1573\n|\n|t:|...L50, F|137/137\n|turn|4' [114 bytes]
DEBUG:websockets.client:< TEXT '>battle-gen9championsvgc2026regma-1573\n|reques...ng":false}]},"rqid":14}' [2199 bytes]
DEBUG:websockets.client:< TEXT '>battle-gen9championsvgc2026regma-1573\n|reques...ng":false}]},"rqid":15}' [1899 bytes]
DEBUG:vgc_base:Turn 4 [battle-gen9championsvgc2026regma-1573] a0=6 a1=9 src=max_damage g0=0 g1=0
DEBUG:websockets.client:> TEXT 'battle-gen9championsvgc2026regma-1573|/choose m...ast 1, move solarbeam 1' [80 bytes]
INFO:player:Turn 4 [battle-gen9championsvgc2026regma-1573] value head win-prob: 0.165  (losing)
DEBUG:live_vgc_base:Turn 4 [battle-gen9championsvgc2026regma-1573] a0=3 a1=9 src=model opp_splice=on
DEBUG:websockets.client:> TEXT 'battle-gen9championsvgc2026regma-1573|/choose move heatwave, move icywind' [73 bytes]
DEBUG:websockets.client:< TEXT '>battle-gen9championsvgc2026regma-1573\n|\n|t:|...: Charizard\n|\n|upkeep' [723 bytes]
DEBUG:websockets.client:< TEXT '>battle-gen9championsvgc2026regma-1573\n|\n|t:|...: Charizard\n|\n|upkeep' [723 bytes]
DEBUG:websockets.client:< TEXT '>battle-gen9championsvgc2026regma-1573\n|reques...ng":false}]},"rqid":16}' [1427 bytes]
DEBUG:websockets.client:< TEXT '>battle-gen9championsvgc2026regma-1573\n|reques...Cancel":true,"rqid":17}' [1469 bytes]
DEBUG:vgc_base:forceSwitch slot 1: no available switch — '/choose default' (handled poke-env desync).
DEBUG:vgc_base:forceSwitch DIAG [battle-gen9championsvgc2026regma-1573] turn=4 slot=1 force=[True, True] available_switches=[['basculegion'], ['basculegion']] team=[sneasler(act=False,fnt=True,hp=0), charizard(act=True,fnt=True,hp=0), whimsicott(act=True,fnt=True,hp=0), basculegion(act=False,fnt=False,hp=1.0), zoroarkhisui(act=False,fnt=False,hp=1.0), ditto(act=False,fnt=False,hp=1.0)]
DEBUG:websockets.client:> TEXT 'battle-gen9championsvgc2026regma-1573|/choose default' [53 bytes]
DEBUG:websockets.client:< TEXT '>battle-gen9championsvgc2026regma-1573\n|\n|t:|...L50, M|100/100\n|turn|5' [116 bytes]
DEBUG:websockets.client:< TEXT '>battle-gen9championsvgc2026regma-1573\n|\n|t:|...L50, M|197/197\n|turn|5' [116 bytes]
DEBUG:websockets.client:< TEXT '>battle-gen9championsvgc2026regma-1573\n|reques...ng":false}]},"rqid":18}' [2199 bytes]
DEBUG:websockets.client:< TEXT '>battle-gen9championsvgc2026regma-1573\n|reques...ng":false}]},"rqid":19}' [2221 bytes]
INFO:player:Turn 5 [battle-gen9championsvgc2026regma-1573] value head win-prob: 0.976  (winning)
DEBUG:live_vgc_base:Turn 5 [battle-gen9championsvgc2026regma-1573] a0=0 a1=9 src=model opp_splice=on
DEBUG:websockets.client:> TEXT 'battle-gen9championsvgc2026regma-1573|/choose m...larbeam 1, move icywind' [76 bytes]
DEBUG:vgc_base:Turn 5 [battle-gen9championsvgc2026regma-1573] a0=3 a1=0 src=max_damage g0=0 g1=0
DEBUG:vgc_base:_safe_order: action 0 slot 1 \u2192 None, scanning legal actions.
DEBUG:vgc_base:_safe_order: slot 1 has no decodable legal action — sending Pass.
DEBUG:websockets.client:> TEXT 'battle-gen9championsvgc2026regma-1573|/choose move wavecrash 1, pass' [68 bytes]
DEBUG:websockets.client:< TEXT '>battle-gen9championsvgc2026regma-1573\n|\n|t:|...rom] Recoil\n|\n|upkeep' [374 bytes]
DEBUG:websockets.client:< TEXT '>battle-gen9championsvgc2026regma-1573\n|\n|t:|...rom] Recoil\n|\n|upkeep' [376 bytes]
DEBUG:websockets.client:< TEXT '>battle-gen9championsvgc2026regma-1573\n|reques...Cancel":true,"rqid":20}' [1420 bytes]
DEBUG:websockets.client:< TEXT '>battle-gen9championsvgc2026regma-1573\n|reques...ng":false}]},"rqid":21}' [1439 bytes]
DEBUG:live_vgc_base:forceSwitch forced_switch_model [battle-gen9championsvgc2026regma-1573] turn 5 a0=12 a1=None opp_splice=on
DEBUG:websockets.client:> TEXT 'battle-gen9championsvgc2026regma-1573|/choose switch Charizard, pass' [68 bytes]
DEBUG:websockets.client:< TEXT '>battle-gen9championsvgc2026regma-1573\n|\n|t:|...L50, M|168/168\n|turn|6' [112 bytes]
DEBUG:websockets.client:< TEXT '>battle-gen9championsvgc2026regma-1573\n|\n|t:|...L50, M|100/100\n|turn|6' [112 bytes]
DEBUG:websockets.client:< TEXT '>battle-gen9championsvgc2026regma-1573\n|reques...ng":false}]},"rqid":22}' [2185 bytes]
DEBUG:websockets.client:< TEXT '>battle-gen9championsvgc2026regma-1573\n|reques...ng":false}]},"rqid":23}' [2221 bytes]
INFO:player:Turn 6 [battle-gen9championsvgc2026regma-1573] value head win-prob: 0.970  (winning)
DEBUG:live_vgc_base:Turn 6 [battle-gen9championsvgc2026regma-1573] a0=0 a1=0 src=model opp_splice=on
DEBUG:websockets.client:> TEXT 'battle-gen9championsvgc2026regma-1573|/choose m...e mega, move hypervoice' [81 bytes]
DEBUG:vgc_base:Turn 6 [battle-gen9championsvgc2026regma-1573] a0=3 a1=0 src=max_damage g0=0 g1=0
DEBUG:vgc_base:_safe_order: action 0 slot 1 \u2192 None, scanning legal actions.
DEBUG:vgc_base:_safe_order: slot 1 has no decodable legal action — sending Pass.
DEBUG:websockets.client:> TEXT 'battle-gen9championsvgc2026regma-1573|/choose move wavecrash 1, pass' [68 bytes]
DEBUG:websockets.client:< TEXT '>battle-gen9championsvgc2026regma-1573\n|\n|t:|...keep]\n|upkeep\n|turn|7' [613 bytes]
DEBUG:websockets.client:< TEXT '>battle-gen9championsvgc2026regma-1573\n|\n|t:|...keep]\n|upkeep\n|turn|7' [612 bytes]
DEBUG:websockets.client:< TEXT '>battle-gen9championsvgc2026regma-1573\n|reques...ng":false}]},"rqid":24}' [2168 bytes]
DEBUG:websockets.client:< TEXT '>battle-gen9championsvgc2026regma-1573\n|reques...ng":false}]},"rqid":25}' [2219 bytes]
INFO:player:Turn 7 [battle-gen9championsvgc2026regma-1573] value head win-prob: 0.980  (winning)
DEBUG:live_vgc_base:Turn 7 [battle-gen9championsvgc2026regma-1573] a0=0 a1=9 src=model opp_splice=on
DEBUG:websockets.client:> TEXT 'battle-gen9championsvgc2026regma-1573|/choose move heatwave, move icywind' [73 bytes]
DEBUG:vgc_base:Turn 7 [battle-gen9championsvgc2026regma-1573] a0=3 a1=0 src=max_damage g0=0 g1=0
DEBUG:vgc_base:_safe_order: action 0 slot 1 \u2192 None, scanning legal actions.
DEBUG:vgc_base:_safe_order: slot 1 has no decodable legal action — sending Pass.
DEBUG:websockets.client:> TEXT 'battle-gen9championsvgc2026regma-1573|/choose move wavecrash 1, pass' [68 bytes]
DEBUG:websockets.client:< TEXT '>battle-gen9championsvgc2026regma-1573\n|\n|t:|...asculegion\n|\n|win|BC2' [199 bytes]
DEBUG:websockets.client:< TEXT '>battle-gen9championsvgc2026regma-1573\n|\n|t:|...asculegion\n|\n|win|BC2' [199 bytes]
INFO:vgc_base:Battle battle-gen9championsvgc2026regma-1573 finished — outcome: WIN  (W/L/D so far: 4/2/0)
DEBUG:websockets.client:> TEXT '|/leave battle-gen9championsvgc2026regma-1573' [45 bytes]
DEBUG:websockets.client:< TEXT '|updatesearch|{"searching":[],"games":{"battle-... 2026 Reg M-A Battle"}}' [124 bytes]
DEBUG:websockets.client:< TEXT '|updatesearch|{"searching":[],"games":{"battle-... 2026 Reg M-A Battle"}}' [124 bytes]
DEBUG:websockets.client:> TEXT 'battle-gen9championsvgc2026regma-1574|/rejectopenteamsheets' [59 bytes]
INFO:vgc_base:Battle battle-gen9championsvgc2026regma-1573 finished — outcome: LOSS  (W/L/D so far: 2/4/0)
DEBUG:websockets.client:> TEXT '|/leave battle-gen9championsvgc2026regma-1573' [45 bytes]
DEBUG:websockets.client:> TEXT '|/utm Sneasler||whiteherb|unburden|fakeout,dire...Naive|32,2,,,,32||||50|' [550 bytes]
DEBUG:websockets.client:> TEXT '|/challenge opmax2, gen9championsvgc2026regma' [45 bytes]
DEBUG:websockets.client:> TEXT 'battle-gen9championsvgc2026regma-1574|/rejectopenteamsheets' [59 bytes]
DEBUG:websockets.client:< TEXT '>battle-gen9championsvgc2026regma-1573\n|deinit' [46 bytes]
DEBUG:websockets.client:< TEXT '>battle-gen9championsvgc2026regma-1573\n|l|\u2606BC2' [48 bytes]
DEBUG:websockets.client:< TEXT '>battle-gen9championsvgc2026regma-1574\n|uhtmlchange|otsrequest|' [63 bytes]
DEBUG:websockets.client:< TEXT '>battle-gen9championsvgc2026regma-1574\nBC2 rejected open team sheets.' [69 bytes]
DEBUG:websockets.client:< TEXT '>battle-gen9championsvgc2026regma-1574\n|uhtmlchange|otsrequest|' [63 bytes]
DEBUG:websockets.client:< TEXT '>battle-gen9championsvgc2026regma-1574\nBC2 rejected open team sheets.' [69 bytes]
DEBUG:websockets.client:< TEXT '>battle-gen9championsvgc2026regma-1573\n|deinit' [46 bytes]
DEBUG:websockets.client:< TEXT '>battle-gen9championsvgc2026regma-1574\n|uhtmlchange|otsrequest|' [63 bytes]
DEBUG:websockets.client:< TEXT '>battle-gen9championsvgc2026regma-1574\n|uhtmlchange|otsrequest|' [63 bytes]
DEBUG:websockets.client:< TEXT '>battle-gen9championsvgc2026regma-1574\nOPmax_2...ected open team sheets.' [73 bytes]
DEBUG:websockets.client:< TEXT '>battle-gen9championsvgc2026regma-1574\nOPmax_2...ected open team sheets.' [73 bytes]
INFO:player:Team-preview [battle-gen9championsvgc2026regma-1574] NET drove: bring=['whimsicott', 'zoroarkhisui', 'ditto', 'charizardmegay'] leads=['whimsicott', 'zoroarkhisui'] (vs opp ['sneasler', 'charizard', 'whimsicott', 'basculegion', 'zoroarkhisui', 'ditto'])
INFO:vgc_base:Teampreview [battle-gen9championsvgc2026regma-1574] \u2192 /team 3562  (whimsicott, zoroarkhisui, ditto, charizardmegay)
DEBUG:websockets.client:> TEXT 'battle-gen9championsvgc2026regma-1574|/team 3562' [48 bytes]
DEBUG:vgc_base:Teampreview: first-4 roster order \u2192 ['sneasler', 'charizardmegay', 'whimsicott', 'basculegion']
INFO:vgc_base:Teampreview [battle-gen9championsvgc2026regma-1574] \u2192 /team 1234  (sneasler, charizardmegay, whimsicott, basculegion)
DEBUG:websockets.client:> TEXT 'battle-gen9championsvgc2026regma-1574|/team 1234' [48 bytes]
DEBUG:websockets.client:< TEXT '|pm| BC2| OPmax_2|/challenge gen9championsvgc20...hampionsvgc2026regma|||' [83 bytes]
DEBUG:websockets.client:< TEXT '|pm| BC2| OPmax_2|/challenge gen9championsvgc20...hampionsvgc2026regma|||' [83 bytes]
DEBUG:websockets.client:< TEXT '|pm| BC2| OPmax_2|/log BC2 wants to battle!' [43 bytes]
DEBUG:websockets.client:< TEXT '|pm| BC2| OPmax_2|/log BC2 wants to battle!' [43 bytes]
DEBUG:websockets.client:> TEXT '|/utm Sneasler||whiteherb|unburden|fakeout,dire...Naive|32,2,,,,32||||50|' [550 bytes]
DEBUG:websockets.client:> TEXT '|/accept bc2' [12 bytes]
DEBUG:websockets.client:< TEXT '>battle-gen9championsvgc2026regma-1574\n|\n|t:|...L50, M|100/100\n|turn|1' [321 bytes]
DEBUG:websockets.client:< TEXT '>battle-gen9championsvgc2026regma-1574\n|\n|t:|...L50, M|168/168\n|turn|1' [321 bytes]
DEBUG:websockets.client:< TEXT '>battle-gen9championsvgc2026regma-1574\n|reques...ing":false}]},"rqid":4}' [2167 bytes]
DEBUG:websockets.client:< TEXT '|pm| OPmax_2| BC2|/challenge' [28 bytes]
DEBUG:websockets.client:< TEXT '|pm| OPmax_2| BC2|/challenge' [28 bytes]
INFO:player:Turn 1 [battle-gen9championsvgc2026regma-1574] value head win-prob: 0.351  (losing)
DEBUG:live_vgc_base:Turn 1 [battle-gen9championsvgc2026regma-1574] a0=0 a1=9 src=model opp_splice=on
DEBUG:websockets.client:> TEXT 'battle-gen9championsvgc2026regma-1574|/choose move encore 1, move icywind' [73 bytes]
DEBUG:websockets.client:< TEXT '|updatesearch|{"searching":[],"games":{"battle-... 2026 Reg M-A Battle"}}' [124 bytes]
DEBUG:websockets.client:< TEXT '|updatesearch|{"searching":[],"games":{"battle-... 2026 Reg M-A Battle"}}' [124 bytes]
DEBUG:websockets.client:< TEXT '|updatesearch|{"searching":[],"games":{"battle-... 2026 Reg M-A Battle"}}' [208 bytes]
DEBUG:websockets.client:< TEXT '|updatesearch|{"searching":[],"games":{"battle-... 2026 Reg M-A Battle"}}' [208 bytes]
DEBUG:websockets.client:< TEXT '|updatesearch|{"searching":[],"games":{"battle-... 2026 Reg M-A Battle"}}' [208 bytes]
DEBUG:websockets.client:< TEXT '|updatesearch|{"searching":[],"games":{"battle-... 2026 Reg M-A Battle"}}' [208 bytes]
DEBUG:websockets.client:< TEXT '>battle-gen9championsvgc2026regma-1575\n|init|b...n|j|\u2606BC2\n|j|\u2606OPmax_2\n' [99 bytes]
DEBUG:websockets.client:< TEXT '|pm| OPmax_2| BC2|/nonotify OPmax_2 accepted th...26regma-1575</a>&raquo;' [173 bytes]
DEBUG:websockets.client:< TEXT '>battle-gen9championsvgc2026regma-1574\n|reques...ing":false}]},"rqid":5}' [2236 bytes]
DEBUG:websockets.client:< TEXT '>battle-gen9championsvgc2026regma-1575\n|t:|1781642376\n|gametype|doubles' [71 bytes]
DEBUG:websockets.client:< TEXT '>battle-gen9championsvgc2026regma-1575\n|player|p1|BC2|102|' [58 bytes]
DEBUG:websockets.client:< TEXT '>battle-gen9championsvgc2026regma-1575\n|player...heets</strong></button>' [855 bytes]
DEBUG:websockets.client:< TEXT '>battle-gen9championsvgc2026regma-1575\n|reques...ing":false}]},"rqid":3}' [2097 bytes]
DEBUG:websockets.client:< TEXT '>battle-gen9championsvgc2026regma-1575\n|init|b... vs. OPmax_2\n|j|\u2606BC2\n' [85 bytes]
DEBUG:websockets.client:< TEXT '>battle-gen9championsvgc2026regma-1575\n|j|\u2606OPmax_2' [52 bytes]
DEBUG:websockets.client:< TEXT '|pm| OPmax_2| BC2|/nonotify OPmax_2 accepted th...26regma-1575</a>&raquo;' [173 bytes]
DEBUG:websockets.client:< TEXT '>battle-gen9championsvgc2026regma-1575\n|t:|1781642376\n|gametype|doubles' [71 bytes]
DEBUG:websockets.client:< TEXT '>battle-gen9championsvgc2026regma-1575\n|player|p1|BC2|102|' [58 bytes]
DEBUG:websockets.client:< TEXT '>battle-gen9championsvgc2026regma-1575\n|player...heets</strong></button>' [855 bytes]
DEBUG:websockets.client:< TEXT '>battle-gen9championsvgc2026regma-1575\n|reques...ing":false}]},"rqid":2}' [2093 bytes]
DEBUG:vgc_base:Turn 1 [battle-gen9championsvgc2026regma-1574] a0=9 a1=9 src=max_damage g0=0 g1=0
DEBUG:websockets.client:> TEXT 'battle-gen9championsvgc2026regma-1574|/choose m...bat 1, move solarbeam 1' [82 bytes]
DEBUG:websockets.client:< TEXT '>battle-gen9championsvgc2026regma-1574\n|\n|t:|...am\n|\n|upkeep\n|turn|2' [644 bytes]
DEBUG:websockets.client:< TEXT '>battle-gen9championsvgc2026regma-1574\n|\n|t:|...am\n|\n|upkeep\n|turn|2' [646 bytes]
DEBUG:websockets.client:< TEXT '>battle-gen9championsvgc2026regma-1574\n|reques...ing":false}]},"rqid":6}' [2166 bytes]
DEBUG:websockets.client:< TEXT '>battle-gen9championsvgc2026regma-1574\n|reques...ing":false}]},"rqid":7}' [1888 bytes]
INFO:player:Turn 2 [battle-gen9championsvgc2026regma-1574] value head win-prob: 0.274  (losing)
DEBUG:live_vgc_base:Turn 2 [battle-gen9championsvgc2026regma-1574] a0=0 a1=9 src=model opp_splice=on
DEBUG:websockets.client:> TEXT 'battle-gen9championsvgc2026regma-1574|/choose move encore 1, move icywind' [73 bytes]
DEBUG:vgc_base:Turn 2 [battle-gen9championsvgc2026regma-1574] a0=9 a1=9 src=max_damage g0=0 g1=0
DEBUG:websockets.client:> TEXT 'battle-gen9championsvgc2026regma-1574|/choose m...bat 1, move solarbeam 1' [82 bytes]
DEBUG:websockets.client:< TEXT '>battle-gen9championsvgc2026regma-1574\n|\n|t:|... Whimsicott\n|\n|upkeep' [639 bytes]
DEBUG:websockets.client:< TEXT '>battle-gen9championsvgc2026regma-1574\n|\n|t:|... Whimsicott\n|\n|upkeep' [640 bytes]
DEBUG:websockets.client:< TEXT '>battle-gen9championsvgc2026regma-1574\n|reques...oCancel":true,"rqid":8}' [1421 bytes]
DEBUG:websockets.client:< TEXT '>battle-gen9championsvgc2026regma-1574\n|reques...ing":false}]},"rqid":9}' [1452 bytes]
DEBUG:live_vgc_base:forceSwitch forced_switch_model [battle-gen9championsvgc2026regma-1574] turn 2 a0=13 a1=None opp_splice=on
DEBUG:websockets.client:> TEXT 'battle-gen9championsvgc2026regma-1574|/choose switch Ditto, pass' [64 bytes]
DEBUG:websockets.client:< TEXT '>battle-gen9championsvgc2026regma-1574\n|\n|t:|...lity: Imposter\n|turn|3' [164 bytes]
DEBUG:websockets.client:< TEXT '>battle-gen9championsvgc2026regma-1574\n|\n|t:|...lity: Imposter\n|turn|3' [164 bytes]
DEBUG:websockets.client:< TEXT '>battle-gen9championsvgc2026regma-1574\n|reques...ng":false}]},"rqid":10}' [2200 bytes]
DEBUG:websockets.client:< TEXT '>battle-gen9championsvgc2026regma-1574\n|reques...ng":false}]},"rqid":11}' [2224 bytes]
DEBUG:vgc_base:Turn 3 [battle-gen9championsvgc2026regma-1574] a0=9 a1=9 src=max_damage g0=0 g1=0
DEBUG:websockets.client:> TEXT 'battle-gen9championsvgc2026regma-1574|/choose m...bat 1, move solarbeam 1' [82 bytes]
INFO:player:Turn 3 [battle-gen9championsvgc2026regma-1574] value head win-prob: 0.541  (even)
DEBUG:live_vgc_base:Turn 3 [battle-gen9championsvgc2026regma-1574] a0=3 a1=9 src=model opp_splice=on
DEBUG:websockets.client:> TEXT 'battle-gen9championsvgc2026regma-1574|/choose move heatwave, move icywind' [73 bytes]
DEBUG:websockets.client:< TEXT '>battle-gen9championsvgc2026regma-1574\n|\n|t:|...|Solar Beam\n|\n|upkeep' [648 bytes]
DEBUG:websockets.client:< TEXT '>battle-gen9championsvgc2026regma-1574\n|\n|t:|...|Solar Beam\n|\n|upkeep' [648 bytes]
DEBUG:websockets.client:< TEXT '>battle-gen9championsvgc2026regma-1574\n|reques...ng":false}]},"rqid":12}' [1427 bytes]
DEBUG:websockets.client:< TEXT '>battle-gen9championsvgc2026regma-1574\n|reques...Cancel":true,"rqid":13}' [1482 bytes]
DEBUG:vgc_base:forceSwitch [battle-gen9championsvgc2026regma-1574] force=[True, False] \u2192 /choose switch Whimsicott / /choose pass
DEBUG:websockets.client:> TEXT 'battle-gen9championsvgc2026regma-1574|/choose switch Whimsicott, pass' [69 bytes]
DEBUG:websockets.client:< TEXT '>battle-gen9championsvgc2026regma-1574\n|\n|t:|...L50, F|100/100\n|turn|4' [114 bytes]
DEBUG:websockets.client:< TEXT '>battle-gen9championsvgc2026regma-1574\n|\n|t:|...L50, F|137/137\n|turn|4' [114 bytes]
DEBUG:websockets.client:< TEXT '>battle-gen9championsvgc2026regma-1574\n|reques...ng":false}]},"rqid":14}' [2199 bytes]
DEBUG:websockets.client:< TEXT '>battle-gen9championsvgc2026regma-1574\n|reques...ng":false}]},"rqid":15}' [1899 bytes]
INFO:player:Turn 4 [battle-gen9championsvgc2026regma-1574] value head win-prob: 0.167  (losing)
DEBUG:live_vgc_base:Turn 4 [battle-gen9championsvgc2026regma-1574] a0=3 a1=9 src=model opp_splice=on
DEBUG:websockets.client:> TEXT 'battle-gen9championsvgc2026regma-1574|/choose move heatwave, move icywind' [73 bytes]
DEBUG:vgc_base:Turn 4 [battle-gen9championsvgc2026regma-1574] a0=6 a1=9 src=max_damage g0=0 g1=0
DEBUG:websockets.client:> TEXT 'battle-gen9championsvgc2026regma-1574|/choose m...ast 1, move solarbeam 1' [80 bytes]
DEBUG:websockets.client:< TEXT '>battle-gen9championsvgc2026regma-1574\n|\n|t:|...55\n|\n|upkeep\n|turn|5' [747 bytes]
DEBUG:websockets.client:< TEXT '>battle-gen9championsvgc2026regma-1574\n|\n|t:|...00\n|\n|upkeep\n|turn|5' [747 bytes]
DEBUG:websockets.client:< TEXT '>battle-gen9championsvgc2026regma-1574\n|reques...ng":false}]},"rqid":16}' [2199 bytes]
DEBUG:websockets.client:< TEXT '>battle-gen9championsvgc2026regma-1574\n|reques...ng":false}]},"rqid":17}' [2227 bytes]
DEBUG:vgc_base:Turn 5 [battle-gen9championsvgc2026regma-1574] a0=6 a1=9 src=max_damage g0=0 g1=0
DEBUG:websockets.client:> TEXT 'battle-gen9championsvgc2026regma-1574|/choose m...ast 1, move solarbeam 1' [80 bytes]
INFO:player:Turn 5 [battle-gen9championsvgc2026regma-1574] value head win-prob: 0.544  (even)
DEBUG:live_vgc_base:Turn 5 [battle-gen9championsvgc2026regma-1574] a0=3 a1=9 src=model opp_splice=on
DEBUG:websockets.client:> TEXT 'battle-gen9championsvgc2026regma-1574|/choose move heatwave, move icywind' [73 bytes]
DEBUG:websockets.client:< TEXT '>battle-gen9championsvgc2026regma-1574\n|\n|t:|...|p1a: Ditto\n|\n|upkeep' [340 bytes]
DEBUG:websockets.client:< TEXT '>battle-gen9championsvgc2026regma-1574\n|\n|t:|...|p1a: Ditto\n|\n|upkeep' [340 bytes]
DEBUG:websockets.client:< TEXT '>battle-gen9championsvgc2026regma-1574\n|reques...ng":false}]},"rqid":18}' [1427 bytes]
DEBUG:websockets.client:< TEXT '>battle-gen9championsvgc2026regma-1574\n|reques...Cancel":true,"rqid":19}' [1469 bytes]
DEBUG:vgc_base:forceSwitch slot 1: no available switch — '/choose default' (handled poke-env desync).
DEBUG:vgc_base:forceSwitch DIAG [battle-gen9championsvgc2026regma-1574] turn=5 slot=1 force=[True, True] available_switches=[['basculegion'], ['basculegion']] team=[sneasler(act=False,fnt=True,hp=0), charizard(act=True,fnt=True,hp=0), whimsicott(act=True,fnt=True,hp=0), basculegion(act=False,fnt=False,hp=1.0), zoroarkhisui(act=False,fnt=False,hp=1.0), ditto(act=False,fnt=False,hp=1.0)]
DEBUG:websockets.client:> TEXT 'battle-gen9championsvgc2026regma-1574|/choose default' [53 bytes]
DEBUG:websockets.client:< TEXT '>battle-gen9championsvgc2026regma-1574\n|\n|t:|...L50, M|100/100\n|turn|6' [116 bytes]
DEBUG:websockets.client:< TEXT '>battle-gen9championsvgc2026regma-1574\n|\n|t:|...L50, M|197/197\n|turn|6' [116 bytes]
DEBUG:websockets.client:< TEXT '>battle-gen9championsvgc2026regma-1574\n|reques...ng":false}]},"rqid":20}' [2199 bytes]
DEBUG:websockets.client:< TEXT '>battle-gen9championsvgc2026regma-1574\n|reques...ng":false}]},"rqid":21}' [2221 bytes]
DEBUG:vgc_base:Turn 6 [battle-gen9championsvgc2026regma-1574] a0=3 a1=0 src=max_damage g0=0 g1=0
DEBUG:vgc_base:_safe_order: action 0 slot 1 \u2192 None, scanning legal actions.
DEBUG:vgc_base:_safe_order: slot 1 has no decodable legal action — sending Pass.
DEBUG:websockets.client:> TEXT 'battle-gen9championsvgc2026regma-1574|/choose move wavecrash 1, pass' [68 bytes]
INFO:player:Turn 6 [battle-gen9championsvgc2026regma-1574] value head win-prob: 0.974  (winning)
DEBUG:live_vgc_base:Turn 6 [battle-gen9championsvgc2026regma-1574] a0=0 a1=9 src=model opp_splice=on
DEBUG:websockets.client:> TEXT 'battle-gen9championsvgc2026regma-1574|/choose m...larbeam 1, move icywind' [76 bytes]
DEBUG:websockets.client:< TEXT '>battle-gen9championsvgc2026regma-1574\n|\n|t:|...rom] Recoil\n|\n|upkeep' [392 bytes]
DEBUG:websockets.client:< TEXT '>battle-gen9championsvgc2026regma-1574\n|\n|t:|...rom] Recoil\n|\n|upkeep' [394 bytes]
DEBUG:websockets.client:< TEXT '>battle-gen9championsvgc2026regma-1574\n|reques...Cancel":true,"rqid":22}' [1420 bytes]
DEBUG:websockets.client:< TEXT '>battle-gen9championsvgc2026regma-1574\n|reques...ng":false}]},"rqid":23}' [1439 bytes]
DEBUG:live_vgc_base:forceSwitch forced_switch_model [battle-gen9championsvgc2026regma-1574] turn 6 a0=12 a1=None opp_splice=on
DEBUG:websockets.client:> TEXT 'battle-gen9championsvgc2026regma-1574|/choose switch Charizard, pass' [68 bytes]
DEBUG:websockets.client:< TEXT '>battle-gen9championsvgc2026regma-1574\n|\n|t:|...L50, M|168/168\n|turn|7' [112 bytes]
DEBUG:websockets.client:< TEXT '>battle-gen9championsvgc2026regma-1574\n|\n|t:|...L50, M|100/100\n|turn|7' [112 bytes]
DEBUG:websockets.client:< TEXT '>battle-gen9championsvgc2026regma-1574\n|reques...ng":false}]},"rqid":24}' [2185 bytes]
DEBUG:websockets.client:< TEXT '>battle-gen9championsvgc2026regma-1574\n|reques...ng":false}]},"rqid":25}' [2221 bytes]
DEBUG:vgc_base:Turn 7 [battle-gen9championsvgc2026regma-1574] a0=3 a1=0 src=max_damage g0=0 g1=0
DEBUG:vgc_base:_safe_order: action 0 slot 1 \u2192 None, scanning legal actions.
DEBUG:vgc_base:_safe_order: slot 1 has no decodable legal action — sending Pass.
DEBUG:websockets.client:> TEXT 'battle-gen9championsvgc2026regma-1574|/choose move wavecrash 1, pass' [68 bytes]
INFO:player:Turn 7 [battle-gen9championsvgc2026regma-1574] value head win-prob: 0.970  (winning)
DEBUG:live_vgc_base:Turn 7 [battle-gen9championsvgc2026regma-1574] a0=0 a1=0 src=model opp_splice=on
DEBUG:websockets.client:> TEXT 'battle-gen9championsvgc2026regma-1574|/choose m...e mega, move hypervoice' [81 bytes]
DEBUG:websockets.client:< TEXT '>battle-gen9championsvgc2026regma-1574\n|\n|t:|...keep]\n|upkeep\n|turn|8' [614 bytes]
DEBUG:websockets.client:< TEXT '>battle-gen9championsvgc2026regma-1574\n|\n|t:|...keep]\n|upkeep\n|turn|8' [613 bytes]
DEBUG:websockets.client:< TEXT '>battle-gen9championsvgc2026regma-1574\n|reques...ng":false}]},"rqid":26}' [2168 bytes]
DEBUG:websockets.client:< TEXT '>battle-gen9championsvgc2026regma-1574\n|reques...ng":false}]},"rqid":27}' [2220 bytes]
DEBUG:vgc_base:Turn 8 [battle-gen9championsvgc2026regma-1574] a0=3 a1=0 src=max_damage g0=0 g1=0
DEBUG:vgc_base:_safe_order: action 0 slot 1 \u2192 None, scanning legal actions.
DEBUG:vgc_base:_safe_order: slot 1 has no decodable legal action — sending Pass.
DEBUG:websockets.client:> TEXT 'battle-gen9championsvgc2026regma-1574|/choose move wavecrash 1, pass' [68 bytes]
INFO:player:Turn 8 [battle-gen9championsvgc2026regma-1574] value head win-prob: 0.978  (winning)
DEBUG:live_vgc_base:Turn 8 [battle-gen9championsvgc2026regma-1574] a0=0 a1=9 src=model opp_splice=on
DEBUG:websockets.client:> TEXT 'battle-gen9championsvgc2026regma-1574|/choose move heatwave, move icywind' [73 bytes]
DEBUG:websockets.client:< TEXT '>battle-gen9championsvgc2026regma-1574\n|\n|t:|...asculegion\n|\n|win|BC2' [223 bytes]
DEBUG:websockets.client:< TEXT '>battle-gen9championsvgc2026regma-1574\n|\n|t:|...asculegion\n|\n|win|BC2' [223 bytes]
INFO:vgc_base:Battle battle-gen9championsvgc2026regma-1574 finished — outcome: WIN  (W/L/D so far: 5/2/0)
DEBUG:websockets.client:> TEXT '|/leave battle-gen9championsvgc2026regma-1574' [45 bytes]
DEBUG:websockets.client:< TEXT '|updatesearch|{"searching":[],"games":{"battle-... 2026 Reg M-A Battle"}}' [124 bytes]
DEBUG:websockets.client:> TEXT 'battle-gen9championsvgc2026regma-1575|/rejectopenteamsheets' [59 bytes]
INFO:vgc_base:Battle battle-gen9championsvgc2026regma-1574 finished — outcome: LOSS  (W/L/D so far: 2/5/0)
DEBUG:websockets.client:> TEXT '|/leave battle-gen9championsvgc2026regma-1574' [45 bytes]
DEBUG:websockets.client:< TEXT '|updatesearch|{"searching":[],"games":{"battle-... 2026 Reg M-A Battle"}}' [124 bytes]
DEBUG:websockets.client:> TEXT '|/utm Sneasler||whiteherb|unburden|fakeout,dire...Naive|32,2,,,,32||||50|' [550 bytes]
DEBUG:websockets.client:> TEXT '|/challenge opmax2, gen9championsvgc2026regma' [45 bytes]
DEBUG:websockets.client:> TEXT 'battle-gen9championsvgc2026regma-1575|/rejectopenteamsheets' [59 bytes]
DEBUG:websockets.client:< TEXT '>battle-gen9championsvgc2026regma-1574\n|l|\u2606BC2' [48 bytes]
DEBUG:websockets.client:< TEXT '>battle-gen9championsvgc2026regma-1575\n|uhtmlchange|otsrequest|' [63 bytes]
DEBUG:websockets.client:< TEXT '>battle-gen9championsvgc2026regma-1575\nBC2 rejected open team sheets.' [69 bytes]
DEBUG:websockets.client:< TEXT '>battle-gen9championsvgc2026regma-1574\n|deinit' [46 bytes]
DEBUG:websockets.client:< TEXT '>battle-gen9championsvgc2026regma-1574\n|deinit' [46 bytes]
DEBUG:websockets.client:< TEXT '>battle-gen9championsvgc2026regma-1575\n|uhtmlchange|otsrequest|' [63 bytes]
DEBUG:websockets.client:< TEXT '>battle-gen9championsvgc2026regma-1575\nBC2 rejected open team sheets.' [69 bytes]
DEBUG:websockets.client:< TEXT '>battle-gen9championsvgc2026regma-1575\n|uhtmlchange|otsrequest|' [63 bytes]
DEBUG:websockets.client:< TEXT '>battle-gen9championsvgc2026regma-1575\n|uhtmlchange|otsrequest|' [63 bytes]
DEBUG:websockets.client:< TEXT '>battle-gen9championsvgc2026regma-1575\nOPmax_2...ected open team sheets.' [73 bytes]
DEBUG:websockets.client:< TEXT '>battle-gen9championsvgc2026regma-1575\nOPmax_2...ected open team sheets.' [73 bytes]
INFO:player:Team-preview [battle-gen9championsvgc2026regma-1575] NET drove: bring=['whimsicott', 'zoroarkhisui', 'ditto', 'charizardmegay'] leads=['whimsicott', 'zoroarkhisui'] (vs opp ['sneasler', 'charizard', 'whimsicott', 'basculegion', 'zoroarkhisui', 'ditto'])
INFO:vgc_base:Teampreview [battle-gen9championsvgc2026regma-1575] \u2192 /team 3562  (whimsicott, zoroarkhisui, ditto, charizardmegay)
DEBUG:websockets.client:> TEXT 'battle-gen9championsvgc2026regma-1575|/team 3562' [48 bytes]
DEBUG:vgc_base:Teampreview: first-4 roster order \u2192 ['sneasler', 'charizardmegay', 'whimsicott', 'basculegion']
INFO:vgc_base:Teampreview [battle-gen9championsvgc2026regma-1575] \u2192 /team 1234  (sneasler, charizardmegay, whimsicott, basculegion)
DEBUG:websockets.client:> TEXT 'battle-gen9championsvgc2026regma-1575|/team 1234' [48 bytes]
DEBUG:websockets.client:< TEXT '|pm| BC2| OPmax_2|/challenge gen9championsvgc20...hampionsvgc2026regma|||' [83 bytes]
DEBUG:websockets.client:< TEXT '|pm| BC2| OPmax_2|/challenge gen9championsvgc20...hampionsvgc2026regma|||' [83 bytes]
DEBUG:websockets.client:< TEXT '|pm| BC2| OPmax_2|/log BC2 wants to battle!' [43 bytes]
DEBUG:websockets.client:< TEXT '|pm| BC2| OPmax_2|/log BC2 wants to battle!' [43 bytes]
DEBUG:websockets.client:> TEXT '|/utm Sneasler||whiteherb|unburden|fakeout,dire...Naive|32,2,,,,32||||50|' [550 bytes]
DEBUG:websockets.client:> TEXT '|/accept bc2' [12 bytes]
DEBUG:websockets.client:< TEXT '>battle-gen9championsvgc2026regma-1575\n|\n|t:|...L50, M|100/100\n|turn|1' [321 bytes]
DEBUG:websockets.client:< TEXT '>battle-gen9championsvgc2026regma-1575\n|\n|t:|...L50, M|168/168\n|turn|1' [321 bytes]
DEBUG:websockets.client:< TEXT '>battle-gen9championsvgc2026regma-1575\n|reques...ing":false}]},"rqid":4}' [2167 bytes]
DEBUG:websockets.client:< TEXT '>battle-gen9championsvgc2026regma-1575\n|reques...ing":false}]},"rqid":5}' [2236 bytes]
DEBUG:websockets.client:< TEXT '|pm| OPmax_2| BC2|/challenge' [28 bytes]
DEBUG:websockets.client:< TEXT '|pm| OPmax_2| BC2|/challenge' [28 bytes]
DEBUG:websockets.client:< TEXT '|updatesearch|{"searching":[],"games":{"battle-... 2026 Reg M-A Battle"}}' [124 bytes]
DEBUG:websockets.client:< TEXT '|updatesearch|{"searching":[],"games":{"battle-... 2026 Reg M-A Battle"}}' [124 bytes]
DEBUG:websockets.client:< TEXT '|updatesearch|{"searching":[],"games":{"battle-... 2026 Reg M-A Battle"}}' [208 bytes]
DEBUG:websockets.client:< TEXT '|updatesearch|{"searching":[],"games":{"battle-... 2026 Reg M-A Battle"}}' [208 bytes]
INFO:player:Turn 1 [battle-gen9championsvgc2026regma-1575] value head win-prob: 0.351  (losing)
DEBUG:live_vgc_base:Turn 1 [battle-gen9championsvgc2026regma-1575] a0=0 a1=9 src=model opp_splice=on
DEBUG:websockets.client:> TEXT 'battle-gen9championsvgc2026regma-1575|/choose move encore 1, move icywind' [73 bytes]
DEBUG:websockets.client:< TEXT '|updatesearch|{"searching":[],"games":{"battle-... 2026 Reg M-A Battle"}}' [208 bytes]
DEBUG:websockets.client:< TEXT '|updatesearch|{"searching":[],"games":{"battle-... 2026 Reg M-A Battle"}}' [208 bytes]
DEBUG:vgc_base:Turn 1 [battle-gen9championsvgc2026regma-1575] a0=9 a1=9 src=max_damage g0=0 g1=0
DEBUG:websockets.client:> TEXT 'battle-gen9championsvgc2026regma-1575|/choose m...bat 1, move solarbeam 1' [82 bytes]
DEBUG:websockets.client:< TEXT '>battle-gen9championsvgc2026regma-1576\n|init|b... vs. OPmax_2\n|j|\u2606BC2\n' [85 bytes]
DEBUG:websockets.client:< TEXT '>battle-gen9championsvgc2026regma-1576\n|init|b...n|j|\u2606BC2\n|j|\u2606OPmax_2\n' [99 bytes]
DEBUG:websockets.client:< TEXT '|pm| OPmax_2| BC2|/nonotify OPmax_2 accepted th...26regma-1576</a>&raquo;' [173 bytes]
DEBUG:websockets.client:< TEXT '>battle-gen9championsvgc2026regma-1576\n|t:|1781642376\n|gametype|doubles' [71 bytes]
DEBUG:websockets.client:< TEXT '>battle-gen9championsvgc2026regma-1576\n|player|p1|BC2|102|' [58 bytes]
DEBUG:websockets.client:< TEXT '>battle-gen9championsvgc2026regma-1576\n|player...heets</strong></button>' [855 bytes]
DEBUG:websockets.client:< TEXT '>battle-gen9championsvgc2026regma-1576\n|reques...ing":false}]},"rqid":3}' [2097 bytes]
DEBUG:websockets.client:< TEXT '>battle-gen9championsvgc2026regma-1576\n|j|\u2606OPmax_2' [52 bytes]
DEBUG:websockets.client:< TEXT '|pm| OPmax_2| BC2|/nonotify OPmax_2 accepted th...26regma-1576</a>&raquo;' [173 bytes]
DEBUG:websockets.client:< TEXT '>battle-gen9championsvgc2026regma-1576\n|t:|1781642376\n|gametype|doubles' [71 bytes]
DEBUG:websockets.client:< TEXT '>battle-gen9championsvgc2026regma-1576\n|player|p1|BC2|102|' [58 bytes]
DEBUG:websockets.client:< TEXT '>battle-gen9championsvgc2026regma-1576\n|player...heets</strong></button>' [855 bytes]
DEBUG:websockets.client:< TEXT '>battle-gen9championsvgc2026regma-1576\n|reques...ing":false}]},"rqid":2}' [2093 bytes]
DEBUG:websockets.client:< TEXT '>battle-gen9championsvgc2026regma-1575\n|\n|t:|...am\n|\n|upkeep\n|turn|2' [644 bytes]
DEBUG:websockets.client:< TEXT '>battle-gen9championsvgc2026regma-1575\n|\n|t:|...am\n|\n|upkeep\n|turn|2' [646 bytes]
DEBUG:websockets.client:< TEXT '>battle-gen9championsvgc2026regma-1575\n|reques...ing":false}]},"rqid":6}' [2166 bytes]
DEBUG:websockets.client:< TEXT '>battle-gen9championsvgc2026regma-1575\n|reques...ing":false}]},"rqid":7}' [1888 bytes]
INFO:player:Turn 2 [battle-gen9championsvgc2026regma-1575] value head win-prob: 0.278  (losing)
DEBUG:live_vgc_base:Turn 2 [battle-gen9championsvgc2026regma-1575] a0=0 a1=9 src=model opp_splice=on
DEBUG:websockets.client:> TEXT 'battle-gen9championsvgc2026regma-1575|/choose move encore 1, move icywind' [73 bytes]
DEBUG:vgc_base:Turn 2 [battle-gen9championsvgc2026regma-1575] a0=9 a1=9 src=max_damage g0=0 g1=0
DEBUG:websockets.client:> TEXT 'battle-gen9championsvgc2026regma-1575|/choose m...bat 1, move solarbeam 1' [82 bytes]
DEBUG:websockets.client:< TEXT '>battle-gen9championsvgc2026regma-1575\n|\n|t:|... Whimsicott\n|\n|upkeep' [639 bytes]
DEBUG:websockets.client:< TEXT '>battle-gen9championsvgc2026regma-1575\n|\n|t:|... Whimsicott\n|\n|upkeep' [640 bytes]
DEBUG:websockets.client:< TEXT '>battle-gen9championsvgc2026regma-1575\n|reques...ing":false}]},"rqid":9}' [1452 bytes]
DEBUG:websockets.client:< TEXT '>battle-gen9championsvgc2026regma-1575\n|reques...oCancel":true,"rqid":8}' [1421 bytes]
DEBUG:live_vgc_base:forceSwitch forced_switch_model [battle-gen9championsvgc2026regma-1575] turn 2 a0=13 a1=None opp_splice=on
DEBUG:websockets.client:> TEXT 'battle-gen9championsvgc2026regma-1575|/choose switch Ditto, pass' [64 bytes]
DEBUG:websockets.client:< TEXT '>battle-gen9championsvgc2026regma-1575\n|\n|t:|...lity: Imposter\n|turn|3' [164 bytes]
DEBUG:websockets.client:< TEXT '>battle-gen9championsvgc2026regma-1575\n|\n|t:|...lity: Imposter\n|turn|3' [164 bytes]
DEBUG:websockets.client:< TEXT '>battle-gen9championsvgc2026regma-1575\n|reques...ng":false}]},"rqid":10}' [2200 bytes]
DEBUG:websockets.client:< TEXT '>battle-gen9championsvgc2026regma-1575\n|reques...ng":false}]},"rqid":11}' [2224 bytes]
INFO:player:Turn 3 [battle-gen9championsvgc2026regma-1575] value head win-prob: 0.521  (even)
DEBUG:live_vgc_base:Turn 3 [battle-gen9championsvgc2026regma-1575] a0=3 a1=9 src=model opp_splice=on
DEBUG:websockets.client:> TEXT 'battle-gen9championsvgc2026regma-1575|/choose move heatwave, move icywind' [73 bytes]
DEBUG:vgc_base:Turn 3 [battle-gen9championsvgc2026regma-1575] a0=9 a1=9 src=max_damage g0=0 g1=0
DEBUG:websockets.client:> TEXT 'battle-gen9championsvgc2026regma-1575|/choose m...bat 1, move solarbeam 1' [82 bytes]
DEBUG:websockets.client:< TEXT '>battle-gen9championsvgc2026regma-1575\n|\n|t:|...|Solar Beam\n|\n|upkeep' [651 bytes]
DEBUG:websockets.client:< TEXT '>battle-gen9championsvgc2026regma-1575\n|\n|t:|...|Solar Beam\n|\n|upkeep' [649 bytes]
DEBUG:websockets.client:< TEXT '>battle-gen9championsvgc2026regma-1575\n|reques...ng":false}]},"rqid":12}' [1428 bytes]
DEBUG:websockets.client:< TEXT '>battle-gen9championsvgc2026regma-1575\n|reques...Cancel":true,"rqid":13}' [1482 bytes]
DEBUG:vgc_base:forceSwitch [battle-gen9championsvgc2026regma-1575] force=[True, False] \u2192 /choose switch Whimsicott / /choose pass
DEBUG:websockets.client:> TEXT 'battle-gen9championsvgc2026regma-1575|/choose switch Whimsicott, pass' [69 bytes]
DEBUG:websockets.client:< TEXT '>battle-gen9championsvgc2026regma-1575\n|\n|t:|...L50, M|100/100\n|turn|4' [114 bytes]
DEBUG:websockets.client:< TEXT '>battle-gen9championsvgc2026regma-1575\n|\n|t:|...L50, M|137/137\n|turn|4' [114 bytes]
DEBUG:websockets.client:< TEXT '>battle-gen9championsvgc2026regma-1575\n|reques...ng":false}]},"rqid":14}' [2200 bytes]
DEBUG:websockets.client:< TEXT '>battle-gen9championsvgc2026regma-1575\n|reques...ng":false}]},"rqid":15}' [1899 bytes]
DEBUG:vgc_base:Turn 4 [battle-gen9championsvgc2026regma-1575] a0=6 a1=9 src=max_damage g0=0 g1=0
DEBUG:websockets.client:> TEXT 'battle-gen9championsvgc2026regma-1575|/choose m...ast 1, move solarbeam 1' [80 bytes]
INFO:player:Turn 4 [battle-gen9championsvgc2026regma-1575] value head win-prob: 0.167  (losing)
DEBUG:live_vgc_base:Turn 4 [battle-gen9championsvgc2026regma-1575] a0=3 a1=9 src=model opp_splice=on
DEBUG:websockets.client:> TEXT 'battle-gen9championsvgc2026regma-1575|/choose move heatwave, move icywind' [73 bytes]
DEBUG:websockets.client:< TEXT '>battle-gen9championsvgc2026regma-1575\n|\n|t:|...2a: Whimsicott\n|upkeep' [832 bytes]
DEBUG:websockets.client:< TEXT '>battle-gen9championsvgc2026regma-1575\n|\n|t:|...2a: Whimsicott\n|upkeep' [832 bytes]
DEBUG:websockets.client:< TEXT '>battle-gen9championsvgc2026regma-1575\n|reques...ng":false}]},"rqid":16}' [1427 bytes]
DEBUG:websockets.client:< TEXT '>battle-gen9championsvgc2026regma-1575\n|reques...Cancel":true,"rqid":17}' [1471 bytes]
DEBUG:vgc_base:forceSwitch [battle-gen9championsvgc2026regma-1575] force=[True, False] \u2192 /choose switch Basculegion / /choose pass
DEBUG:websockets.client:> TEXT 'battle-gen9championsvgc2026regma-1575|/choose switch Basculegion, pass' [70 bytes]
DEBUG:websockets.client:< TEXT '>battle-gen9championsvgc2026regma-1575\n|\n|t:|...L50, M|100/100\n|turn|5' [116 bytes]
DEBUG:websockets.client:< TEXT '>battle-gen9championsvgc2026regma-1575\n|\n|t:|...L50, M|197/197\n|turn|5' [116 bytes]
DEBUG:websockets.client:< TEXT '>battle-gen9championsvgc2026regma-1575\n|reques...ng":false}]},"rqid":18}' [2199 bytes]
DEBUG:websockets.client:< TEXT '>battle-gen9championsvgc2026regma-1575\n|reques...ng":false}]},"rqid":19}' [2222 bytes]
INFO:player:Turn 5 [battle-gen9championsvgc2026regma-1575] value head win-prob: 0.595  (winning)
DEBUG:live_vgc_base:Turn 5 [battle-gen9championsvgc2026regma-1575] a0=3 a1=0 src=model opp_splice=on
DEBUG:websockets.client:> TEXT 'battle-gen9championsvgc2026regma-1575|/choose m...atwave, move hypervoice' [76 bytes]
DEBUG:vgc_base:Turn 5 [battle-gen9championsvgc2026regma-1575] a0=3 a1=9 src=max_damage g0=0 g1=0
DEBUG:websockets.client:> TEXT 'battle-gen9championsvgc2026regma-1575|/choose m...ash 1, move solarbeam 1' [80 bytes]
DEBUG:websockets.client:< TEXT '>battle-gen9championsvgc2026regma-1575\n|\n|t:|...rom] Recoil\n|\n|upkeep' [370 bytes]
DEBUG:websockets.client:< TEXT '>battle-gen9championsvgc2026regma-1575\n|\n|t:|...rom] Recoil\n|\n|upkeep' [371 bytes]
DEBUG:websockets.client:< TEXT '>battle-gen9championsvgc2026regma-1575\n|reques...Cancel":true,"rqid":20}' [1420 bytes]
DEBUG:live_vgc_base:forceSwitch forced_switch_model [battle-gen9championsvgc2026regma-1575] turn 5 a0=12 a1=None opp_splice=on
DEBUG:websockets.client:> TEXT 'battle-gen9championsvgc2026regma-1575|/choose switch Charizard, pass' [68 bytes]
DEBUG:websockets.client:< TEXT '>battle-gen9championsvgc2026regma-1575\n|reques...ng":false}]},"rqid":21}' [1439 bytes]
DEBUG:websockets.client:< TEXT '>battle-gen9championsvgc2026regma-1575\n|\n|t:|...L50, M|168/168\n|turn|6' [112 bytes]
DEBUG:websockets.client:< TEXT '>battle-gen9championsvgc2026regma-1575\n|\n|t:|...L50, M|100/100\n|turn|6' [112 bytes]
DEBUG:websockets.client:< TEXT '>battle-gen9championsvgc2026regma-1575\n|reques...ng":false}]},"rqid":22}' [2185 bytes]
DEBUG:websockets.client:< TEXT '>battle-gen9championsvgc2026regma-1575\n|reques...ng":false}]},"rqid":23}' [2221 bytes]
INFO:player:Turn 6 [battle-gen9championsvgc2026regma-1575] value head win-prob: 0.961  (winning)
DEBUG:live_vgc_base:Turn 6 [battle-gen9championsvgc2026regma-1575] a0=0 a1=0 src=model opp_splice=on
DEBUG:websockets.client:> TEXT 'battle-gen9championsvgc2026regma-1575|/choose m...e mega, move hypervoice' [81 bytes]
DEBUG:vgc_base:Turn 6 [battle-gen9championsvgc2026regma-1575] a0=3 a1=0 src=max_damage g0=0 g1=0
DEBUG:vgc_base:_safe_order: action 0 slot 1 \u2192 None, scanning legal actions.
DEBUG:vgc_base:_safe_order: slot 1 has no decodable legal action — sending Pass.
DEBUG:websockets.client:> TEXT 'battle-gen9championsvgc2026regma-1575|/choose move wavecrash 1, pass' [68 bytes]
DEBUG:websockets.client:< TEXT '>battle-gen9championsvgc2026regma-1575\n|\n|t:|...keep]\n|upkeep\n|turn|7' [613 bytes]
DEBUG:websockets.client:< TEXT '>battle-gen9championsvgc2026regma-1575\n|\n|t:|...keep]\n|upkeep\n|turn|7' [613 bytes]
DEBUG:websockets.client:< TEXT '>battle-gen9championsvgc2026regma-1575\n|reques...ng":false}]},"rqid":24}' [2167 bytes]
DEBUG:websockets.client:< TEXT '>battle-gen9championsvgc2026regma-1575\n|reques...ng":false}]},"rqid":25}' [2220 bytes]
INFO:player:Turn 7 [battle-gen9championsvgc2026regma-1575] value head win-prob: 0.970  (winning)
DEBUG:live_vgc_base:Turn 7 [battle-gen9championsvgc2026regma-1575] a0=0 a1=9 src=model opp_splice=on
DEBUG:websockets.client:> TEXT 'battle-gen9championsvgc2026regma-1575|/choose move heatwave, move icywind' [73 bytes]
DEBUG:vgc_base:Turn 7 [battle-gen9championsvgc2026regma-1575] a0=3 a1=0 src=max_damage g0=0 g1=0
DEBUG:vgc_base:_safe_order: action 0 slot 1 \u2192 None, scanning legal actions.
DEBUG:vgc_base:_safe_order: slot 1 has no decodable legal action — sending Pass.
DEBUG:websockets.client:> TEXT 'battle-gen9championsvgc2026regma-1575|/choose move wavecrash 1, pass' [68 bytes]
DEBUG:websockets.client:< TEXT '>battle-gen9championsvgc2026regma-1575\n|\n|t:|...asculegion\n|\n|win|BC2' [343 bytes]
DEBUG:websockets.client:< TEXT '>battle-gen9championsvgc2026regma-1575\n|\n|t:|...asculegion\n|\n|win|BC2' [343 bytes]
INFO:vgc_base:Battle battle-gen9championsvgc2026regma-1575 finished — outcome: WIN  (W/L/D so far: 6/2/0)
DEBUG:websockets.client:> TEXT '|/leave battle-gen9championsvgc2026regma-1575' [45 bytes]
DEBUG:websockets.client:< TEXT '|updatesearch|{"searching":[],"games":{"battle-... 2026 Reg M-A Battle"}}' [124 bytes]
DEBUG:websockets.client:> TEXT 'battle-gen9championsvgc2026regma-1576|/rejectopenteamsheets' [59 bytes]
INFO:vgc_base:Battle battle-gen9championsvgc2026regma-1575 finished — outcome: LOSS  (W/L/D so far: 2/6/0)
DEBUG:websockets.client:> TEXT '|/leave battle-gen9championsvgc2026regma-1575' [45 bytes]
DEBUG:websockets.client:< TEXT '|updatesearch|{"searching":[],"games":{"battle-... 2026 Reg M-A Battle"}}' [124 bytes]
DEBUG:websockets.client:> TEXT '|/utm Sneasler||whiteherb|unburden|fakeout,dire...Naive|32,2,,,,32||||50|' [550 bytes]
DEBUG:websockets.client:> TEXT '|/challenge opmax2, gen9championsvgc2026regma' [45 bytes]
DEBUG:websockets.client:> TEXT 'battle-gen9championsvgc2026regma-1576|/rejectopenteamsheets' [59 bytes]
DEBUG:websockets.client:< TEXT '>battle-gen9championsvgc2026regma-1575\n|l|\u2606BC2' [48 bytes]
DEBUG:websockets.client:< TEXT '>battle-gen9championsvgc2026regma-1576\n|uhtmlchange|otsrequest|' [63 bytes]
DEBUG:websockets.client:< TEXT '>battle-gen9championsvgc2026regma-1576\nBC2 rejected open team sheets.' [69 bytes]
DEBUG:websockets.client:< TEXT '>battle-gen9championsvgc2026regma-1575\n|deinit' [46 bytes]
DEBUG:websockets.client:< TEXT '>battle-gen9championsvgc2026regma-1575\n|deinit' [46 bytes]
DEBUG:websockets.client:< TEXT '>battle-gen9championsvgc2026regma-1576\n|uhtmlchange|otsrequest|' [63 bytes]
DEBUG:websockets.client:< TEXT '>battle-gen9championsvgc2026regma-1576\nBC2 rejected open team sheets.' [69 bytes]
DEBUG:websockets.client:< TEXT '>battle-gen9championsvgc2026regma-1576\n|uhtmlchange|otsrequest|' [63 bytes]
DEBUG:websockets.client:< TEXT '>battle-gen9championsvgc2026regma-1576\n|uhtmlchange|otsrequest|' [63 bytes]
DEBUG:websockets.client:< TEXT '>battle-gen9championsvgc2026regma-1576\nOPmax_2...ected open team sheets.' [73 bytes]
DEBUG:websockets.client:< TEXT '>battle-gen9championsvgc2026regma-1576\nOPmax_2...ected open team sheets.' [73 bytes]
INFO:player:Team-preview [battle-gen9championsvgc2026regma-1576] NET drove: bring=['whimsicott', 'zoroarkhisui', 'ditto', 'charizardmegay'] leads=['whimsicott', 'zoroarkhisui'] (vs opp ['sneasler', 'charizard', 'whimsicott', 'basculegion', 'zoroarkhisui', 'ditto'])
INFO:vgc_base:Teampreview [battle-gen9championsvgc2026regma-1576] \u2192 /team 3562  (whimsicott, zoroarkhisui, ditto, charizardmegay)
DEBUG:websockets.client:> TEXT 'battle-gen9championsvgc2026regma-1576|/team 3562' [48 bytes]
DEBUG:vgc_base:Teampreview: first-4 roster order \u2192 ['sneasler', 'charizardmegay', 'whimsicott', 'basculegion']
INFO:vgc_base:Teampreview [battle-gen9championsvgc2026regma-1576] \u2192 /team 1234  (sneasler, charizardmegay, whimsicott, basculegion)
DEBUG:websockets.client:> TEXT 'battle-gen9championsvgc2026regma-1576|/team 1234' [48 bytes]
DEBUG:websockets.client:< TEXT '|pm| BC2| OPmax_2|/challenge gen9championsvgc20...hampionsvgc2026regma|||' [83 bytes]
DEBUG:websockets.client:< TEXT '|pm| BC2| OPmax_2|/challenge gen9championsvgc20...hampionsvgc2026regma|||' [83 bytes]
DEBUG:websockets.client:< TEXT '|pm| BC2| OPmax_2|/log BC2 wants to battle!' [43 bytes]
DEBUG:websockets.client:< TEXT '|pm| BC2| OPmax_2|/log BC2 wants to battle!' [43 bytes]
DEBUG:websockets.client:> TEXT '|/utm Sneasler||whiteherb|unburden|fakeout,dire...Naive|32,2,,,,32||||50|' [550 bytes]
DEBUG:websockets.client:> TEXT '|/accept bc2' [12 bytes]
DEBUG:websockets.client:< TEXT '>battle-gen9championsvgc2026regma-1576\n|\n|t:|...L50, F|100/100\n|turn|1' [321 bytes]
DEBUG:websockets.client:< TEXT '>battle-gen9championsvgc2026regma-1576\n|\n|t:|...L50, F|168/168\n|turn|1' [321 bytes]
DEBUG:websockets.client:< TEXT '>battle-gen9championsvgc2026regma-1576\n|reques...ing":false}]},"rqid":4}' [2167 bytes]
DEBUG:websockets.client:< TEXT '>battle-gen9championsvgc2026regma-1576\n|reques...ing":false}]},"rqid":5}' [2236 bytes]
INFO:player:Turn 1 [battle-gen9championsvgc2026regma-1576] value head win-prob: 0.351  (losing)
DEBUG:live_vgc_base:Turn 1 [battle-gen9championsvgc2026regma-1576] a0=0 a1=9 src=model opp_splice=on
DEBUG:websockets.client:> TEXT 'battle-gen9championsvgc2026regma-1576|/choose move encore 1, move icywind' [73 bytes]
DEBUG:websockets.client:< TEXT '|pm| OPmax_2| BC2|/challenge' [28 bytes]
DEBUG:websockets.client:< TEXT '|pm| OPmax_2| BC2|/challenge' [28 bytes]
DEBUG:websockets.client:< TEXT '|updatesearch|{"searching":[],"games":{"battle-... 2026 Reg M-A Battle"}}' [124 bytes]
DEBUG:websockets.client:< TEXT '|updatesearch|{"searching":[],"games":{"battle-... 2026 Reg M-A Battle"}}' [208 bytes]
DEBUG:websockets.client:< TEXT '|updatesearch|{"searching":[],"games":{"battle-... 2026 Reg M-A Battle"}}' [208 bytes]
DEBUG:websockets.client:< TEXT '>battle-gen9championsvgc2026regma-1577\n|init|b...n|j|\u2606BC2\n|j|\u2606OPmax_2\n' [99 bytes]
DEBUG:websockets.client:< TEXT '|pm| OPmax_2| BC2|/nonotify OPmax_2 accepted th...26regma-1577</a>&raquo;' [173 bytes]
DEBUG:websockets.client:< TEXT '>battle-gen9championsvgc2026regma-1577\n|t:|1781642376\n|gametype|doubles' [71 bytes]
DEBUG:websockets.client:< TEXT '>battle-gen9championsvgc2026regma-1577\n|player|p1|BC2|102|' [58 bytes]
DEBUG:websockets.client:< TEXT '>battle-gen9championsvgc2026regma-1577\n|player...heets</strong></button>' [855 bytes]
DEBUG:websockets.client:< TEXT '>battle-gen9championsvgc2026regma-1577\n|reques...ing":false}]},"rqid":3}' [2097 bytes]
DEBUG:vgc_base:Turn 1 [battle-gen9championsvgc2026regma-1576] a0=9 a1=9 src=max_damage g0=0 g1=0
DEBUG:websockets.client:> TEXT 'battle-gen9championsvgc2026regma-1576|/choose m...bat 1, move solarbeam 1' [82 bytes]
DEBUG:websockets.client:< TEXT '|updatesearch|{"searching":[],"games":{"battle-... 2026 Reg M-A Battle"}}' [124 bytes]
DEBUG:websockets.client:< TEXT '|updatesearch|{"searching":[],"games":{"battle-... 2026 Reg M-A Battle"}}' [208 bytes]
DEBUG:websockets.client:< TEXT '|updatesearch|{"searching":[],"games":{"battle-... 2026 Reg M-A Battle"}}' [208 bytes]
DEBUG:websockets.client:< TEXT '>battle-gen9championsvgc2026regma-1577\n|init|b... vs. OPmax_2\n|j|\u2606BC2\n' [85 bytes]
DEBUG:websockets.client:< TEXT '>battle-gen9championsvgc2026regma-1577\n|j|\u2606OPmax_2' [52 bytes]
DEBUG:websockets.client:< TEXT '|pm| OPmax_2| BC2|/nonotify OPmax_2 accepted th...26regma-1577</a>&raquo;' [173 bytes]
DEBUG:websockets.client:< TEXT '>battle-gen9championsvgc2026regma-1577\n|t:|1781642376\n|gametype|doubles' [71 bytes]
DEBUG:websockets.client:< TEXT '>battle-gen9championsvgc2026regma-1577\n|player|p1|BC2|102|' [58 bytes]
DEBUG:websockets.client:< TEXT '>battle-gen9championsvgc2026regma-1577\n|player...heets</strong></button>' [855 bytes]
DEBUG:websockets.client:< TEXT '>battle-gen9championsvgc2026regma-1577\n|reques...ing":false}]},"rqid":2}' [2093 bytes]
DEBUG:websockets.client:< TEXT '>battle-gen9championsvgc2026regma-1576\n|\n|t:|...am\n|\n|upkeep\n|turn|2' [643 bytes]
DEBUG:websockets.client:< TEXT '>battle-gen9championsvgc2026regma-1576\n|\n|t:|...am\n|\n|upkeep\n|turn|2' [645 bytes]
DEBUG:websockets.client:< TEXT '>battle-gen9championsvgc2026regma-1576\n|reques...ing":false}]},"rqid":6}' [2166 bytes]
DEBUG:websockets.client:< TEXT '>battle-gen9championsvgc2026regma-1576\n|reques...ing":false}]},"rqid":7}' [1888 bytes]
DEBUG:vgc_base:Turn 2 [battle-gen9championsvgc2026regma-1576] a0=9 a1=9 src=max_damage g0=0 g1=0
DEBUG:websockets.client:> TEXT 'battle-gen9championsvgc2026regma-1576|/choose m...bat 1, move solarbeam 1' [82 bytes]
INFO:player:Turn 2 [battle-gen9championsvgc2026regma-1576] value head win-prob: 0.278  (losing)
DEBUG:live_vgc_base:Turn 2 [battle-gen9championsvgc2026regma-1576] a0=0 a1=9 src=model opp_splice=on
DEBUG:websockets.client:> TEXT 'battle-gen9championsvgc2026regma-1576|/choose move encore 1, move icywind' [73 bytes]
DEBUG:websockets.client:< TEXT '>battle-gen9championsvgc2026regma-1576\n|\n|t:|... Whimsicott\n|\n|upkeep' [640 bytes]
DEBUG:websockets.client:< TEXT '>battle-gen9championsvgc2026regma-1576\n|\n|t:|... Whimsicott\n|\n|upkeep' [640 bytes]
DEBUG:websockets.client:< TEXT '>battle-gen9championsvgc2026regma-1576\n|reques...oCancel":true,"rqid":8}' [1421 bytes]
DEBUG:websockets.client:< TEXT '>battle-gen9championsvgc2026regma-1576\n|reques...ing":false}]},"rqid":9}' [1452 bytes]
DEBUG:live_vgc_base:forceSwitch forced_switch_model [battle-gen9championsvgc2026regma-1576] turn 2 a0=13 a1=None opp_splice=on
DEBUG:websockets.client:> TEXT 'battle-gen9championsvgc2026regma-1576|/choose switch Ditto, pass' [64 bytes]
DEBUG:websockets.client:< TEXT '>battle-gen9championsvgc2026regma-1576\n|\n|t:|...lity: Imposter\n|turn|3' [164 bytes]
DEBUG:websockets.client:< TEXT '>battle-gen9championsvgc2026regma-1576\n|\n|t:|...lity: Imposter\n|turn|3' [164 bytes]
DEBUG:websockets.client:< TEXT '>battle-gen9championsvgc2026regma-1576\n|reques...ng":false}]},"rqid":10}' [2200 bytes]
DEBUG:websockets.client:< TEXT '>battle-gen9championsvgc2026regma-1576\n|reques...ng":false}]},"rqid":11}' [2224 bytes]
INFO:player:Turn 3 [battle-gen9championsvgc2026regma-1576] value head win-prob: 0.521  (even)
DEBUG:live_vgc_base:Turn 3 [battle-gen9championsvgc2026regma-1576] a0=3 a1=9 src=model opp_splice=on
DEBUG:websockets.client:> TEXT 'battle-gen9championsvgc2026regma-1576|/choose move heatwave, move icywind' [73 bytes]
DEBUG:vgc_base:Turn 3 [battle-gen9championsvgc2026regma-1576] a0=9 a1=9 src=max_damage g0=0 g1=0
DEBUG:websockets.client:> TEXT 'battle-gen9championsvgc2026regma-1576|/choose m...bat 1, move solarbeam 1' [82 bytes]
DEBUG:websockets.client:< TEXT '>battle-gen9championsvgc2026regma-1576\n|\n|t:|...|Solar Beam\n|\n|upkeep' [650 bytes]
DEBUG:websockets.client:< TEXT '>battle-gen9championsvgc2026regma-1576\n|\n|t:|...|Solar Beam\n|\n|upkeep' [649 bytes]
DEBUG:websockets.client:< TEXT '>battle-gen9championsvgc2026regma-1576\n|reques...ng":false}]},"rqid":12}' [1428 bytes]
DEBUG:websockets.client:< TEXT '>battle-gen9championsvgc2026regma-1576\n|reques...Cancel":true,"rqid":13}' [1482 bytes]
DEBUG:vgc_base:forceSwitch [battle-gen9championsvgc2026regma-1576] force=[True, False] \u2192 /choose switch Basculegion / /choose pass
DEBUG:websockets.client:> TEXT 'battle-gen9championsvgc2026regma-1576|/choose switch Basculegion, pass' [70 bytes]
DEBUG:websockets.client:< TEXT '>battle-gen9championsvgc2026regma-1576\n|\n|t:|...L50, M|100/100\n|turn|4' [116 bytes]
DEBUG:websockets.client:< TEXT '>battle-gen9championsvgc2026regma-1576\n|\n|t:|...L50, M|197/197\n|turn|4' [116 bytes]
DEBUG:websockets.client:< TEXT '>battle-gen9championsvgc2026regma-1576\n|reques...ng":false}]},"rqid":14}' [2200 bytes]
DEBUG:websockets.client:< TEXT '>battle-gen9championsvgc2026regma-1576\n|reques...ng":false}]},"rqid":15}' [1895 bytes]
INFO:player:Turn 4 [battle-gen9championsvgc2026regma-1576] value head win-prob: 0.137  (losing)
DEBUG:live_vgc_base:Turn 4 [battle-gen9championsvgc2026regma-1576] a0=3 a1=0 src=model opp_splice=on
DEBUG:websockets.client:> TEXT 'battle-gen9championsvgc2026regma-1576|/choose m...atwave, move hypervoice' [76 bytes]
DEBUG:vgc_base:Turn 4 [battle-gen9championsvgc2026regma-1576] a0=3 a1=9 src=max_damage g0=0 g1=0
DEBUG:websockets.client:> TEXT 'battle-gen9championsvgc2026regma-1576|/choose m...ash 1, move solarbeam 1' [80 bytes]
DEBUG:websockets.client:< TEXT '>battle-gen9championsvgc2026regma-1576\n|\n|t:|...rom] Recoil\n|\n|upkeep' [370 bytes]
DEBUG:websockets.client:< TEXT '>battle-gen9championsvgc2026regma-1576\n|\n|t:|...rom] Recoil\n|\n|upkeep' [371 bytes]
DEBUG:websockets.client:< TEXT '>battle-gen9championsvgc2026regma-1576\n|reques...ng":false}]},"rqid":16}' [1404 bytes]
DEBUG:websockets.client:< TEXT '>battle-gen9championsvgc2026regma-1576\n|reques...ng":false}]},"rqid":17}' [1465 bytes]
DEBUG:vgc_base:forceSwitch [battle-gen9championsvgc2026regma-1576] force=[False, True] \u2192 /choose pass / /choose switch Whimsicott
DEBUG:websockets.client:> TEXT 'battle-gen9championsvgc2026regma-1576|/choose pass, switch Whimsicott' [69 bytes]
DEBUG:live_vgc_base:forceSwitch forced_switch_model [battle-gen9championsvgc2026regma-1576] turn 4 a0=12 a1=None opp_splice=on
DEBUG:websockets.client:> TEXT 'battle-gen9championsvgc2026regma-1576|/choose switch Charizard, pass' [68 bytes]
DEBUG:websockets.client:< TEXT '>battle-gen9championsvgc2026regma-1576\n|\n|t:|...L50, M|168/168\n|turn|5' [163 bytes]
DEBUG:websockets.client:< TEXT '>battle-gen9championsvgc2026regma-1576\n|\n|t:|...L50, M|100/100\n|turn|5' [163 bytes]
DEBUG:websockets.client:< TEXT '>battle-gen9championsvgc2026regma-1576\n|reques...ng":false}]},"rqid":18}' [2185 bytes]
DEBUG:websockets.client:< TEXT '>battle-gen9championsvgc2026regma-1576\n|reques...ng":false}]},"rqid":19}' [2211 bytes]
INFO:player:Turn 5 [battle-gen9championsvgc2026regma-1576] value head win-prob: 0.160  (losing)
DEBUG:live_vgc_base:Turn 5 [battle-gen9championsvgc2026regma-1576] a0=0 a1=0 src=model opp_splice=on
DEBUG:websockets.client:> TEXT 'battle-gen9championsvgc2026regma-1576|/choose m...e mega, move hypervoice' [81 bytes]
DEBUG:vgc_base:Turn 5 [battle-gen9championsvgc2026regma-1576] a0=3 a1=6 src=max_damage g0=0 g1=0
DEBUG:websockets.client:> TEXT 'battle-gen9championsvgc2026regma-1576|/choose m...ash 1, move moonblast 1' [80 bytes]
DEBUG:websockets.client:< TEXT '>battle-gen9championsvgc2026regma-1576\n|\n|t:|...keep]\n|upkeep\n|turn|6' [981 bytes]
DEBUG:websockets.client:< TEXT '>battle-gen9championsvgc2026regma-1576\n|\n|t:|...keep]\n|upkeep\n|turn|6' [980 bytes]
DEBUG:websockets.client:< TEXT '>battle-gen9championsvgc2026regma-1576\n|reques...ng":false}]},"rqid":20}' [2167 bytes]
DEBUG:websockets.client:< TEXT '>battle-gen9championsvgc2026regma-1576\n|reques...ng":false}]},"rqid":21}' [2199 bytes]
DEBUG:vgc_base:Turn 6 [battle-gen9championsvgc2026regma-1576] a0=3 a1=0 src=max_damage g0=0 g1=0
DEBUG:vgc_base:_safe_order: action 0 slot 1 \u2192 None, scanning legal actions.
DEBUG:vgc_base:_safe_order: slot 1 has no decodable legal action — sending Pass.
DEBUG:websockets.client:> TEXT 'battle-gen9championsvgc2026regma-1576|/choose move wavecrash 1, pass' [68 bytes]
INFO:player:Turn 6 [battle-gen9championsvgc2026regma-1576] value head win-prob: 0.988  (winning)
DEBUG:live_vgc_base:Turn 6 [battle-gen9championsvgc2026regma-1576] a0=0 a1=0 src=model opp_splice=on
DEBUG:vgc_base:_safe_order: action 0 slot 0 \u2192 None, scanning legal actions.
DEBUG:vgc_base:_safe_order: slot 0 has no decodable legal action — sending Pass.
DEBUG:websockets.client:> TEXT 'battle-gen9championsvgc2026regma-1576|/choose pass, move hypervoice' [67 bytes]
DEBUG:websockets.client:< TEXT '>battle-gen9championsvgc2026regma-1576\n|\n|t:|...keep]\n|upkeep\n|turn|7' [374 bytes]
DEBUG:websockets.client:< TEXT '>battle-gen9championsvgc2026regma-1576\n|\n|t:|...keep]\n|upkeep\n|turn|7' [374 bytes]
DEBUG:websockets.client:< TEXT '>battle-gen9championsvgc2026regma-1576\n|reques...ng":false}]},"rqid":22}' [2164 bytes]
DEBUG:websockets.client:< TEXT '>battle-gen9championsvgc2026regma-1576\n|reques...ng":false}]},"rqid":23}' [2197 bytes]
INFO:player:Turn 7 [battle-gen9championsvgc2026regma-1576] value head win-prob: 0.970  (winning)
DEBUG:live_vgc_base:Turn 7 [battle-gen9championsvgc2026regma-1576] a0=0 a1=9 src=model opp_splice=on
DEBUG:vgc_base:_safe_order: action 0 slot 0 \u2192 None, scanning legal actions.
DEBUG:vgc_base:_safe_order: slot 0 has no decodable legal action — sending Pass.
DEBUG:websockets.client:> TEXT 'battle-gen9championsvgc2026regma-1576|/choose pass, move icywind' [64 bytes]
DEBUG:vgc_base:Turn 7 [battle-gen9championsvgc2026regma-1576] a0=4 a1=0 src=max_damage g0=0 g1=0
DEBUG:vgc_base:_safe_order: action 0 slot 1 \u2192 None, scanning legal actions.
DEBUG:vgc_base:_safe_order: slot 1 has no decodable legal action — sending Pass.
DEBUG:websockets.client:> TEXT 'battle-gen9championsvgc2026regma-1576|/choose move wavecrash 2, pass' [68 bytes]
DEBUG:websockets.client:< TEXT '>battle-gen9championsvgc2026regma-1576\n|\n|t:|...asculegion\n|\n|win|BC2' [197 bytes]
DEBUG:websockets.client:< TEXT '>battle-gen9championsvgc2026regma-1576\n|\n|t:|...asculegion\n|\n|win|BC2' [197 bytes]
INFO:vgc_base:Battle battle-gen9championsvgc2026regma-1576 finished — outcome: WIN  (W/L/D so far: 7/2/0)
DEBUG:websockets.client:> TEXT '|/leave battle-gen9championsvgc2026regma-1576' [45 bytes]
DEBUG:websockets.client:< TEXT '|updatesearch|{"searching":[],"games":{"battle-... 2026 Reg M-A Battle"}}' [124 bytes]
DEBUG:websockets.client:> TEXT 'battle-gen9championsvgc2026regma-1577|/rejectopenteamsheets' [59 bytes]
INFO:vgc_base:Battle battle-gen9championsvgc2026regma-1576 finished — outcome: LOSS  (W/L/D so far: 2/7/0)
DEBUG:websockets.client:> TEXT '|/leave battle-gen9championsvgc2026regma-1576' [45 bytes]
DEBUG:websockets.client:< TEXT '|updatesearch|{"searching":[],"games":{"battle-... 2026 Reg M-A Battle"}}' [124 bytes]
DEBUG:websockets.client:> TEXT 'battle-gen9championsvgc2026regma-1577|/rejectopenteamsheets' [59 bytes]
DEBUG:websockets.client:< TEXT '>battle-gen9championsvgc2026regma-1576\n|l|\u2606BC2' [48 bytes]
DEBUG:websockets.client:< TEXT '>battle-gen9championsvgc2026regma-1577\n|uhtmlchange|otsrequest|' [63 bytes]
DEBUG:websockets.client:< TEXT '>battle-gen9championsvgc2026regma-1577\nBC2 rejected open team sheets.' [69 bytes]
DEBUG:websockets.client:< TEXT '>battle-gen9championsvgc2026regma-1576\n|deinit' [46 bytes]
DEBUG:websockets.client:< TEXT '>battle-gen9championsvgc2026regma-1576\n|deinit' [46 bytes]
DEBUG:websockets.client:< TEXT '>battle-gen9championsvgc2026regma-1577\n|uhtmlchange|otsrequest|' [63 bytes]
DEBUG:websockets.client:< TEXT '>battle-gen9championsvgc2026regma-1577\nBC2 rejected open team sheets.' [69 bytes]
DEBUG:websockets.client:< TEXT '>battle-gen9championsvgc2026regma-1577\n|uhtmlchange|otsrequest|' [63 bytes]
DEBUG:websockets.client:< TEXT '>battle-gen9championsvgc2026regma-1577\n|uhtmlchange|otsrequest|' [63 bytes]
DEBUG:websockets.client:< TEXT '>battle-gen9championsvgc2026regma-1577\nOPmax_2...ected open team sheets.' [73 bytes]
DEBUG:websockets.client:< TEXT '>battle-gen9championsvgc2026regma-1577\nOPmax_2...ected open team sheets.' [73 bytes]
INFO:player:Team-preview [battle-gen9championsvgc2026regma-1577] NET drove: bring=['whimsicott', 'zoroarkhisui', 'ditto', 'charizardmegay'] leads=['whimsicott', 'zoroarkhisui'] (vs opp ['sneasler', 'charizard', 'whimsicott', 'basculegion', 'zoroarkhisui', 'ditto'])
INFO:vgc_base:Teampreview [battle-gen9championsvgc2026regma-1577] \u2192 /team 3562  (whimsicott, zoroarkhisui, ditto, charizardmegay)
DEBUG:websockets.client:> TEXT 'battle-gen9championsvgc2026regma-1577|/team 3562' [48 bytes]
DEBUG:vgc_base:Teampreview: first-4 roster order \u2192 ['sneasler', 'charizardmegay', 'whimsicott', 'basculegion']
INFO:vgc_base:Teampreview [battle-gen9championsvgc2026regma-1577] \u2192 /team 1234  (sneasler, charizardmegay, whimsicott, basculegion)
DEBUG:websockets.client:> TEXT 'battle-gen9championsvgc2026regma-1577|/team 1234' [48 bytes]
DEBUG:websockets.client:< TEXT '>battle-gen9championsvgc2026regma-1577\n|\n|t:|...L50, F|100/100\n|turn|1' [321 bytes]
DEBUG:websockets.client:< TEXT '>battle-gen9championsvgc2026regma-1577\n|\n|t:|...L50, F|168/168\n|turn|1' [321 bytes]
DEBUG:websockets.client:< TEXT '>battle-gen9championsvgc2026regma-1577\n|reques...ing":false}]},"rqid":4}' [2167 bytes]
DEBUG:websockets.client:< TEXT '>battle-gen9championsvgc2026regma-1577\n|reques...ing":false}]},"rqid":5}' [2236 bytes]
INFO:player:Turn 1 [battle-gen9championsvgc2026regma-1577] value head win-prob: 0.351  (losing)
DEBUG:live_vgc_base:Turn 1 [battle-gen9championsvgc2026regma-1577] a0=0 a1=9 src=model opp_splice=on
DEBUG:websockets.client:> TEXT 'battle-gen9championsvgc2026regma-1577|/choose move encore 1, move icywind' [73 bytes]
DEBUG:vgc_base:Turn 1 [battle-gen9championsvgc2026regma-1577] a0=9 a1=9 src=max_damage g0=0 g1=0
DEBUG:websockets.client:> TEXT 'battle-gen9championsvgc2026regma-1577|/choose m...bat 1, move solarbeam 1' [82 bytes]
DEBUG:websockets.client:< TEXT '>battle-gen9championsvgc2026regma-1577\n|\n|t:|...am\n|\n|upkeep\n|turn|2' [643 bytes]
DEBUG:websockets.client:< TEXT '>battle-gen9championsvgc2026regma-1577\n|\n|t:|...am\n|\n|upkeep\n|turn|2' [646 bytes]
DEBUG:websockets.client:< TEXT '>battle-gen9championsvgc2026regma-1577\n|reques...ing":false}]},"rqid":6}' [2166 bytes]
DEBUG:websockets.client:< TEXT '>battle-gen9championsvgc2026regma-1577\n|reques...ing":false}]},"rqid":7}' [1888 bytes]
INFO:player:Turn 2 [battle-gen9championsvgc2026regma-1577] value head win-prob: 0.261  (losing)
DEBUG:live_vgc_base:Turn 2 [battle-gen9championsvgc2026regma-1577] a0=0 a1=9 src=model opp_splice=on
DEBUG:websockets.client:> TEXT 'battle-gen9championsvgc2026regma-1577|/choose move encore 1, move icywind' [73 bytes]
DEBUG:vgc_base:Turn 2 [battle-gen9championsvgc2026regma-1577] a0=9 a1=9 src=max_damage g0=0 g1=0
DEBUG:websockets.client:> TEXT 'battle-gen9championsvgc2026regma-1577|/choose m...bat 1, move solarbeam 1' [82 bytes]
DEBUG:websockets.client:< TEXT '>battle-gen9championsvgc2026regma-1577\n|\n|t:|... Whimsicott\n|\n|upkeep' [638 bytes]
DEBUG:websockets.client:< TEXT '>battle-gen9championsvgc2026regma-1577\n|\n|t:|... Whimsicott\n|\n|upkeep' [639 bytes]
DEBUG:websockets.client:< TEXT '>battle-gen9championsvgc2026regma-1577\n|reques...oCancel":true,"rqid":8}' [1421 bytes]
DEBUG:live_vgc_base:forceSwitch forced_switch_model [battle-gen9championsvgc2026regma-1577] turn 2 a0=13 a1=None opp_splice=on
DEBUG:websockets.client:> TEXT 'battle-gen9championsvgc2026regma-1577|/choose switch Ditto, pass' [64 bytes]
DEBUG:websockets.client:< TEXT '>battle-gen9championsvgc2026regma-1577\n|reques...ing":false}]},"rqid":9}' [1452 bytes]
DEBUG:websockets.client:< TEXT '>battle-gen9championsvgc2026regma-1577\n|\n|t:|...lity: Imposter\n|turn|3' [164 bytes]
DEBUG:websockets.client:< TEXT '>battle-gen9championsvgc2026regma-1577\n|\n|t:|...lity: Imposter\n|turn|3' [164 bytes]
DEBUG:websockets.client:< TEXT '>battle-gen9championsvgc2026regma-1577\n|reques...ng":false}]},"rqid":10}' [2200 bytes]
DEBUG:websockets.client:< TEXT '>battle-gen9championsvgc2026regma-1577\n|reques...ng":false}]},"rqid":11}' [2224 bytes]
INFO:player:Turn 3 [battle-gen9championsvgc2026regma-1577] value head win-prob: 0.524  (even)
DEBUG:live_vgc_base:Turn 3 [battle-gen9championsvgc2026regma-1577] a0=3 a1=9 src=model opp_splice=on
DEBUG:websockets.client:> TEXT 'battle-gen9championsvgc2026regma-1577|/choose move heatwave, move icywind' [73 bytes]
DEBUG:vgc_base:Turn 3 [battle-gen9championsvgc2026regma-1577] a0=9 a1=9 src=max_damage g0=0 g1=0
DEBUG:websockets.client:> TEXT 'battle-gen9championsvgc2026regma-1577|/choose m...bat 1, move solarbeam 1' [82 bytes]
DEBUG:websockets.client:< TEXT '>battle-gen9championsvgc2026regma-1577\n|\n|t:|...|Solar Beam\n|\n|upkeep' [649 bytes]
DEBUG:websockets.client:< TEXT '>battle-gen9championsvgc2026regma-1577\n|\n|t:|...|Solar Beam\n|\n|upkeep' [649 bytes]
DEBUG:websockets.client:< TEXT '>battle-gen9championsvgc2026regma-1577\n|reques...ng":false}]},"rqid":12}' [1427 bytes]
DEBUG:websockets.client:< TEXT '>battle-gen9championsvgc2026regma-1577\n|reques...Cancel":true,"rqid":13}' [1482 bytes]
DEBUG:vgc_base:forceSwitch [battle-gen9championsvgc2026regma-1577] force=[True, False] \u2192 /choose switch Whimsicott / /choose pass
DEBUG:websockets.client:> TEXT 'battle-gen9championsvgc2026regma-1577|/choose switch Whimsicott, pass' [69 bytes]
DEBUG:websockets.client:< TEXT '>battle-gen9championsvgc2026regma-1577\n|\n|t:|...L50, M|100/100\n|turn|4' [114 bytes]
DEBUG:websockets.client:< TEXT '>battle-gen9championsvgc2026regma-1577\n|\n|t:|...L50, M|137/137\n|turn|4' [114 bytes]
DEBUG:websockets.client:< TEXT '>battle-gen9championsvgc2026regma-1577\n|reques...ng":false}]},"rqid":15}' [1899 bytes]
DEBUG:websockets.client:< TEXT '>battle-gen9championsvgc2026regma-1577\n|reques...ng":false}]},"rqid":14}' [2199 bytes]
DEBUG:vgc_base:Turn 4 [battle-gen9championsvgc2026regma-1577] a0=6 a1=9 src=max_damage g0=0 g1=0
DEBUG:websockets.client:> TEXT 'battle-gen9championsvgc2026regma-1577|/choose m...ast 1, move solarbeam 1' [80 bytes]
INFO:player:Turn 4 [battle-gen9championsvgc2026regma-1577] value head win-prob: 0.163  (losing)
DEBUG:live_vgc_base:Turn 4 [battle-gen9championsvgc2026regma-1577] a0=3 a1=9 src=model opp_splice=on
DEBUG:websockets.client:> TEXT 'battle-gen9championsvgc2026regma-1577|/choose move heatwave, move icywind' [73 bytes]
DEBUG:websockets.client:< TEXT '>battle-gen9championsvgc2026regma-1577\n|\n|t:|...: Charizard\n|\n|upkeep' [717 bytes]
DEBUG:websockets.client:< TEXT '>battle-gen9championsvgc2026regma-1577\n|\n|t:|...: Charizard\n|\n|upkeep' [717 bytes]
DEBUG:websockets.client:< TEXT '>battle-gen9championsvgc2026regma-1577\n|reques...ng":false}]},"rqid":16}' [1427 bytes]
DEBUG:websockets.client:< TEXT '>battle-gen9championsvgc2026regma-1577\n|reques...Cancel":true,"rqid":17}' [1469 bytes]
DEBUG:vgc_base:forceSwitch slot 1: no available switch — '/choose default' (handled poke-env desync).
DEBUG:vgc_base:forceSwitch DIAG [battle-gen9championsvgc2026regma-1577] turn=4 slot=1 force=[True, True] available_switches=[['basculegion'], ['basculegion']] team=[sneasler(act=False,fnt=True,hp=0), charizard(act=True,fnt=True,hp=0), whimsicott(act=True,fnt=True,hp=0), basculegion(act=False,fnt=False,hp=1.0), zoroarkhisui(act=False,fnt=False,hp=1.0), ditto(act=False,fnt=False,hp=1.0)]
DEBUG:websockets.client:> TEXT 'battle-gen9championsvgc2026regma-1577|/choose default' [53 bytes]
DEBUG:websockets.client:< TEXT '>battle-gen9championsvgc2026regma-1577\n|\n|t:|...L50, M|100/100\n|turn|5' [116 bytes]
DEBUG:websockets.client:< TEXT '>battle-gen9championsvgc2026regma-1577\n|\n|t:|...L50, M|197/197\n|turn|5' [116 bytes]
DEBUG:websockets.client:< TEXT '>battle-gen9championsvgc2026regma-1577\n|reques...ng":false}]},"rqid":19}' [2221 bytes]
DEBUG:websockets.client:< TEXT '>battle-gen9championsvgc2026regma-1577\n|reques...ng":false}]},"rqid":18}' [2199 bytes]
DEBUG:vgc_base:Turn 5 [battle-gen9championsvgc2026regma-1577] a0=3 a1=0 src=max_damage g0=0 g1=0
DEBUG:vgc_base:_safe_order: action 0 slot 1 \u2192 None, scanning legal actions.
DEBUG:vgc_base:_safe_order: slot 1 has no decodable legal action — sending Pass.
DEBUG:websockets.client:> TEXT 'battle-gen9championsvgc2026regma-1577|/choose move wavecrash 1, pass' [68 bytes]
INFO:player:Turn 5 [battle-gen9championsvgc2026regma-1577] value head win-prob: 0.973  (winning)
DEBUG:live_vgc_base:Turn 5 [battle-gen9championsvgc2026regma-1577] a0=0 a1=9 src=model opp_splice=on
DEBUG:websockets.client:> TEXT 'battle-gen9championsvgc2026regma-1577|/choose m...larbeam 1, move icywind' [76 bytes]
DEBUG:websockets.client:< TEXT '>battle-gen9championsvgc2026regma-1577\n|\n|t:|...rom] Recoil\n|\n|upkeep' [374 bytes]
DEBUG:websockets.client:< TEXT '>battle-gen9championsvgc2026regma-1577\n|\n|t:|...rom] Recoil\n|\n|upkeep' [376 bytes]
DEBUG:websockets.client:< TEXT '>battle-gen9championsvgc2026regma-1577\n|reques...Cancel":true,"rqid":20}' [1420 bytes]
DEBUG:websockets.client:< TEXT '>battle-gen9championsvgc2026regma-1577\n|reques...ng":false}]},"rqid":21}' [1439 bytes]
DEBUG:live_vgc_base:forceSwitch forced_switch_model [battle-gen9championsvgc2026regma-1577] turn 5 a0=12 a1=None opp_splice=on
DEBUG:websockets.client:> TEXT 'battle-gen9championsvgc2026regma-1577|/choose switch Charizard, pass' [68 bytes]
DEBUG:websockets.client:< TEXT '>battle-gen9championsvgc2026regma-1577\n|\n|t:|...L50, M|168/168\n|turn|6' [112 bytes]
DEBUG:websockets.client:< TEXT '>battle-gen9championsvgc2026regma-1577\n|\n|t:|...L50, M|100/100\n|turn|6' [112 bytes]
DEBUG:websockets.client:< TEXT '>battle-gen9championsvgc2026regma-1577\n|reques...ng":false}]},"rqid":22}' [2185 bytes]
DEBUG:websockets.client:< TEXT '>battle-gen9championsvgc2026regma-1577\n|reques...ng":false}]},"rqid":23}' [2221 bytes]
INFO:player:Turn 6 [battle-gen9championsvgc2026regma-1577] value head win-prob: 0.969  (winning)
DEBUG:live_vgc_base:Turn 6 [battle-gen9championsvgc2026regma-1577] a0=0 a1=0 src=model opp_splice=on
DEBUG:websockets.client:> TEXT 'battle-gen9championsvgc2026regma-1577|/choose m...e mega, move hypervoice' [81 bytes]
DEBUG:vgc_base:Turn 6 [battle-gen9championsvgc2026regma-1577] a0=3 a1=0 src=max_damage g0=0 g1=0
DEBUG:vgc_base:_safe_order: action 0 slot 1 \u2192 None, scanning legal actions.
DEBUG:vgc_base:_safe_order: slot 1 has no decodable legal action — sending Pass.
DEBUG:websockets.client:> TEXT 'battle-gen9championsvgc2026regma-1577|/choose move wavecrash 1, pass' [68 bytes]
DEBUG:websockets.client:< TEXT '>battle-gen9championsvgc2026regma-1577\n|\n|t:|...] brn\n|upkeep\n|turn|7' [717 bytes]
DEBUG:websockets.client:< TEXT '>battle-gen9championsvgc2026regma-1577\n|\n|t:|...] brn\n|upkeep\n|turn|7' [718 bytes]
DEBUG:websockets.client:< TEXT '>battle-gen9championsvgc2026regma-1577\n|reques...ng":false}]},"rqid":24}' [2168 bytes]
DEBUG:websockets.client:< TEXT '>battle-gen9championsvgc2026regma-1577\n|reques...ng":false}]},"rqid":25}' [2224 bytes]
INFO:player:Turn 7 [battle-gen9championsvgc2026regma-1577] value head win-prob: 0.994  (winning)
DEBUG:live_vgc_base:Turn 7 [battle-gen9championsvgc2026regma-1577] a0=0 a1=0 src=model opp_splice=on
DEBUG:websockets.client:> TEXT 'battle-gen9championsvgc2026regma-1577|/choose m...atwave, move hypervoice' [76 bytes]
DEBUG:vgc_base:Turn 7 [battle-gen9championsvgc2026regma-1577] a0=3 a1=0 src=max_damage g0=0 g1=0
DEBUG:vgc_base:_safe_order: action 0 slot 1 \u2192 None, scanning legal actions.
DEBUG:vgc_base:_safe_order: slot 1 has no decodable legal action — sending Pass.
DEBUG:websockets.client:> TEXT 'battle-gen9championsvgc2026regma-1577|/choose move wavecrash 1, pass' [68 bytes]
DEBUG:websockets.client:< TEXT '>battle-gen9championsvgc2026regma-1577\n|\n|t:|...asculegion\n|\n|win|BC2' [276 bytes]
DEBUG:websockets.client:< TEXT '>battle-gen9championsvgc2026regma-1577\n|\n|t:|...asculegion\n|\n|win|BC2' [276 bytes]
INFO:vgc_base:Battle battle-gen9championsvgc2026regma-1577 finished — outcome: WIN  (W/L/D so far: 8/2/0)
DEBUG:websockets.client:> TEXT '|/leave battle-gen9championsvgc2026regma-1577' [45 bytes]
DEBUG:websockets.client:< TEXT '|updatesearch|{"searching":[],"games":null}' [43 bytes]
DEBUG:websockets.client:< TEXT '|updatesearch|{"searching":[],"games":null}' [43 bytes]
INFO:vgc_base:Battle battle-gen9championsvgc2026regma-1577 finished — outcome: LOSS  (W/L/D so far: 2/8/0)
DEBUG:websockets.client:> TEXT '|/leave battle-gen9championsvgc2026regma-1577' [45 bytes]
DEBUG:websockets.client:< TEXT '>battle-gen9championsvgc2026regma-1577\n|deinit' [46 bytes]
DEBUG:websockets.client:< TEXT '>battle-gen9championsvgc2026regma-1577\n|l|\u2606BC2' [48 bytes]
DEBUG:websockets.client:< TEXT '>battle-gen9championsvgc2026regma-1577\n|deinit' [46 bytes]
DEBUG:websockets.client:> CLOSE 1000 (OK) [2 bytes]
DEBUG:websockets.client:= connection is CLOSING
DEBUG:websockets.client:< CLOSE 1000 (OK) [2 bytes]
DEBUG:websockets.client:< EOF
DEBUG:websockets.client:> EOF
DEBUG:websockets.client:= connection is CLOSED
DEBUG:websockets.client:x half-closing TCP connection
DEBUG:websockets.client:> CLOSE 1000 (OK) [2 bytes]
DEBUG:websockets.client:= connection is CLOSING
DEBUG:websockets.client:< CLOSE 1000 (OK) [2 bytes]
DEBUG:websockets.client:< EOF
DEBUG:websockets.client:> EOF
DEBUG:websockets.client:= connection is CLOSED
DEBUG:websockets.client:x half-closing TCP connection
INFO:__main__:vs max_damage: 8/10
INFO:run_local_battle:Loaded team from D:\ShowdownProject\Victory-Dance\teams\M-A\Trickery
INFO:run_local_battle:Loaded team from D:\ShowdownProject\Victory-Dance\teams\M-A\Trickery
INFO:player:VGCPlayer: loaded battle model from ai_train_scripts\BC_model\checkpoints_v3\bc_best.pt (heads=('our_a', 'our_b'))
INFO:player:VGCPlayer: loaded team-chooser from D:\ShowdownProject\Victory-Dance\ai_train_scripts\teamPreview_model\checkpoints\teampreview_best.pt (vocab=190)
INFO:player:VGCPlayer ready (gap-#6 splice) | battle_model=loaded (ai_train_scripts\BC_model\checkpoints_v3\bc_best.pt) | team_chooser=loaded (D:\ShowdownProject\Victory-Dance\ai_train_scripts\teamPreview_model\checkpoints\teampreview_best.pt) | replay=D:\ShowdownProject\Victory-Dance\replay_buffer\BC3.jsonl
DEBUG:websockets.client:= connection is CONNECTING
DEBUG:websockets.client:> GET /showdown/websocket HTTP/1.1
DEBUG:websockets.client:> Host: localhost:8000
DEBUG:websockets.client:> Upgrade: websocket
DEBUG:websockets.client:> Connection: Upgrade
DEBUG:websockets.client:> Sec-WebSocket-Key: vJ1oI/QUWXx2V3nvKAC+GQ==
DEBUG:websockets.client:> Sec-WebSocket-Version: 13
DEBUG:websockets.client:> Sec-WebSocket-Extensions: permessage-deflate; client_max_window_bits
DEBUG:websockets.client:> User-Agent: Python/3.12 websockets/16.0
DEBUG:websockets.client:< HTTP/1.1 101 Switching Protocols
DEBUG:websockets.client:< Upgrade: websocket
DEBUG:websockets.client:< Connection: Upgrade
DEBUG:websockets.client:< Sec-WebSocket-Accept: FkKO1rf4iYunlcsc4AGuJQgeEMM=
DEBUG:websockets.client:= connection is OPEN
DEBUG:websockets.client:< TEXT '|updateuser| Guest 945|0|1|{"blockChallenges":f...c|[Gen 1] Custom Game,c' [8615 bytes]
DEBUG:websockets.client:< TEXT '|challstr|4|8d8a8442e6d6270dac73aa518bb012badc4...c887ff22a5ffab8d903bc02' [268 bytes]
DEBUG:websockets.client:> TEXT '|/trn BC3,0,' [12 bytes]
DEBUG:websockets.client:< TEXT '|updatesearch|{"searching":[],"games":null}' [43 bytes]
DEBUG:websockets.client:< TEXT '|updateuser| BC3|1|169|{"blockChallenges":false...:false,"language":null}' [346 bytes]
DEBUG:websockets.client:< TEXT '|updatesearch|{"searching":[],"games":null}' [43 bytes]
DEBUG:websockets.client:= connection is CONNECTING
DEBUG:websockets.client:> GET /showdown/websocket HTTP/1.1
DEBUG:websockets.client:> Host: localhost:8000
DEBUG:websockets.client:> Upgrade: websocket
DEBUG:websockets.client:> Connection: Upgrade
DEBUG:websockets.client:> Sec-WebSocket-Key: fzPiPij3pxvnMYHog1RbqQ==
DEBUG:websockets.client:> Sec-WebSocket-Version: 13
DEBUG:websockets.client:> Sec-WebSocket-Extensions: permessage-deflate; client_max_window_bits
DEBUG:websockets.client:> User-Agent: Python/3.12 websockets/16.0
DEBUG:websockets.client:< HTTP/1.1 101 Switching Protocols
DEBUG:websockets.client:< Upgrade: websocket
DEBUG:websockets.client:< Connection: Upgrade
DEBUG:websockets.client:< Sec-WebSocket-Accept: 88jefzZXztfuKBzlvW9n+xagsZY=
DEBUG:websockets.client:= connection is OPEN
DEBUG:websockets.client:< TEXT '|updateuser| Guest 946|0|169|{"blockChallenges"...c|[Gen 1] Custom Game,c' [8617 bytes]
DEBUG:websockets.client:< TEXT '|challstr|4|e53cbc5529cbc48cd3a7d7b01d92ffd491d...c8e13fb1e0876cbea7c0b0c' [268 bytes]
DEBUG:websockets.client:> TEXT '|/trn OPheur3,0,' [16 bytes]
DEBUG:websockets.client:< TEXT '|updatesearch|{"searching":[],"games":null}' [43 bytes]
DEBUG:websockets.client:< TEXT '|updateuser| OPheur3|1|2|{"blockChallenges":fal...:false,"language":null}' [348 bytes]
DEBUG:websockets.client:< TEXT '|updatesearch|{"searching":[],"games":null}' [43 bytes]
DEBUG:websockets.client:> TEXT '|/utm Sneasler||whiteherb|unburden|fakeout,dire...Naive|32,2,,,,32||||50|' [550 bytes]
DEBUG:websockets.client:> TEXT '|/challenge opheur3, gen9championsvgc2026regma' [46 bytes]
DEBUG:websockets.client:< TEXT '|pm| BC3| OPheur3|/challenge gen9championsvgc20...hampionsvgc2026regma|||' [83 bytes]
DEBUG:websockets.client:< TEXT '|pm| BC3| OPheur3|/challenge gen9championsvgc20...hampionsvgc2026regma|||' [83 bytes]
DEBUG:websockets.client:< TEXT '|pm| BC3| OPheur3|/log BC3 wants to battle!' [43 bytes]
DEBUG:websockets.client:< TEXT '|pm| BC3| OPheur3|/log BC3 wants to battle!' [43 bytes]
DEBUG:websockets.client:> TEXT '|/utm Sneasler||whiteherb|unburden|fakeout,dire...Naive|32,2,,,,32||||50|' [550 bytes]
DEBUG:websockets.client:> TEXT '|/accept bc3' [12 bytes]
DEBUG:websockets.client:< TEXT '|pm| OPheur3| BC3|/challenge' [28 bytes]
DEBUG:websockets.client:< TEXT '|pm| OPheur3| BC3|/challenge' [28 bytes]
DEBUG:websockets.client:< TEXT '|updatesearch|{"searching":[],"games":null}' [43 bytes]
DEBUG:websockets.client:< TEXT '|updatesearch|{"searching":[],"games":null}' [43 bytes]
DEBUG:websockets.client:< TEXT '|updatesearch|{"searching":[],"games":{"battle-... 2026 Reg M-A Battle"}}' [124 bytes]
DEBUG:websockets.client:< TEXT '|updatesearch|{"searching":[],"games":{"battle-... 2026 Reg M-A Battle"}}' [124 bytes]
DEBUG:websockets.client:< TEXT '|updatesearch|{"searching":[],"games":{"battle-... 2026 Reg M-A Battle"}}' [124 bytes]
DEBUG:websockets.client:< TEXT '|updatesearch|{"searching":[],"games":{"battle-... 2026 Reg M-A Battle"}}' [124 bytes]
DEBUG:websockets.client:< TEXT '>battle-gen9championsvgc2026regma-1578\n|init|b... vs. OPheur3\n|j|\u2606BC3\n' [85 bytes]
DEBUG:websockets.client:< TEXT '>battle-gen9championsvgc2026regma-1578\n|j|\u2606OPheur3' [52 bytes]
DEBUG:websockets.client:< TEXT '>battle-gen9championsvgc2026regma-1578\n|init|b...n|j|\u2606BC3\n|j|\u2606OPheur3\n' [99 bytes]
DEBUG:websockets.client:< TEXT '|pm| OPheur3| BC3|/nonotify OPheur3 accepted th...26regma-1578</a>&raquo;' [173 bytes]
DEBUG:websockets.client:< TEXT '|pm| OPheur3| BC3|/nonotify OPheur3 accepted th...26regma-1578</a>&raquo;' [173 bytes]
DEBUG:websockets.client:< TEXT '>battle-gen9championsvgc2026regma-1578\n|t:|1781642379\n|gametype|doubles' [71 bytes]
DEBUG:websockets.client:< TEXT '>battle-gen9championsvgc2026regma-1578\n|t:|1781642379\n|gametype|doubles' [71 bytes]
DEBUG:websockets.client:> TEXT 'battle-gen9championsvgc2026regma-1578|/rejectopenteamsheets' [59 bytes]
DEBUG:websockets.client:< TEXT '>battle-gen9championsvgc2026regma-1578\n|player|p1|BC3|169|' [58 bytes]
DEBUG:websockets.client:> TEXT 'battle-gen9championsvgc2026regma-1578|/rejectopenteamsheets' [59 bytes]
DEBUG:websockets.client:< TEXT '>battle-gen9championsvgc2026regma-1578\n|player|p1|BC3|169|' [58 bytes]
DEBUG:websockets.client:< TEXT '>battle-gen9championsvgc2026regma-1578\n|player...heets</strong></button>' [855 bytes]
DEBUG:websockets.client:< TEXT '>battle-gen9championsvgc2026regma-1578\n|reques...ing":false}]},"rqid":2}' [2093 bytes]
DEBUG:websockets.client:> TEXT '|/utm Sneasler||whiteherb|unburden|fakeout,dire...Naive|32,2,,,,32||||50|' [550 bytes]
DEBUG:websockets.client:> TEXT '|/challenge opheur3, gen9championsvgc2026regma' [46 bytes]
DEBUG:websockets.client:< TEXT '>battle-gen9championsvgc2026regma-1578\n|player...heets</strong></button>' [855 bytes]
DEBUG:websockets.client:< TEXT '>battle-gen9championsvgc2026regma-1578\n|reques...ing":false}]},"rqid":3}' [2097 bytes]
DEBUG:websockets.client:< TEXT '>battle-gen9championsvgc2026regma-1578\n|uhtmlchange|otsrequest|' [63 bytes]
DEBUG:websockets.client:< TEXT '>battle-gen9championsvgc2026regma-1578\nOPheur3...ected open team sheets.' [73 bytes]
DEBUG:websockets.client:< TEXT '>battle-gen9championsvgc2026regma-1578\n|uhtmlchange|otsrequest|' [63 bytes]
DEBUG:websockets.client:< TEXT '>battle-gen9championsvgc2026regma-1578\nOPheur3...ected open team sheets.' [73 bytes]
INFO:player:Team-preview [battle-gen9championsvgc2026regma-1578] NET drove: bring=['whimsicott', 'zoroarkhisui', 'ditto', 'charizardmegay'] leads=['whimsicott', 'zoroarkhisui'] (vs opp ['sneasler', 'charizard', 'whimsicott', 'basculegion', 'zoroarkhisui', 'ditto'])
INFO:vgc_base:Teampreview [battle-gen9championsvgc2026regma-1578] \u2192 /team 3562  (whimsicott, zoroarkhisui, ditto, charizardmegay)
DEBUG:websockets.client:> TEXT 'battle-gen9championsvgc2026regma-1578|/team 3562' [48 bytes]
DEBUG:websockets.client:< TEXT '>battle-gen9championsvgc2026regma-1578\n|uhtmlchange|otsrequest|' [63 bytes]
DEBUG:websockets.client:< TEXT '>battle-gen9championsvgc2026regma-1578\nBC3 rejected open team sheets.' [69 bytes]
DEBUG:websockets.client:< TEXT '>battle-gen9championsvgc2026regma-1578\n|uhtmlchange|otsrequest|' [63 bytes]
DEBUG:websockets.client:< TEXT '>battle-gen9championsvgc2026regma-1578\nBC3 rejected open team sheets.' [69 bytes]
DEBUG:websockets.client:< TEXT '|pm| BC3| OPheur3|/challenge gen9championsvgc20...hampionsvgc2026regma|||' [83 bytes]
DEBUG:websockets.client:< TEXT '|pm| BC3| OPheur3|/log BC3 wants to battle!' [43 bytes]
DEBUG:vgc_base:Teampreview: first-4 roster order \u2192 ['sneasler', 'charizardmegay', 'whimsicott', 'basculegion']
INFO:vgc_base:Teampreview [battle-gen9championsvgc2026regma-1578] \u2192 /team 1234  (sneasler, charizardmegay, whimsicott, basculegion)
DEBUG:websockets.client:> TEXT 'battle-gen9championsvgc2026regma-1578|/team 1234' [48 bytes]
DEBUG:websockets.client:< TEXT '|pm| BC3| OPheur3|/challenge gen9championsvgc20...hampionsvgc2026regma|||' [83 bytes]
DEBUG:websockets.client:< TEXT '|pm| BC3| OPheur3|/log BC3 wants to battle!' [43 bytes]
DEBUG:websockets.client:> TEXT '|/utm Sneasler||whiteherb|unburden|fakeout,dire...Naive|32,2,,,,32||||50|' [550 bytes]
DEBUG:websockets.client:> TEXT '|/accept bc3' [12 bytes]
DEBUG:websockets.client:< TEXT '>battle-gen9championsvgc2026regma-1578\n|\n|t:|...L50, M|100/100\n|turn|1' [321 bytes]
DEBUG:websockets.client:< TEXT '>battle-gen9championsvgc2026regma-1578\n|\n|t:|...L50, M|168/168\n|turn|1' [321 bytes]
DEBUG:websockets.client:< TEXT '>battle-gen9championsvgc2026regma-1578\n|reques...ing":false}]},"rqid":4}' [2167 bytes]
DEBUG:websockets.client:< TEXT '>battle-gen9championsvgc2026regma-1578\n|reques...ing":false}]},"rqid":5}' [2236 bytes]
DEBUG:websockets.client:< TEXT '|pm| OPheur3| BC3|/challenge' [28 bytes]
INFO:player:Turn 1 [battle-gen9championsvgc2026regma-1578] value head win-prob: 0.351  (losing)
DEBUG:live_vgc_base:Turn 1 [battle-gen9championsvgc2026regma-1578] a0=0 a1=9 src=model opp_splice=on
DEBUG:websockets.client:> TEXT 'battle-gen9championsvgc2026regma-1578|/choose move encore 1, move icywind' [73 bytes]
DEBUG:websockets.client:< TEXT '|pm| OPheur3| BC3|/challenge' [28 bytes]
DEBUG:websockets.client:< TEXT '|updatesearch|{"searching":[],"games":{"battle-... 2026 Reg M-A Battle"}}' [124 bytes]
DEBUG:websockets.client:< TEXT '|updatesearch|{"searching":[],"games":{"battle-... 2026 Reg M-A Battle"}}' [124 bytes]
DEBUG:websockets.client:< TEXT '|updatesearch|{"searching":[],"games":{"battle-... 2026 Reg M-A Battle"}}' [208 bytes]
DEBUG:websockets.client:< TEXT '|updatesearch|{"searching":[],"games":{"battle-... 2026 Reg M-A Battle"}}' [208 bytes]
DEBUG:websockets.client:< TEXT '|updatesearch|{"searching":[],"games":{"battle-... 2026 Reg M-A Battle"}}' [208 bytes]
DEBUG:websockets.client:< TEXT '|updatesearch|{"searching":[],"games":{"battle-... 2026 Reg M-A Battle"}}' [208 bytes]
DEBUG:websockets.client:< TEXT '>battle-gen9championsvgc2026regma-1579\n|init|b...n|j|\u2606BC3\n|j|\u2606OPheur3\n' [99 bytes]
DEBUG:websockets.client:< TEXT '|pm| OPheur3| BC3|/nonotify OPheur3 accepted th...26regma-1579</a>&raquo;' [173 bytes]
DEBUG:websockets.client:< TEXT '>battle-gen9championsvgc2026regma-1579\n|t:|1781642379\n|gametype|doubles' [71 bytes]
DEBUG:websockets.client:< TEXT '>battle-gen9championsvgc2026regma-1579\n|player|p1|BC3|169|' [58 bytes]
DEBUG:websockets.client:< TEXT '>battle-gen9championsvgc2026regma-1579\n|player...heets</strong></button>' [855 bytes]
DEBUG:websockets.client:< TEXT '>battle-gen9championsvgc2026regma-1579\n|reques...ing":false}]},"rqid":3}' [2097 bytes]
DEBUG:vgc_base:Turn 1 [battle-gen9championsvgc2026regma-1578] a0=3 a1=0 src=heuristic g0=0 g1=0
DEBUG:websockets.client:> TEXT 'battle-gen9championsvgc2026regma-1578|/choose m...reclaw 1, move heatwave' [76 bytes]
DEBUG:websockets.client:< TEXT '>battle-gen9championsvgc2026regma-1579\n|init|b... vs. OPheur3\n|j|\u2606BC3\n' [85 bytes]
DEBUG:websockets.client:< TEXT '>battle-gen9championsvgc2026regma-1579\n|j|\u2606OPheur3' [52 bytes]
DEBUG:websockets.client:< TEXT '|pm| OPheur3| BC3|/nonotify OPheur3 accepted th...26regma-1579</a>&raquo;' [173 bytes]
DEBUG:websockets.client:< TEXT '>battle-gen9championsvgc2026regma-1579\n|t:|1781642379\n|gametype|doubles' [71 bytes]
DEBUG:websockets.client:< TEXT '>battle-gen9championsvgc2026regma-1579\n|player|p1|BC3|169|' [58 bytes]
DEBUG:websockets.client:< TEXT '>battle-gen9championsvgc2026regma-1579\n|player...heets</strong></button>' [855 bytes]
DEBUG:websockets.client:< TEXT '>battle-gen9championsvgc2026regma-1579\n|reques...ing":false}]},"rqid":2}' [2093 bytes]
DEBUG:websockets.client:< TEXT '>battle-gen9championsvgc2026regma-1578\n|\n|t:|...rk|Illusion\n|\n|upkeep' [672 bytes]
DEBUG:websockets.client:< TEXT '>battle-gen9championsvgc2026regma-1578\n|\n|t:|...rk|Illusion\n|\n|upkeep' [674 bytes]
DEBUG:websockets.client:< TEXT '>battle-gen9championsvgc2026regma-1578\n|reques...ing":false}]},"rqid":7}' [1453 bytes]
DEBUG:websockets.client:< TEXT '>battle-gen9championsvgc2026regma-1578\n|reques...oCancel":true,"rqid":6}' [1420 bytes]
DEBUG:live_vgc_base:forceSwitch forced_switch_model [battle-gen9championsvgc2026regma-1578] turn 1 a0=13 a1=None opp_splice=on
DEBUG:websockets.client:> TEXT 'battle-gen9championsvgc2026regma-1578|/choose switch Ditto, pass' [64 bytes]
DEBUG:websockets.client:< TEXT '>battle-gen9championsvgc2026regma-1578\n|\n|t:|...lity: Imposter\n|turn|2' [164 bytes]
DEBUG:websockets.client:< TEXT '>battle-gen9championsvgc2026regma-1578\n|\n|t:|...lity: Imposter\n|turn|2' [164 bytes]
DEBUG:websockets.client:< TEXT '>battle-gen9championsvgc2026regma-1578\n|reques...ing":false}]},"rqid":8}' [2198 bytes]
DEBUG:websockets.client:< TEXT '>battle-gen9championsvgc2026regma-1578\n|reques...ing":false}]},"rqid":9}' [2226 bytes]
INFO:player:Turn 2 [battle-gen9championsvgc2026regma-1578] value head win-prob: 0.192  (losing)
DEBUG:live_vgc_base:Turn 2 [battle-gen9championsvgc2026regma-1578] a0=0 a1=9 src=model opp_splice=on
DEBUG:websockets.client:> TEXT 'battle-gen9championsvgc2026regma-1578|/choose move heatwave, move icywind' [73 bytes]
DEBUG:vgc_base:Turn 2 [battle-gen9championsvgc2026regma-1578] a0=3 a1=10 src=heuristic g0=0 g1=0
DEBUG:websockets.client:> TEXT 'battle-gen9championsvgc2026regma-1578|/choose m...law 1, move solarbeam 2' [79 bytes]
DEBUG:websockets.client:< TEXT '>battle-gen9championsvgc2026regma-1578\n|\n|t:|...00\n|\n|upkeep\n|turn|3' [571 bytes]
DEBUG:websockets.client:< TEXT '>battle-gen9championsvgc2026regma-1578\n|\n|t:|...68\n|\n|upkeep\n|turn|3' [572 bytes]
DEBUG:websockets.client:< TEXT '>battle-gen9championsvgc2026regma-1578\n|reques...ng":false}]},"rqid":10}' [2202 bytes]
DEBUG:websockets.client:< TEXT '>battle-gen9championsvgc2026regma-1578\n|reques...ng":false}]},"rqid":11}' [1887 bytes]
DEBUG:vgc_base:Turn 3 [battle-gen9championsvgc2026regma-1578] a0=3 a1=10 src=heuristic g0=0 g1=0
DEBUG:websockets.client:> TEXT 'battle-gen9championsvgc2026regma-1578|/choose m...law 1, move solarbeam 2' [79 bytes]
INFO:player:Turn 3 [battle-gen9championsvgc2026regma-1578] value head win-prob: 0.670  (winning)
DEBUG:live_vgc_base:Turn 3 [battle-gen9championsvgc2026regma-1578] a0=0 a1=9 src=model opp_splice=on
DEBUG:websockets.client:> TEXT 'battle-gen9championsvgc2026regma-1578|/choose move heatwave, move icywind' [73 bytes]
DEBUG:websockets.client:< TEXT '>battle-gen9championsvgc2026regma-1578\n|\n|t:|...1b: Zoroark\n|\n|upkeep' [441 bytes]
DEBUG:websockets.client:< TEXT '>battle-gen9championsvgc2026regma-1578\n|\n|t:|...1b: Zoroark\n|\n|upkeep' [441 bytes]
DEBUG:websockets.client:< TEXT '>battle-gen9championsvgc2026regma-1578\n|reques...Cancel":true,"rqid":12}' [1417 bytes]
DEBUG:websockets.client:< TEXT '>battle-gen9championsvgc2026regma-1578\n|reques...ng":false}]},"rqid":13}' [1451 bytes]
DEBUG:vgc_base:forceSwitch slot 1: no available switch — '/choose default' (handled poke-env desync).
DEBUG:vgc_base:forceSwitch DIAG [battle-gen9championsvgc2026regma-1578] turn=3 slot=1 force=[True, True] available_switches=[['charizard'], ['charizard']] team=[sneasler(act=True,fnt=False,hp=1.0), charizard(act=False,fnt=False,hp=1.0), whimsicott(act=False,fnt=True,hp=0), basculegion(act=False,fnt=False,hp=1.0), zoroarkhisui(act=True,fnt=True,hp=0), ditto(act=True,fnt=True,hp=0)]
DEBUG:websockets.client:> TEXT 'battle-gen9championsvgc2026regma-1578|/choose default' [53 bytes]
DEBUG:websockets.client:< TEXT '>battle-gen9championsvgc2026regma-1578\n|\n|t:|...L50, F|168/168\n|turn|4' [112 bytes]
DEBUG:websockets.client:< TEXT '>battle-gen9championsvgc2026regma-1578\n|\n|t:|...L50, F|100/100\n|turn|4' [112 bytes]
DEBUG:websockets.client:< TEXT '>battle-gen9championsvgc2026regma-1578\n|reques...ng":false}]},"rqid":15}' [2224 bytes]
DEBUG:websockets.client:< TEXT '>battle-gen9championsvgc2026regma-1578\n|reques...ng":false}]},"rqid":14}' [2183 bytes]
DEBUG:vgc_base:Turn 4 [battle-gen9championsvgc2026regma-1578] a0=3 a1=0 src=heuristic g0=0 g1=0
DEBUG:websockets.client:> TEXT 'battle-gen9championsvgc2026regma-1578|/choose m...reclaw 1, move heatwave' [76 bytes]
INFO:player:Turn 4 [battle-gen9championsvgc2026regma-1578] value head win-prob: 0.064  (losing)
DEBUG:live_vgc_base:Turn 4 [battle-gen9championsvgc2026regma-1578] a0=0 a1=0 src=model opp_splice=on
DEBUG:vgc_base:_safe_order: action 0 slot 1 \u2192 None, scanning legal actions.
DEBUG:vgc_base:_safe_order: slot 1 has no decodable legal action — sending Pass.
DEBUG:websockets.client:> TEXT 'battle-gen9championsvgc2026regma-1578|/choose move heatwave mega, pass' [70 bytes]
DEBUG:websockets.client:< TEXT '>battle-gen9championsvgc2026regma-1578\n|\n|t:|...izard\n|upkeep\n|turn|5' [583 bytes]
DEBUG:websockets.client:< TEXT '>battle-gen9championsvgc2026regma-1578\n|\n|t:|...izard\n|upkeep\n|turn|5' [583 bytes]
DEBUG:websockets.client:< TEXT '>battle-gen9championsvgc2026regma-1578\n|reques...ng":false}]},"rqid":16}' [2170 bytes]
DEBUG:websockets.client:< TEXT '>battle-gen9championsvgc2026regma-1578\n|reques...ng":false}]},"rqid":17}' [2224 bytes]
DEBUG:vgc_base:Turn 5 [battle-gen9championsvgc2026regma-1578] a0=3 a1=0 src=heuristic g0=0 g1=0
DEBUG:websockets.client:> TEXT 'battle-gen9championsvgc2026regma-1578|/choose m...reclaw 1, move heatwave' [76 bytes]
INFO:player:Turn 5 [battle-gen9championsvgc2026regma-1578] value head win-prob: 0.003  (losing)
DEBUG:live_vgc_base:Turn 5 [battle-gen9championsvgc2026regma-1578] a0=0 a1=0 src=model opp_splice=on
DEBUG:vgc_base:_safe_order: action 0 slot 1 \u2192 None, scanning legal actions.
DEBUG:vgc_base:_safe_order: slot 1 has no decodable legal action — sending Pass.
DEBUG:websockets.client:> TEXT 'battle-gen9championsvgc2026regma-1578|/choose move heatwave, pass' [65 bytes]
DEBUG:websockets.client:< TEXT '>battle-gen9championsvgc2026regma-1578\n|\n|t:|...rizard\n|\n|win|OPheur3' [167 bytes]
DEBUG:websockets.client:< TEXT '>battle-gen9championsvgc2026regma-1578\n|\n|t:|...rizard\n|\n|win|OPheur3' [167 bytes]
INFO:vgc_base:Battle battle-gen9championsvgc2026regma-1578 finished — outcome: LOSS  (W/L/D so far: 0/1/0)
DEBUG:websockets.client:> TEXT '|/leave battle-gen9championsvgc2026regma-1578' [45 bytes]
DEBUG:websockets.client:< TEXT '|updatesearch|{"searching":[],"games":{"battle-... 2026 Reg M-A Battle"}}' [124 bytes]
DEBUG:websockets.client:> TEXT 'battle-gen9championsvgc2026regma-1579|/rejectopenteamsheets' [59 bytes]
INFO:vgc_base:Battle battle-gen9championsvgc2026regma-1578 finished — outcome: WIN  (W/L/D so far: 1/0/0)
DEBUG:websockets.client:> TEXT '|/leave battle-gen9championsvgc2026regma-1578' [45 bytes]
DEBUG:websockets.client:< TEXT '|updatesearch|{"searching":[],"games":{"battle-... 2026 Reg M-A Battle"}}' [124 bytes]
DEBUG:websockets.client:> TEXT '|/utm Sneasler||whiteherb|unburden|fakeout,dire...Naive|32,2,,,,32||||50|' [550 bytes]
DEBUG:websockets.client:> TEXT '|/challenge opheur3, gen9championsvgc2026regma' [46 bytes]
DEBUG:websockets.client:> TEXT 'battle-gen9championsvgc2026regma-1579|/rejectopenteamsheets' [59 bytes]
DEBUG:websockets.client:< TEXT '>battle-gen9championsvgc2026regma-1578\n|l|\u2606BC3' [48 bytes]
DEBUG:websockets.client:< TEXT '>battle-gen9championsvgc2026regma-1579\n|uhtmlchange|otsrequest|' [63 bytes]
DEBUG:websockets.client:< TEXT '>battle-gen9championsvgc2026regma-1579\nBC3 rejected open team sheets.' [69 bytes]
DEBUG:websockets.client:< TEXT '>battle-gen9championsvgc2026regma-1578\n|deinit' [46 bytes]
DEBUG:websockets.client:< TEXT '>battle-gen9championsvgc2026regma-1578\n|deinit' [46 bytes]
DEBUG:websockets.client:< TEXT '>battle-gen9championsvgc2026regma-1579\n|uhtmlchange|otsrequest|' [63 bytes]
DEBUG:websockets.client:< TEXT '>battle-gen9championsvgc2026regma-1579\nBC3 rejected open team sheets.' [69 bytes]
DEBUG:websockets.client:< TEXT '>battle-gen9championsvgc2026regma-1579\n|uhtmlchange|otsrequest|' [63 bytes]
DEBUG:websockets.client:< TEXT '>battle-gen9championsvgc2026regma-1579\n|uhtmlchange|otsrequest|' [63 bytes]
DEBUG:websockets.client:< TEXT '>battle-gen9championsvgc2026regma-1579\nOPheur3...ected open team sheets.' [73 bytes]
DEBUG:websockets.client:< TEXT '>battle-gen9championsvgc2026regma-1579\nOPheur3...ected open team sheets.' [73 bytes]
INFO:player:Team-preview [battle-gen9championsvgc2026regma-1579] NET drove: bring=['whimsicott', 'zoroarkhisui', 'ditto', 'charizardmegay'] leads=['whimsicott', 'zoroarkhisui'] (vs opp ['sneasler', 'charizard', 'whimsicott', 'basculegion', 'zoroarkhisui', 'ditto'])
INFO:vgc_base:Teampreview [battle-gen9championsvgc2026regma-1579] \u2192 /team 3562  (whimsicott, zoroarkhisui, ditto, charizardmegay)
DEBUG:websockets.client:> TEXT 'battle-gen9championsvgc2026regma-1579|/team 3562' [48 bytes]
DEBUG:vgc_base:Teampreview: first-4 roster order \u2192 ['sneasler', 'charizardmegay', 'whimsicott', 'basculegion']
INFO:vgc_base:Teampreview [battle-gen9championsvgc2026regma-1579] \u2192 /team 1234  (sneasler, charizardmegay, whimsicott, basculegion)
DEBUG:websockets.client:> TEXT 'battle-gen9championsvgc2026regma-1579|/team 1234' [48 bytes]
DEBUG:websockets.client:< TEXT '|pm| BC3| OPheur3|/challenge gen9championsvgc20...hampionsvgc2026regma|||' [83 bytes]
DEBUG:websockets.client:< TEXT '|pm| BC3| OPheur3|/challenge gen9championsvgc20...hampionsvgc2026regma|||' [83 bytes]
DEBUG:websockets.client:< TEXT '|pm| BC3| OPheur3|/log BC3 wants to battle!' [43 bytes]
DEBUG:websockets.client:< TEXT '|pm| BC3| OPheur3|/log BC3 wants to battle!' [43 bytes]
DEBUG:websockets.client:> TEXT '|/utm Sneasler||whiteherb|unburden|fakeout,dire...Naive|32,2,,,,32||||50|' [550 bytes]
DEBUG:websockets.client:> TEXT '|/accept bc3' [12 bytes]
DEBUG:websockets.client:< TEXT '>battle-gen9championsvgc2026regma-1579\n|\n|t:|...L50, M|100/100\n|turn|1' [321 bytes]
DEBUG:websockets.client:< TEXT '>battle-gen9championsvgc2026regma-1579\n|\n|t:|...L50, M|168/168\n|turn|1' [321 bytes]
DEBUG:websockets.client:< TEXT '>battle-gen9championsvgc2026regma-1579\n|reques...ing":false}]},"rqid":4}' [2167 bytes]
DEBUG:websockets.client:< TEXT '>battle-gen9championsvgc2026regma-1579\n|reques...ing":false}]},"rqid":5}' [2236 bytes]
DEBUG:websockets.client:< TEXT '|pm| OPheur3| BC3|/challenge' [28 bytes]
INFO:player:Turn 1 [battle-gen9championsvgc2026regma-1579] value head win-prob: 0.351  (losing)
DEBUG:live_vgc_base:Turn 1 [battle-gen9championsvgc2026regma-1579] a0=0 a1=9 src=model opp_splice=on
DEBUG:websockets.client:> TEXT 'battle-gen9championsvgc2026regma-1579|/choose move encore 1, move icywind' [73 bytes]
DEBUG:websockets.client:< TEXT '|pm| OPheur3| BC3|/challenge' [28 bytes]
DEBUG:websockets.client:< TEXT '|updatesearch|{"searching":[],"games":{"battle-... 2026 Reg M-A Battle"}}' [124 bytes]
DEBUG:websockets.client:< TEXT '|updatesearch|{"searching":[],"games":{"battle-... 2026 Reg M-A Battle"}}' [208 bytes]
DEBUG:websockets.client:< TEXT '|updatesearch|{"searching":[],"games":{"battle-... 2026 Reg M-A Battle"}}' [124 bytes]
DEBUG:websockets.client:< TEXT '|updatesearch|{"searching":[],"games":{"battle-... 2026 Reg M-A Battle"}}' [208 bytes]
DEBUG:websockets.client:< TEXT '|updatesearch|{"searching":[],"games":{"battle-... 2026 Reg M-A Battle"}}' [208 bytes]
DEBUG:websockets.client:< TEXT '>battle-gen9championsvgc2026regma-1580\n|init|b...n|j|\u2606BC3\n|j|\u2606OPheur3\n' [99 bytes]
DEBUG:websockets.client:< TEXT '|pm| OPheur3| BC3|/nonotify OPheur3 accepted th...26regma-1580</a>&raquo;' [173 bytes]
DEBUG:websockets.client:< TEXT '>battle-gen9championsvgc2026regma-1580\n|t:|1781642379\n|gametype|doubles' [71 bytes]
DEBUG:websockets.client:< TEXT '>battle-gen9championsvgc2026regma-1580\n|player|p1|BC3|169|' [58 bytes]
DEBUG:websockets.client:< TEXT '>battle-gen9championsvgc2026regma-1580\n|player...heets</strong></button>' [855 bytes]
DEBUG:websockets.client:< TEXT '>battle-gen9championsvgc2026regma-1580\n|reques...ing":false}]},"rqid":3}' [2097 bytes]
DEBUG:vgc_base:Turn 1 [battle-gen9championsvgc2026regma-1579] a0=3 a1=0 src=heuristic g0=0 g1=0
DEBUG:websockets.client:> TEXT 'battle-gen9championsvgc2026regma-1579|/choose m...reclaw 1, move heatwave' [76 bytes]
DEBUG:websockets.client:< TEXT '|updatesearch|{"searching":[],"games":{"battle-... 2026 Reg M-A Battle"}}' [208 bytes]
DEBUG:websockets.client:< TEXT '>battle-gen9championsvgc2026regma-1580\n|init|b... vs. OPheur3\n|j|\u2606BC3\n' [85 bytes]
DEBUG:websockets.client:< TEXT '>battle-gen9championsvgc2026regma-1580\n|j|\u2606OPheur3' [52 bytes]
DEBUG:websockets.client:< TEXT '|pm| OPheur3| BC3|/nonotify OPheur3 accepted th...26regma-1580</a>&raquo;' [173 bytes]
DEBUG:websockets.client:< TEXT '>battle-gen9championsvgc2026regma-1580\n|t:|1781642379\n|gametype|doubles' [71 bytes]
DEBUG:websockets.client:< TEXT '>battle-gen9championsvgc2026regma-1580\n|player|p1|BC3|169|' [58 bytes]
DEBUG:websockets.client:< TEXT '>battle-gen9championsvgc2026regma-1580\n|player...heets</strong></button>' [855 bytes]
DEBUG:websockets.client:< TEXT '>battle-gen9championsvgc2026regma-1580\n|reques...ing":false}]},"rqid":2}' [2093 bytes]
DEBUG:websockets.client:< TEXT '>battle-gen9championsvgc2026regma-1579\n|\n|t:|...rk|Illusion\n|\n|upkeep' [729 bytes]
DEBUG:websockets.client:< TEXT '>battle-gen9championsvgc2026regma-1579\n|\n|t:|...rk|Illusion\n|\n|upkeep' [731 bytes]
DEBUG:websockets.client:< TEXT '>battle-gen9championsvgc2026regma-1579\n|reques...oCancel":true,"rqid":6}' [1410 bytes]
DEBUG:websockets.client:< TEXT '>battle-gen9championsvgc2026regma-1579\n|reques...ing":false}]},"rqid":7}' [1453 bytes]
DEBUG:live_vgc_base:forceSwitch forced_switch_model [battle-gen9championsvgc2026regma-1579] turn 1 a0=13 a1=None opp_splice=on
DEBUG:websockets.client:> TEXT 'battle-gen9championsvgc2026regma-1579|/choose switch Ditto, pass' [64 bytes]
DEBUG:websockets.client:< TEXT '>battle-gen9championsvgc2026regma-1579\n|\n|t:|...lity: Imposter\n|turn|2' [164 bytes]
DEBUG:websockets.client:< TEXT '>battle-gen9championsvgc2026regma-1579\n|\n|t:|...lity: Imposter\n|turn|2' [164 bytes]
DEBUG:websockets.client:< TEXT '>battle-gen9championsvgc2026regma-1579\n|reques...ing":false}]},"rqid":8}' [2188 bytes]
DEBUG:websockets.client:< TEXT '>battle-gen9championsvgc2026regma-1579\n|reques...ing":false}]},"rqid":9}' [2226 bytes]
INFO:player:Turn 2 [battle-gen9championsvgc2026regma-1579] value head win-prob: 0.235  (losing)
DEBUG:live_vgc_base:Turn 2 [battle-gen9championsvgc2026regma-1579] a0=0 a1=9 src=model opp_splice=on
DEBUG:websockets.client:> TEXT 'battle-gen9championsvgc2026regma-1579|/choose move heatwave, move icywind' [73 bytes]
DEBUG:vgc_base:Turn 2 [battle-gen9championsvgc2026regma-1579] a0=3 a1=10 src=heuristic g0=0 g1=0
DEBUG:websockets.client:> TEXT 'battle-gen9championsvgc2026regma-1579|/choose m...law 1, move solarbeam 2' [79 bytes]
DEBUG:websockets.client:< TEXT '>battle-gen9championsvgc2026regma-1579\n|\n|t:|...am\n|\n|upkeep\n|turn|3' [546 bytes]
DEBUG:websockets.client:< TEXT '>battle-gen9championsvgc2026regma-1579\n|\n|t:|...am\n|\n|upkeep\n|turn|3' [547 bytes]
DEBUG:websockets.client:< TEXT '>battle-gen9championsvgc2026regma-1579\n|reques...ng":false}]},"rqid":10}' [2188 bytes]
DEBUG:websockets.client:< TEXT '>battle-gen9championsvgc2026regma-1579\n|reques...ng":false}]},"rqid":11}' [1887 bytes]
INFO:player:Turn 3 [battle-gen9championsvgc2026regma-1579] value head win-prob: 0.611  (winning)
DEBUG:live_vgc_base:Turn 3 [battle-gen9championsvgc2026regma-1579] a0=0 a1=9 src=model opp_splice=on
DEBUG:websockets.client:> TEXT 'battle-gen9championsvgc2026regma-1579|/choose move heatwave, move icywind' [73 bytes]
DEBUG:vgc_base:Turn 3 [battle-gen9championsvgc2026regma-1579] a0=3 a1=10 src=heuristic g0=0 g1=0
DEBUG:websockets.client:> TEXT 'battle-gen9championsvgc2026regma-1579|/choose m...law 1, move solarbeam 2' [79 bytes]
DEBUG:websockets.client:< TEXT '>battle-gen9championsvgc2026regma-1579\n|\n|t:|...1b: Zoroark\n|\n|upkeep' [433 bytes]
DEBUG:websockets.client:< TEXT '>battle-gen9championsvgc2026regma-1579\n|\n|t:|...1b: Zoroark\n|\n|upkeep' [433 bytes]
DEBUG:websockets.client:< TEXT '>battle-gen9championsvgc2026regma-1579\n|reques...ng":false}]},"rqid":12}' [1392 bytes]
DEBUG:websockets.client:< TEXT '>battle-gen9championsvgc2026regma-1579\n|reques...ng":false}]},"rqid":13}' [1466 bytes]
DEBUG:vgc_base:forceSwitch [battle-gen9championsvgc2026regma-1579] force=[True, False] \u2192 /choose switch Whimsicott / /choose pass
DEBUG:websockets.client:> TEXT 'battle-gen9championsvgc2026regma-1579|/choose switch Whimsicott, pass' [69 bytes]
DEBUG:vgc_base:forceSwitch slot 1: no available switch — '/choose default' (handled poke-env desync).
DEBUG:vgc_base:forceSwitch DIAG [battle-gen9championsvgc2026regma-1579] turn=3 slot=1 force=[True, True] available_switches=[['charizard'], ['charizard']] team=[sneasler(act=True,fnt=False,hp=1.0), charizard(act=False,fnt=False,hp=1.0), whimsicott(act=False,fnt=True,hp=0), basculegion(act=False,fnt=False,hp=1.0), zoroarkhisui(act=True,fnt=True,hp=0), ditto(act=True,fnt=True,hp=0)]
DEBUG:websockets.client:> TEXT 'battle-gen9championsvgc2026regma-1579|/choose default' [53 bytes]
DEBUG:websockets.client:< TEXT '>battle-gen9championsvgc2026regma-1579\n|\n|t:|...L50, F|168/168\n|turn|4' [163 bytes]
DEBUG:websockets.client:< TEXT '>battle-gen9championsvgc2026regma-1579\n|\n|t:|...L50, F|100/100\n|turn|4' [163 bytes]
DEBUG:websockets.client:< TEXT '>battle-gen9championsvgc2026regma-1579\n|reques...ng":false}]},"rqid":14}' [2174 bytes]
DEBUG:websockets.client:< TEXT '>battle-gen9championsvgc2026regma-1579\n|reques...ng":false}]},"rqid":15}' [2237 bytes]
INFO:player:Turn 4 [battle-gen9championsvgc2026regma-1579] value head win-prob: 0.030  (losing)
DEBUG:live_vgc_base:Turn 4 [battle-gen9championsvgc2026regma-1579] a0=0 a1=0 src=model opp_splice=on
DEBUG:vgc_base:_safe_order: action 0 slot 1 \u2192 None, scanning legal actions.
DEBUG:vgc_base:_safe_order: slot 1 has no decodable legal action — sending Pass.
DEBUG:websockets.client:> TEXT 'battle-gen9championsvgc2026regma-1579|/choose move heatwave mega, pass' [70 bytes]
DEBUG:vgc_base:Turn 4 [battle-gen9championsvgc2026regma-1579] a0=6 a1=0 src=heuristic g0=0 g1=0
DEBUG:websockets.client:> TEXT 'battle-gen9championsvgc2026regma-1579|/choose m...nblast 1, move heatwave' [77 bytes]
DEBUG:websockets.client:< TEXT '>battle-gen9championsvgc2026regma-1579\n|\n|t:|...nyDay|[upkeep]\n|upkeep' [686 bytes]
DEBUG:websockets.client:< TEXT '>battle-gen9championsvgc2026regma-1579\n|\n|t:|...nyDay|[upkeep]\n|upkeep' [685 bytes]
DEBUG:websockets.client:< TEXT '>battle-gen9championsvgc2026regma-1579\n|reques...ng":false}]},"rqid":16}' [1380 bytes]
DEBUG:websockets.client:< TEXT '>battle-gen9championsvgc2026regma-1579\n|reques...Cancel":true,"rqid":17}' [1469 bytes]
DEBUG:vgc_base:forceSwitch slot 1: no available switch — '/choose default' (handled poke-env desync).
DEBUG:vgc_base:forceSwitch DIAG [battle-gen9championsvgc2026regma-1579] turn=4 slot=1 force=[True, True] available_switches=[['basculegion'], ['basculegion']] team=[sneasler(act=False,fnt=True,hp=0), charizard(act=True,fnt=True,hp=0), whimsicott(act=True,fnt=True,hp=0), basculegion(act=False,fnt=False,hp=1.0), zoroarkhisui(act=False,fnt=False,hp=1.0), ditto(act=False,fnt=False,hp=1.0)]
DEBUG:websockets.client:> TEXT 'battle-gen9championsvgc2026regma-1579|/choose default' [53 bytes]
DEBUG:websockets.client:< TEXT '>battle-gen9championsvgc2026regma-1579\n|\n|t:|...L50, M|100/100\n|turn|5' [116 bytes]
DEBUG:websockets.client:< TEXT '>battle-gen9championsvgc2026regma-1579\n|\n|t:|...L50, M|197/197\n|turn|5' [116 bytes]
DEBUG:websockets.client:< TEXT '>battle-gen9championsvgc2026regma-1579\n|reques...ng":false}]},"rqid":18}' [2158 bytes]
DEBUG:websockets.client:< TEXT '>battle-gen9championsvgc2026regma-1579\n|reques...ng":false}]},"rqid":19}' [2221 bytes]
INFO:player:Turn 5 [battle-gen9championsvgc2026regma-1579] value head win-prob: 0.912  (winning)
DEBUG:live_vgc_base:Turn 5 [battle-gen9championsvgc2026regma-1579] a0=0 a1=0 src=model opp_splice=on
DEBUG:vgc_base:_safe_order: action 0 slot 1 \u2192 None, scanning legal actions.
DEBUG:vgc_base:_safe_order: slot 1 has no decodable legal action — sending Pass.
DEBUG:websockets.client:> TEXT 'battle-gen9championsvgc2026regma-1579|/choose move heatwave, pass' [65 bytes]
DEBUG:vgc_base:Turn 5 [battle-gen9championsvgc2026regma-1579] a0=3 a1=0 src=heuristic g0=0 g1=0
DEBUG:vgc_base:_safe_order: action 0 slot 1 \u2192 None, scanning legal actions.
DEBUG:vgc_base:_safe_order: slot 1 has no decodable legal action — sending Pass.
DEBUG:websockets.client:> TEXT 'battle-gen9championsvgc2026regma-1579|/choose move wavecrash 1, pass' [68 bytes]
DEBUG:websockets.client:< TEXT '>battle-gen9championsvgc2026regma-1579\n|\n|t:|...Recoil\n|\n|win|OPheur3' [364 bytes]
DEBUG:websockets.client:< TEXT '>battle-gen9championsvgc2026regma-1579\n|\n|t:|...Recoil\n|\n|win|OPheur3' [364 bytes]
INFO:vgc_base:Battle battle-gen9championsvgc2026regma-1579 finished — outcome: LOSS  (W/L/D so far: 0/2/0)
DEBUG:websockets.client:> TEXT '|/leave battle-gen9championsvgc2026regma-1579' [45 bytes]
DEBUG:websockets.client:< TEXT '|updatesearch|{"searching":[],"games":{"battle-... 2026 Reg M-A Battle"}}' [124 bytes]
DEBUG:websockets.client:> TEXT 'battle-gen9championsvgc2026regma-1580|/rejectopenteamsheets' [59 bytes]
INFO:vgc_base:Battle battle-gen9championsvgc2026regma-1579 finished — outcome: WIN  (W/L/D so far: 2/0/0)
DEBUG:websockets.client:> TEXT '|/leave battle-gen9championsvgc2026regma-1579' [45 bytes]
DEBUG:websockets.client:< TEXT '|updatesearch|{"searching":[],"games":{"battle-... 2026 Reg M-A Battle"}}' [124 bytes]
DEBUG:websockets.client:> TEXT '|/utm Sneasler||whiteherb|unburden|fakeout,dire...Naive|32,2,,,,32||||50|' [550 bytes]
DEBUG:websockets.client:> TEXT '|/challenge opheur3, gen9championsvgc2026regma' [46 bytes]
DEBUG:websockets.client:> TEXT 'battle-gen9championsvgc2026regma-1580|/rejectopenteamsheets' [59 bytes]
DEBUG:websockets.client:< TEXT '>battle-gen9championsvgc2026regma-1579\n|l|\u2606BC3' [48 bytes]
DEBUG:websockets.client:< TEXT '>battle-gen9championsvgc2026regma-1580\n|uhtmlchange|otsrequest|' [63 bytes]
DEBUG:websockets.client:< TEXT '>battle-gen9championsvgc2026regma-1580\nBC3 rejected open team sheets.' [69 bytes]
DEBUG:websockets.client:< TEXT '>battle-gen9championsvgc2026regma-1579\n|deinit' [46 bytes]
DEBUG:websockets.client:< TEXT '>battle-gen9championsvgc2026regma-1579\n|deinit' [46 bytes]
DEBUG:websockets.client:< TEXT '>battle-gen9championsvgc2026regma-1580\n|uhtmlchange|otsrequest|' [63 bytes]
DEBUG:websockets.client:< TEXT '>battle-gen9championsvgc2026regma-1580\nBC3 rejected open team sheets.' [69 bytes]
DEBUG:websockets.client:< TEXT '>battle-gen9championsvgc2026regma-1580\n|uhtmlchange|otsrequest|' [63 bytes]
DEBUG:websockets.client:< TEXT '>battle-gen9championsvgc2026regma-1580\n|uhtmlchange|otsrequest|' [63 bytes]
DEBUG:websockets.client:< TEXT '>battle-gen9championsvgc2026regma-1580\nOPheur3...ected open team sheets.' [73 bytes]
DEBUG:websockets.client:< TEXT '>battle-gen9championsvgc2026regma-1580\nOPheur3...ected open team sheets.' [73 bytes]
INFO:player:Team-preview [battle-gen9championsvgc2026regma-1580] NET drove: bring=['whimsicott', 'zoroarkhisui', 'ditto', 'charizardmegay'] leads=['whimsicott', 'zoroarkhisui'] (vs opp ['sneasler', 'charizard', 'whimsicott', 'basculegion', 'zoroarkhisui', 'ditto'])
INFO:vgc_base:Teampreview [battle-gen9championsvgc2026regma-1580] \u2192 /team 3562  (whimsicott, zoroarkhisui, ditto, charizardmegay)
DEBUG:websockets.client:> TEXT 'battle-gen9championsvgc2026regma-1580|/team 3562' [48 bytes]
DEBUG:vgc_base:Teampreview: first-4 roster order \u2192 ['sneasler', 'charizardmegay', 'whimsicott', 'basculegion']
INFO:vgc_base:Teampreview [battle-gen9championsvgc2026regma-1580] \u2192 /team 1234  (sneasler, charizardmegay, whimsicott, basculegion)
DEBUG:websockets.client:> TEXT 'battle-gen9championsvgc2026regma-1580|/team 1234' [48 bytes]
DEBUG:websockets.client:< TEXT '|pm| BC3| OPheur3|/challenge gen9championsvgc20...hampionsvgc2026regma|||' [83 bytes]
DEBUG:websockets.client:< TEXT '|pm| BC3| OPheur3|/challenge gen9championsvgc20...hampionsvgc2026regma|||' [83 bytes]
DEBUG:websockets.client:< TEXT '|pm| BC3| OPheur3|/log BC3 wants to battle!' [43 bytes]
DEBUG:websockets.client:< TEXT '|pm| BC3| OPheur3|/log BC3 wants to battle!' [43 bytes]
DEBUG:websockets.client:> TEXT '|/utm Sneasler||whiteherb|unburden|fakeout,dire...Naive|32,2,,,,32||||50|' [550 bytes]
DEBUG:websockets.client:> TEXT '|/accept bc3' [12 bytes]
DEBUG:websockets.client:< TEXT '>battle-gen9championsvgc2026regma-1580\n|\n|t:|...L50, F|100/100\n|turn|1' [321 bytes]
DEBUG:websockets.client:< TEXT '>battle-gen9championsvgc2026regma-1580\n|\n|t:|...L50, F|168/168\n|turn|1' [321 bytes]
DEBUG:websockets.client:< TEXT '>battle-gen9championsvgc2026regma-1580\n|reques...ing":false}]},"rqid":4}' [2167 bytes]
DEBUG:websockets.client:< TEXT '>battle-gen9championsvgc2026regma-1580\n|reques...ing":false}]},"rqid":5}' [2236 bytes]
DEBUG:websockets.client:< TEXT '|pm| OPheur3| BC3|/challenge' [28 bytes]
DEBUG:websockets.client:< TEXT '|pm| OPheur3| BC3|/challenge' [28 bytes]
DEBUG:websockets.client:< TEXT '|updatesearch|{"searching":[],"games":{"battle-... 2026 Reg M-A Battle"}}' [124 bytes]
DEBUG:websockets.client:< TEXT '|updatesearch|{"searching":[],"games":{"battle-... 2026 Reg M-A Battle"}}' [124 bytes]
DEBUG:websockets.client:< TEXT '|updatesearch|{"searching":[],"games":{"battle-... 2026 Reg M-A Battle"}}' [208 bytes]
DEBUG:websockets.client:< TEXT '|updatesearch|{"searching":[],"games":{"battle-... 2026 Reg M-A Battle"}}' [208 bytes]
INFO:player:Turn 1 [battle-gen9championsvgc2026regma-1580] value head win-prob: 0.351  (losing)
DEBUG:live_vgc_base:Turn 1 [battle-gen9championsvgc2026regma-1580] a0=0 a1=9 src=model opp_splice=on
DEBUG:websockets.client:> TEXT 'battle-gen9championsvgc2026regma-1580|/choose move encore 1, move icywind' [73 bytes]
DEBUG:websockets.client:< TEXT '|updatesearch|{"searching":[],"games":{"battle-... 2026 Reg M-A Battle"}}' [208 bytes]
DEBUG:websockets.client:< TEXT '|updatesearch|{"searching":[],"games":{"battle-... 2026 Reg M-A Battle"}}' [208 bytes]
DEBUG:vgc_base:Turn 1 [battle-gen9championsvgc2026regma-1580] a0=3 a1=0 src=heuristic g0=0 g1=0
DEBUG:websockets.client:> TEXT 'battle-gen9championsvgc2026regma-1580|/choose m...reclaw 1, move heatwave' [76 bytes]
DEBUG:websockets.client:< TEXT '>battle-gen9championsvgc2026regma-1581\n|init|b... vs. OPheur3\n|j|\u2606BC3\n' [85 bytes]
DEBUG:websockets.client:< TEXT '>battle-gen9championsvgc2026regma-1581\n|j|\u2606OPheur3' [52 bytes]
DEBUG:websockets.client:< TEXT '>battle-gen9championsvgc2026regma-1581\n|init|b...n|j|\u2606BC3\n|j|\u2606OPheur3\n' [99 bytes]
DEBUG:websockets.client:< TEXT '|pm| OPheur3| BC3|/nonotify OPheur3 accepted th...26regma-1581</a>&raquo;' [173 bytes]
DEBUG:websockets.client:< TEXT '>battle-gen9championsvgc2026regma-1581\n|t:|1781642379\n|gametype|doubles' [71 bytes]
DEBUG:websockets.client:< TEXT '>battle-gen9championsvgc2026regma-1581\n|player|p1|BC3|169|' [58 bytes]
DEBUG:websockets.client:< TEXT '>battle-gen9championsvgc2026regma-1581\n|player...heets</strong></button>' [855 bytes]
DEBUG:websockets.client:< TEXT '>battle-gen9championsvgc2026regma-1581\n|reques...ing":false}]},"rqid":3}' [2097 bytes]
DEBUG:websockets.client:< TEXT '|pm| OPheur3| BC3|/nonotify OPheur3 accepted th...26regma-1581</a>&raquo;' [173 bytes]
DEBUG:websockets.client:< TEXT '>battle-gen9championsvgc2026regma-1581\n|t:|1781642379\n|gametype|doubles' [71 bytes]
DEBUG:websockets.client:< TEXT '>battle-gen9championsvgc2026regma-1581\n|player|p1|BC3|169|' [58 bytes]
DEBUG:websockets.client:< TEXT '>battle-gen9championsvgc2026regma-1581\n|player...heets</strong></button>' [855 bytes]
DEBUG:websockets.client:< TEXT '>battle-gen9championsvgc2026regma-1581\n|reques...ing":false}]},"rqid":2}' [2093 bytes]
DEBUG:websockets.client:< TEXT '>battle-gen9championsvgc2026regma-1580\n|\n|t:|...: Charizard\n|\n|upkeep' [613 bytes]
DEBUG:websockets.client:< TEXT '>battle-gen9championsvgc2026regma-1580\n|\n|t:|...: Charizard\n|\n|upkeep' [615 bytes]
DEBUG:websockets.client:< TEXT '>battle-gen9championsvgc2026regma-1580\n|reques...oCancel":true,"rqid":6}' [1421 bytes]
DEBUG:websockets.client:< TEXT '>battle-gen9championsvgc2026regma-1580\n|reques...ing":false}]},"rqid":7}' [1453 bytes]
DEBUG:live_vgc_base:forceSwitch forced_switch_model [battle-gen9championsvgc2026regma-1580] turn 1 a0=13 a1=None opp_splice=on
DEBUG:websockets.client:> TEXT 'battle-gen9championsvgc2026regma-1580|/choose switch Ditto, pass' [64 bytes]
DEBUG:websockets.client:< TEXT '>battle-gen9championsvgc2026regma-1580\n|\n|t:|...lity: Imposter\n|turn|2' [164 bytes]
DEBUG:websockets.client:< TEXT '>battle-gen9championsvgc2026regma-1580\n|\n|t:|...lity: Imposter\n|turn|2' [164 bytes]
DEBUG:websockets.client:< TEXT '>battle-gen9championsvgc2026regma-1580\n|reques...ing":false}]},"rqid":8}' [2199 bytes]
DEBUG:websockets.client:< TEXT '>battle-gen9championsvgc2026regma-1580\n|reques...ing":false}]},"rqid":9}' [2226 bytes]
INFO:player:Turn 2 [battle-gen9championsvgc2026regma-1580] value head win-prob: 0.358  (losing)
DEBUG:live_vgc_base:Turn 2 [battle-gen9championsvgc2026regma-1580] a0=0 a1=9 src=model opp_splice=on
DEBUG:websockets.client:> TEXT 'battle-gen9championsvgc2026regma-1580|/choose move heatwave, move icywind' [73 bytes]
DEBUG:vgc_base:Turn 2 [battle-gen9championsvgc2026regma-1580] a0=3 a1=0 src=heuristic g0=0 g1=0
DEBUG:websockets.client:> TEXT 'battle-gen9championsvgc2026regma-1580|/choose m...reclaw 1, move heatwave' [76 bytes]
DEBUG:websockets.client:< TEXT '>battle-gen9championsvgc2026regma-1580\n|\n|t:|...] brn\n|upkeep\n|turn|3' [758 bytes]
DEBUG:websockets.client:< TEXT '>battle-gen9championsvgc2026regma-1580\n|\n|t:|...] brn\n|upkeep\n|turn|3' [759 bytes]
DEBUG:websockets.client:< TEXT '>battle-gen9championsvgc2026regma-1580\n|reques...ng":false}]},"rqid":10}' [2202 bytes]
DEBUG:websockets.client:< TEXT '>battle-gen9championsvgc2026regma-1580\n|reques...ng":false}]},"rqid":11}' [2225 bytes]
INFO:player:Turn 3 [battle-gen9championsvgc2026regma-1580] value head win-prob: 0.258  (losing)
DEBUG:live_vgc_base:Turn 3 [battle-gen9championsvgc2026regma-1580] a0=0 a1=9 src=model opp_splice=on
DEBUG:websockets.client:> TEXT 'battle-gen9championsvgc2026regma-1580|/choose move heatwave, move icywind' [73 bytes]
DEBUG:vgc_base:Turn 3 [battle-gen9championsvgc2026regma-1580] a0=3 a1=10 src=heuristic g0=0 g1=0
DEBUG:websockets.client:> TEXT 'battle-gen9championsvgc2026regma-1580|/choose m...law 1, move solarbeam 2' [79 bytes]
DEBUG:websockets.client:< TEXT '>battle-gen9championsvgc2026regma-1580\n|\n|t:|...brn|[from] brn\n|upkeep' [451 bytes]
DEBUG:websockets.client:< TEXT '>battle-gen9championsvgc2026regma-1580\n|\n|t:|...brn|[from] brn\n|upkeep' [451 bytes]
DEBUG:websockets.client:< TEXT '>battle-gen9championsvgc2026regma-1580\n|reques...Cancel":true,"rqid":12}' [1423 bytes]
DEBUG:websockets.client:< TEXT '>battle-gen9championsvgc2026regma-1580\n|reques...ng":false}]},"rqid":13}' [1451 bytes]
DEBUG:live_vgc_base:forceSwitch forced_switch_model [battle-gen9championsvgc2026regma-1580] turn 3 a0=12 a1=None opp_splice=on
DEBUG:websockets.client:> TEXT 'battle-gen9championsvgc2026regma-1580|/choose switch Charizard, pass' [68 bytes]
DEBUG:websockets.client:< TEXT '>battle-gen9championsvgc2026regma-1580\n|\n|t:|...L50, F|168/168\n|turn|4' [112 bytes]
DEBUG:websockets.client:< TEXT '>battle-gen9championsvgc2026regma-1580\n|\n|t:|...L50, F|100/100\n|turn|4' [112 bytes]
DEBUG:websockets.client:< TEXT '>battle-gen9championsvgc2026regma-1580\n|reques...ng":false}]},"rqid":14}' [2188 bytes]
DEBUG:websockets.client:< TEXT '>battle-gen9championsvgc2026regma-1580\n|reques...ng":false}]},"rqid":15}' [1886 bytes]
INFO:player:Turn 4 [battle-gen9championsvgc2026regma-1580] value head win-prob: 0.240  (losing)
DEBUG:live_vgc_base:Turn 4 [battle-gen9championsvgc2026regma-1580] a0=0 a1=9 src=model opp_splice=on
DEBUG:websockets.client:> TEXT 'battle-gen9championsvgc2026regma-1580|/choose m...wave mega, move icywind' [78 bytes]
DEBUG:vgc_base:Turn 4 [battle-gen9championsvgc2026regma-1580] a0=3 a1=10 src=heuristic g0=0 g1=0
DEBUG:websockets.client:> TEXT 'battle-gen9championsvgc2026regma-1580|/choose m...law 1, move solarbeam 2' [79 bytes]
DEBUG:websockets.client:< TEXT '>battle-gen9championsvgc2026regma-1580\n|\n|t:|...brn|[from] brn\n|upkeep' [697 bytes]
DEBUG:websockets.client:< TEXT '>battle-gen9championsvgc2026regma-1580\n|\n|t:|...brn|[from] brn\n|upkeep' [697 bytes]
DEBUG:websockets.client:< TEXT '>battle-gen9championsvgc2026regma-1580\n|reques...ng":false}]},"rqid":16}' [1393 bytes]
DEBUG:websockets.client:< TEXT '>battle-gen9championsvgc2026regma-1580\n|reques...Cancel":true,"rqid":17}' [1480 bytes]
DEBUG:vgc_base:forceSwitch [battle-gen9championsvgc2026regma-1580] force=[True, True] \u2192 /choose switch Whimsicott / /choose switch Basculegion
DEBUG:websockets.client:> TEXT 'battle-gen9championsvgc2026regma-1580|/choose s...ott, switch Basculegion' [83 bytes]
DEBUG:websockets.client:< TEXT '>battle-gen9championsvgc2026regma-1580\n|\n|t:|...L50, M|100/100\n|turn|5' [167 bytes]
DEBUG:websockets.client:< TEXT '>battle-gen9championsvgc2026regma-1580\n|\n|t:|...L50, M|197/197\n|turn|5' [167 bytes]
DEBUG:websockets.client:< TEXT '>battle-gen9championsvgc2026regma-1580\n|reques...ng":false}]},"rqid":18}' [2171 bytes]
DEBUG:websockets.client:< TEXT '>battle-gen9championsvgc2026regma-1580\n|reques...ng":false}]},"rqid":19}' [2211 bytes]
INFO:player:Turn 5 [battle-gen9championsvgc2026regma-1580] value head win-prob: 0.009  (losing)
DEBUG:live_vgc_base:Turn 5 [battle-gen9championsvgc2026regma-1580] a0=0 a1=9 src=model opp_splice=on
DEBUG:websockets.client:> TEXT 'battle-gen9championsvgc2026regma-1580|/choose move heatwave, move icywind' [73 bytes]
DEBUG:vgc_base:Turn 5 [battle-gen9championsvgc2026regma-1580] a0=7 a1=3 src=heuristic g0=0 g1=0
DEBUG:websockets.client:> TEXT 'battle-gen9championsvgc2026regma-1580|/choose m...ast 2, move wavecrash 1' [80 bytes]
DEBUG:websockets.client:< TEXT '>battle-gen9championsvgc2026regma-1580\n|\n|t:|...Recoil\n|\n|win|OPheur3' [652 bytes]
DEBUG:websockets.client:< TEXT '>battle-gen9championsvgc2026regma-1580\n|\n|t:|...Recoil\n|\n|win|OPheur3' [653 bytes]
DEBUG:websockets.client:< TEXT '|updatesearch|{"searching":[],"games":{"battle-... 2026 Reg M-A Battle"}}' [124 bytes]
DEBUG:websockets.client:< TEXT '|updatesearch|{"searching":[],"games":{"battle-... 2026 Reg M-A Battle"}}' [124 bytes]
INFO:vgc_base:Battle battle-gen9championsvgc2026regma-1580 finished — outcome: LOSS  (W/L/D so far: 0/3/0)
DEBUG:websockets.client:> TEXT '|/leave battle-gen9championsvgc2026regma-1580' [45 bytes]
INFO:vgc_base:Battle battle-gen9championsvgc2026regma-1580 finished — outcome: WIN  (W/L/D so far: 3/0/0)
DEBUG:websockets.client:> TEXT '|/leave battle-gen9championsvgc2026regma-1580' [45 bytes]
DEBUG:websockets.client:> TEXT 'battle-gen9championsvgc2026regma-1581|/rejectopenteamsheets' [59 bytes]
DEBUG:websockets.client:> TEXT 'battle-gen9championsvgc2026regma-1581|/rejectopenteamsheets' [59 bytes]
DEBUG:websockets.client:< TEXT '>battle-gen9championsvgc2026regma-1580\n|deinit' [46 bytes]
DEBUG:websockets.client:< TEXT '>battle-gen9championsvgc2026regma-1580\n|l|\u2606BC3' [48 bytes]
DEBUG:websockets.client:> TEXT '|/utm Sneasler||whiteherb|unburden|fakeout,dire...Naive|32,2,,,,32||||50|' [550 bytes]
DEBUG:websockets.client:> TEXT '|/challenge opheur3, gen9championsvgc2026regma' [46 bytes]
DEBUG:websockets.client:< TEXT '>battle-gen9championsvgc2026regma-1580\n|deinit' [46 bytes]
DEBUG:websockets.client:< TEXT '>battle-gen9championsvgc2026regma-1581\n|uhtmlchange|otsrequest|' [63 bytes]
DEBUG:websockets.client:< TEXT '>battle-gen9championsvgc2026regma-1581\n|uhtmlchange|otsrequest|' [63 bytes]
DEBUG:websockets.client:< TEXT '>battle-gen9championsvgc2026regma-1581\nBC3 rejected open team sheets.' [69 bytes]
DEBUG:websockets.client:< TEXT '>battle-gen9championsvgc2026regma-1581\n|uhtmlchange|otsrequest|' [63 bytes]
DEBUG:websockets.client:< TEXT '>battle-gen9championsvgc2026regma-1581\nBC3 rejected open team sheets.' [69 bytes]
DEBUG:websockets.client:< TEXT '>battle-gen9championsvgc2026regma-1581\n|uhtmlchange|otsrequest|' [63 bytes]
DEBUG:websockets.client:< TEXT '>battle-gen9championsvgc2026regma-1581\nOPheur3...ected open team sheets.' [73 bytes]
DEBUG:websockets.client:< TEXT '>battle-gen9championsvgc2026regma-1581\nOPheur3...ected open team sheets.' [73 bytes]
DEBUG:vgc_base:Teampreview: first-4 roster order \u2192 ['sneasler', 'charizardmegay', 'whimsicott', 'basculegion']
INFO:vgc_base:Teampreview [battle-gen9championsvgc2026regma-1581] \u2192 /team 1234  (sneasler, charizardmegay, whimsicott, basculegion)
DEBUG:websockets.client:> TEXT 'battle-gen9championsvgc2026regma-1581|/team 1234' [48 bytes]
INFO:player:Team-preview [battle-gen9championsvgc2026regma-1581] NET drove: bring=['whimsicott', 'zoroarkhisui', 'ditto', 'charizardmegay'] leads=['whimsicott', 'zoroarkhisui'] (vs opp ['sneasler', 'charizard', 'whimsicott', 'basculegion', 'zoroarkhisui', 'ditto'])
INFO:vgc_base:Teampreview [battle-gen9championsvgc2026regma-1581] \u2192 /team 3562  (whimsicott, zoroarkhisui, ditto, charizardmegay)
DEBUG:websockets.client:> TEXT 'battle-gen9championsvgc2026regma-1581|/team 3562' [48 bytes]
DEBUG:websockets.client:< TEXT '|pm| BC3| OPheur3|/challenge gen9championsvgc20...hampionsvgc2026regma|||' [83 bytes]
DEBUG:websockets.client:< TEXT '|pm| BC3| OPheur3|/challenge gen9championsvgc20...hampionsvgc2026regma|||' [83 bytes]
DEBUG:websockets.client:< TEXT '|pm| BC3| OPheur3|/log BC3 wants to battle!' [43 bytes]
DEBUG:websockets.client:< TEXT '|pm| BC3| OPheur3|/log BC3 wants to battle!' [43 bytes]
DEBUG:websockets.client:> TEXT '|/utm Sneasler||whiteherb|unburden|fakeout,dire...Naive|32,2,,,,32||||50|' [550 bytes]
DEBUG:websockets.client:> TEXT '|/accept bc3' [12 bytes]
DEBUG:websockets.client:< TEXT '>battle-gen9championsvgc2026regma-1581\n|\n|t:|...L50, F|100/100\n|turn|1' [321 bytes]
DEBUG:websockets.client:< TEXT '>battle-gen9championsvgc2026regma-1581\n|\n|t:|...L50, F|168/168\n|turn|1' [321 bytes]
DEBUG:websockets.client:< TEXT '>battle-gen9championsvgc2026regma-1581\n|reques...ing":false}]},"rqid":4}' [2167 bytes]
DEBUG:websockets.client:< TEXT '>battle-gen9championsvgc2026regma-1581\n|reques...ing":false}]},"rqid":5}' [2236 bytes]
DEBUG:websockets.client:< TEXT '|pm| OPheur3| BC3|/challenge' [28 bytes]
DEBUG:websockets.client:< TEXT '|pm| OPheur3| BC3|/challenge' [28 bytes]
INFO:player:Turn 1 [battle-gen9championsvgc2026regma-1581] value head win-prob: 0.351  (losing)
DEBUG:live_vgc_base:Turn 1 [battle-gen9championsvgc2026regma-1581] a0=0 a1=9 src=model opp_splice=on
DEBUG:websockets.client:> TEXT 'battle-gen9championsvgc2026regma-1581|/choose move encore 1, move icywind' [73 bytes]
DEBUG:websockets.client:< TEXT '|updatesearch|{"searching":[],"games":{"battle-... 2026 Reg M-A Battle"}}' [124 bytes]
DEBUG:vgc_base:Turn 1 [battle-gen9championsvgc2026regma-1581] a0=3 a1=0 src=heuristic g0=0 g1=0
DEBUG:websockets.client:> TEXT 'battle-gen9championsvgc2026regma-1581|/choose m...reclaw 1, move heatwave' [76 bytes]
DEBUG:websockets.client:< TEXT '|updatesearch|{"searching":[],"games":{"battle-... 2026 Reg M-A Battle"}}' [124 bytes]
DEBUG:websockets.client:< TEXT '|updatesearch|{"searching":[],"games":{"battle-... 2026 Reg M-A Battle"}}' [208 bytes]
DEBUG:websockets.client:< TEXT '|updatesearch|{"searching":[],"games":{"battle-... 2026 Reg M-A Battle"}}' [208 bytes]
DEBUG:websockets.client:< TEXT '|updatesearch|{"searching":[],"games":{"battle-... 2026 Reg M-A Battle"}}' [208 bytes]
DEBUG:websockets.client:< TEXT '|updatesearch|{"searching":[],"games":{"battle-... 2026 Reg M-A Battle"}}' [208 bytes]
DEBUG:websockets.client:< TEXT '>battle-gen9championsvgc2026regma-1582\n|init|b...n|j|\u2606BC3\n|j|\u2606OPheur3\n' [99 bytes]
DEBUG:websockets.client:< TEXT '|pm| OPheur3| BC3|/nonotify OPheur3 accepted th...26regma-1582</a>&raquo;' [173 bytes]
DEBUG:websockets.client:< TEXT '>battle-gen9championsvgc2026regma-1582\n|t:|1781642379\n|gametype|doubles' [71 bytes]
DEBUG:websockets.client:< TEXT '>battle-gen9championsvgc2026regma-1582\n|player|p1|BC3|169|' [58 bytes]
DEBUG:websockets.client:< TEXT '>battle-gen9championsvgc2026regma-1582\n|player...heets</strong></button>' [855 bytes]
DEBUG:websockets.client:< TEXT '>battle-gen9championsvgc2026regma-1582\n|reques...ing":false}]},"rqid":3}' [2097 bytes]
DEBUG:websockets.client:< TEXT '>battle-gen9championsvgc2026regma-1582\n|init|b... vs. OPheur3\n|j|\u2606BC3\n' [85 bytes]
DEBUG:websockets.client:< TEXT '>battle-gen9championsvgc2026regma-1582\n|j|\u2606OPheur3' [52 bytes]
DEBUG:websockets.client:< TEXT '|pm| OPheur3| BC3|/nonotify OPheur3 accepted th...26regma-1582</a>&raquo;' [173 bytes]
DEBUG:websockets.client:< TEXT '>battle-gen9championsvgc2026regma-1582\n|t:|1781642379\n|gametype|doubles' [71 bytes]
DEBUG:websockets.client:< TEXT '>battle-gen9championsvgc2026regma-1582\n|player|p1|BC3|169|' [58 bytes]
DEBUG:websockets.client:< TEXT '>battle-gen9championsvgc2026regma-1582\n|player...heets</strong></button>' [855 bytes]
DEBUG:websockets.client:< TEXT '>battle-gen9championsvgc2026regma-1582\n|reques...ing":false}]},"rqid":2}' [2093 bytes]
DEBUG:websockets.client:< TEXT '>battle-gen9championsvgc2026regma-1581\n|\n|t:|...rk|Illusion\n|\n|upkeep' [696 bytes]
DEBUG:websockets.client:< TEXT '>battle-gen9championsvgc2026regma-1581\n|\n|t:|...rk|Illusion\n|\n|upkeep' [698 bytes]
DEBUG:websockets.client:< TEXT '>battle-gen9championsvgc2026regma-1581\n|reques...oCancel":true,"rqid":6}' [1420 bytes]
DEBUG:websockets.client:< TEXT '>battle-gen9championsvgc2026regma-1581\n|reques...ing":false}]},"rqid":7}' [1453 bytes]
DEBUG:live_vgc_base:forceSwitch forced_switch_model [battle-gen9championsvgc2026regma-1581] turn 1 a0=13 a1=None opp_splice=on
DEBUG:websockets.client:> TEXT 'battle-gen9championsvgc2026regma-1581|/choose switch Ditto, pass' [64 bytes]
DEBUG:websockets.client:< TEXT '>battle-gen9championsvgc2026regma-1581\n|\n|t:|...lity: Imposter\n|turn|2' [164 bytes]
DEBUG:websockets.client:< TEXT '>battle-gen9championsvgc2026regma-1581\n|\n|t:|...lity: Imposter\n|turn|2' [164 bytes]
DEBUG:websockets.client:< TEXT '>battle-gen9championsvgc2026regma-1581\n|reques...ing":false}]},"rqid":8}' [2198 bytes]
DEBUG:websockets.client:< TEXT '>battle-gen9championsvgc2026regma-1581\n|reques...ing":false}]},"rqid":9}' [2226 bytes]
INFO:player:Turn 2 [battle-gen9championsvgc2026regma-1581] value head win-prob: 0.192  (losing)
DEBUG:live_vgc_base:Turn 2 [battle-gen9championsvgc2026regma-1581] a0=0 a1=9 src=model opp_splice=on
DEBUG:websockets.client:> TEXT 'battle-gen9championsvgc2026regma-1581|/choose move heatwave, move icywind' [73 bytes]
DEBUG:vgc_base:Turn 2 [battle-gen9championsvgc2026regma-1581] a0=3 a1=10 src=heuristic g0=0 g1=0
DEBUG:websockets.client:> TEXT 'battle-gen9championsvgc2026regma-1581|/choose m...law 1, move solarbeam 2' [79 bytes]
DEBUG:websockets.client:< TEXT '>battle-gen9championsvgc2026regma-1581\n|\n|t:|...am\n|\n|upkeep\n|turn|3' [547 bytes]
DEBUG:websockets.client:< TEXT '>battle-gen9championsvgc2026regma-1581\n|\n|t:|...am\n|\n|upkeep\n|turn|3' [548 bytes]
DEBUG:websockets.client:< TEXT '>battle-gen9championsvgc2026regma-1581\n|reques...ng":false}]},"rqid":10}' [2198 bytes]
DEBUG:websockets.client:< TEXT '>battle-gen9championsvgc2026regma-1581\n|reques...ng":false}]},"rqid":11}' [1887 bytes]
INFO:player:Turn 3 [battle-gen9championsvgc2026regma-1581] value head win-prob: 0.578  (winning)
DEBUG:live_vgc_base:Turn 3 [battle-gen9championsvgc2026regma-1581] a0=0 a1=9 src=model opp_splice=on
DEBUG:websockets.client:> TEXT 'battle-gen9championsvgc2026regma-1581|/choose move heatwave, move icywind' [73 bytes]
DEBUG:vgc_base:Turn 3 [battle-gen9championsvgc2026regma-1581] a0=3 a1=10 src=heuristic g0=0 g1=0
DEBUG:websockets.client:> TEXT 'battle-gen9championsvgc2026regma-1581|/choose m...law 1, move solarbeam 2' [79 bytes]
DEBUG:websockets.client:< TEXT '>battle-gen9championsvgc2026regma-1581\n|\n|t:|...1b: Zoroark\n|\n|upkeep' [442 bytes]
DEBUG:websockets.client:< TEXT '>battle-gen9championsvgc2026regma-1581\n|\n|t:|...1b: Zoroark\n|\n|upkeep' [442 bytes]
DEBUG:websockets.client:< TEXT '>battle-gen9championsvgc2026regma-1581\n|reques...Cancel":true,"rqid":12}' [1417 bytes]
DEBUG:websockets.client:< TEXT '>battle-gen9championsvgc2026regma-1581\n|reques...ng":false}]},"rqid":13}' [1451 bytes]
DEBUG:vgc_base:forceSwitch slot 1: no available switch — '/choose default' (handled poke-env desync).
DEBUG:vgc_base:forceSwitch DIAG [battle-gen9championsvgc2026regma-1581] turn=3 slot=1 force=[True, True] available_switches=[['charizard'], ['charizard']] team=[sneasler(act=True,fnt=False,hp=1.0), charizard(act=False,fnt=False,hp=1.0), whimsicott(act=False,fnt=True,hp=0), basculegion(act=False,fnt=False,hp=1.0), zoroarkhisui(act=True,fnt=True,hp=0), ditto(act=True,fnt=True,hp=0)]
DEBUG:websockets.client:> TEXT 'battle-gen9championsvgc2026regma-1581|/choose default' [53 bytes]
DEBUG:websockets.client:< TEXT '>battle-gen9championsvgc2026regma-1581\n|\n|t:|...L50, F|168/168\n|turn|4' [112 bytes]
DEBUG:websockets.client:< TEXT '>battle-gen9championsvgc2026regma-1581\n|\n|t:|...L50, F|100/100\n|turn|4' [112 bytes]
DEBUG:websockets.client:< TEXT '>battle-gen9championsvgc2026regma-1581\n|reques...ng":false}]},"rqid":14}' [2183 bytes]
DEBUG:websockets.client:< TEXT '>battle-gen9championsvgc2026regma-1581\n|reques...ng":false}]},"rqid":15}' [2224 bytes]
INFO:player:Turn 4 [battle-gen9championsvgc2026regma-1581] value head win-prob: 0.063  (losing)
DEBUG:live_vgc_base:Turn 4 [battle-gen9championsvgc2026regma-1581] a0=0 a1=0 src=model opp_splice=on
DEBUG:vgc_base:_safe_order: action 0 slot 1 \u2192 None, scanning legal actions.
DEBUG:vgc_base:_safe_order: slot 1 has no decodable legal action — sending Pass.
DEBUG:websockets.client:> TEXT 'battle-gen9championsvgc2026regma-1581|/choose move heatwave mega, pass' [70 bytes]
DEBUG:vgc_base:Turn 4 [battle-gen9championsvgc2026regma-1581] a0=3 a1=0 src=heuristic g0=0 g1=0
DEBUG:websockets.client:> TEXT 'battle-gen9championsvgc2026regma-1581|/choose m...reclaw 1, move heatwave' [76 bytes]
DEBUG:websockets.client:< TEXT '>battle-gen9championsvgc2026regma-1581\n|\n|t:|...nyDay|[upkeep]\n|upkeep' [548 bytes]
DEBUG:websockets.client:< TEXT '>battle-gen9championsvgc2026regma-1581\n|\n|t:|...nyDay|[upkeep]\n|upkeep' [548 bytes]
DEBUG:websockets.client:< TEXT '>battle-gen9championsvgc2026regma-1581\n|reques...Cancel":true,"rqid":17}' [1480 bytes]
DEBUG:websockets.client:< TEXT '>battle-gen9championsvgc2026regma-1581\n|reques...ng":false}]},"rqid":16}' [1388 bytes]
DEBUG:vgc_base:forceSwitch [battle-gen9championsvgc2026regma-1581] force=[True, True] \u2192 /choose switch Basculegion / /choose switch Whimsicott
DEBUG:websockets.client:> TEXT 'battle-gen9championsvgc2026regma-1581|/choose s...gion, switch Whimsicott' [83 bytes]
DEBUG:websockets.client:< TEXT '>battle-gen9championsvgc2026regma-1581\n|\n|t:|...L50, F|100/100\n|turn|5' [167 bytes]
DEBUG:websockets.client:< TEXT '>battle-gen9championsvgc2026regma-1581\n|\n|t:|...L50, F|137/137\n|turn|5' [167 bytes]
DEBUG:websockets.client:< TEXT '>battle-gen9championsvgc2026regma-1581\n|reques...ng":false}]},"rqid":18}' [2166 bytes]
DEBUG:websockets.client:< TEXT '>battle-gen9championsvgc2026regma-1581\n|reques...ng":false}]},"rqid":19}' [2211 bytes]
INFO:player:Turn 5 [battle-gen9championsvgc2026regma-1581] value head win-prob: 0.002  (losing)
DEBUG:live_vgc_base:Turn 5 [battle-gen9championsvgc2026regma-1581] a0=0 a1=0 src=model opp_splice=on
DEBUG:vgc_base:_safe_order: action 0 slot 1 \u2192 None, scanning legal actions.
DEBUG:vgc_base:_safe_order: slot 1 has no decodable legal action — sending Pass.
DEBUG:websockets.client:> TEXT 'battle-gen9championsvgc2026regma-1581|/choose move heatwave, pass' [65 bytes]
DEBUG:vgc_base:Turn 5 [battle-gen9championsvgc2026regma-1581] a0=3 a1=6 src=heuristic g0=0 g1=0
DEBUG:websockets.client:> TEXT 'battle-gen9championsvgc2026regma-1581|/choose m...ash 1, move moonblast 1' [80 bytes]
DEBUG:websockets.client:< TEXT '>battle-gen9championsvgc2026regma-1581\n|\n|t:|...Recoil\n|\n|win|OPheur3' [663 bytes]
DEBUG:websockets.client:< TEXT '>battle-gen9championsvgc2026regma-1581\n|\n|t:|...Recoil\n|\n|win|OPheur3' [665 bytes]
DEBUG:websockets.client:< TEXT '|updatesearch|{"searching":[],"games":{"battle-... 2026 Reg M-A Battle"}}' [124 bytes]
INFO:vgc_base:Battle battle-gen9championsvgc2026regma-1581 finished — outcome: LOSS  (W/L/D so far: 0/4/0)
DEBUG:websockets.client:> TEXT '|/leave battle-gen9championsvgc2026regma-1581' [45 bytes]
DEBUG:websockets.client:< TEXT '|updatesearch|{"searching":[],"games":{"battle-... 2026 Reg M-A Battle"}}' [124 bytes]
DEBUG:websockets.client:> TEXT 'battle-gen9championsvgc2026regma-1582|/rejectopenteamsheets' [59 bytes]
INFO:vgc_base:Battle battle-gen9championsvgc2026regma-1581 finished — outcome: WIN  (W/L/D so far: 4/0/0)
DEBUG:websockets.client:> TEXT '|/leave battle-gen9championsvgc2026regma-1581' [45 bytes]
DEBUG:websockets.client:> TEXT '|/utm Sneasler||whiteherb|unburden|fakeout,dire...Naive|32,2,,,,32||||50|' [550 bytes]
DEBUG:websockets.client:> TEXT '|/challenge opheur3, gen9championsvgc2026regma' [46 bytes]
DEBUG:websockets.client:> TEXT 'battle-gen9championsvgc2026regma-1582|/rejectopenteamsheets' [59 bytes]
DEBUG:websockets.client:< TEXT '>battle-gen9championsvgc2026regma-1581\n|deinit' [46 bytes]
DEBUG:websockets.client:< TEXT '>battle-gen9championsvgc2026regma-1581\n|l|\u2606BC3' [48 bytes]
DEBUG:websockets.client:< TEXT '>battle-gen9championsvgc2026regma-1582\n|uhtmlchange|otsrequest|' [63 bytes]
DEBUG:websockets.client:< TEXT '>battle-gen9championsvgc2026regma-1582\nBC3 rejected open team sheets.' [69 bytes]
DEBUG:websockets.client:< TEXT '>battle-gen9championsvgc2026regma-1582\n|uhtmlchange|otsrequest|' [63 bytes]
DEBUG:websockets.client:< TEXT '>battle-gen9championsvgc2026regma-1582\nBC3 rejected open team sheets.' [69 bytes]
DEBUG:websockets.client:< TEXT '>battle-gen9championsvgc2026regma-1581\n|deinit' [46 bytes]
DEBUG:websockets.client:< TEXT '>battle-gen9championsvgc2026regma-1582\n|uhtmlchange|otsrequest|' [63 bytes]
DEBUG:websockets.client:< TEXT '>battle-gen9championsvgc2026regma-1582\n|uhtmlchange|otsrequest|' [63 bytes]
DEBUG:websockets.client:< TEXT '>battle-gen9championsvgc2026regma-1582\nOPheur3...ected open team sheets.' [73 bytes]
DEBUG:websockets.client:< TEXT '>battle-gen9championsvgc2026regma-1582\nOPheur3...ected open team sheets.' [73 bytes]
INFO:player:Team-preview [battle-gen9championsvgc2026regma-1582] NET drove: bring=['whimsicott', 'zoroarkhisui', 'ditto', 'charizardmegay'] leads=['whimsicott', 'zoroarkhisui'] (vs opp ['sneasler', 'charizard', 'whimsicott', 'basculegion', 'zoroarkhisui', 'ditto'])
INFO:vgc_base:Teampreview [battle-gen9championsvgc2026regma-1582] \u2192 /team 3562  (whimsicott, zoroarkhisui, ditto, charizardmegay)
DEBUG:websockets.client:> TEXT 'battle-gen9championsvgc2026regma-1582|/team 3562' [48 bytes]
DEBUG:vgc_base:Teampreview: first-4 roster order \u2192 ['sneasler', 'charizardmegay', 'whimsicott', 'basculegion']
INFO:vgc_base:Teampreview [battle-gen9championsvgc2026regma-1582] \u2192 /team 1234  (sneasler, charizardmegay, whimsicott, basculegion)
DEBUG:websockets.client:> TEXT 'battle-gen9championsvgc2026regma-1582|/team 1234' [48 bytes]
DEBUG:websockets.client:< TEXT '|pm| BC3| OPheur3|/challenge gen9championsvgc20...hampionsvgc2026regma|||' [83 bytes]
DEBUG:websockets.client:< TEXT '|pm| BC3| OPheur3|/challenge gen9championsvgc20...hampionsvgc2026regma|||' [83 bytes]
DEBUG:websockets.client:< TEXT '|pm| BC3| OPheur3|/log BC3 wants to battle!' [43 bytes]
DEBUG:websockets.client:< TEXT '|pm| BC3| OPheur3|/log BC3 wants to battle!' [43 bytes]
DEBUG:websockets.client:> TEXT '|/utm Sneasler||whiteherb|unburden|fakeout,dire...Naive|32,2,,,,32||||50|' [550 bytes]
DEBUG:websockets.client:> TEXT '|/accept bc3' [12 bytes]
DEBUG:websockets.client:< TEXT '>battle-gen9championsvgc2026regma-1582\n|\n|t:|...L50, M|100/100\n|turn|1' [321 bytes]
DEBUG:websockets.client:< TEXT '>battle-gen9championsvgc2026regma-1582\n|\n|t:|...L50, M|168/168\n|turn|1' [321 bytes]
DEBUG:websockets.client:< TEXT '>battle-gen9championsvgc2026regma-1582\n|reques...ing":false}]},"rqid":4}' [2167 bytes]
DEBUG:websockets.client:< TEXT '>battle-gen9championsvgc2026regma-1582\n|reques...ing":false}]},"rqid":5}' [2236 bytes]
INFO:player:Turn 1 [battle-gen9championsvgc2026regma-1582] value head win-prob: 0.351  (losing)
DEBUG:live_vgc_base:Turn 1 [battle-gen9championsvgc2026regma-1582] a0=0 a1=9 src=model opp_splice=on
DEBUG:websockets.client:> TEXT 'battle-gen9championsvgc2026regma-1582|/choose move encore 1, move icywind' [73 bytes]
DEBUG:websockets.client:< TEXT '|pm| OPheur3| BC3|/challenge' [28 bytes]
DEBUG:websockets.client:< TEXT '|updatesearch|{"searching":[],"games":{"battle-... 2026 Reg M-A Battle"}}' [124 bytes]
DEBUG:websockets.client:< TEXT '|pm| OPheur3| BC3|/challenge' [28 bytes]
DEBUG:websockets.client:< TEXT '|updatesearch|{"searching":[],"games":{"battle-... 2026 Reg M-A Battle"}}' [208 bytes]
DEBUG:websockets.client:< TEXT '|updatesearch|{"searching":[],"games":{"battle-... 2026 Reg M-A Battle"}}' [208 bytes]
DEBUG:websockets.client:< TEXT '>battle-gen9championsvgc2026regma-1583\n|init|b...n|j|\u2606BC3\n|j|\u2606OPheur3\n' [99 bytes]
DEBUG:websockets.client:< TEXT '|pm| OPheur3| BC3|/nonotify OPheur3 accepted th...26regma-1583</a>&raquo;' [173 bytes]
DEBUG:websockets.client:< TEXT '>battle-gen9championsvgc2026regma-1583\n|t:|1781642379\n|gametype|doubles' [71 bytes]
DEBUG:websockets.client:< TEXT '>battle-gen9championsvgc2026regma-1583\n|player|p1|BC3|169|' [58 bytes]
DEBUG:websockets.client:< TEXT '>battle-gen9championsvgc2026regma-1583\n|player...heets</strong></button>' [855 bytes]
DEBUG:websockets.client:< TEXT '>battle-gen9championsvgc2026regma-1583\n|reques...ing":false}]},"rqid":3}' [2097 bytes]
DEBUG:vgc_base:Turn 1 [battle-gen9championsvgc2026regma-1582] a0=3 a1=0 src=heuristic g0=0 g1=0
DEBUG:websockets.client:> TEXT 'battle-gen9championsvgc2026regma-1582|/choose m...reclaw 1, move heatwave' [76 bytes]
DEBUG:websockets.client:< TEXT '|updatesearch|{"searching":[],"games":{"battle-... 2026 Reg M-A Battle"}}' [124 bytes]
DEBUG:websockets.client:< TEXT '|updatesearch|{"searching":[],"games":{"battle-... 2026 Reg M-A Battle"}}' [208 bytes]
DEBUG:websockets.client:< TEXT '|updatesearch|{"searching":[],"games":{"battle-... 2026 Reg M-A Battle"}}' [208 bytes]
DEBUG:websockets.client:< TEXT '>battle-gen9championsvgc2026regma-1583\n|init|b... vs. OPheur3\n|j|\u2606BC3\n' [85 bytes]
DEBUG:websockets.client:< TEXT '>battle-gen9championsvgc2026regma-1583\n|j|\u2606OPheur3' [52 bytes]
DEBUG:websockets.client:< TEXT '|pm| OPheur3| BC3|/nonotify OPheur3 accepted th...26regma-1583</a>&raquo;' [173 bytes]
DEBUG:websockets.client:< TEXT '>battle-gen9championsvgc2026regma-1583\n|t:|1781642379\n|gametype|doubles' [71 bytes]
DEBUG:websockets.client:< TEXT '>battle-gen9championsvgc2026regma-1583\n|player|p1|BC3|169|' [58 bytes]
DEBUG:websockets.client:< TEXT '>battle-gen9championsvgc2026regma-1583\n|player...heets</strong></button>' [855 bytes]
DEBUG:websockets.client:< TEXT '>battle-gen9championsvgc2026regma-1583\n|reques...ing":false}]},"rqid":2}' [2093 bytes]
DEBUG:websockets.client:< TEXT '>battle-gen9championsvgc2026regma-1582\n|\n|t:|...rk|Illusion\n|\n|upkeep' [696 bytes]
DEBUG:websockets.client:< TEXT '>battle-gen9championsvgc2026regma-1582\n|\n|t:|...rk|Illusion\n|\n|upkeep' [698 bytes]
DEBUG:websockets.client:< TEXT '>battle-gen9championsvgc2026regma-1582\n|reques...oCancel":true,"rqid":6}' [1420 bytes]
DEBUG:websockets.client:< TEXT '>battle-gen9championsvgc2026regma-1582\n|reques...ing":false}]},"rqid":7}' [1453 bytes]
DEBUG:live_vgc_base:forceSwitch forced_switch_model [battle-gen9championsvgc2026regma-1582] turn 1 a0=13 a1=None opp_splice=on
DEBUG:websockets.client:> TEXT 'battle-gen9championsvgc2026regma-1582|/choose switch Ditto, pass' [64 bytes]
DEBUG:websockets.client:< TEXT '>battle-gen9championsvgc2026regma-1582\n|\n|t:|...lity: Imposter\n|turn|2' [164 bytes]
DEBUG:websockets.client:< TEXT '>battle-gen9championsvgc2026regma-1582\n|\n|t:|...lity: Imposter\n|turn|2' [164 bytes]
DEBUG:websockets.client:< TEXT '>battle-gen9championsvgc2026regma-1582\n|reques...ing":false}]},"rqid":9}' [2226 bytes]
DEBUG:websockets.client:< TEXT '>battle-gen9championsvgc2026regma-1582\n|reques...ing":false}]},"rqid":8}' [2198 bytes]
DEBUG:vgc_base:Turn 2 [battle-gen9championsvgc2026regma-1582] a0=3 a1=10 src=heuristic g0=0 g1=0
DEBUG:websockets.client:> TEXT 'battle-gen9championsvgc2026regma-1582|/choose m...law 1, move solarbeam 2' [79 bytes]
INFO:player:Turn 2 [battle-gen9championsvgc2026regma-1582] value head win-prob: 0.169  (losing)
DEBUG:live_vgc_base:Turn 2 [battle-gen9championsvgc2026regma-1582] a0=0 a1=9 src=model opp_splice=on
DEBUG:websockets.client:> TEXT 'battle-gen9championsvgc2026regma-1582|/choose move heatwave, move icywind' [73 bytes]
DEBUG:websockets.client:< TEXT '>battle-gen9championsvgc2026regma-1582\n|\n|t:|...am\n|\n|upkeep\n|turn|3' [546 bytes]
DEBUG:websockets.client:< TEXT '>battle-gen9championsvgc2026regma-1582\n|\n|t:|...am\n|\n|upkeep\n|turn|3' [547 bytes]
DEBUG:websockets.client:< TEXT '>battle-gen9championsvgc2026regma-1582\n|reques...ng":false}]},"rqid":11}' [1887 bytes]
DEBUG:websockets.client:< TEXT '>battle-gen9championsvgc2026regma-1582\n|reques...ng":false}]},"rqid":10}' [2198 bytes]
DEBUG:vgc_base:Turn 3 [battle-gen9championsvgc2026regma-1582] a0=3 a1=10 src=heuristic g0=0 g1=0
DEBUG:websockets.client:> TEXT 'battle-gen9championsvgc2026regma-1582|/choose m...law 1, move solarbeam 2' [79 bytes]
INFO:player:Turn 3 [battle-gen9championsvgc2026regma-1582] value head win-prob: 0.568  (winning)
DEBUG:live_vgc_base:Turn 3 [battle-gen9championsvgc2026regma-1582] a0=0 a1=9 src=model opp_splice=on
DEBUG:websockets.client:> TEXT 'battle-gen9championsvgc2026regma-1582|/choose move heatwave, move icywind' [73 bytes]
DEBUG:websockets.client:< TEXT '>battle-gen9championsvgc2026regma-1582\n|\n|t:|...a: Sneasler\n|\n|upkeep' [584 bytes]
DEBUG:websockets.client:< TEXT '>battle-gen9championsvgc2026regma-1582\n|\n|t:|...a: Sneasler\n|\n|upkeep' [584 bytes]
DEBUG:websockets.client:< TEXT '>battle-gen9championsvgc2026regma-1582\n|reques...ng":false}]},"rqid":12}' [1443 bytes]
DEBUG:websockets.client:< TEXT '>battle-gen9championsvgc2026regma-1582\n|reques...ng":false}]},"rqid":13}' [1466 bytes]
DEBUG:vgc_base:forceSwitch [battle-gen9championsvgc2026regma-1582] force=[True, False] \u2192 /choose switch Whimsicott / /choose pass
DEBUG:websockets.client:> TEXT 'battle-gen9championsvgc2026regma-1582|/choose switch Whimsicott, pass' [69 bytes]
DEBUG:live_vgc_base:forceSwitch forced_switch_model [battle-gen9championsvgc2026regma-1582] turn 3 a0=None a1=12 opp_splice=on
DEBUG:websockets.client:> TEXT 'battle-gen9championsvgc2026regma-1582|/choose pass, switch Charizard' [68 bytes]
DEBUG:websockets.client:< TEXT ">battle-gen9championsvgc2026regma-1582\n|error|...ch to an active Pokémon" [115 bytes]
DEBUG:live_vgc_base:forceSwitch forced_switch_model [battle-gen9championsvgc2026regma-1582] turn 3 a0=None a1=12 opp_splice=on
DEBUG:websockets.client:> TEXT 'battle-gen9championsvgc2026regma-1582|/choose pass, switch Charizard' [68 bytes]
DEBUG:websockets.client:< TEXT ">battle-gen9championsvgc2026regma-1582\n|error|...ch to an active Pokémon" [115 bytes]
WARNING:vgc_base:forceSwitch [battle-gen9championsvgc2026regma-1582] re-requested 3× (order rejected) — sending /choose default.
DEBUG:websockets.client:> TEXT 'battle-gen9championsvgc2026regma-1582|/choose default' [53 bytes]
DEBUG:websockets.client:< TEXT '>battle-gen9championsvgc2026regma-1582\n|\n|t:|...L50, M|168/168\n|turn|4' [163 bytes]
DEBUG:websockets.client:< TEXT '>battle-gen9championsvgc2026regma-1582\n|\n|t:|...L50, M|100/100\n|turn|4' [163 bytes]
DEBUG:websockets.client:< TEXT '>battle-gen9championsvgc2026regma-1582\n|reques...ng":false}]},"rqid":14}' [2211 bytes]
DEBUG:websockets.client:< TEXT '>battle-gen9championsvgc2026regma-1582\n|reques...ng":false}]},"rqid":15}' [2237 bytes]
INFO:player:Turn 4 [battle-gen9championsvgc2026regma-1582] value head win-prob: 0.120  (losing)
DEBUG:live_vgc_base:Turn 4 [battle-gen9championsvgc2026regma-1582] a0=0 a1=0 src=model opp_splice=on
DEBUG:websockets.client:> TEXT 'battle-gen9championsvgc2026regma-1582|/choose m...ave, move heatwave mega' [79 bytes]
DEBUG:vgc_base:Turn 4 [battle-gen9championsvgc2026regma-1582] a0=6 a1=0 src=heuristic g0=0 g1=0
DEBUG:websockets.client:> TEXT 'battle-gen9championsvgc2026regma-1582|/choose m...nblast 1, move heatwave' [77 bytes]
DEBUG:websockets.client:< TEXT '>battle-gen9championsvgc2026regma-1582\n|\n|t:|...nyDay|[upkeep]\n|upkeep' [668 bytes]
DEBUG:websockets.client:< TEXT '>battle-gen9championsvgc2026regma-1582\n|\n|t:|...nyDay|[upkeep]\n|upkeep' [668 bytes]
DEBUG:websockets.client:< TEXT '>battle-gen9championsvgc2026regma-1582\n|reques...ng":false}]},"rqid":16}' [1389 bytes]
DEBUG:websockets.client:< TEXT '>battle-gen9championsvgc2026regma-1582\n|reques...Cancel":true,"rqid":17}' [1470 bytes]
DEBUG:vgc_base:forceSwitch [battle-gen9championsvgc2026regma-1582] force=[False, True] \u2192 /choose pass / /choose switch Basculegion
DEBUG:websockets.client:> TEXT 'battle-gen9championsvgc2026regma-1582|/choose pass, switch Basculegion' [70 bytes]
DEBUG:websockets.client:< TEXT '>battle-gen9championsvgc2026regma-1582\n|\n|t:|...L50, M|100/100\n|turn|5' [116 bytes]
DEBUG:websockets.client:< TEXT '>battle-gen9championsvgc2026regma-1582\n|\n|t:|...L50, M|197/197\n|turn|5' [116 bytes]
DEBUG:websockets.client:< TEXT '>battle-gen9championsvgc2026regma-1582\n|reques...ng":false}]},"rqid":18}' [1878 bytes]
DEBUG:websockets.client:< TEXT '>battle-gen9championsvgc2026regma-1582\n|reques...ng":false}]},"rqid":19}' [2200 bytes]
DEBUG:vgc_base:Turn 5 [battle-gen9championsvgc2026regma-1582] a0=7 a1=4 src=heuristic g0=0 g1=0
DEBUG:websockets.client:> TEXT 'battle-gen9championsvgc2026regma-1582|/choose m...ast 2, move wavecrash 2' [80 bytes]
INFO:player:Turn 5 [battle-gen9championsvgc2026regma-1582] value head win-prob: 0.011  (losing)
DEBUG:live_vgc_base:Turn 5 [battle-gen9championsvgc2026regma-1582] a0=0 a1=0 src=model opp_splice=on
DEBUG:vgc_base:_safe_order: action 0 slot 0 \u2192 None, scanning legal actions.
DEBUG:vgc_base:_safe_order: slot 0 has no decodable legal action — sending Pass.
DEBUG:websockets.client:> TEXT 'battle-gen9championsvgc2026regma-1582|/choose pass, move heatwave' [65 bytes]
DEBUG:websockets.client:< TEXT '>battle-gen9championsvgc2026regma-1582\n|\n|t:|...Recoil\n|\n|win|OPheur3' [547 bytes]
DEBUG:websockets.client:< TEXT '>battle-gen9championsvgc2026regma-1582\n|\n|t:|...Recoil\n|\n|win|OPheur3' [547 bytes]
DEBUG:websockets.client:< TEXT '|updatesearch|{"searching":[],"games":{"battle-... 2026 Reg M-A Battle"}}' [124 bytes]
INFO:vgc_base:Battle battle-gen9championsvgc2026regma-1582 finished — outcome: LOSS  (W/L/D so far: 0/5/0)
DEBUG:websockets.client:> TEXT '|/leave battle-gen9championsvgc2026regma-1582' [45 bytes]
DEBUG:websockets.client:< TEXT '|updatesearch|{"searching":[],"games":{"battle-... 2026 Reg M-A Battle"}}' [124 bytes]
DEBUG:websockets.client:> TEXT 'battle-gen9championsvgc2026regma-1583|/rejectopenteamsheets' [59 bytes]
INFO:vgc_base:Battle battle-gen9championsvgc2026regma-1582 finished — outcome: WIN  (W/L/D so far: 5/0/0)
DEBUG:websockets.client:> TEXT '|/leave battle-gen9championsvgc2026regma-1582' [45 bytes]
DEBUG:websockets.client:> TEXT '|/utm Sneasler||whiteherb|unburden|fakeout,dire...Naive|32,2,,,,32||||50|' [550 bytes]
DEBUG:websockets.client:> TEXT '|/challenge opheur3, gen9championsvgc2026regma' [46 bytes]
DEBUG:websockets.client:> TEXT 'battle-gen9championsvgc2026regma-1583|/rejectopenteamsheets' [59 bytes]
DEBUG:websockets.client:< TEXT '>battle-gen9championsvgc2026regma-1582\n|deinit' [46 bytes]
DEBUG:websockets.client:< TEXT '>battle-gen9championsvgc2026regma-1582\n|l|\u2606BC3' [48 bytes]
DEBUG:websockets.client:< TEXT '>battle-gen9championsvgc2026regma-1583\n|uhtmlchange|otsrequest|' [63 bytes]
DEBUG:websockets.client:< TEXT '>battle-gen9championsvgc2026regma-1583\nBC3 rejected open team sheets.' [69 bytes]
DEBUG:websockets.client:< TEXT '>battle-gen9championsvgc2026regma-1583\n|uhtmlchange|otsrequest|' [63 bytes]
DEBUG:websockets.client:< TEXT '>battle-gen9championsvgc2026regma-1583\nBC3 rejected open team sheets.' [69 bytes]
DEBUG:websockets.client:< TEXT '>battle-gen9championsvgc2026regma-1582\n|deinit' [46 bytes]
DEBUG:websockets.client:< TEXT '>battle-gen9championsvgc2026regma-1583\n|uhtmlchange|otsrequest|' [63 bytes]
DEBUG:websockets.client:< TEXT '>battle-gen9championsvgc2026regma-1583\nOPheur3...ected open team sheets.' [73 bytes]
DEBUG:websockets.client:< TEXT '>battle-gen9championsvgc2026regma-1583\n|uhtmlchange|otsrequest|' [63 bytes]
DEBUG:websockets.client:< TEXT '>battle-gen9championsvgc2026regma-1583\nOPheur3...ected open team sheets.' [73 bytes]
INFO:player:Team-preview [battle-gen9championsvgc2026regma-1583] NET drove: bring=['whimsicott', 'zoroarkhisui', 'ditto', 'charizardmegay'] leads=['whimsicott', 'zoroarkhisui'] (vs opp ['sneasler', 'charizard', 'whimsicott', 'basculegion', 'zoroarkhisui', 'ditto'])
INFO:vgc_base:Teampreview [battle-gen9championsvgc2026regma-1583] \u2192 /team 3562  (whimsicott, zoroarkhisui, ditto, charizardmegay)
DEBUG:websockets.client:> TEXT 'battle-gen9championsvgc2026regma-1583|/team 3562' [48 bytes]
DEBUG:vgc_base:Teampreview: first-4 roster order \u2192 ['sneasler', 'charizardmegay', 'whimsicott', 'basculegion']
INFO:vgc_base:Teampreview [battle-gen9championsvgc2026regma-1583] \u2192 /team 1234  (sneasler, charizardmegay, whimsicott, basculegion)
DEBUG:websockets.client:> TEXT 'battle-gen9championsvgc2026regma-1583|/team 1234' [48 bytes]
DEBUG:websockets.client:< TEXT '|pm| BC3| OPheur3|/challenge gen9championsvgc20...hampionsvgc2026regma|||' [83 bytes]
DEBUG:websockets.client:< TEXT '|pm| BC3| OPheur3|/challenge gen9championsvgc20...hampionsvgc2026regma|||' [83 bytes]
DEBUG:websockets.client:< TEXT '|pm| BC3| OPheur3|/log BC3 wants to battle!' [43 bytes]
DEBUG:websockets.client:< TEXT '|pm| BC3| OPheur3|/log BC3 wants to battle!' [43 bytes]
DEBUG:websockets.client:> TEXT '|/utm Sneasler||whiteherb|unburden|fakeout,dire...Naive|32,2,,,,32||||50|' [550 bytes]
DEBUG:websockets.client:> TEXT '|/accept bc3' [12 bytes]
DEBUG:websockets.client:< TEXT '>battle-gen9championsvgc2026regma-1583\n|\n|t:|...L50, F|100/100\n|turn|1' [321 bytes]
DEBUG:websockets.client:< TEXT '>battle-gen9championsvgc2026regma-1583\n|\n|t:|...L50, F|168/168\n|turn|1' [321 bytes]
DEBUG:websockets.client:< TEXT '>battle-gen9championsvgc2026regma-1583\n|reques...ing":false}]},"rqid":4}' [2167 bytes]
DEBUG:websockets.client:< TEXT '>battle-gen9championsvgc2026regma-1583\n|reques...ing":false}]},"rqid":5}' [2236 bytes]
INFO:player:Turn 1 [battle-gen9championsvgc2026regma-1583] value head win-prob: 0.351  (losing)
DEBUG:live_vgc_base:Turn 1 [battle-gen9championsvgc2026regma-1583] a0=0 a1=9 src=model opp_splice=on
DEBUG:websockets.client:> TEXT 'battle-gen9championsvgc2026regma-1583|/choose move encore 1, move icywind' [73 bytes]
DEBUG:websockets.client:< TEXT '|pm| OPheur3| BC3|/challenge' [28 bytes]
DEBUG:vgc_base:Turn 1 [battle-gen9championsvgc2026regma-1583] a0=3 a1=0 src=heuristic g0=0 g1=0
DEBUG:websockets.client:> TEXT 'battle-gen9championsvgc2026regma-1583|/choose m...reclaw 1, move heatwave' [76 bytes]
DEBUG:websockets.client:< TEXT '|updatesearch|{"searching":[],"games":{"battle-... 2026 Reg M-A Battle"}}' [124 bytes]
DEBUG:websockets.client:< TEXT '|updatesearch|{"searching":[],"games":{"battle-... 2026 Reg M-A Battle"}}' [208 bytes]
DEBUG:websockets.client:< TEXT '|updatesearch|{"searching":[],"games":{"battle-... 2026 Reg M-A Battle"}}' [208 bytes]
DEBUG:websockets.client:< TEXT '>battle-gen9championsvgc2026regma-1584\n|init|b...n|j|\u2606BC3\n|j|\u2606OPheur3\n' [99 bytes]
DEBUG:websockets.client:< TEXT '|pm| OPheur3| BC3|/nonotify OPheur3 accepted th...26regma-1584</a>&raquo;' [173 bytes]
DEBUG:websockets.client:< TEXT '>battle-gen9championsvgc2026regma-1584\n|t:|1781642379\n|gametype|doubles' [71 bytes]
DEBUG:websockets.client:< TEXT '>battle-gen9championsvgc2026regma-1584\n|player|p1|BC3|169|' [58 bytes]
DEBUG:websockets.client:< TEXT '>battle-gen9championsvgc2026regma-1584\n|player...heets</strong></button>' [855 bytes]
DEBUG:websockets.client:< TEXT '>battle-gen9championsvgc2026regma-1584\n|reques...ing":false}]},"rqid":3}' [2097 bytes]
DEBUG:websockets.client:< TEXT '|pm| OPheur3| BC3|/challenge' [28 bytes]
DEBUG:websockets.client:< TEXT '|updatesearch|{"searching":[],"games":{"battle-... 2026 Reg M-A Battle"}}' [124 bytes]
DEBUG:websockets.client:< TEXT '|updatesearch|{"searching":[],"games":{"battle-... 2026 Reg M-A Battle"}}' [208 bytes]
DEBUG:websockets.client:< TEXT '|updatesearch|{"searching":[],"games":{"battle-... 2026 Reg M-A Battle"}}' [208 bytes]
DEBUG:websockets.client:< TEXT '>battle-gen9championsvgc2026regma-1584\n|init|b... vs. OPheur3\n|j|\u2606BC3\n' [85 bytes]
DEBUG:websockets.client:< TEXT '>battle-gen9championsvgc2026regma-1584\n|j|\u2606OPheur3' [52 bytes]
DEBUG:websockets.client:< TEXT '|pm| OPheur3| BC3|/nonotify OPheur3 accepted th...26regma-1584</a>&raquo;' [173 bytes]
DEBUG:websockets.client:< TEXT '>battle-gen9championsvgc2026regma-1584\n|t:|1781642379\n|gametype|doubles' [71 bytes]
DEBUG:websockets.client:< TEXT '>battle-gen9championsvgc2026regma-1584\n|player|p1|BC3|169|' [58 bytes]
DEBUG:websockets.client:< TEXT '>battle-gen9championsvgc2026regma-1584\n|player...heets</strong></button>' [855 bytes]
DEBUG:websockets.client:< TEXT '>battle-gen9championsvgc2026regma-1584\n|reques...ing":false}]},"rqid":2}' [2093 bytes]
DEBUG:websockets.client:< TEXT '>battle-gen9championsvgc2026regma-1583\n|\n|t:|...rk|Illusion\n|\n|upkeep' [696 bytes]
DEBUG:websockets.client:< TEXT '>battle-gen9championsvgc2026regma-1583\n|\n|t:|...rk|Illusion\n|\n|upkeep' [699 bytes]
DEBUG:websockets.client:< TEXT '>battle-gen9championsvgc2026regma-1583\n|reques...oCancel":true,"rqid":6}' [1420 bytes]
DEBUG:websockets.client:< TEXT '>battle-gen9championsvgc2026regma-1583\n|reques...ing":false}]},"rqid":7}' [1453 bytes]
DEBUG:live_vgc_base:forceSwitch forced_switch_model [battle-gen9championsvgc2026regma-1583] turn 1 a0=13 a1=None opp_splice=on
DEBUG:websockets.client:> TEXT 'battle-gen9championsvgc2026regma-1583|/choose switch Ditto, pass' [64 bytes]
DEBUG:websockets.client:< TEXT '>battle-gen9championsvgc2026regma-1583\n|\n|t:|...lity: Imposter\n|turn|2' [164 bytes]
DEBUG:websockets.client:< TEXT '>battle-gen9championsvgc2026regma-1583\n|\n|t:|...lity: Imposter\n|turn|2' [164 bytes]
DEBUG:websockets.client:< TEXT '>battle-gen9championsvgc2026regma-1583\n|reques...ing":false}]},"rqid":8}' [2198 bytes]
DEBUG:websockets.client:< TEXT '>battle-gen9championsvgc2026regma-1583\n|reques...ing":false}]},"rqid":9}' [2226 bytes]
INFO:player:Turn 2 [battle-gen9championsvgc2026regma-1583] value head win-prob: 0.179  (losing)
DEBUG:live_vgc_base:Turn 2 [battle-gen9championsvgc2026regma-1583] a0=0 a1=9 src=model opp_splice=on
DEBUG:websockets.client:> TEXT 'battle-gen9championsvgc2026regma-1583|/choose move heatwave, move icywind' [73 bytes]
DEBUG:vgc_base:Turn 2 [battle-gen9championsvgc2026regma-1583] a0=3 a1=10 src=heuristic g0=0 g1=0
DEBUG:websockets.client:> TEXT 'battle-gen9championsvgc2026regma-1583|/choose m...law 1, move solarbeam 2' [79 bytes]
DEBUG:websockets.client:< TEXT '>battle-gen9championsvgc2026regma-1583\n|\n|t:|...am\n|\n|upkeep\n|turn|3' [445 bytes]
DEBUG:websockets.client:< TEXT '>battle-gen9championsvgc2026regma-1583\n|\n|t:|...am\n|\n|upkeep\n|turn|3' [446 bytes]
DEBUG:websockets.client:< TEXT '>battle-gen9championsvgc2026regma-1583\n|reques...ng":false}]},"rqid":10}' [2202 bytes]
DEBUG:websockets.client:< TEXT '>battle-gen9championsvgc2026regma-1583\n|reques...ng":false}]},"rqid":11}' [1888 bytes]
DEBUG:vgc_base:Turn 3 [battle-gen9championsvgc2026regma-1583] a0=3 a1=10 src=heuristic g0=0 g1=0
DEBUG:websockets.client:> TEXT 'battle-gen9championsvgc2026regma-1583|/choose m...law 1, move solarbeam 2' [79 bytes]
INFO:player:Turn 3 [battle-gen9championsvgc2026regma-1583] value head win-prob: 0.085  (losing)
DEBUG:live_vgc_base:Turn 3 [battle-gen9championsvgc2026regma-1583] a0=0 a1=9 src=model opp_splice=on
DEBUG:websockets.client:> TEXT 'battle-gen9championsvgc2026regma-1583|/choose move heatwave, move icywind' [73 bytes]
DEBUG:websockets.client:< TEXT '>battle-gen9championsvgc2026regma-1583\n|\n|t:|...1b: Zoroark\n|\n|upkeep' [629 bytes]
DEBUG:websockets.client:< TEXT '>battle-gen9championsvgc2026regma-1583\n|\n|t:|...1b: Zoroark\n|\n|upkeep' [629 bytes]
DEBUG:websockets.client:< TEXT '>battle-gen9championsvgc2026regma-1583\n|reques...ng":false}]},"rqid":12}' [1439 bytes]
DEBUG:websockets.client:< TEXT '>battle-gen9championsvgc2026regma-1583\n|reques...ng":false}]},"rqid":13}' [1466 bytes]
DEBUG:vgc_base:forceSwitch [battle-gen9championsvgc2026regma-1583] force=[True, False] \u2192 /choose switch Basculegion / /choose pass
DEBUG:websockets.client:> TEXT 'battle-gen9championsvgc2026regma-1583|/choose switch Basculegion, pass' [70 bytes]
DEBUG:live_vgc_base:forceSwitch forced_switch_model [battle-gen9championsvgc2026regma-1583] turn 3 a0=None a1=12 opp_splice=on
DEBUG:websockets.client:> TEXT 'battle-gen9championsvgc2026regma-1583|/choose pass, switch Charizard' [68 bytes]
DEBUG:websockets.client:< TEXT ">battle-gen9championsvgc2026regma-1583\n|error|...ch to an active Pokémon" [115 bytes]
DEBUG:live_vgc_base:forceSwitch forced_switch_model [battle-gen9championsvgc2026regma-1583] turn 3 a0=None a1=12 opp_splice=on
DEBUG:websockets.client:> TEXT 'battle-gen9championsvgc2026regma-1583|/choose pass, switch Charizard' [68 bytes]
DEBUG:websockets.client:< TEXT ">battle-gen9championsvgc2026regma-1583\n|error|...ch to an active Pokémon" [115 bytes]
WARNING:vgc_base:forceSwitch [battle-gen9championsvgc2026regma-1583] re-requested 3× (order rejected) — sending /choose default.
DEBUG:websockets.client:> TEXT 'battle-gen9championsvgc2026regma-1583|/choose default' [53 bytes]
DEBUG:websockets.client:< TEXT '>battle-gen9championsvgc2026regma-1583\n|\n|t:|...L50, M|168/168\n|turn|4' [165 bytes]
DEBUG:websockets.client:< TEXT '>battle-gen9championsvgc2026regma-1583\n|\n|t:|...L50, M|100/100\n|turn|4' [165 bytes]
DEBUG:websockets.client:< TEXT '>battle-gen9championsvgc2026regma-1583\n|reques...ng":false}]},"rqid":14}' [2207 bytes]
DEBUG:websockets.client:< TEXT '>battle-gen9championsvgc2026regma-1583\n|reques...ng":false}]},"rqid":15}' [2233 bytes]
INFO:player:Turn 4 [battle-gen9championsvgc2026regma-1583] value head win-prob: 0.073  (losing)
DEBUG:live_vgc_base:Turn 4 [battle-gen9championsvgc2026regma-1583] a0=0 a1=0 src=model opp_splice=on
DEBUG:websockets.client:> TEXT 'battle-gen9championsvgc2026regma-1583|/choose m...ave, move heatwave mega' [79 bytes]
DEBUG:vgc_base:Turn 4 [battle-gen9championsvgc2026regma-1583] a0=3 a1=0 src=heuristic g0=0 g1=0
DEBUG:websockets.client:> TEXT 'battle-gen9championsvgc2026regma-1583|/choose m...ecrash 1, move heatwave' [77 bytes]
DEBUG:websockets.client:< TEXT '>battle-gen9championsvgc2026regma-1583\n|\n|t:|...brn|[from] brn\n|upkeep' [714 bytes]
DEBUG:websockets.client:< TEXT '>battle-gen9championsvgc2026regma-1583\n|\n|t:|...brn|[from] brn\n|upkeep' [717 bytes]
DEBUG:websockets.client:< TEXT '>battle-gen9championsvgc2026regma-1583\n|reques...ng":false}]},"rqid":16}' [1389 bytes]
DEBUG:websockets.client:< TEXT '>battle-gen9championsvgc2026regma-1583\n|reques...Cancel":true,"rqid":17}' [1485 bytes]
DEBUG:vgc_base:forceSwitch [battle-gen9championsvgc2026regma-1583] force=[False, True] \u2192 /choose pass / /choose switch Whimsicott
DEBUG:websockets.client:> TEXT 'battle-gen9championsvgc2026regma-1583|/choose pass, switch Whimsicott' [69 bytes]
DEBUG:websockets.client:< TEXT '>battle-gen9championsvgc2026regma-1583\n|\n|t:|...L50, F|100/100\n|turn|5' [114 bytes]
DEBUG:websockets.client:< TEXT '>battle-gen9championsvgc2026regma-1583\n|\n|t:|...L50, F|137/137\n|turn|5' [114 bytes]
DEBUG:websockets.client:< TEXT '>battle-gen9championsvgc2026regma-1583\n|reques...ng":false}]},"rqid":18}' [1878 bytes]
DEBUG:websockets.client:< TEXT '>battle-gen9championsvgc2026regma-1583\n|reques...ng":false}]},"rqid":19}' [2215 bytes]
DEBUG:vgc_base:Turn 5 [battle-gen9championsvgc2026regma-1583] a0=4 a1=7 src=heuristic g0=0 g1=0
DEBUG:websockets.client:> TEXT 'battle-gen9championsvgc2026regma-1583|/choose m...ash 2, move moonblast 2' [80 bytes]
INFO:player:Turn 5 [battle-gen9championsvgc2026regma-1583] value head win-prob: 0.051  (losing)
DEBUG:live_vgc_base:Turn 5 [battle-gen9championsvgc2026regma-1583] a0=0 a1=0 src=model opp_splice=on
DEBUG:vgc_base:_safe_order: action 0 slot 0 \u2192 None, scanning legal actions.
DEBUG:vgc_base:_safe_order: slot 0 has no decodable legal action — sending Pass.
DEBUG:websockets.client:> TEXT 'battle-gen9championsvgc2026regma-1583|/choose pass, move heatwave' [65 bytes]
DEBUG:websockets.client:< TEXT '>battle-gen9championsvgc2026regma-1583\n|\n|t:|...] brn\n|upkeep\n|turn|6' [728 bytes]
DEBUG:websockets.client:< TEXT '>battle-gen9championsvgc2026regma-1583\n|\n|t:|...] brn\n|upkeep\n|turn|6' [728 bytes]
DEBUG:websockets.client:< TEXT '>battle-gen9championsvgc2026regma-1583\n|reques...ng":false}]},"rqid":20}' [1877 bytes]
DEBUG:websockets.client:< TEXT '>battle-gen9championsvgc2026regma-1583\n|reques...ng":false}]},"rqid":21}' [2202 bytes]
INFO:player:Turn 6 [battle-gen9championsvgc2026regma-1583] value head win-prob: 0.983  (winning)
DEBUG:live_vgc_base:Turn 6 [battle-gen9championsvgc2026regma-1583] a0=0 a1=0 src=model opp_splice=on
DEBUG:vgc_base:_safe_order: action 0 slot 0 \u2192 None, scanning legal actions.
DEBUG:vgc_base:_safe_order: slot 0 has no decodable legal action — sending Pass.
DEBUG:websockets.client:> TEXT 'battle-gen9championsvgc2026regma-1583|/choose pass, move heatwave' [65 bytes]
DEBUG:vgc_base:Turn 6 [battle-gen9championsvgc2026regma-1583] a0=4 a1=0 src=heuristic g0=0 g1=0
DEBUG:vgc_base:_safe_order: action 0 slot 1 \u2192 None, scanning legal actions.
DEBUG:vgc_base:_safe_order: slot 1 has no decodable legal action — sending Pass.
DEBUG:websockets.client:> TEXT 'battle-gen9championsvgc2026regma-1583|/choose move wavecrash 2, pass' [68 bytes]
DEBUG:websockets.client:< TEXT '>battle-gen9championsvgc2026regma-1583\n|\n|t:|...asculegion\n|\n|win|BC3' [200 bytes]
DEBUG:websockets.client:< TEXT '>battle-gen9championsvgc2026regma-1583\n|\n|t:|...asculegion\n|\n|win|BC3' [200 bytes]
INFO:vgc_base:Battle battle-gen9championsvgc2026regma-1583 finished — outcome: WIN  (W/L/D so far: 1/5/0)
DEBUG:websockets.client:> TEXT '|/leave battle-gen9championsvgc2026regma-1583' [45 bytes]
DEBUG:websockets.client:< TEXT '|updatesearch|{"searching":[],"games":{"battle-... 2026 Reg M-A Battle"}}' [124 bytes]
DEBUG:websockets.client:< TEXT '|updatesearch|{"searching":[],"games":{"battle-... 2026 Reg M-A Battle"}}' [124 bytes]
DEBUG:websockets.client:> TEXT 'battle-gen9championsvgc2026regma-1584|/rejectopenteamsheets' [59 bytes]
INFO:vgc_base:Battle battle-gen9championsvgc2026regma-1583 finished — outcome: LOSS  (W/L/D so far: 5/1/0)
DEBUG:websockets.client:> TEXT '|/leave battle-gen9championsvgc2026regma-1583' [45 bytes]
DEBUG:websockets.client:> TEXT '|/utm Sneasler||whiteherb|unburden|fakeout,dire...Naive|32,2,,,,32||||50|' [550 bytes]
DEBUG:websockets.client:> TEXT '|/challenge opheur3, gen9championsvgc2026regma' [46 bytes]
DEBUG:websockets.client:> TEXT 'battle-gen9championsvgc2026regma-1584|/rejectopenteamsheets' [59 bytes]
DEBUG:websockets.client:< TEXT '>battle-gen9championsvgc2026regma-1583\n|deinit' [46 bytes]
DEBUG:websockets.client:< TEXT '>battle-gen9championsvgc2026regma-1583\n|l|\u2606BC3' [48 bytes]
DEBUG:websockets.client:< TEXT '>battle-gen9championsvgc2026regma-1584\n|uhtmlchange|otsrequest|' [63 bytes]
DEBUG:websockets.client:< TEXT '>battle-gen9championsvgc2026regma-1584\nBC3 rejected open team sheets.' [69 bytes]
DEBUG:websockets.client:< TEXT '>battle-gen9championsvgc2026regma-1584\n|uhtmlchange|otsrequest|' [63 bytes]
DEBUG:websockets.client:< TEXT '>battle-gen9championsvgc2026regma-1584\nBC3 rejected open team sheets.' [69 bytes]
DEBUG:websockets.client:< TEXT '>battle-gen9championsvgc2026regma-1583\n|deinit' [46 bytes]
DEBUG:websockets.client:< TEXT '>battle-gen9championsvgc2026regma-1584\n|uhtmlchange|otsrequest|' [63 bytes]
DEBUG:websockets.client:< TEXT '>battle-gen9championsvgc2026regma-1584\n|uhtmlchange|otsrequest|' [63 bytes]
DEBUG:websockets.client:< TEXT '>battle-gen9championsvgc2026regma-1584\nOPheur3...ected open team sheets.' [73 bytes]
DEBUG:websockets.client:< TEXT '>battle-gen9championsvgc2026regma-1584\nOPheur3...ected open team sheets.' [73 bytes]
INFO:player:Team-preview [battle-gen9championsvgc2026regma-1584] NET drove: bring=['whimsicott', 'zoroarkhisui', 'ditto', 'charizardmegay'] leads=['whimsicott', 'zoroarkhisui'] (vs opp ['sneasler', 'charizard', 'whimsicott', 'basculegion', 'zoroarkhisui', 'ditto'])
INFO:vgc_base:Teampreview [battle-gen9championsvgc2026regma-1584] \u2192 /team 3562  (whimsicott, zoroarkhisui, ditto, charizardmegay)
DEBUG:websockets.client:> TEXT 'battle-gen9championsvgc2026regma-1584|/team 3562' [48 bytes]
DEBUG:vgc_base:Teampreview: first-4 roster order \u2192 ['sneasler', 'charizardmegay', 'whimsicott', 'basculegion']
INFO:vgc_base:Teampreview [battle-gen9championsvgc2026regma-1584] \u2192 /team 1234  (sneasler, charizardmegay, whimsicott, basculegion)
DEBUG:websockets.client:> TEXT 'battle-gen9championsvgc2026regma-1584|/team 1234' [48 bytes]
DEBUG:websockets.client:< TEXT '|pm| BC3| OPheur3|/challenge gen9championsvgc20...hampionsvgc2026regma|||' [83 bytes]
DEBUG:websockets.client:< TEXT '|pm| BC3| OPheur3|/challenge gen9championsvgc20...hampionsvgc2026regma|||' [83 bytes]
DEBUG:websockets.client:< TEXT '|pm| BC3| OPheur3|/log BC3 wants to battle!' [43 bytes]
DEBUG:websockets.client:< TEXT '|pm| BC3| OPheur3|/log BC3 wants to battle!' [43 bytes]
DEBUG:websockets.client:> TEXT '|/utm Sneasler||whiteherb|unburden|fakeout,dire...Naive|32,2,,,,32||||50|' [550 bytes]
DEBUG:websockets.client:> TEXT '|/accept bc3' [12 bytes]
DEBUG:websockets.client:< TEXT '>battle-gen9championsvgc2026regma-1584\n|\n|t:|...L50, F|100/100\n|turn|1' [321 bytes]
DEBUG:websockets.client:< TEXT '>battle-gen9championsvgc2026regma-1584\n|\n|t:|...L50, F|168/168\n|turn|1' [321 bytes]
DEBUG:websockets.client:< TEXT '>battle-gen9championsvgc2026regma-1584\n|reques...ing":false}]},"rqid":4}' [2167 bytes]
DEBUG:websockets.client:< TEXT '>battle-gen9championsvgc2026regma-1584\n|reques...ing":false}]},"rqid":5}' [2236 bytes]
INFO:player:Turn 1 [battle-gen9championsvgc2026regma-1584] value head win-prob: 0.351  (losing)
DEBUG:live_vgc_base:Turn 1 [battle-gen9championsvgc2026regma-1584] a0=0 a1=9 src=model opp_splice=on
DEBUG:websockets.client:> TEXT 'battle-gen9championsvgc2026regma-1584|/choose move encore 1, move icywind' [73 bytes]
DEBUG:vgc_base:Turn 1 [battle-gen9championsvgc2026regma-1584] a0=3 a1=0 src=heuristic g0=0 g1=0
DEBUG:websockets.client:> TEXT 'battle-gen9championsvgc2026regma-1584|/choose m...reclaw 1, move heatwave' [76 bytes]
DEBUG:websockets.client:< TEXT '|pm| OPheur3| BC3|/challenge' [28 bytes]
DEBUG:websockets.client:< TEXT '|pm| OPheur3| BC3|/challenge' [28 bytes]
DEBUG:websockets.client:< TEXT '|updatesearch|{"searching":[],"games":{"battle-... 2026 Reg M-A Battle"}}' [124 bytes]
DEBUG:websockets.client:< TEXT '|updatesearch|{"searching":[],"games":{"battle-... 2026 Reg M-A Battle"}}' [208 bytes]
DEBUG:websockets.client:< TEXT '|updatesearch|{"searching":[],"games":{"battle-... 2026 Reg M-A Battle"}}' [208 bytes]
DEBUG:websockets.client:< TEXT '>battle-gen9championsvgc2026regma-1585\n|init|b...n|j|\u2606BC3\n|j|\u2606OPheur3\n' [99 bytes]
DEBUG:websockets.client:< TEXT '|pm| OPheur3| BC3|/nonotify OPheur3 accepted th...26regma-1585</a>&raquo;' [173 bytes]
DEBUG:websockets.client:< TEXT '>battle-gen9championsvgc2026regma-1585\n|t:|1781642379\n|gametype|doubles' [71 bytes]
DEBUG:websockets.client:< TEXT '>battle-gen9championsvgc2026regma-1585\n|player|p1|BC3|169|' [58 bytes]
DEBUG:websockets.client:< TEXT '>battle-gen9championsvgc2026regma-1585\n|player...heets</strong></button>' [855 bytes]
DEBUG:websockets.client:< TEXT '>battle-gen9championsvgc2026regma-1585\n|reques...ing":false}]},"rqid":3}' [2097 bytes]
DEBUG:websockets.client:< TEXT '|updatesearch|{"searching":[],"games":{"battle-... 2026 Reg M-A Battle"}}' [124 bytes]
DEBUG:websockets.client:< TEXT '|updatesearch|{"searching":[],"games":{"battle-... 2026 Reg M-A Battle"}}' [208 bytes]
DEBUG:websockets.client:< TEXT '|updatesearch|{"searching":[],"games":{"battle-... 2026 Reg M-A Battle"}}' [208 bytes]
DEBUG:websockets.client:< TEXT '>battle-gen9championsvgc2026regma-1585\n|init|b... vs. OPheur3\n|j|\u2606BC3\n' [85 bytes]
DEBUG:websockets.client:< TEXT '>battle-gen9championsvgc2026regma-1585\n|j|\u2606OPheur3' [52 bytes]
DEBUG:websockets.client:< TEXT '|pm| OPheur3| BC3|/nonotify OPheur3 accepted th...26regma-1585</a>&raquo;' [173 bytes]
DEBUG:websockets.client:< TEXT '>battle-gen9championsvgc2026regma-1585\n|t:|1781642379\n|gametype|doubles' [71 bytes]
DEBUG:websockets.client:< TEXT '>battle-gen9championsvgc2026regma-1585\n|player|p1|BC3|169|' [58 bytes]
DEBUG:websockets.client:< TEXT '>battle-gen9championsvgc2026regma-1585\n|player...heets</strong></button>' [855 bytes]
DEBUG:websockets.client:< TEXT '>battle-gen9championsvgc2026regma-1585\n|reques...ing":false}]},"rqid":2}' [2093 bytes]
DEBUG:websockets.client:< TEXT '>battle-gen9championsvgc2026regma-1584\n|\n|t:|...rk|Illusion\n|\n|upkeep' [673 bytes]
DEBUG:websockets.client:< TEXT '>battle-gen9championsvgc2026regma-1584\n|\n|t:|...rk|Illusion\n|\n|upkeep' [675 bytes]
DEBUG:websockets.client:< TEXT '>battle-gen9championsvgc2026regma-1584\n|reques...oCancel":true,"rqid":6}' [1420 bytes]
DEBUG:websockets.client:< TEXT '>battle-gen9championsvgc2026regma-1584\n|reques...ing":false}]},"rqid":7}' [1453 bytes]
DEBUG:live_vgc_base:forceSwitch forced_switch_model [battle-gen9championsvgc2026regma-1584] turn 1 a0=13 a1=None opp_splice=on
DEBUG:websockets.client:> TEXT 'battle-gen9championsvgc2026regma-1584|/choose switch Ditto, pass' [64 bytes]
DEBUG:websockets.client:< TEXT '>battle-gen9championsvgc2026regma-1584\n|\n|t:|...lity: Imposter\n|turn|2' [164 bytes]
DEBUG:websockets.client:< TEXT '>battle-gen9championsvgc2026regma-1584\n|\n|t:|...lity: Imposter\n|turn|2' [164 bytes]
DEBUG:websockets.client:< TEXT '>battle-gen9championsvgc2026regma-1584\n|reques...ing":false}]},"rqid":8}' [2198 bytes]
DEBUG:websockets.client:< TEXT '>battle-gen9championsvgc2026regma-1584\n|reques...ing":false}]},"rqid":9}' [2226 bytes]
INFO:player:Turn 2 [battle-gen9championsvgc2026regma-1584] value head win-prob: 0.177  (losing)
DEBUG:live_vgc_base:Turn 2 [battle-gen9championsvgc2026regma-1584] a0=0 a1=9 src=model opp_splice=on
DEBUG:websockets.client:> TEXT 'battle-gen9championsvgc2026regma-1584|/choose move heatwave, move icywind' [73 bytes]
DEBUG:vgc_base:Turn 2 [battle-gen9championsvgc2026regma-1584] a0=3 a1=10 src=heuristic g0=0 g1=0
DEBUG:websockets.client:> TEXT 'battle-gen9championsvgc2026regma-1584|/choose m...law 1, move solarbeam 2' [79 bytes]
DEBUG:websockets.client:< TEXT '>battle-gen9championsvgc2026regma-1584\n|\n|t:|...am\n|\n|upkeep\n|turn|3' [548 bytes]
DEBUG:websockets.client:< TEXT '>battle-gen9championsvgc2026regma-1584\n|\n|t:|...am\n|\n|upkeep\n|turn|3' [549 bytes]
DEBUG:websockets.client:< TEXT '>battle-gen9championsvgc2026regma-1584\n|reques...ng":false}]},"rqid":10}' [2198 bytes]
DEBUG:websockets.client:< TEXT '>battle-gen9championsvgc2026regma-1584\n|reques...ng":false}]},"rqid":11}' [1887 bytes]
INFO:player:Turn 3 [battle-gen9championsvgc2026regma-1584] value head win-prob: 0.547  (even)
DEBUG:live_vgc_base:Turn 3 [battle-gen9championsvgc2026regma-1584] a0=0 a1=9 src=model opp_splice=on
DEBUG:websockets.client:> TEXT 'battle-gen9championsvgc2026regma-1584|/choose move heatwave, move icywind' [73 bytes]
DEBUG:vgc_base:Turn 3 [battle-gen9championsvgc2026regma-1584] a0=3 a1=10 src=heuristic g0=0 g1=0
DEBUG:websockets.client:> TEXT 'battle-gen9championsvgc2026regma-1584|/choose m...law 1, move solarbeam 2' [79 bytes]
DEBUG:websockets.client:< TEXT '>battle-gen9championsvgc2026regma-1584\n|\n|t:|...1b: Zoroark\n|\n|upkeep' [591 bytes]
DEBUG:websockets.client:< TEXT '>battle-gen9championsvgc2026regma-1584\n|\n|t:|...1b: Zoroark\n|\n|upkeep' [591 bytes]
DEBUG:websockets.client:< TEXT '>battle-gen9championsvgc2026regma-1584\n|reques...ng":false}]},"rqid":12}' [1439 bytes]
DEBUG:websockets.client:< TEXT '>battle-gen9championsvgc2026regma-1584\n|reques...ng":false}]},"rqid":13}' [1466 bytes]
DEBUG:vgc_base:forceSwitch [battle-gen9championsvgc2026regma-1584] force=[True, False] \u2192 /choose switch Whimsicott / /choose pass
DEBUG:websockets.client:> TEXT 'battle-gen9championsvgc2026regma-1584|/choose switch Whimsicott, pass' [69 bytes]
DEBUG:live_vgc_base:forceSwitch forced_switch_model [battle-gen9championsvgc2026regma-1584] turn 3 a0=None a1=12 opp_splice=on
DEBUG:websockets.client:> TEXT 'battle-gen9championsvgc2026regma-1584|/choose pass, switch Charizard' [68 bytes]
DEBUG:websockets.client:< TEXT ">battle-gen9championsvgc2026regma-1584\n|error|...ch to an active Pokémon" [115 bytes]
DEBUG:live_vgc_base:forceSwitch forced_switch_model [battle-gen9championsvgc2026regma-1584] turn 3 a0=None a1=12 opp_splice=on
DEBUG:websockets.client:> TEXT 'battle-gen9championsvgc2026regma-1584|/choose pass, switch Charizard' [68 bytes]
DEBUG:websockets.client:< TEXT ">battle-gen9championsvgc2026regma-1584\n|error|...ch to an active Pokémon" [115 bytes]
WARNING:vgc_base:forceSwitch [battle-gen9championsvgc2026regma-1584] re-requested 3× (order rejected) — sending /choose default.
DEBUG:websockets.client:> TEXT 'battle-gen9championsvgc2026regma-1584|/choose default' [53 bytes]
DEBUG:websockets.client:< TEXT '>battle-gen9championsvgc2026regma-1584\n|\n|t:|...L50, M|168/168\n|turn|4' [163 bytes]
DEBUG:websockets.client:< TEXT '>battle-gen9championsvgc2026regma-1584\n|\n|t:|...L50, M|100/100\n|turn|4' [163 bytes]
DEBUG:websockets.client:< TEXT '>battle-gen9championsvgc2026regma-1584\n|reques...ng":false}]},"rqid":14}' [2207 bytes]
DEBUG:websockets.client:< TEXT '>battle-gen9championsvgc2026regma-1584\n|reques...ng":false}]},"rqid":15}' [2237 bytes]
INFO:player:Turn 4 [battle-gen9championsvgc2026regma-1584] value head win-prob: 0.097  (losing)
DEBUG:live_vgc_base:Turn 4 [battle-gen9championsvgc2026regma-1584] a0=0 a1=0 src=model opp_splice=on
DEBUG:websockets.client:> TEXT 'battle-gen9championsvgc2026regma-1584|/choose m...ave, move heatwave mega' [79 bytes]
DEBUG:vgc_base:Turn 4 [battle-gen9championsvgc2026regma-1584] a0=6 a1=0 src=heuristic g0=0 g1=0
DEBUG:websockets.client:> TEXT 'battle-gen9championsvgc2026regma-1584|/choose m...nblast 1, move heatwave' [77 bytes]
DEBUG:websockets.client:< TEXT '>battle-gen9championsvgc2026regma-1584\n|\n|t:|...nyDay|[upkeep]\n|upkeep' [690 bytes]
DEBUG:websockets.client:< TEXT '>battle-gen9championsvgc2026regma-1584\n|\n|t:|...nyDay|[upkeep]\n|upkeep' [690 bytes]
DEBUG:websockets.client:< TEXT '>battle-gen9championsvgc2026regma-1584\n|reques...ng":false}]},"rqid":16}' [1389 bytes]
DEBUG:websockets.client:< TEXT '>battle-gen9championsvgc2026regma-1584\n|reques...Cancel":true,"rqid":17}' [1469 bytes]
DEBUG:vgc_base:forceSwitch slot 1: no available switch — '/choose default' (handled poke-env desync).
DEBUG:vgc_base:forceSwitch DIAG [battle-gen9championsvgc2026regma-1584] turn=4 slot=1 force=[True, True] available_switches=[['basculegion'], ['basculegion']] team=[sneasler(act=False,fnt=True,hp=0), charizard(act=True,fnt=True,hp=0), whimsicott(act=True,fnt=True,hp=0), basculegion(act=False,fnt=False,hp=1.0), zoroarkhisui(act=False,fnt=False,hp=1.0), ditto(act=False,fnt=False,hp=1.0)]
DEBUG:websockets.client:> TEXT 'battle-gen9championsvgc2026regma-1584|/choose default' [53 bytes]
DEBUG:websockets.client:< TEXT '>battle-gen9championsvgc2026regma-1584\n|\n|t:|...L50, M|100/100\n|turn|5' [116 bytes]
DEBUG:websockets.client:< TEXT '>battle-gen9championsvgc2026regma-1584\n|\n|t:|...L50, M|197/197\n|turn|5' [116 bytes]
DEBUG:websockets.client:< TEXT '>battle-gen9championsvgc2026regma-1584\n|reques...ng":false}]},"rqid":18}' [1878 bytes]
DEBUG:websockets.client:< TEXT '>battle-gen9championsvgc2026regma-1584\n|reques...ng":false}]},"rqid":19}' [2221 bytes]
INFO:player:Turn 5 [battle-gen9championsvgc2026regma-1584] value head win-prob: 0.930  (winning)
DEBUG:live_vgc_base:Turn 5 [battle-gen9championsvgc2026regma-1584] a0=0 a1=6 src=model opp_splice=on
DEBUG:vgc_base:_safe_order: action 0 slot 0 \u2192 None, scanning legal actions.
DEBUG:vgc_base:_safe_order: slot 0 has no decodable legal action — sending Pass.
DEBUG:websockets.client:> TEXT 'battle-gen9championsvgc2026regma-1584|/choose pass, move protect' [64 bytes]
DEBUG:vgc_base:Turn 5 [battle-gen9championsvgc2026regma-1584] a0=4 a1=0 src=heuristic g0=0 g1=0
DEBUG:vgc_base:_safe_order: action 0 slot 1 \u2192 None, scanning legal actions.
DEBUG:vgc_base:_safe_order: slot 1 has no decodable legal action — sending Pass.
DEBUG:websockets.client:> TEXT 'battle-gen9championsvgc2026regma-1584|/choose move wavecrash 2, pass' [68 bytes]
DEBUG:websockets.client:< TEXT '>battle-gen9championsvgc2026regma-1584\n|\n|t:|...keep]\n|upkeep\n|turn|6' [270 bytes]
DEBUG:websockets.client:< TEXT '>battle-gen9championsvgc2026regma-1584\n|\n|t:|...keep]\n|upkeep\n|turn|6' [270 bytes]
DEBUG:websockets.client:< TEXT '>battle-gen9championsvgc2026regma-1584\n|reques...ng":false}]},"rqid":20}' [1878 bytes]
DEBUG:websockets.client:< TEXT '>battle-gen9championsvgc2026regma-1584\n|reques...ng":false}]},"rqid":21}' [2221 bytes]
INFO:player:Turn 6 [battle-gen9championsvgc2026regma-1584] value head win-prob: 0.934  (winning)
DEBUG:live_vgc_base:Turn 6 [battle-gen9championsvgc2026regma-1584] a0=0 a1=6 src=model opp_splice=on
DEBUG:vgc_base:_safe_order: action 0 slot 0 \u2192 None, scanning legal actions.
DEBUG:vgc_base:_safe_order: slot 0 has no decodable legal action — sending Pass.
DEBUG:websockets.client:> TEXT 'battle-gen9championsvgc2026regma-1584|/choose pass, move protect' [64 bytes]
DEBUG:vgc_base:Turn 6 [battle-gen9championsvgc2026regma-1584] a0=4 a1=0 src=heuristic g0=0 g1=0
DEBUG:vgc_base:_safe_order: action 0 slot 1 \u2192 None, scanning legal actions.
DEBUG:vgc_base:_safe_order: slot 1 has no decodable legal action — sending Pass.
DEBUG:websockets.client:> TEXT 'battle-gen9championsvgc2026regma-1584|/choose move wavecrash 2, pass' [68 bytes]
DEBUG:websockets.client:< TEXT '>battle-gen9championsvgc2026regma-1584\n|\n|t:|...keep]\n|upkeep\n|turn|7' [322 bytes]
DEBUG:websockets.client:< TEXT '>battle-gen9championsvgc2026regma-1584\n|\n|t:|...keep]\n|upkeep\n|turn|7' [322 bytes]
DEBUG:websockets.client:< TEXT '>battle-gen9championsvgc2026regma-1584\n|reques...ng":false}]},"rqid":22}' [1877 bytes]
DEBUG:websockets.client:< TEXT '>battle-gen9championsvgc2026regma-1584\n|reques...ng":false}]},"rqid":23}' [2221 bytes]
INFO:player:Turn 7 [battle-gen9championsvgc2026regma-1584] value head win-prob: 0.748  (winning)
DEBUG:live_vgc_base:Turn 7 [battle-gen9championsvgc2026regma-1584] a0=0 a1=6 src=model opp_splice=on
DEBUG:vgc_base:_safe_order: action 0 slot 0 \u2192 None, scanning legal actions.
DEBUG:vgc_base:_safe_order: slot 0 has no decodable legal action — sending Pass.
DEBUG:websockets.client:> TEXT 'battle-gen9championsvgc2026regma-1584|/choose pass, move protect' [64 bytes]
DEBUG:vgc_base:Turn 7 [battle-gen9championsvgc2026regma-1584] a0=4 a1=0 src=heuristic g0=0 g1=0
DEBUG:vgc_base:_safe_order: action 0 slot 1 \u2192 None, scanning legal actions.
DEBUG:vgc_base:_safe_order: slot 1 has no decodable legal action — sending Pass.
DEBUG:websockets.client:> TEXT 'battle-gen9championsvgc2026regma-1584|/choose move wavecrash 2, pass' [68 bytes]
DEBUG:websockets.client:< TEXT '>battle-gen9championsvgc2026regma-1584\n|\n|t:|...keep]\n|upkeep\n|turn|8' [270 bytes]
DEBUG:websockets.client:< TEXT '>battle-gen9championsvgc2026regma-1584\n|\n|t:|...keep]\n|upkeep\n|turn|8' [270 bytes]
DEBUG:websockets.client:< TEXT '>battle-gen9championsvgc2026regma-1584\n|reques...ng":false}]},"rqid":24}' [1877 bytes]
DEBUG:websockets.client:< TEXT '>battle-gen9championsvgc2026regma-1584\n|reques...ng":false}]},"rqid":25}' [2220 bytes]
INFO:player:Turn 8 [battle-gen9championsvgc2026regma-1584] value head win-prob: 0.742  (winning)
DEBUG:live_vgc_base:Turn 8 [battle-gen9championsvgc2026regma-1584] a0=0 a1=6 src=model opp_splice=on
DEBUG:vgc_base:_safe_order: action 0 slot 0 \u2192 None, scanning legal actions.
DEBUG:vgc_base:_safe_order: slot 0 has no decodable legal action — sending Pass.
DEBUG:websockets.client:> TEXT 'battle-gen9championsvgc2026regma-1584|/choose pass, move protect' [64 bytes]
DEBUG:vgc_base:Turn 8 [battle-gen9championsvgc2026regma-1584] a0=4 a1=0 src=heuristic g0=0 g1=0
DEBUG:vgc_base:_safe_order: action 0 slot 1 \u2192 None, scanning legal actions.
DEBUG:vgc_base:_safe_order: slot 1 has no decodable legal action — sending Pass.
DEBUG:websockets.client:> TEXT 'battle-gen9championsvgc2026regma-1584|/choose move wavecrash 2, pass' [68 bytes]
DEBUG:websockets.client:< TEXT '>battle-gen9championsvgc2026regma-1584\n|\n|t:|...|none\n|upkeep\n|turn|9' [257 bytes]
DEBUG:websockets.client:< TEXT '>battle-gen9championsvgc2026regma-1584\n|\n|t:|...|none\n|upkeep\n|turn|9' [257 bytes]
DEBUG:websockets.client:< TEXT '>battle-gen9championsvgc2026regma-1584\n|reques...ng":false}]},"rqid":26}' [1877 bytes]
DEBUG:websockets.client:< TEXT '>battle-gen9championsvgc2026regma-1584\n|reques...ng":false}]},"rqid":27}' [2220 bytes]
INFO:player:Turn 9 [battle-gen9championsvgc2026regma-1584] value head win-prob: 0.644  (winning)
DEBUG:live_vgc_base:Turn 9 [battle-gen9championsvgc2026regma-1584] a0=0 a1=6 src=model opp_splice=on
DEBUG:vgc_base:_safe_order: action 0 slot 0 \u2192 None, scanning legal actions.
DEBUG:vgc_base:_safe_order: slot 0 has no decodable legal action — sending Pass.
DEBUG:websockets.client:> TEXT 'battle-gen9championsvgc2026regma-1584|/choose pass, move protect' [64 bytes]
DEBUG:vgc_base:Turn 9 [battle-gen9championsvgc2026regma-1584] a0=4 a1=0 src=heuristic g0=0 g1=0
DEBUG:vgc_base:_safe_order: action 0 slot 1 \u2192 None, scanning legal actions.
DEBUG:vgc_base:_safe_order: slot 1 has no decodable legal action — sending Pass.
DEBUG:websockets.client:> TEXT 'battle-gen9championsvgc2026regma-1584|/choose move wavecrash 2, pass' [68 bytes]
DEBUG:websockets.client:< TEXT '>battle-gen9championsvgc2026regma-1584\n|\n|t:|...Recoil\n|\n|win|OPheur3' [312 bytes]
DEBUG:websockets.client:< TEXT '>battle-gen9championsvgc2026regma-1584\n|\n|t:|...Recoil\n|\n|win|OPheur3' [313 bytes]
INFO:vgc_base:Battle battle-gen9championsvgc2026regma-1584 finished — outcome: LOSS  (W/L/D so far: 1/6/0)
DEBUG:websockets.client:> TEXT '|/leave battle-gen9championsvgc2026regma-1584' [45 bytes]
DEBUG:websockets.client:< TEXT '|updatesearch|{"searching":[],"games":{"battle-... 2026 Reg M-A Battle"}}' [124 bytes]
DEBUG:websockets.client:> TEXT 'battle-gen9championsvgc2026regma-1585|/rejectopenteamsheets' [59 bytes]
INFO:vgc_base:Battle battle-gen9championsvgc2026regma-1584 finished — outcome: WIN  (W/L/D so far: 6/1/0)
DEBUG:websockets.client:> TEXT '|/leave battle-gen9championsvgc2026regma-1584' [45 bytes]
DEBUG:websockets.client:< TEXT '|updatesearch|{"searching":[],"games":{"battle-... 2026 Reg M-A Battle"}}' [124 bytes]
DEBUG:websockets.client:> TEXT '|/utm Sneasler||whiteherb|unburden|fakeout,dire...Naive|32,2,,,,32||||50|' [550 bytes]
DEBUG:websockets.client:> TEXT '|/challenge opheur3, gen9championsvgc2026regma' [46 bytes]
DEBUG:websockets.client:> TEXT 'battle-gen9championsvgc2026regma-1585|/rejectopenteamsheets' [59 bytes]
DEBUG:websockets.client:< TEXT '>battle-gen9championsvgc2026regma-1584\n|l|\u2606BC3' [48 bytes]
DEBUG:websockets.client:< TEXT '>battle-gen9championsvgc2026regma-1585\n|uhtmlchange|otsrequest|' [63 bytes]
DEBUG:websockets.client:< TEXT '>battle-gen9championsvgc2026regma-1585\nBC3 rejected open team sheets.' [69 bytes]
DEBUG:websockets.client:< TEXT '>battle-gen9championsvgc2026regma-1584\n|deinit' [46 bytes]
DEBUG:websockets.client:< TEXT '>battle-gen9championsvgc2026regma-1584\n|deinit' [46 bytes]
DEBUG:websockets.client:< TEXT '>battle-gen9championsvgc2026regma-1585\n|uhtmlchange|otsrequest|' [63 bytes]
DEBUG:websockets.client:< TEXT '>battle-gen9championsvgc2026regma-1585\nBC3 rejected open team sheets.' [69 bytes]
DEBUG:websockets.client:< TEXT '>battle-gen9championsvgc2026regma-1585\n|uhtmlchange|otsrequest|' [63 bytes]
DEBUG:websockets.client:< TEXT '>battle-gen9championsvgc2026regma-1585\n|uhtmlchange|otsrequest|' [63 bytes]
DEBUG:websockets.client:< TEXT '>battle-gen9championsvgc2026regma-1585\nOPheur3...ected open team sheets.' [73 bytes]
DEBUG:websockets.client:< TEXT '>battle-gen9championsvgc2026regma-1585\nOPheur3...ected open team sheets.' [73 bytes]
INFO:player:Team-preview [battle-gen9championsvgc2026regma-1585] NET drove: bring=['whimsicott', 'zoroarkhisui', 'ditto', 'charizardmegay'] leads=['whimsicott', 'zoroarkhisui'] (vs opp ['sneasler', 'charizard', 'whimsicott', 'basculegion', 'zoroarkhisui', 'ditto'])
INFO:vgc_base:Teampreview [battle-gen9championsvgc2026regma-1585] \u2192 /team 3562  (whimsicott, zoroarkhisui, ditto, charizardmegay)
DEBUG:websockets.client:> TEXT 'battle-gen9championsvgc2026regma-1585|/team 3562' [48 bytes]
DEBUG:vgc_base:Teampreview: first-4 roster order \u2192 ['sneasler', 'charizardmegay', 'whimsicott', 'basculegion']
INFO:vgc_base:Teampreview [battle-gen9championsvgc2026regma-1585] \u2192 /team 1234  (sneasler, charizardmegay, whimsicott, basculegion)
DEBUG:websockets.client:> TEXT 'battle-gen9championsvgc2026regma-1585|/team 1234' [48 bytes]
DEBUG:websockets.client:< TEXT '|pm| BC3| OPheur3|/challenge gen9championsvgc20...hampionsvgc2026regma|||' [83 bytes]
DEBUG:websockets.client:< TEXT '|pm| BC3| OPheur3|/challenge gen9championsvgc20...hampionsvgc2026regma|||' [83 bytes]
DEBUG:websockets.client:< TEXT '|pm| BC3| OPheur3|/log BC3 wants to battle!' [43 bytes]
DEBUG:websockets.client:< TEXT '|pm| BC3| OPheur3|/log BC3 wants to battle!' [43 bytes]
DEBUG:websockets.client:> TEXT '|/utm Sneasler||whiteherb|unburden|fakeout,dire...Naive|32,2,,,,32||||50|' [550 bytes]
DEBUG:websockets.client:> TEXT '|/accept bc3' [12 bytes]
DEBUG:websockets.client:< TEXT '>battle-gen9championsvgc2026regma-1585\n|\n|t:|...L50, F|100/100\n|turn|1' [321 bytes]
DEBUG:websockets.client:< TEXT '>battle-gen9championsvgc2026regma-1585\n|\n|t:|...L50, F|168/168\n|turn|1' [321 bytes]
DEBUG:websockets.client:< TEXT '>battle-gen9championsvgc2026regma-1585\n|reques...ing":false}]},"rqid":5}' [2236 bytes]
DEBUG:websockets.client:< TEXT '|pm| OPheur3| BC3|/challenge' [28 bytes]
DEBUG:websockets.client:< TEXT '>battle-gen9championsvgc2026regma-1585\n|reques...ing":false}]},"rqid":4}' [2167 bytes]
DEBUG:websockets.client:< TEXT '|updatesearch|{"searching":[],"games":{"battle-... 2026 Reg M-A Battle"}}' [124 bytes]
DEBUG:vgc_base:Turn 1 [battle-gen9championsvgc2026regma-1585] a0=3 a1=0 src=heuristic g0=0 g1=0
DEBUG:websockets.client:> TEXT 'battle-gen9championsvgc2026regma-1585|/choose m...reclaw 1, move heatwave' [76 bytes]
DEBUG:websockets.client:< TEXT '|pm| OPheur3| BC3|/challenge' [28 bytes]
DEBUG:websockets.client:< TEXT '|updatesearch|{"searching":[],"games":{"battle-... 2026 Reg M-A Battle"}}' [124 bytes]
DEBUG:websockets.client:< TEXT '|updatesearch|{"searching":[],"games":{"battle-... 2026 Reg M-A Battle"}}' [208 bytes]
DEBUG:websockets.client:< TEXT '|updatesearch|{"searching":[],"games":{"battle-... 2026 Reg M-A Battle"}}' [208 bytes]
DEBUG:websockets.client:< TEXT '|updatesearch|{"searching":[],"games":{"battle-... 2026 Reg M-A Battle"}}' [208 bytes]
DEBUG:websockets.client:< TEXT '|updatesearch|{"searching":[],"games":{"battle-... 2026 Reg M-A Battle"}}' [208 bytes]
DEBUG:websockets.client:< TEXT '>battle-gen9championsvgc2026regma-1586\n|init|b...n|j|\u2606BC3\n|j|\u2606OPheur3\n' [99 bytes]
DEBUG:websockets.client:< TEXT '|pm| OPheur3| BC3|/nonotify OPheur3 accepted th...26regma-1586</a>&raquo;' [173 bytes]
DEBUG:websockets.client:< TEXT '>battle-gen9championsvgc2026regma-1586\n|init|b... vs. OPheur3\n|j|\u2606BC3\n' [85 bytes]
DEBUG:websockets.client:< TEXT '>battle-gen9championsvgc2026regma-1586\n|j|\u2606OPheur3' [52 bytes]
DEBUG:websockets.client:< TEXT '|pm| OPheur3| BC3|/nonotify OPheur3 accepted th...26regma-1586</a>&raquo;' [173 bytes]
DEBUG:websockets.client:< TEXT '>battle-gen9championsvgc2026regma-1586\n|t:|1781642379\n|gametype|doubles' [71 bytes]
DEBUG:websockets.client:< TEXT '>battle-gen9championsvgc2026regma-1586\n|player|p1|BC3|169|' [58 bytes]
DEBUG:websockets.client:< TEXT '>battle-gen9championsvgc2026regma-1586\n|player...heets</strong></button>' [855 bytes]
DEBUG:websockets.client:< TEXT '>battle-gen9championsvgc2026regma-1586\n|reques...ing":false}]},"rqid":2}' [2093 bytes]
INFO:player:Turn 1 [battle-gen9championsvgc2026regma-1585] value head win-prob: 0.351  (losing)
DEBUG:live_vgc_base:Turn 1 [battle-gen9championsvgc2026regma-1585] a0=0 a1=9 src=model opp_splice=on
DEBUG:websockets.client:> TEXT 'battle-gen9championsvgc2026regma-1585|/choose move encore 1, move icywind' [73 bytes]
DEBUG:websockets.client:< TEXT '>battle-gen9championsvgc2026regma-1586\n|t:|1781642379\n|gametype|doubles' [71 bytes]
DEBUG:websockets.client:< TEXT '>battle-gen9championsvgc2026regma-1586\n|player|p1|BC3|169|' [58 bytes]
DEBUG:websockets.client:< TEXT '>battle-gen9championsvgc2026regma-1586\n|player...heets</strong></button>' [855 bytes]
DEBUG:websockets.client:< TEXT '>battle-gen9championsvgc2026regma-1586\n|reques...ing":false}]},"rqid":3}' [2097 bytes]
DEBUG:websockets.client:< TEXT '>battle-gen9championsvgc2026regma-1585\n|\n|t:|...rk|Illusion\n|\n|upkeep' [672 bytes]
DEBUG:websockets.client:< TEXT '>battle-gen9championsvgc2026regma-1585\n|\n|t:|...rk|Illusion\n|\n|upkeep' [674 bytes]
DEBUG:websockets.client:< TEXT '>battle-gen9championsvgc2026regma-1585\n|reques...oCancel":true,"rqid":6}' [1420 bytes]
DEBUG:websockets.client:< TEXT '>battle-gen9championsvgc2026regma-1585\n|reques...ing":false}]},"rqid":7}' [1453 bytes]
DEBUG:live_vgc_base:forceSwitch forced_switch_model [battle-gen9championsvgc2026regma-1585] turn 1 a0=13 a1=None opp_splice=on
DEBUG:websockets.client:> TEXT 'battle-gen9championsvgc2026regma-1585|/choose switch Ditto, pass' [64 bytes]
DEBUG:websockets.client:< TEXT '>battle-gen9championsvgc2026regma-1585\n|\n|t:|...lity: Imposter\n|turn|2' [164 bytes]
DEBUG:websockets.client:< TEXT '>battle-gen9championsvgc2026regma-1585\n|\n|t:|...lity: Imposter\n|turn|2' [164 bytes]
DEBUG:websockets.client:< TEXT '>battle-gen9championsvgc2026regma-1585\n|reques...ing":false}]},"rqid":9}' [2226 bytes]
DEBUG:websockets.client:< TEXT '>battle-gen9championsvgc2026regma-1585\n|reques...ing":false}]},"rqid":8}' [2198 bytes]
DEBUG:vgc_base:Turn 2 [battle-gen9championsvgc2026regma-1585] a0=3 a1=10 src=heuristic g0=0 g1=0
DEBUG:websockets.client:> TEXT 'battle-gen9championsvgc2026regma-1585|/choose m...law 1, move solarbeam 2' [79 bytes]
INFO:player:Turn 2 [battle-gen9championsvgc2026regma-1585] value head win-prob: 0.191  (losing)
DEBUG:live_vgc_base:Turn 2 [battle-gen9championsvgc2026regma-1585] a0=0 a1=9 src=model opp_splice=on
DEBUG:websockets.client:> TEXT 'battle-gen9championsvgc2026regma-1585|/choose move heatwave, move icywind' [73 bytes]
DEBUG:websockets.client:< TEXT '>battle-gen9championsvgc2026regma-1585\n|\n|t:|...00\n|\n|upkeep\n|turn|3' [516 bytes]
DEBUG:websockets.client:< TEXT '>battle-gen9championsvgc2026regma-1585\n|\n|t:|...68\n|\n|upkeep\n|turn|3' [517 bytes]
DEBUG:websockets.client:< TEXT '>battle-gen9championsvgc2026regma-1585\n|reques...ng":false}]},"rqid":10}' [2198 bytes]
DEBUG:websockets.client:< TEXT '>battle-gen9championsvgc2026regma-1585\n|reques...ng":false}]},"rqid":11}' [1888 bytes]
DEBUG:vgc_base:Turn 3 [battle-gen9championsvgc2026regma-1585] a0=3 a1=10 src=heuristic g0=0 g1=0
DEBUG:websockets.client:> TEXT 'battle-gen9championsvgc2026regma-1585|/choose m...law 1, move solarbeam 2' [79 bytes]
INFO:player:Turn 3 [battle-gen9championsvgc2026regma-1585] value head win-prob: 0.491  (even)
DEBUG:live_vgc_base:Turn 3 [battle-gen9championsvgc2026regma-1585] a0=0 a1=9 src=model opp_splice=on
DEBUG:websockets.client:> TEXT 'battle-gen9championsvgc2026regma-1585|/choose move heatwave, move icywind' [73 bytes]
DEBUG:websockets.client:< TEXT '>battle-gen9championsvgc2026regma-1585\n|\n|t:|...1b: Zoroark\n|\n|upkeep' [515 bytes]
DEBUG:websockets.client:< TEXT '>battle-gen9championsvgc2026regma-1585\n|\n|t:|...1b: Zoroark\n|\n|upkeep' [515 bytes]
DEBUG:websockets.client:< TEXT '>battle-gen9championsvgc2026regma-1585\n|reques...ng":false}]},"rqid":12}' [1439 bytes]
DEBUG:websockets.client:< TEXT '>battle-gen9championsvgc2026regma-1585\n|reques...ng":false}]},"rqid":13}' [1466 bytes]
DEBUG:vgc_base:forceSwitch [battle-gen9championsvgc2026regma-1585] force=[True, False] \u2192 /choose switch Whimsicott / /choose pass
DEBUG:websockets.client:> TEXT 'battle-gen9championsvgc2026regma-1585|/choose switch Whimsicott, pass' [69 bytes]
DEBUG:live_vgc_base:forceSwitch forced_switch_model [battle-gen9championsvgc2026regma-1585] turn 3 a0=None a1=12 opp_splice=on
DEBUG:websockets.client:> TEXT 'battle-gen9championsvgc2026regma-1585|/choose pass, switch Charizard' [68 bytes]
DEBUG:websockets.client:< TEXT ">battle-gen9championsvgc2026regma-1585\n|error|...ch to an active Pokémon" [115 bytes]
DEBUG:live_vgc_base:forceSwitch forced_switch_model [battle-gen9championsvgc2026regma-1585] turn 3 a0=None a1=12 opp_splice=on
DEBUG:websockets.client:> TEXT 'battle-gen9championsvgc2026regma-1585|/choose pass, switch Charizard' [68 bytes]
DEBUG:websockets.client:< TEXT ">battle-gen9championsvgc2026regma-1585\n|error|...ch to an active Pokémon" [115 bytes]
WARNING:vgc_base:forceSwitch [battle-gen9championsvgc2026regma-1585] re-requested 3× (order rejected) — sending /choose default.
DEBUG:websockets.client:> TEXT 'battle-gen9championsvgc2026regma-1585|/choose default' [53 bytes]
DEBUG:websockets.client:< TEXT '>battle-gen9championsvgc2026regma-1585\n|\n|t:|...L50, F|168/168\n|turn|4' [163 bytes]
DEBUG:websockets.client:< TEXT '>battle-gen9championsvgc2026regma-1585\n|\n|t:|...L50, F|100/100\n|turn|4' [163 bytes]
DEBUG:websockets.client:< TEXT '>battle-gen9championsvgc2026regma-1585\n|reques...ng":false}]},"rqid":14}' [2207 bytes]
DEBUG:websockets.client:< TEXT '>battle-gen9championsvgc2026regma-1585\n|reques...ng":false}]},"rqid":15}' [2237 bytes]
INFO:player:Turn 4 [battle-gen9championsvgc2026regma-1585] value head win-prob: 0.080  (losing)
DEBUG:live_vgc_base:Turn 4 [battle-gen9championsvgc2026regma-1585] a0=0 a1=0 src=model opp_splice=on
DEBUG:websockets.client:> TEXT 'battle-gen9championsvgc2026regma-1585|/choose m...ave, move heatwave mega' [79 bytes]
DEBUG:vgc_base:Turn 4 [battle-gen9championsvgc2026regma-1585] a0=6 a1=0 src=heuristic g0=0 g1=0
DEBUG:websockets.client:> TEXT 'battle-gen9championsvgc2026regma-1585|/choose m...nblast 1, move heatwave' [77 bytes]
DEBUG:websockets.client:< TEXT '>battle-gen9championsvgc2026regma-1585\n|\n|t:|...nyDay|[upkeep]\n|upkeep' [690 bytes]
DEBUG:websockets.client:< TEXT '>battle-gen9championsvgc2026regma-1585\n|\n|t:|...nyDay|[upkeep]\n|upkeep' [690 bytes]
DEBUG:websockets.client:< TEXT '>battle-gen9championsvgc2026regma-1585\n|reques...ng":false}]},"rqid":16}' [1389 bytes]
DEBUG:websockets.client:< TEXT '>battle-gen9championsvgc2026regma-1585\n|reques...Cancel":true,"rqid":17}' [1469 bytes]
DEBUG:vgc_base:forceSwitch slot 1: no available switch — '/choose default' (handled poke-env desync).
DEBUG:vgc_base:forceSwitch DIAG [battle-gen9championsvgc2026regma-1585] turn=4 slot=1 force=[True, True] available_switches=[['basculegion'], ['basculegion']] team=[sneasler(act=False,fnt=True,hp=0), charizard(act=True,fnt=True,hp=0), whimsicott(act=True,fnt=True,hp=0), basculegion(act=False,fnt=False,hp=1.0), zoroarkhisui(act=False,fnt=False,hp=1.0), ditto(act=False,fnt=False,hp=1.0)]
DEBUG:websockets.client:> TEXT 'battle-gen9championsvgc2026regma-1585|/choose default' [53 bytes]
DEBUG:websockets.client:< TEXT '>battle-gen9championsvgc2026regma-1585\n|\n|t:|...L50, M|100/100\n|turn|5' [116 bytes]
DEBUG:websockets.client:< TEXT '>battle-gen9championsvgc2026regma-1585\n|\n|t:|...L50, M|197/197\n|turn|5' [116 bytes]
DEBUG:websockets.client:< TEXT '>battle-gen9championsvgc2026regma-1585\n|reques...ng":false}]},"rqid":18}' [1878 bytes]
DEBUG:websockets.client:< TEXT '>battle-gen9championsvgc2026regma-1585\n|reques...ng":false}]},"rqid":19}' [2221 bytes]
INFO:player:Turn 5 [battle-gen9championsvgc2026regma-1585] value head win-prob: 0.931  (winning)
DEBUG:live_vgc_base:Turn 5 [battle-gen9championsvgc2026regma-1585] a0=0 a1=6 src=model opp_splice=on
DEBUG:vgc_base:_safe_order: action 0 slot 0 \u2192 None, scanning legal actions.
DEBUG:vgc_base:_safe_order: slot 0 has no decodable legal action — sending Pass.
DEBUG:websockets.client:> TEXT 'battle-gen9championsvgc2026regma-1585|/choose pass, move protect' [64 bytes]
DEBUG:vgc_base:Turn 5 [battle-gen9championsvgc2026regma-1585] a0=4 a1=0 src=heuristic g0=0 g1=0
DEBUG:vgc_base:_safe_order: action 0 slot 1 \u2192 None, scanning legal actions.
DEBUG:vgc_base:_safe_order: slot 1 has no decodable legal action — sending Pass.
DEBUG:websockets.client:> TEXT 'battle-gen9championsvgc2026regma-1585|/choose move wavecrash 2, pass' [68 bytes]
DEBUG:websockets.client:< TEXT '>battle-gen9championsvgc2026regma-1585\n|\n|t:|...keep]\n|upkeep\n|turn|6' [270 bytes]
DEBUG:websockets.client:< TEXT '>battle-gen9championsvgc2026regma-1585\n|\n|t:|...keep]\n|upkeep\n|turn|6' [270 bytes]
DEBUG:websockets.client:< TEXT '>battle-gen9championsvgc2026regma-1585\n|reques...ng":false}]},"rqid":20}' [1878 bytes]
DEBUG:websockets.client:< TEXT '>battle-gen9championsvgc2026regma-1585\n|reques...ng":false}]},"rqid":21}' [2221 bytes]
INFO:player:Turn 6 [battle-gen9championsvgc2026regma-1585] value head win-prob: 0.936  (winning)
DEBUG:live_vgc_base:Turn 6 [battle-gen9championsvgc2026regma-1585] a0=0 a1=6 src=model opp_splice=on
DEBUG:vgc_base:_safe_order: action 0 slot 0 \u2192 None, scanning legal actions.
DEBUG:vgc_base:_safe_order: slot 0 has no decodable legal action — sending Pass.
DEBUG:websockets.client:> TEXT 'battle-gen9championsvgc2026regma-1585|/choose pass, move protect' [64 bytes]
DEBUG:vgc_base:Turn 6 [battle-gen9championsvgc2026regma-1585] a0=4 a1=0 src=heuristic g0=0 g1=0
DEBUG:vgc_base:_safe_order: action 0 slot 1 \u2192 None, scanning legal actions.
DEBUG:vgc_base:_safe_order: slot 1 has no decodable legal action — sending Pass.
DEBUG:websockets.client:> TEXT 'battle-gen9championsvgc2026regma-1585|/choose move wavecrash 2, pass' [68 bytes]
DEBUG:websockets.client:< TEXT '>battle-gen9championsvgc2026regma-1585\n|\n|t:|...Recoil\n|\n|win|OPheur3' [312 bytes]
DEBUG:websockets.client:< TEXT '>battle-gen9championsvgc2026regma-1585\n|\n|t:|...Recoil\n|\n|win|OPheur3' [313 bytes]
DEBUG:websockets.client:< TEXT '|updatesearch|{"searching":[],"games":{"battle-... 2026 Reg M-A Battle"}}' [124 bytes]
INFO:vgc_base:Battle battle-gen9championsvgc2026regma-1585 finished — outcome: LOSS  (W/L/D so far: 1/7/0)
DEBUG:websockets.client:> TEXT '|/leave battle-gen9championsvgc2026regma-1585' [45 bytes]
DEBUG:websockets.client:< TEXT '|updatesearch|{"searching":[],"games":{"battle-... 2026 Reg M-A Battle"}}' [124 bytes]
DEBUG:websockets.client:> TEXT 'battle-gen9championsvgc2026regma-1586|/rejectopenteamsheets' [59 bytes]
INFO:vgc_base:Battle battle-gen9championsvgc2026regma-1585 finished — outcome: WIN  (W/L/D so far: 7/1/0)
DEBUG:websockets.client:> TEXT '|/leave battle-gen9championsvgc2026regma-1585' [45 bytes]
DEBUG:websockets.client:> TEXT '|/utm Sneasler||whiteherb|unburden|fakeout,dire...Naive|32,2,,,,32||||50|' [550 bytes]
DEBUG:websockets.client:> TEXT '|/challenge opheur3, gen9championsvgc2026regma' [46 bytes]
DEBUG:websockets.client:> TEXT 'battle-gen9championsvgc2026regma-1586|/rejectopenteamsheets' [59 bytes]
DEBUG:websockets.client:< TEXT '>battle-gen9championsvgc2026regma-1585\n|deinit' [46 bytes]
DEBUG:websockets.client:< TEXT '>battle-gen9championsvgc2026regma-1585\n|l|\u2606BC3' [48 bytes]
DEBUG:websockets.client:< TEXT '>battle-gen9championsvgc2026regma-1586\n|uhtmlchange|otsrequest|' [63 bytes]
DEBUG:websockets.client:< TEXT '>battle-gen9championsvgc2026regma-1586\nBC3 rejected open team sheets.' [69 bytes]
DEBUG:websockets.client:< TEXT '>battle-gen9championsvgc2026regma-1586\n|uhtmlchange|otsrequest|' [63 bytes]
DEBUG:websockets.client:< TEXT '>battle-gen9championsvgc2026regma-1586\nBC3 rejected open team sheets.' [69 bytes]
DEBUG:websockets.client:< TEXT '>battle-gen9championsvgc2026regma-1585\n|deinit' [46 bytes]
DEBUG:websockets.client:< TEXT '>battle-gen9championsvgc2026regma-1586\n|uhtmlchange|otsrequest|' [63 bytes]
DEBUG:websockets.client:< TEXT '>battle-gen9championsvgc2026regma-1586\n|uhtmlchange|otsrequest|' [63 bytes]
DEBUG:websockets.client:< TEXT '>battle-gen9championsvgc2026regma-1586\nOPheur3...ected open team sheets.' [73 bytes]
DEBUG:websockets.client:< TEXT '>battle-gen9championsvgc2026regma-1586\nOPheur3...ected open team sheets.' [73 bytes]
INFO:player:Team-preview [battle-gen9championsvgc2026regma-1586] NET drove: bring=['whimsicott', 'zoroarkhisui', 'ditto', 'charizardmegay'] leads=['whimsicott', 'zoroarkhisui'] (vs opp ['sneasler', 'charizard', 'whimsicott', 'basculegion', 'zoroarkhisui', 'ditto'])
INFO:vgc_base:Teampreview [battle-gen9championsvgc2026regma-1586] \u2192 /team 3562  (whimsicott, zoroarkhisui, ditto, charizardmegay)
DEBUG:websockets.client:> TEXT 'battle-gen9championsvgc2026regma-1586|/team 3562' [48 bytes]
DEBUG:vgc_base:Teampreview: first-4 roster order \u2192 ['sneasler', 'charizardmegay', 'whimsicott', 'basculegion']
INFO:vgc_base:Teampreview [battle-gen9championsvgc2026regma-1586] \u2192 /team 1234  (sneasler, charizardmegay, whimsicott, basculegion)
DEBUG:websockets.client:> TEXT 'battle-gen9championsvgc2026regma-1586|/team 1234' [48 bytes]
DEBUG:websockets.client:< TEXT '|pm| BC3| OPheur3|/challenge gen9championsvgc20...hampionsvgc2026regma|||' [83 bytes]
DEBUG:websockets.client:< TEXT '|pm| BC3| OPheur3|/challenge gen9championsvgc20...hampionsvgc2026regma|||' [83 bytes]
DEBUG:websockets.client:< TEXT '|pm| BC3| OPheur3|/log BC3 wants to battle!' [43 bytes]
DEBUG:websockets.client:< TEXT '|pm| BC3| OPheur3|/log BC3 wants to battle!' [43 bytes]
DEBUG:websockets.client:> TEXT '|/utm Sneasler||whiteherb|unburden|fakeout,dire...Naive|32,2,,,,32||||50|' [550 bytes]
DEBUG:websockets.client:> TEXT '|/accept bc3' [12 bytes]
DEBUG:websockets.client:< TEXT '>battle-gen9championsvgc2026regma-1586\n|\n|t:|...L50, M|100/100\n|turn|1' [321 bytes]
DEBUG:websockets.client:< TEXT '>battle-gen9championsvgc2026regma-1586\n|\n|t:|...L50, M|168/168\n|turn|1' [321 bytes]
DEBUG:websockets.client:< TEXT '>battle-gen9championsvgc2026regma-1586\n|reques...ing":false}]},"rqid":4}' [2167 bytes]
DEBUG:websockets.client:< TEXT '>battle-gen9championsvgc2026regma-1586\n|reques...ing":false}]},"rqid":5}' [2236 bytes]
DEBUG:websockets.client:< TEXT '|pm| OPheur3| BC3|/challenge' [28 bytes]
INFO:player:Turn 1 [battle-gen9championsvgc2026regma-1586] value head win-prob: 0.351  (losing)
DEBUG:live_vgc_base:Turn 1 [battle-gen9championsvgc2026regma-1586] a0=0 a1=9 src=model opp_splice=on
DEBUG:websockets.client:> TEXT 'battle-gen9championsvgc2026regma-1586|/choose move encore 1, move icywind' [73 bytes]
DEBUG:websockets.client:< TEXT '|pm| OPheur3| BC3|/challenge' [28 bytes]
DEBUG:websockets.client:< TEXT '|updatesearch|{"searching":[],"games":{"battle-... 2026 Reg M-A Battle"}}' [124 bytes]
DEBUG:websockets.client:< TEXT '|updatesearch|{"searching":[],"games":{"battle-... 2026 Reg M-A Battle"}}' [124 bytes]
DEBUG:websockets.client:< TEXT '|updatesearch|{"searching":[],"games":{"battle-... 2026 Reg M-A Battle"}}' [208 bytes]
DEBUG:websockets.client:< TEXT '|updatesearch|{"searching":[],"games":{"battle-... 2026 Reg M-A Battle"}}' [208 bytes]
DEBUG:websockets.client:< TEXT '|updatesearch|{"searching":[],"games":{"battle-... 2026 Reg M-A Battle"}}' [208 bytes]
DEBUG:websockets.client:< TEXT '|updatesearch|{"searching":[],"games":{"battle-... 2026 Reg M-A Battle"}}' [208 bytes]
DEBUG:websockets.client:< TEXT '>battle-gen9championsvgc2026regma-1587\n|init|b...n|j|\u2606BC3\n|j|\u2606OPheur3\n' [99 bytes]
DEBUG:websockets.client:< TEXT '|pm| OPheur3| BC3|/nonotify OPheur3 accepted th...26regma-1587</a>&raquo;' [173 bytes]
DEBUG:websockets.client:< TEXT '>battle-gen9championsvgc2026regma-1587\n|t:|1781642380\n|gametype|doubles' [71 bytes]
DEBUG:websockets.client:< TEXT '>battle-gen9championsvgc2026regma-1587\n|player|p1|BC3|169|' [58 bytes]
DEBUG:websockets.client:< TEXT '>battle-gen9championsvgc2026regma-1587\n|player...heets</strong></button>' [855 bytes]
DEBUG:websockets.client:< TEXT '>battle-gen9championsvgc2026regma-1587\n|reques...ing":false}]},"rqid":3}' [2097 bytes]
DEBUG:vgc_base:Turn 1 [battle-gen9championsvgc2026regma-1586] a0=3 a1=0 src=heuristic g0=0 g1=0
DEBUG:websockets.client:> TEXT 'battle-gen9championsvgc2026regma-1586|/choose m...reclaw 1, move heatwave' [76 bytes]
DEBUG:websockets.client:< TEXT '>battle-gen9championsvgc2026regma-1587\n|init|b... vs. OPheur3\n|j|\u2606BC3\n' [85 bytes]
DEBUG:websockets.client:< TEXT '>battle-gen9championsvgc2026regma-1587\n|j|\u2606OPheur3' [52 bytes]
DEBUG:websockets.client:< TEXT '|pm| OPheur3| BC3|/nonotify OPheur3 accepted th...26regma-1587</a>&raquo;' [173 bytes]
DEBUG:websockets.client:< TEXT '>battle-gen9championsvgc2026regma-1587\n|t:|1781642380\n|gametype|doubles' [71 bytes]
DEBUG:websockets.client:< TEXT '>battle-gen9championsvgc2026regma-1587\n|player|p1|BC3|169|' [58 bytes]
DEBUG:websockets.client:< TEXT '>battle-gen9championsvgc2026regma-1587\n|player...heets</strong></button>' [855 bytes]
DEBUG:websockets.client:< TEXT '>battle-gen9championsvgc2026regma-1587\n|reques...ing":false}]},"rqid":2}' [2093 bytes]
DEBUG:websockets.client:< TEXT '>battle-gen9championsvgc2026regma-1586\n|\n|t:|...rk|Illusion\n|\n|upkeep' [672 bytes]
DEBUG:websockets.client:< TEXT '>battle-gen9championsvgc2026regma-1586\n|\n|t:|...rk|Illusion\n|\n|upkeep' [675 bytes]
DEBUG:websockets.client:< TEXT '>battle-gen9championsvgc2026regma-1586\n|reques...oCancel":true,"rqid":6}' [1420 bytes]
DEBUG:websockets.client:< TEXT '>battle-gen9championsvgc2026regma-1586\n|reques...ing":false}]},"rqid":7}' [1453 bytes]
DEBUG:live_vgc_base:forceSwitch forced_switch_model [battle-gen9championsvgc2026regma-1586] turn 1 a0=13 a1=None opp_splice=on
DEBUG:websockets.client:> TEXT 'battle-gen9championsvgc2026regma-1586|/choose switch Ditto, pass' [64 bytes]
DEBUG:websockets.client:< TEXT '>battle-gen9championsvgc2026regma-1586\n|\n|t:|...lity: Imposter\n|turn|2' [164 bytes]
DEBUG:websockets.client:< TEXT '>battle-gen9championsvgc2026regma-1586\n|\n|t:|...lity: Imposter\n|turn|2' [164 bytes]
DEBUG:websockets.client:< TEXT '>battle-gen9championsvgc2026regma-1586\n|reques...ing":false}]},"rqid":8}' [2198 bytes]
DEBUG:websockets.client:< TEXT '>battle-gen9championsvgc2026regma-1586\n|reques...ing":false}]},"rqid":9}' [2226 bytes]
DEBUG:vgc_base:Turn 2 [battle-gen9championsvgc2026regma-1586] a0=3 a1=10 src=heuristic g0=0 g1=0
DEBUG:websockets.client:> TEXT 'battle-gen9championsvgc2026regma-1586|/choose m...law 1, move solarbeam 2' [79 bytes]
INFO:player:Turn 2 [battle-gen9championsvgc2026regma-1586] value head win-prob: 0.176  (losing)
DEBUG:live_vgc_base:Turn 2 [battle-gen9championsvgc2026regma-1586] a0=0 a1=9 src=model opp_splice=on
DEBUG:websockets.client:> TEXT 'battle-gen9championsvgc2026regma-1586|/choose move heatwave, move icywind' [73 bytes]
DEBUG:websockets.client:< TEXT '>battle-gen9championsvgc2026regma-1586\n|\n|t:|...] brn\n|upkeep\n|turn|3' [619 bytes]
DEBUG:websockets.client:< TEXT '>battle-gen9championsvgc2026regma-1586\n|\n|t:|...] brn\n|upkeep\n|turn|3' [621 bytes]
DEBUG:websockets.client:< TEXT '>battle-gen9championsvgc2026regma-1586\n|reques...ng":false}]},"rqid":10}' [2198 bytes]
DEBUG:websockets.client:< TEXT '>battle-gen9championsvgc2026regma-1586\n|reques...ng":false}]},"rqid":11}' [1891 bytes]
INFO:player:Turn 3 [battle-gen9championsvgc2026regma-1586] value head win-prob: 0.868  (winning)
DEBUG:live_vgc_base:Turn 3 [battle-gen9championsvgc2026regma-1586] a0=0 a1=9 src=model opp_splice=on
DEBUG:websockets.client:> TEXT 'battle-gen9championsvgc2026regma-1586|/choose move heatwave, move icywind' [73 bytes]
DEBUG:vgc_base:Turn 3 [battle-gen9championsvgc2026regma-1586] a0=3 a1=10 src=heuristic g0=0 g1=0
DEBUG:websockets.client:> TEXT 'battle-gen9championsvgc2026regma-1586|/choose m...law 1, move solarbeam 2' [79 bytes]
DEBUG:websockets.client:< TEXT '>battle-gen9championsvgc2026regma-1586\n|\n|t:|...1b: Zoroark\n|\n|upkeep' [515 bytes]
DEBUG:websockets.client:< TEXT '>battle-gen9championsvgc2026regma-1586\n|\n|t:|...1b: Zoroark\n|\n|upkeep' [516 bytes]
DEBUG:websockets.client:< TEXT '>battle-gen9championsvgc2026regma-1586\n|reques...ng":false}]},"rqid":12}' [1440 bytes]
DEBUG:websockets.client:< TEXT '>battle-gen9championsvgc2026regma-1586\n|reques...ng":false}]},"rqid":13}' [1466 bytes]
DEBUG:live_vgc_base:forceSwitch forced_switch_model [battle-gen9championsvgc2026regma-1586] turn 3 a0=None a1=12 opp_splice=on
DEBUG:websockets.client:> TEXT 'battle-gen9championsvgc2026regma-1586|/choose pass, switch Charizard' [68 bytes]
DEBUG:vgc_base:forceSwitch [battle-gen9championsvgc2026regma-1586] force=[True, False] \u2192 /choose switch Basculegion / /choose pass
DEBUG:websockets.client:> TEXT 'battle-gen9championsvgc2026regma-1586|/choose switch Basculegion, pass' [70 bytes]
DEBUG:websockets.client:< TEXT ">battle-gen9championsvgc2026regma-1586\n|error|...ch to an active Pokémon" [115 bytes]
DEBUG:live_vgc_base:forceSwitch forced_switch_model [battle-gen9championsvgc2026regma-1586] turn 3 a0=None a1=12 opp_splice=on
DEBUG:websockets.client:> TEXT 'battle-gen9championsvgc2026regma-1586|/choose pass, switch Charizard' [68 bytes]
DEBUG:websockets.client:< TEXT ">battle-gen9championsvgc2026regma-1586\n|error|...ch to an active Pokémon" [115 bytes]
WARNING:vgc_base:forceSwitch [battle-gen9championsvgc2026regma-1586] re-requested 3× (order rejected) — sending /choose default.
DEBUG:websockets.client:> TEXT 'battle-gen9championsvgc2026regma-1586|/choose default' [53 bytes]
DEBUG:websockets.client:< TEXT '>battle-gen9championsvgc2026regma-1586\n|\n|t:|...L50, M|168/168\n|turn|4' [165 bytes]
DEBUG:websockets.client:< TEXT '>battle-gen9championsvgc2026regma-1586\n|\n|t:|...L50, M|100/100\n|turn|4' [165 bytes]
DEBUG:websockets.client:< TEXT '>battle-gen9championsvgc2026regma-1586\n|reques...ng":false}]},"rqid":14}' [2208 bytes]
DEBUG:websockets.client:< TEXT '>battle-gen9championsvgc2026regma-1586\n|reques...ng":false}]},"rqid":15}' [2233 bytes]
INFO:player:Turn 4 [battle-gen9championsvgc2026regma-1586] value head win-prob: 0.111  (losing)
DEBUG:live_vgc_base:Turn 4 [battle-gen9championsvgc2026regma-1586] a0=0 a1=0 src=model opp_splice=on
DEBUG:websockets.client:> TEXT 'battle-gen9championsvgc2026regma-1586|/choose m...ave, move heatwave mega' [79 bytes]
DEBUG:vgc_base:Turn 4 [battle-gen9championsvgc2026regma-1586] a0=3 a1=0 src=heuristic g0=0 g1=0
DEBUG:websockets.client:> TEXT 'battle-gen9championsvgc2026regma-1586|/choose m...ecrash 1, move heatwave' [77 bytes]
DEBUG:websockets.client:< TEXT '>battle-gen9championsvgc2026regma-1586\n|\n|t:|...nyDay|[upkeep]\n|upkeep' [630 bytes]
DEBUG:websockets.client:< TEXT '>battle-gen9championsvgc2026regma-1586\n|\n|t:|...nyDay|[upkeep]\n|upkeep' [632 bytes]
DEBUG:websockets.client:< TEXT '>battle-gen9championsvgc2026regma-1586\n|reques...ng":false}]},"rqid":16}' [1389 bytes]
DEBUG:websockets.client:< TEXT '>battle-gen9championsvgc2026regma-1586\n|reques...Cancel":true,"rqid":17}' [1481 bytes]
DEBUG:vgc_base:forceSwitch [battle-gen9championsvgc2026regma-1586] force=[False, True] \u2192 /choose pass / /choose switch Whimsicott
DEBUG:websockets.client:> TEXT 'battle-gen9championsvgc2026regma-1586|/choose pass, switch Whimsicott' [69 bytes]
DEBUG:websockets.client:< TEXT '>battle-gen9championsvgc2026regma-1586\n|\n|t:|...L50, M|100/100\n|turn|5' [114 bytes]
DEBUG:websockets.client:< TEXT '>battle-gen9championsvgc2026regma-1586\n|\n|t:|...L50, M|137/137\n|turn|5' [114 bytes]
DEBUG:websockets.client:< TEXT '>battle-gen9championsvgc2026regma-1586\n|reques...ng":false}]},"rqid":18}' [1878 bytes]
DEBUG:websockets.client:< TEXT '>battle-gen9championsvgc2026regma-1586\n|reques...ng":false}]},"rqid":19}' [2211 bytes]
INFO:player:Turn 5 [battle-gen9championsvgc2026regma-1586] value head win-prob: 0.010  (losing)
DEBUG:live_vgc_base:Turn 5 [battle-gen9championsvgc2026regma-1586] a0=0 a1=0 src=model opp_splice=on
DEBUG:vgc_base:_safe_order: action 0 slot 0 \u2192 None, scanning legal actions.
DEBUG:vgc_base:_safe_order: slot 0 has no decodable legal action — sending Pass.
DEBUG:websockets.client:> TEXT 'battle-gen9championsvgc2026regma-1586|/choose pass, move heatwave' [65 bytes]
DEBUG:vgc_base:Turn 5 [battle-gen9championsvgc2026regma-1586] a0=4 a1=7 src=heuristic g0=0 g1=0
DEBUG:websockets.client:> TEXT 'battle-gen9championsvgc2026regma-1586|/choose m...ash 2, move moonblast 2' [80 bytes]
DEBUG:websockets.client:< TEXT '>battle-gen9championsvgc2026regma-1586\n|\n|t:|...legion\n|\n|win|OPheur3' [665 bytes]
DEBUG:websockets.client:< TEXT '>battle-gen9championsvgc2026regma-1586\n|\n|t:|...legion\n|\n|win|OPheur3' [664 bytes]
INFO:vgc_base:Battle battle-gen9championsvgc2026regma-1586 finished — outcome: LOSS  (W/L/D so far: 1/8/0)
DEBUG:websockets.client:> TEXT '|/leave battle-gen9championsvgc2026regma-1586' [45 bytes]
DEBUG:websockets.client:< TEXT '|updatesearch|{"searching":[],"games":{"battle-... 2026 Reg M-A Battle"}}' [124 bytes]
DEBUG:websockets.client:< TEXT '|updatesearch|{"searching":[],"games":{"battle-... 2026 Reg M-A Battle"}}' [124 bytes]
DEBUG:websockets.client:> TEXT 'battle-gen9championsvgc2026regma-1587|/rejectopenteamsheets' [59 bytes]
INFO:vgc_base:Battle battle-gen9championsvgc2026regma-1586 finished — outcome: WIN  (W/L/D so far: 8/1/0)
DEBUG:websockets.client:> TEXT '|/leave battle-gen9championsvgc2026regma-1586' [45 bytes]
DEBUG:websockets.client:> TEXT 'battle-gen9championsvgc2026regma-1587|/rejectopenteamsheets' [59 bytes]
DEBUG:websockets.client:< TEXT '>battle-gen9championsvgc2026regma-1586\n|deinit' [46 bytes]
DEBUG:websockets.client:< TEXT '>battle-gen9championsvgc2026regma-1586\n|l|\u2606BC3' [48 bytes]
DEBUG:websockets.client:< TEXT '>battle-gen9championsvgc2026regma-1587\n|uhtmlchange|otsrequest|' [63 bytes]
DEBUG:websockets.client:< TEXT '>battle-gen9championsvgc2026regma-1587\nBC3 rejected open team sheets.' [69 bytes]
DEBUG:websockets.client:< TEXT '>battle-gen9championsvgc2026regma-1587\n|uhtmlchange|otsrequest|' [63 bytes]
DEBUG:websockets.client:< TEXT '>battle-gen9championsvgc2026regma-1587\nBC3 rejected open team sheets.' [69 bytes]
DEBUG:websockets.client:< TEXT '>battle-gen9championsvgc2026regma-1586\n|deinit' [46 bytes]
DEBUG:websockets.client:< TEXT '>battle-gen9championsvgc2026regma-1587\n|uhtmlchange|otsrequest|' [63 bytes]
DEBUG:websockets.client:< TEXT '>battle-gen9championsvgc2026regma-1587\n|uhtmlchange|otsrequest|' [63 bytes]
DEBUG:websockets.client:< TEXT '>battle-gen9championsvgc2026regma-1587\nOPheur3...ected open team sheets.' [73 bytes]
DEBUG:websockets.client:< TEXT '>battle-gen9championsvgc2026regma-1587\nOPheur3...ected open team sheets.' [73 bytes]
INFO:player:Team-preview [battle-gen9championsvgc2026regma-1587] NET drove: bring=['whimsicott', 'zoroarkhisui', 'ditto', 'charizardmegay'] leads=['whimsicott', 'zoroarkhisui'] (vs opp ['sneasler', 'charizard', 'whimsicott', 'basculegion', 'zoroarkhisui', 'ditto'])
INFO:vgc_base:Teampreview [battle-gen9championsvgc2026regma-1587] \u2192 /team 3562  (whimsicott, zoroarkhisui, ditto, charizardmegay)
DEBUG:websockets.client:> TEXT 'battle-gen9championsvgc2026regma-1587|/team 3562' [48 bytes]
DEBUG:vgc_base:Teampreview: first-4 roster order \u2192 ['sneasler', 'charizardmegay', 'whimsicott', 'basculegion']
INFO:vgc_base:Teampreview [battle-gen9championsvgc2026regma-1587] \u2192 /team 1234  (sneasler, charizardmegay, whimsicott, basculegion)
DEBUG:websockets.client:> TEXT 'battle-gen9championsvgc2026regma-1587|/team 1234' [48 bytes]
DEBUG:websockets.client:< TEXT '>battle-gen9championsvgc2026regma-1587\n|\n|t:|...L50, M|100/100\n|turn|1' [321 bytes]
DEBUG:websockets.client:< TEXT '>battle-gen9championsvgc2026regma-1587\n|\n|t:|...L50, M|168/168\n|turn|1' [321 bytes]
DEBUG:websockets.client:< TEXT '>battle-gen9championsvgc2026regma-1587\n|reques...ing":false}]},"rqid":4}' [2167 bytes]
DEBUG:websockets.client:< TEXT '>battle-gen9championsvgc2026regma-1587\n|reques...ing":false}]},"rqid":5}' [2236 bytes]
INFO:player:Turn 1 [battle-gen9championsvgc2026regma-1587] value head win-prob: 0.351  (losing)
DEBUG:live_vgc_base:Turn 1 [battle-gen9championsvgc2026regma-1587] a0=0 a1=9 src=model opp_splice=on
DEBUG:websockets.client:> TEXT 'battle-gen9championsvgc2026regma-1587|/choose move encore 1, move icywind' [73 bytes]
DEBUG:vgc_base:Turn 1 [battle-gen9championsvgc2026regma-1587] a0=3 a1=0 src=heuristic g0=0 g1=0
DEBUG:websockets.client:> TEXT 'battle-gen9championsvgc2026regma-1587|/choose m...reclaw 1, move heatwave' [76 bytes]
DEBUG:websockets.client:< TEXT '>battle-gen9championsvgc2026regma-1587\n|\n|t:|...rk|Illusion\n|\n|upkeep' [730 bytes]
DEBUG:websockets.client:< TEXT '>battle-gen9championsvgc2026regma-1587\n|\n|t:|...rk|Illusion\n|\n|upkeep' [732 bytes]
DEBUG:websockets.client:< TEXT '>battle-gen9championsvgc2026regma-1587\n|reques...oCancel":true,"rqid":6}' [1410 bytes]
DEBUG:websockets.client:< TEXT '>battle-gen9championsvgc2026regma-1587\n|reques...ing":false}]},"rqid":7}' [1453 bytes]
DEBUG:live_vgc_base:forceSwitch forced_switch_model [battle-gen9championsvgc2026regma-1587] turn 1 a0=13 a1=None opp_splice=on
DEBUG:websockets.client:> TEXT 'battle-gen9championsvgc2026regma-1587|/choose switch Ditto, pass' [64 bytes]
DEBUG:websockets.client:< TEXT '>battle-gen9championsvgc2026regma-1587\n|\n|t:|...lity: Imposter\n|turn|2' [164 bytes]
DEBUG:websockets.client:< TEXT '>battle-gen9championsvgc2026regma-1587\n|\n|t:|...lity: Imposter\n|turn|2' [164 bytes]
DEBUG:websockets.client:< TEXT '>battle-gen9championsvgc2026regma-1587\n|reques...ing":false}]},"rqid":8}' [2188 bytes]
DEBUG:websockets.client:< TEXT '>battle-gen9championsvgc2026regma-1587\n|reques...ing":false}]},"rqid":9}' [2226 bytes]
INFO:player:Turn 2 [battle-gen9championsvgc2026regma-1587] value head win-prob: 0.241  (losing)
DEBUG:live_vgc_base:Turn 2 [battle-gen9championsvgc2026regma-1587] a0=0 a1=9 src=model opp_splice=on
DEBUG:websockets.client:> TEXT 'battle-gen9championsvgc2026regma-1587|/choose move heatwave, move icywind' [73 bytes]
DEBUG:vgc_base:Turn 2 [battle-gen9championsvgc2026regma-1587] a0=3 a1=10 src=heuristic g0=0 g1=0
DEBUG:websockets.client:> TEXT 'battle-gen9championsvgc2026regma-1587|/choose m...law 1, move solarbeam 2' [79 bytes]
DEBUG:websockets.client:< TEXT '>battle-gen9championsvgc2026regma-1587\n|\n|t:|...am\n|\n|upkeep\n|turn|3' [548 bytes]
DEBUG:websockets.client:< TEXT '>battle-gen9championsvgc2026regma-1587\n|\n|t:|...am\n|\n|upkeep\n|turn|3' [548 bytes]
DEBUG:websockets.client:< TEXT '>battle-gen9championsvgc2026regma-1587\n|reques...ng":false}]},"rqid":10}' [2188 bytes]
DEBUG:websockets.client:< TEXT '>battle-gen9championsvgc2026regma-1587\n|reques...ng":false}]},"rqid":11}' [1887 bytes]
INFO:player:Turn 3 [battle-gen9championsvgc2026regma-1587] value head win-prob: 0.640  (winning)
DEBUG:live_vgc_base:Turn 3 [battle-gen9championsvgc2026regma-1587] a0=0 a1=9 src=model opp_splice=on
DEBUG:websockets.client:> TEXT 'battle-gen9championsvgc2026regma-1587|/choose move heatwave, move icywind' [73 bytes]
DEBUG:vgc_base:Turn 3 [battle-gen9championsvgc2026regma-1587] a0=3 a1=10 src=heuristic g0=0 g1=0
DEBUG:websockets.client:> TEXT 'battle-gen9championsvgc2026regma-1587|/choose m...law 1, move solarbeam 2' [79 bytes]
DEBUG:websockets.client:< TEXT '>battle-gen9championsvgc2026regma-1587\n|\n|t:|...1b: Zoroark\n|\n|upkeep' [442 bytes]
DEBUG:websockets.client:< TEXT '>battle-gen9championsvgc2026regma-1587\n|\n|t:|...1b: Zoroark\n|\n|upkeep' [442 bytes]
DEBUG:websockets.client:< TEXT '>battle-gen9championsvgc2026regma-1587\n|reques...Cancel":true,"rqid":12}' [1408 bytes]
DEBUG:websockets.client:< TEXT '>battle-gen9championsvgc2026regma-1587\n|reques...ng":false}]},"rqid":13}' [1451 bytes]
DEBUG:vgc_base:forceSwitch slot 1: no available switch — '/choose default' (handled poke-env desync).
DEBUG:vgc_base:forceSwitch DIAG [battle-gen9championsvgc2026regma-1587] turn=3 slot=1 force=[True, True] available_switches=[['charizard'], ['charizard']] team=[sneasler(act=True,fnt=False,hp=1.0), charizard(act=False,fnt=False,hp=1.0), whimsicott(act=False,fnt=True,hp=0), basculegion(act=False,fnt=False,hp=1.0), zoroarkhisui(act=True,fnt=True,hp=0), ditto(act=True,fnt=True,hp=0)]
DEBUG:websockets.client:> TEXT 'battle-gen9championsvgc2026regma-1587|/choose default' [53 bytes]
DEBUG:websockets.client:< TEXT '>battle-gen9championsvgc2026regma-1587\n|\n|t:|...L50, F|168/168\n|turn|4' [112 bytes]
DEBUG:websockets.client:< TEXT '>battle-gen9championsvgc2026regma-1587\n|\n|t:|...L50, F|100/100\n|turn|4' [112 bytes]
DEBUG:websockets.client:< TEXT '>battle-gen9championsvgc2026regma-1587\n|reques...ng":false}]},"rqid":14}' [2174 bytes]
DEBUG:websockets.client:< TEXT '>battle-gen9championsvgc2026regma-1587\n|reques...ng":false}]},"rqid":15}' [2224 bytes]
INFO:player:Turn 4 [battle-gen9championsvgc2026regma-1587] value head win-prob: 0.067  (losing)
DEBUG:live_vgc_base:Turn 4 [battle-gen9championsvgc2026regma-1587] a0=0 a1=0 src=model opp_splice=on
DEBUG:vgc_base:_safe_order: action 0 slot 1 \u2192 None, scanning legal actions.
DEBUG:vgc_base:_safe_order: slot 1 has no decodable legal action — sending Pass.
DEBUG:websockets.client:> TEXT 'battle-gen9championsvgc2026regma-1587|/choose move heatwave mega, pass' [70 bytes]
DEBUG:vgc_base:Turn 4 [battle-gen9championsvgc2026regma-1587] a0=3 a1=0 src=heuristic g0=0 g1=0
DEBUG:websockets.client:> TEXT 'battle-gen9championsvgc2026regma-1587|/choose m...reclaw 1, move heatwave' [76 bytes]
DEBUG:websockets.client:< TEXT '>battle-gen9championsvgc2026regma-1587\n|\n|t:|...psn|[from] psn\n|upkeep' [622 bytes]
DEBUG:websockets.client:< TEXT '>battle-gen9championsvgc2026regma-1587\n|\n|t:|...psn|[from] psn\n|upkeep' [622 bytes]
DEBUG:websockets.client:< TEXT '>battle-gen9championsvgc2026regma-1587\n|reques...ng":false}]},"rqid":16}' [1383 bytes]
DEBUG:websockets.client:< TEXT '>battle-gen9championsvgc2026regma-1587\n|reques...Cancel":true,"rqid":17}' [1480 bytes]
DEBUG:vgc_base:forceSwitch [battle-gen9championsvgc2026regma-1587] force=[True, True] \u2192 /choose switch Basculegion / /choose switch Whimsicott
DEBUG:websockets.client:> TEXT 'battle-gen9championsvgc2026regma-1587|/choose s...gion, switch Whimsicott' [83 bytes]
DEBUG:websockets.client:< TEXT '>battle-gen9championsvgc2026regma-1587\n|\n|t:|...L50, M|100/100\n|turn|5' [167 bytes]
DEBUG:websockets.client:< TEXT '>battle-gen9championsvgc2026regma-1587\n|\n|t:|...L50, M|137/137\n|turn|5' [167 bytes]
DEBUG:websockets.client:< TEXT '>battle-gen9championsvgc2026regma-1587\n|reques...ng":false}]},"rqid":18}' [2161 bytes]
DEBUG:websockets.client:< TEXT '>battle-gen9championsvgc2026regma-1587\n|reques...ng":false}]},"rqid":19}' [2211 bytes]
INFO:player:Turn 5 [battle-gen9championsvgc2026regma-1587] value head win-prob: 0.001  (losing)
DEBUG:live_vgc_base:Turn 5 [battle-gen9championsvgc2026regma-1587] a0=0 a1=0 src=model opp_splice=on
DEBUG:vgc_base:_safe_order: action 0 slot 1 \u2192 None, scanning legal actions.
DEBUG:vgc_base:_safe_order: slot 1 has no decodable legal action — sending Pass.
DEBUG:websockets.client:> TEXT 'battle-gen9championsvgc2026regma-1587|/choose move heatwave, pass' [65 bytes]
DEBUG:vgc_base:Turn 5 [battle-gen9championsvgc2026regma-1587] a0=3 a1=6 src=heuristic g0=0 g1=0
DEBUG:websockets.client:> TEXT 'battle-gen9championsvgc2026regma-1587|/choose m...ash 1, move moonblast 1' [80 bytes]
DEBUG:websockets.client:< TEXT '>battle-gen9championsvgc2026regma-1587\n|\n|t:|...Recoil\n|\n|win|OPheur3' [666 bytes]
DEBUG:websockets.client:< TEXT '>battle-gen9championsvgc2026regma-1587\n|\n|t:|...Recoil\n|\n|win|OPheur3' [669 bytes]
DEBUG:websockets.client:< TEXT '|updatesearch|{"searching":[],"games":null}' [43 bytes]
INFO:vgc_base:Battle battle-gen9championsvgc2026regma-1587 finished — outcome: LOSS  (W/L/D so far: 1/9/0)
DEBUG:websockets.client:> TEXT '|/leave battle-gen9championsvgc2026regma-1587' [45 bytes]
DEBUG:websockets.client:< TEXT '|updatesearch|{"searching":[],"games":null}' [43 bytes]
INFO:vgc_base:Battle battle-gen9championsvgc2026regma-1587 finished — outcome: WIN  (W/L/D so far: 9/1/0)
DEBUG:websockets.client:> TEXT '|/leave battle-gen9championsvgc2026regma-1587' [45 bytes]
DEBUG:websockets.client:< TEXT '>battle-gen9championsvgc2026regma-1587\n|deinit' [46 bytes]
DEBUG:websockets.client:< TEXT '>battle-gen9championsvgc2026regma-1587\n|l|\u2606BC3' [48 bytes]
DEBUG:websockets.client:< TEXT '>battle-gen9championsvgc2026regma-1587\n|deinit' [46 bytes]
DEBUG:websockets.client:> CLOSE 1000 (OK) [2 bytes]
DEBUG:websockets.client:= connection is CLOSING
DEBUG:websockets.client:< CLOSE 1000 (OK) [2 bytes]
DEBUG:websockets.client:< EOF
DEBUG:websockets.client:> EOF
DEBUG:websockets.client:= connection is CLOSED
DEBUG:websockets.client:x half-closing TCP connection
DEBUG:websockets.client:> CLOSE 1000 (OK) [2 bytes]
DEBUG:websockets.client:= connection is CLOSING
DEBUG:websockets.client:< CLOSE 1000 (OK) [2 bytes]
DEBUG:websockets.client:< EOF
DEBUG:websockets.client:> EOF
DEBUG:websockets.client:= connection is CLOSED
DEBUG:websockets.client:x half-closing TCP connection
INFO:__main__:vs heuristic: 1/10
