DEBUG:asyncio:Using proactor: IocpProactor
DEBUG:asyncio:Using proactor: IocpProactor
INFO:run_local_battle:Showdown server already running on port 8000 — skipping launch.
INFO:run_local_battle:Loaded team from D:\ShowdownProject\Victory-Dance\teams\M-A\Trickery
INFO:run_local_battle:Loaded team from D:\ShowdownProject\Victory-Dance\teams\M-A\Trickery
INFO:vgc_base:Loaded default BeliefState from D:\ShowdownProject\Victory-Dance\data\pikalytics_regma.json
INFO:player:VGCPlayer: loaded battle model from ai_train_scripts\BC_model\checkpoints\bc_best.pt (heads=('our_a', 'our_b'))
INFO:player:VGCPlayer: loaded team-chooser from D:\ShowdownProject\Victory-Dance\ai_train_scripts\teamPreview_model\checkpoints\teampreview_best.pt (vocab=190)
INFO:player:VGCPlayer ready (gap-#6 splice) | battle_model=loaded (ai_train_scripts\BC_model\checkpoints\bc_best.pt) | team_chooser=loaded (D:\ShowdownProject\Victory-Dance\ai_train_scripts\teamPreview_model\checkpoints\teampreview_best.pt) | replay=D:\ShowdownProject\Victory-Dance\replay_buffer\BC1.jsonl
INFO:random_player:RandomVGCPlayer ready (gap-#6 splice) | replay=D:\ShowdownProject\Victory-Dance\replay_buffer\OPrand1.jsonl
DEBUG:websockets.client:= connection is CONNECTING
DEBUG:websockets.client:> GET /showdown/websocket HTTP/1.1
DEBUG:websockets.client:> Host: localhost:8000
DEBUG:websockets.client:> Upgrade: websocket
DEBUG:websockets.client:> Connection: Upgrade
DEBUG:websockets.client:> Sec-WebSocket-Key: SnSOHzG94QmrHwZw7JijxA==
DEBUG:websockets.client:> Sec-WebSocket-Version: 13
DEBUG:websockets.client:> Sec-WebSocket-Extensions: permessage-deflate; client_max_window_bits
DEBUG:websockets.client:> User-Agent: Python/3.12 websockets/16.0
DEBUG:websockets.client:< HTTP/1.1 101 Switching Protocols
DEBUG:websockets.client:< Upgrade: websocket
DEBUG:websockets.client:< Connection: Upgrade
DEBUG:websockets.client:< Sec-WebSocket-Accept: /roQQi/6c2+jCFMC6YA7czWu9kI=
DEBUG:websockets.client:= connection is OPEN
DEBUG:websockets.client:< TEXT '|updateuser| Guest 1189|0|1|{"blockChallenges":...c|[Gen 1] Custom Game,c' [8616 bytes]
DEBUG:websockets.client:< TEXT '|challstr|4|3cadafbac2d28b639e0e88faf374b33526e...99c5fe7003f5c6711889a6d' [268 bytes]
DEBUG:websockets.client:> TEXT '|/trn BC1,0,' [12 bytes]
DEBUG:websockets.client:< TEXT '|updatesearch|{"searching":[],"games":null}' [43 bytes]
DEBUG:websockets.client:< TEXT '|updateuser| BC1|1|266|{"blockChallenges":false...:false,"language":null}' [346 bytes]
DEBUG:websockets.client:< TEXT '|updatesearch|{"searching":[],"games":null}' [43 bytes]
DEBUG:websockets.client:= connection is CONNECTING
DEBUG:websockets.client:> GET /showdown/websocket HTTP/1.1
DEBUG:websockets.client:> Host: localhost:8000
DEBUG:websockets.client:> Upgrade: websocket
DEBUG:websockets.client:> Connection: Upgrade
DEBUG:websockets.client:> Sec-WebSocket-Key: giZWaGNg9jZ6f+0E+wmVQw==
DEBUG:websockets.client:> Sec-WebSocket-Version: 13
DEBUG:websockets.client:> Sec-WebSocket-Extensions: permessage-deflate; client_max_window_bits
DEBUG:websockets.client:> User-Agent: Python/3.12 websockets/16.0
DEBUG:websockets.client:< HTTP/1.1 101 Switching Protocols
DEBUG:websockets.client:< Upgrade: websocket
DEBUG:websockets.client:< Connection: Upgrade
DEBUG:websockets.client:< Sec-WebSocket-Accept: yaLHiMQkGJJc/zK6ZZrJiOWNQTk=
DEBUG:websockets.client:= connection is OPEN
DEBUG:websockets.client:< TEXT '|updateuser| Guest 1190|0|169|{"blockChallenges...c|[Gen 1] Custom Game,c' [8618 bytes]
DEBUG:websockets.client:< TEXT '|challstr|4|374df778e6bb3b1b46ab93d7961935e13f5...33e81b787559147473ab75f' [268 bytes]
DEBUG:websockets.client:> TEXT '|/trn OPrand1,0,' [16 bytes]
DEBUG:websockets.client:< TEXT '|updatesearch|{"searching":[],"games":null}' [43 bytes]
DEBUG:websockets.client:< TEXT '|updateuser| OPrand1|1|266|{"blockChallenges":f...:false,"language":null}' [350 bytes]
DEBUG:websockets.client:< TEXT '|updatesearch|{"searching":[],"games":null}' [43 bytes]
DEBUG:websockets.client:> TEXT '|/utm Sneasler||whiteherb|unburden|fakeout,dire...Naive|32,2,,,,32||||50|' [550 bytes]
DEBUG:websockets.client:> TEXT '|/challenge oprand1, gen9championsvgc2026regma' [46 bytes]
DEBUG:websockets.client:< TEXT '|pm| BC1| OPrand1|/challenge gen9championsvgc20...hampionsvgc2026regma|||' [83 bytes]
DEBUG:websockets.client:< TEXT '|pm| BC1| OPrand1|/challenge gen9championsvgc20...hampionsvgc2026regma|||' [83 bytes]
DEBUG:websockets.client:< TEXT '|pm| BC1| OPrand1|/log BC1 wants to battle!' [43 bytes]
DEBUG:websockets.client:< TEXT '|pm| BC1| OPrand1|/log BC1 wants to battle!' [43 bytes]
DEBUG:websockets.client:> TEXT '|/utm Sneasler||whiteherb|unburden|fakeout,dire...Naive|32,2,,,,32||||50|' [550 bytes]
DEBUG:websockets.client:> TEXT '|/accept bc1' [12 bytes]
DEBUG:websockets.client:< TEXT '|pm| OPrand1| BC1|/challenge' [28 bytes]
DEBUG:websockets.client:< TEXT '|pm| OPrand1| BC1|/challenge' [28 bytes]
DEBUG:websockets.client:< TEXT '|updatesearch|{"searching":[],"games":null}' [43 bytes]
DEBUG:websockets.client:< TEXT '|updatesearch|{"searching":[],"games":null}' [43 bytes]
DEBUG:websockets.client:< TEXT '|updatesearch|{"searching":[],"games":{"battle-... 2026 Reg M-A Battle"}}' [124 bytes]
DEBUG:websockets.client:< TEXT '|updatesearch|{"searching":[],"games":{"battle-... 2026 Reg M-A Battle"}}' [124 bytes]
DEBUG:websockets.client:< TEXT '|updatesearch|{"searching":[],"games":{"battle-... 2026 Reg M-A Battle"}}' [124 bytes]
DEBUG:websockets.client:< TEXT '|updatesearch|{"searching":[],"games":{"battle-... 2026 Reg M-A Battle"}}' [124 bytes]
DEBUG:websockets.client:< TEXT '>battle-gen9championsvgc2026regma-1920\n|init|b... vs. OPrand1\n|j|☆BC1\n' [85 bytes]
DEBUG:websockets.client:< TEXT '>battle-gen9championsvgc2026regma-1920\n|j|☆OPrand1' [52 bytes]
DEBUG:websockets.client:< TEXT '>battle-gen9championsvgc2026regma-1920\n|init|b...n|j|☆BC1\n|j|☆OPrand1\n' [99 bytes]
DEBUG:websockets.client:< TEXT '|pm| OPrand1| BC1|/nonotify OPrand1 accepted th...26regma-1920</a>&raquo;' [173 bytes]
DEBUG:websockets.client:< TEXT '|pm| OPrand1| BC1|/nonotify OPrand1 accepted th...26regma-1920</a>&raquo;' [173 bytes]
DEBUG:websockets.client:> TEXT 'battle-gen9championsvgc2026regma-1920|/rejectopenteamsheets' [59 bytes]
DEBUG:websockets.client:< TEXT '>battle-gen9championsvgc2026regma-1920\n|t:|1781646009\n|gametype|doubles' [71 bytes]
DEBUG:websockets.client:< TEXT '>battle-gen9championsvgc2026regma-1920\n|t:|1781646009\n|gametype|doubles' [71 bytes]
DEBUG:websockets.client:> TEXT '|/utm Sneasler||whiteherb|unburden|fakeout,dire...Naive|32,2,,,,32||||50|' [550 bytes]
DEBUG:websockets.client:> TEXT '|/challenge oprand1, gen9championsvgc2026regma' [46 bytes]
DEBUG:websockets.client:> TEXT 'battle-gen9championsvgc2026regma-1920|/rejectopenteamsheets' [59 bytes]
DEBUG:websockets.client:< TEXT '>battle-gen9championsvgc2026regma-1920\n|player|p1|BC1|266|' [58 bytes]
DEBUG:websockets.client:< TEXT '>battle-gen9championsvgc2026regma-1920\n|player|p1|BC1|266|' [58 bytes]
DEBUG:websockets.client:< TEXT '>battle-gen9championsvgc2026regma-1920\n|player...heets</strong></button>' [857 bytes]
DEBUG:websockets.client:< TEXT '>battle-gen9championsvgc2026regma-1920\n|player...heets</strong></button>' [857 bytes]
DEBUG:websockets.client:< TEXT '>battle-gen9championsvgc2026regma-1920\n|reques...ing":false}]},"rqid":3}' [2097 bytes]
DEBUG:websockets.client:< TEXT '>battle-gen9championsvgc2026regma-1920\n|uhtmlchange|otsrequest|' [63 bytes]
DEBUG:websockets.client:< TEXT '>battle-gen9championsvgc2026regma-1920\nBC1 rejected open team sheets.' [69 bytes]
DEBUG:websockets.client:< TEXT '>battle-gen9championsvgc2026regma-1920\n|reques...ing":false}]},"rqid":2}' [2093 bytes]
DEBUG:websockets.client:< TEXT '>battle-gen9championsvgc2026regma-1920\n|uhtmlchange|otsrequest|' [63 bytes]
DEBUG:websockets.client:< TEXT '>battle-gen9championsvgc2026regma-1920\nBC1 rejected open team sheets.' [69 bytes]
DEBUG:websockets.client:< TEXT '>battle-gen9championsvgc2026regma-1920\n|uhtmlchange|otsrequest|' [63 bytes]
DEBUG:websockets.client:< TEXT '>battle-gen9championsvgc2026regma-1920\n|uhtmlchange|otsrequest|' [63 bytes]
DEBUG:websockets.client:< TEXT '>battle-gen9championsvgc2026regma-1920\nOPrand1...ected open team sheets.' [73 bytes]
INFO:player:Team-preview [battle-gen9championsvgc2026regma-1920] NET drove: bring=['whimsicott', 'zoroarkhisui', 'ditto', 'charizardmegay'] leads=['whimsicott', 'zoroarkhisui'] (vs opp ['sneasler', 'charizard', 'whimsicott', 'basculegion', 'zoroarkhisui', 'ditto'])
INFO:vgc_base:Teampreview [battle-gen9championsvgc2026regma-1920] → /team 3562  (whimsicott, zoroarkhisui, ditto, charizardmegay)
DEBUG:websockets.client:> TEXT 'battle-gen9championsvgc2026regma-1920|/team 3562' [48 bytes]
DEBUG:websockets.client:< TEXT '>battle-gen9championsvgc2026regma-1920\nOPrand1...ected open team sheets.' [73 bytes]
INFO:vgc_base:Teampreview [battle-gen9championsvgc2026regma-1920] → /team 6234  (ditto, charizardmegay, whimsicott, basculegion)
DEBUG:websockets.client:> TEXT 'battle-gen9championsvgc2026regma-1920|/team 6234' [48 bytes]
DEBUG:websockets.client:< TEXT '|pm| BC1| OPrand1|/challenge gen9championsvgc20...hampionsvgc2026regma|||' [83 bytes]
DEBUG:websockets.client:< TEXT '|pm| BC1| OPrand1|/log BC1 wants to battle!' [43 bytes]
DEBUG:websockets.client:< TEXT '|pm| BC1| OPrand1|/challenge gen9championsvgc20...hampionsvgc2026regma|||' [83 bytes]
DEBUG:websockets.client:< TEXT '|pm| BC1| OPrand1|/log BC1 wants to battle!' [43 bytes]
DEBUG:websockets.client:> TEXT '|/utm Sneasler||whiteherb|unburden|fakeout,dire...Naive|32,2,,,,32||||50|' [550 bytes]
DEBUG:websockets.client:> TEXT '|/accept bc1' [12 bytes]
DEBUG:websockets.client:< TEXT '>battle-gen9championsvgc2026regma-1920\n|\n|t:|...L50, F|100/100\n|turn|1' [312 bytes]
DEBUG:websockets.client:< TEXT '>battle-gen9championsvgc2026regma-1920\n|\n|t:|...L50, F|168/168\n|turn|1' [312 bytes]
DEBUG:websockets.client:< TEXT '>battle-gen9championsvgc2026regma-1920\n|reques...ing":false}]},"rqid":4}' [2167 bytes]
DEBUG:websockets.client:< TEXT '>battle-gen9championsvgc2026regma-1920\n|reques...ing":false}]},"rqid":5}' [1916 bytes]
DEBUG:websockets.client:< TEXT '|pm| OPrand1| BC1|/challenge' [28 bytes]
DEBUG:websockets.client:< TEXT '|pm| OPrand1| BC1|/challenge' [28 bytes]
INFO:player:Turn 1 [battle-gen9championsvgc2026regma-1920] value head win-prob: 0.109  (losing)
DEBUG:live_vgc_base:Turn 1 [battle-gen9championsvgc2026regma-1920] a0=0 a1=9 src=model opp_splice=on
DEBUG:websockets.client:> TEXT 'battle-gen9championsvgc2026regma-1920|/choose move encore 1, move icywind' [73 bytes]
DEBUG:live_vgc_base:Turn 1 [battle-gen9championsvgc2026regma-1920] a0=13 a1=13 src=random opp_splice=on
DEBUG:vgc_base:switchDIAG [battle-gen9championsvgc2026regma-1920] turn=1 slot=0 ctx=normal chosen=basculegion#4352 in_active_set=False active=['ditto#5088(act=True,fnt=False)', 'charizard#3616(act=True,fnt=False)'] own_bench=['whimsicott#3984', 'basculegion#4352'] available_switches=[['whimsicott', 'basculegion'], ['whimsicott', 'basculegion']] request={'p2: Ditto': (True, False), 'p2: Charizard': (True, False), 'p2: Whimsicott': (False, False), 'p2: Basculegion': (False, False)}
DEBUG:vgc_base:switchDIAG [battle-gen9championsvgc2026regma-1920] turn=1 slot=1 ctx=normal chosen=basculegion#4352 in_active_set=False active=['ditto#5088(act=True,fnt=False)', 'charizard#3616(act=True,fnt=False)'] own_bench=['whimsicott#3984', 'basculegion#4352'] available_switches=[['whimsicott', 'basculegion'], ['whimsicott', 'basculegion']] request={'p2: Ditto': (True, False), 'p2: Charizard': (True, False), 'p2: Whimsicott': (False, False), 'p2: Basculegion': (False, False)}
DEBUG:websockets.client:> TEXT 'battle-gen9championsvgc2026regma-1920|/choose s...ion, switch Basculegion' [84 bytes]
DEBUG:websockets.client:< TEXT '|updatesearch|{"searching":[],"games":{"battle-... 2026 Reg M-A Battle"}}' [124 bytes]
DEBUG:websockets.client:< TEXT '|updatesearch|{"searching":[],"games":{"battle-... 2026 Reg M-A Battle"}}' [208 bytes]
DEBUG:websockets.client:< TEXT '|updatesearch|{"searching":[],"games":{"battle-... 2026 Reg M-A Battle"}}' [208 bytes]
DEBUG:websockets.client:< TEXT '|updatesearch|{"searching":[],"games":{"battle-... 2026 Reg M-A Battle"}}' [124 bytes]
DEBUG:websockets.client:< TEXT '>battle-gen9championsvgc2026regma-1921\n|init|b... vs. OPrand1\n|j|☆BC1\n' [85 bytes]
DEBUG:websockets.client:< TEXT '>battle-gen9championsvgc2026regma-1921\n|j|☆OPrand1' [52 bytes]
DEBUG:websockets.client:< TEXT '|pm| OPrand1| BC1|/nonotify OPrand1 accepted th...26regma-1921</a>&raquo;' [173 bytes]
DEBUG:websockets.client:< TEXT '>battle-gen9championsvgc2026regma-1921\n|t:|1781646009\n|gametype|doubles' [71 bytes]
DEBUG:websockets.client:< TEXT '>battle-gen9championsvgc2026regma-1921\n|player|p1|BC1|266|' [58 bytes]
DEBUG:websockets.client:< TEXT '>battle-gen9championsvgc2026regma-1921\n|player...heets</strong></button>' [857 bytes]
DEBUG:websockets.client:< TEXT '>battle-gen9championsvgc2026regma-1921\n|reques...ing":false}]},"rqid":2}' [2093 bytes]
DEBUG:websockets.client:< TEXT '|updatesearch|{"searching":[],"games":{"battle-... 2026 Reg M-A Battle"}}' [208 bytes]
DEBUG:websockets.client:< TEXT '|updatesearch|{"searching":[],"games":{"battle-... 2026 Reg M-A Battle"}}' [208 bytes]
DEBUG:websockets.client:< TEXT '>battle-gen9championsvgc2026regma-1921\n|init|b...n|j|☆BC1\n|j|☆OPrand1\n' [99 bytes]
DEBUG:websockets.client:< TEXT '|pm| OPrand1| BC1|/nonotify OPrand1 accepted th...26regma-1921</a>&raquo;' [173 bytes]
DEBUG:websockets.client:< TEXT '>battle-gen9championsvgc2026regma-1921\n|t:|1781646009\n|gametype|doubles' [71 bytes]
DEBUG:websockets.client:< TEXT '>battle-gen9championsvgc2026regma-1921\n|player|p1|BC1|266|' [58 bytes]
DEBUG:websockets.client:< TEXT '>battle-gen9championsvgc2026regma-1921\n|player...heets</strong></button>' [857 bytes]
DEBUG:websockets.client:< TEXT '>battle-gen9championsvgc2026regma-1921\n|reques...ing":false}]},"rqid":3}' [2097 bytes]
DEBUG:websockets.client:< TEXT ">battle-gen9championsvgc2026regma-1920\n|error|...can only switch in once" [123 bytes]
DEBUG:live_vgc_base:Turn 1 [battle-gen9championsvgc2026regma-1920] a0=13 a1=9 src=random opp_splice=on
DEBUG:vgc_base:switchDIAG [battle-gen9championsvgc2026regma-1920] turn=1 slot=0 ctx=normal chosen=basculegion#4352 in_active_set=False active=['ditto#5088(act=True,fnt=False)', 'charizard#3616(act=True,fnt=False)'] own_bench=['whimsicott#3984', 'basculegion#4352'] available_switches=[['whimsicott', 'basculegion'], ['whimsicott', 'basculegion']] request={'p2: Ditto': (True, False), 'p2: Charizard': (True, False), 'p2: Whimsicott': (False, False), 'p2: Basculegion': (False, False)}
DEBUG:websockets.client:> TEXT 'battle-gen9championsvgc2026regma-1920|/choose s...egion, move solarbeam 1' [82 bytes]
DEBUG:websockets.client:< TEXT '>battle-gen9championsvgc2026regma-1920\n|\n|t:|...am\n|\n|upkeep\n|turn|2' [486 bytes]
DEBUG:websockets.client:< TEXT '>battle-gen9championsvgc2026regma-1920\n|\n|t:|...am\n|\n|upkeep\n|turn|2' [488 bytes]
DEBUG:websockets.client:< TEXT '>battle-gen9championsvgc2026regma-1920\n|reques...ing":false}]},"rqid":6}' [2167 bytes]
DEBUG:websockets.client:< TEXT '>battle-gen9championsvgc2026regma-1920\n|reques...ing":false}]},"rqid":7}' [1853 bytes]
DEBUG:live_vgc_base:Turn 2 [battle-gen9championsvgc2026regma-1920] a0=6 a1=9 src=random opp_splice=on
DEBUG:websockets.client:> TEXT 'battle-gen9championsvgc2026regma-1920|/choose m...otect, move solarbeam 1' [76 bytes]
INFO:player:Turn 2 [battle-gen9championsvgc2026regma-1920] value head win-prob: 0.753  (winning)
DEBUG:live_vgc_base:Turn 2 [battle-gen9championsvgc2026regma-1920] a0=0 a1=9 src=model opp_splice=on
DEBUG:websockets.client:> TEXT 'battle-gen9championsvgc2026regma-1920|/choose move encore 1, move icywind' [73 bytes]
DEBUG:websockets.client:< TEXT '>battle-gen9championsvgc2026regma-1920\n|\n|t:|...37\n|\n|upkeep\n|turn|3' [560 bytes]
DEBUG:websockets.client:< TEXT '>battle-gen9championsvgc2026regma-1920\n|\n|t:|...00\n|\n|upkeep\n|turn|3' [560 bytes]
DEBUG:websockets.client:< TEXT '>battle-gen9championsvgc2026regma-1920\n|reques...ing":false}]},"rqid":8}' [2166 bytes]
DEBUG:websockets.client:< TEXT '>battle-gen9championsvgc2026regma-1920\n|reques...ing":false}]},"rqid":9}' [2190 bytes]
DEBUG:live_vgc_base:Turn 3 [battle-gen9championsvgc2026regma-1920] a0=1 a1=11 src=random opp_splice=on
DEBUG:websockets.client:> TEXT 'battle-gen9championsvgc2026regma-1920|/choose m...rn 2, move solarbeam -1' [80 bytes]
INFO:player:Turn 3 [battle-gen9championsvgc2026regma-1920] value head win-prob: 0.857  (winning)
DEBUG:live_vgc_base:Turn 3 [battle-gen9championsvgc2026regma-1920] a0=0 a1=9 src=model opp_splice=on
DEBUG:websockets.client:> TEXT 'battle-gen9championsvgc2026regma-1920|/choose move encore 1, move icywind' [73 bytes]
DEBUG:websockets.client:< TEXT '>battle-gen9championsvgc2026regma-1920\n|\n|t:|...am\n|\n|upkeep\n|turn|4' [478 bytes]
DEBUG:websockets.client:< TEXT '>battle-gen9championsvgc2026regma-1920\n|\n|t:|...am\n|\n|upkeep\n|turn|4' [478 bytes]
DEBUG:websockets.client:< TEXT '>battle-gen9championsvgc2026regma-1920\n|reques...ng":false}]},"rqid":10}' [2167 bytes]
DEBUG:websockets.client:< TEXT '>battle-gen9championsvgc2026regma-1920\n|reques...ng":false}]},"rqid":11}' [1850 bytes]
DEBUG:live_vgc_base:Turn 4 [battle-gen9championsvgc2026regma-1920] a0=6 a1=9 src=random opp_splice=on
DEBUG:websockets.client:> TEXT 'battle-gen9championsvgc2026regma-1920|/choose m...otect, move solarbeam 1' [76 bytes]
INFO:player:Turn 4 [battle-gen9championsvgc2026regma-1920] value head win-prob: 0.888  (winning)
DEBUG:live_vgc_base:Turn 4 [battle-gen9championsvgc2026regma-1920] a0=0 a1=9 src=model opp_splice=on
DEBUG:websockets.client:> TEXT 'battle-gen9championsvgc2026regma-1920|/choose move encore 1, move icywind' [73 bytes]
DEBUG:websockets.client:< TEXT '>battle-gen9championsvgc2026regma-1920\n|\n|t:|...00\n|\n|upkeep\n|turn|5' [554 bytes]
DEBUG:websockets.client:< TEXT '>battle-gen9championsvgc2026regma-1920\n|\n|t:|...97\n|\n|upkeep\n|turn|5' [555 bytes]
DEBUG:websockets.client:< TEXT '>battle-gen9championsvgc2026regma-1920\n|reques...ng":false}]},"rqid":12}' [2167 bytes]
DEBUG:websockets.client:< TEXT '>battle-gen9championsvgc2026regma-1920\n|reques...ng":false}]},"rqid":13}' [2187 bytes]
DEBUG:live_vgc_base:Turn 5 [battle-gen9championsvgc2026regma-1920] a0=13 a1=11 src=random opp_splice=on
DEBUG:vgc_base:switchDIAG [battle-gen9championsvgc2026regma-1920] turn=5 slot=0 ctx=normal chosen=ditto#5088 in_active_set=False active=['basculegion#4352(act=True,fnt=False)', 'charizard#3616(act=True,fnt=False)'] own_bench=['whimsicott#3984', 'ditto#5088'] available_switches=[['whimsicott', 'ditto'], ['whimsicott', 'ditto']] request={'p2: Basculegion': (True, False), 'p2: Charizard': (True, False), 'p2: Whimsicott': (False, False), 'p2: Ditto': (False, False)}
DEBUG:websockets.client:> TEXT 'battle-gen9championsvgc2026regma-1920|/choose s...itto, move solarbeam -1' [77 bytes]
INFO:player:Turn 5 [battle-gen9championsvgc2026regma-1920] value head win-prob: 0.960  (winning)
DEBUG:live_vgc_base:Turn 5 [battle-gen9championsvgc2026regma-1920] a0=0 a1=9 src=model opp_splice=on
DEBUG:websockets.client:> TEXT 'battle-gen9championsvgc2026regma-1920|/choose move encore 1, move icywind' [73 bytes]
DEBUG:websockets.client:< TEXT '>battle-gen9championsvgc2026regma-1920\n|\n|t:|...am\n|\n|upkeep\n|turn|6' [423 bytes]
DEBUG:websockets.client:< TEXT '>battle-gen9championsvgc2026regma-1920\n|\n|t:|...am\n|\n|upkeep\n|turn|6' [424 bytes]
DEBUG:websockets.client:< TEXT '>battle-gen9championsvgc2026regma-1920\n|reques...ng":false}]},"rqid":14}' [2167 bytes]
DEBUG:websockets.client:< TEXT '>battle-gen9championsvgc2026regma-1920\n|reques...ng":false}]},"rqid":15}' [1577 bytes]
DEBUG:live_vgc_base:Turn 6 [battle-gen9championsvgc2026regma-1920] a0=2 a1=10 src=random opp_splice=on
DEBUG:websockets.client:> TEXT 'battle-gen9championsvgc2026regma-1920|/choose m...rm -2, move solarbeam 2' [81 bytes]
INFO:player:Turn 6 [battle-gen9championsvgc2026regma-1920] value head win-prob: 0.804  (winning)
DEBUG:live_vgc_base:Turn 6 [battle-gen9championsvgc2026regma-1920] a0=0 a1=9 src=model opp_splice=on
DEBUG:websockets.client:> TEXT 'battle-gen9championsvgc2026regma-1920|/choose move encore 1, move icywind' [73 bytes]
DEBUG:websockets.client:< TEXT '>battle-gen9championsvgc2026regma-1920\n|\n|t:|...|p2a: Ditto\n|\n|upkeep' [386 bytes]
DEBUG:websockets.client:< TEXT '>battle-gen9championsvgc2026regma-1920\n|\n|t:|...|p2a: Ditto\n|\n|upkeep' [386 bytes]
DEBUG:websockets.client:< TEXT '>battle-gen9championsvgc2026regma-1920\n|reques...Cancel":true,"rqid":17}' [1437 bytes]
DEBUG:websockets.client:< TEXT '>battle-gen9championsvgc2026regma-1920\n|reques...ng":false}]},"rqid":16}' [1392 bytes]
DEBUG:vgc_base:forceSwitch [battle-gen9championsvgc2026regma-1920] force=[False, True] → /choose pass / /choose switch Whimsicott
DEBUG:websockets.client:> TEXT 'battle-gen9championsvgc2026regma-1920|/choose pass, switch Whimsicott' [69 bytes]
DEBUG:websockets.client:< TEXT '>battle-gen9championsvgc2026regma-1920\n|\n|t:|...L50, F|100/100\n|turn|7' [114 bytes]
DEBUG:websockets.client:< TEXT '>battle-gen9championsvgc2026regma-1920\n|\n|t:|...L50, F|137/137\n|turn|7' [114 bytes]
DEBUG:websockets.client:< TEXT '>battle-gen9championsvgc2026regma-1920\n|reques...ng":false}]},"rqid":18}' [2167 bytes]
DEBUG:websockets.client:< TEXT '>battle-gen9championsvgc2026regma-1920\n|reques...ng":false}]},"rqid":19}' [1892 bytes]
INFO:player:Turn 7 [battle-gen9championsvgc2026regma-1920] value head win-prob: 0.992  (winning)
DEBUG:live_vgc_base:Turn 7 [battle-gen9championsvgc2026regma-1920] a0=0 a1=9 src=model opp_splice=on
DEBUG:websockets.client:> TEXT 'battle-gen9championsvgc2026regma-1920|/choose move encore 1, move icywind' [73 bytes]
DEBUG:live_vgc_base:Turn 7 [battle-gen9championsvgc2026regma-1920] a0=12 a1=2 src=random opp_splice=on
DEBUG:vgc_base:switchDIAG [battle-gen9championsvgc2026regma-1920] turn=7 slot=0 ctx=normal chosen=basculegion#4352 in_active_set=False active=['ditto#5088(act=True,fnt=False)', 'whimsicott#3984(act=True,fnt=False)'] own_bench=['basculegion#4352'] available_switches=[['basculegion'], ['basculegion']] request={'p2: Ditto': (True, False), 'p2: Whimsicott': (True, False), 'p2: Charizard': (False, True), 'p2: Basculegion': (False, False)}
DEBUG:websockets.client:> TEXT 'battle-gen9championsvgc2026regma-1920|/choose s...ulegion, move encore -1' [80 bytes]
DEBUG:websockets.client:< TEXT '>battle-gen9championsvgc2026regma-1920\n|\n|t:|...|1\n|\n|upkeep\n|turn|8' [528 bytes]
DEBUG:websockets.client:< TEXT '>battle-gen9championsvgc2026regma-1920\n|\n|t:|...|1\n|\n|upkeep\n|turn|8' [528 bytes]
DEBUG:websockets.client:< TEXT '>battle-gen9championsvgc2026regma-1920\n|reques...ng":false}]},"rqid":20}' [2166 bytes]
DEBUG:websockets.client:< TEXT '>battle-gen9championsvgc2026regma-1920\n|reques...ng":false}]},"rqid":21}' [2165 bytes]
INFO:player:Turn 8 [battle-gen9championsvgc2026regma-1920] value head win-prob: 0.997  (winning)
DEBUG:live_vgc_base:Turn 8 [battle-gen9championsvgc2026regma-1920] a0=0 a1=9 src=model opp_splice=on
DEBUG:websockets.client:> TEXT 'battle-gen9championsvgc2026regma-1920|/choose move encore 1, move icywind' [73 bytes]
DEBUG:live_vgc_base:Turn 8 [battle-gen9championsvgc2026regma-1920] a0=5 a1=1 src=random opp_splice=on
DEBUG:websockets.client:> TEXT 'battle-gen9championsvgc2026regma-1920|/choose m...crash -2, move encore 2' [78 bytes]
DEBUG:websockets.client:< TEXT '>battle-gen9championsvgc2026regma-1920\n|\n|t:|...Basculegion\n|\n|upkeep' [449 bytes]
DEBUG:websockets.client:< TEXT '>battle-gen9championsvgc2026regma-1920\n|\n|t:|...Basculegion\n|\n|upkeep' [449 bytes]
DEBUG:websockets.client:< TEXT '>battle-gen9championsvgc2026regma-1920\n|reques...ng":false}]},"rqid":22}' [1392 bytes]
DEBUG:websockets.client:< TEXT '>battle-gen9championsvgc2026regma-1920\n|reques...Cancel":true,"rqid":23}' [1435 bytes]
DEBUG:vgc_base:forceSwitch [battle-gen9championsvgc2026regma-1920] force=[True, False] → /choose switch Ditto / /choose pass
DEBUG:websockets.client:> TEXT 'battle-gen9championsvgc2026regma-1920|/choose switch Ditto, pass' [64 bytes]
DEBUG:websockets.client:< TEXT '>battle-gen9championsvgc2026regma-1920\n|\n|t:|...to, L50|37/100\n|turn|9' [100 bytes]
DEBUG:websockets.client:< TEXT '>battle-gen9championsvgc2026regma-1920\n|\n|t:|...to, L50|58/155\n|turn|9' [100 bytes]
DEBUG:websockets.client:< TEXT '>battle-gen9championsvgc2026regma-1920\n|reques...ng":false}]},"rqid":24}' [2162 bytes]
DEBUG:websockets.client:< TEXT '>battle-gen9championsvgc2026regma-1920\n|reques...ng":false}]},"rqid":25}' [1890 bytes]
DEBUG:live_vgc_base:Turn 9 [battle-gen9championsvgc2026regma-1920] a0=2 a1=11 src=random opp_splice=on
DEBUG:websockets.client:> TEXT 'battle-gen9championsvgc2026regma-1920|/choose m...-2, move helpinghand -1' [84 bytes]
INFO:player:Turn 9 [battle-gen9championsvgc2026regma-1920] value head win-prob: 0.999  (winning)
DEBUG:live_vgc_base:Turn 9 [battle-gen9championsvgc2026regma-1920] a0=6 a1=9 src=model opp_splice=on
DEBUG:websockets.client:> TEXT 'battle-gen9championsvgc2026regma-1920|/choose m...onblast 1, move icywind' [76 bytes]
DEBUG:websockets.client:< TEXT '>battle-gen9championsvgc2026regma-1920\n|\n|t:|...Whimsicott\n|\n|win|BC1' [392 bytes]
DEBUG:websockets.client:< TEXT '>battle-gen9championsvgc2026regma-1920\n|\n|t:|...Whimsicott\n|\n|win|BC1' [392 bytes]
DEBUG:websockets.client:< TEXT '|updatesearch|{"searching":[],"games":{"battle-... 2026 Reg M-A Battle"}}' [124 bytes]
DEBUG:websockets.client:< TEXT '|updatesearch|{"searching":[],"games":{"battle-... 2026 Reg M-A Battle"}}' [124 bytes]
INFO:vgc_base:Battle battle-gen9championsvgc2026regma-1920 finished — outcome: WIN  (W/L/D so far: 1/0/0)
DEBUG:websockets.client:> TEXT '|/leave battle-gen9championsvgc2026regma-1920' [45 bytes]
INFO:vgc_base:Battle battle-gen9championsvgc2026regma-1920 finished — outcome: LOSS  (W/L/D so far: 0/1/0)
DEBUG:websockets.client:> TEXT '|/leave battle-gen9championsvgc2026regma-1920' [45 bytes]
DEBUG:websockets.client:> TEXT 'battle-gen9championsvgc2026regma-1921|/rejectopenteamsheets' [59 bytes]
DEBUG:websockets.client:> TEXT 'battle-gen9championsvgc2026regma-1921|/rejectopenteamsheets' [59 bytes]
DEBUG:websockets.client:< TEXT '>battle-gen9championsvgc2026regma-1920\n|deinit' [46 bytes]
DEBUG:websockets.client:< TEXT '>battle-gen9championsvgc2026regma-1920\n|l|☆BC1' [48 bytes]
DEBUG:websockets.client:> TEXT '|/utm Sneasler||whiteherb|unburden|fakeout,dire...Naive|32,2,,,,32||||50|' [550 bytes]
DEBUG:websockets.client:> TEXT '|/challenge oprand1, gen9championsvgc2026regma' [46 bytes]
DEBUG:websockets.client:< TEXT '>battle-gen9championsvgc2026regma-1920\n|deinit' [46 bytes]
DEBUG:websockets.client:< TEXT '>battle-gen9championsvgc2026regma-1921\n|uhtmlchange|otsrequest|' [63 bytes]
DEBUG:websockets.client:< TEXT '>battle-gen9championsvgc2026regma-1921\n|uhtmlchange|otsrequest|' [63 bytes]
DEBUG:websockets.client:< TEXT '>battle-gen9championsvgc2026regma-1921\nBC1 rejected open team sheets.' [69 bytes]
DEBUG:websockets.client:< TEXT '>battle-gen9championsvgc2026regma-1921\nBC1 rejected open team sheets.' [69 bytes]
DEBUG:websockets.client:< TEXT '>battle-gen9championsvgc2026regma-1921\n|uhtmlchange|otsrequest|' [63 bytes]
INFO:vgc_base:Teampreview [battle-gen9championsvgc2026regma-1921] → /team 4632  (basculegion, ditto, whimsicott, charizardmegay)
DEBUG:websockets.client:> TEXT 'battle-gen9championsvgc2026regma-1921|/team 4632' [48 bytes]
DEBUG:websockets.client:< TEXT '>battle-gen9championsvgc2026regma-1921\n|uhtmlchange|otsrequest|' [63 bytes]
DEBUG:websockets.client:< TEXT '>battle-gen9championsvgc2026regma-1921\nOPrand1...ected open team sheets.' [73 bytes]
DEBUG:websockets.client:< TEXT '>battle-gen9championsvgc2026regma-1921\nOPrand1...ected open team sheets.' [73 bytes]
INFO:player:Team-preview [battle-gen9championsvgc2026regma-1921] NET drove: bring=['whimsicott', 'zoroarkhisui', 'ditto', 'charizardmegay'] leads=['whimsicott', 'zoroarkhisui'] (vs opp ['sneasler', 'charizard', 'whimsicott', 'basculegion', 'zoroarkhisui', 'ditto'])
INFO:vgc_base:Teampreview [battle-gen9championsvgc2026regma-1921] → /team 3562  (whimsicott, zoroarkhisui, ditto, charizardmegay)
DEBUG:websockets.client:> TEXT 'battle-gen9championsvgc2026regma-1921|/team 3562' [48 bytes]
DEBUG:websockets.client:< TEXT '|pm| BC1| OPrand1|/challenge gen9championsvgc20...hampionsvgc2026regma|||' [83 bytes]
DEBUG:websockets.client:< TEXT '|pm| BC1| OPrand1|/log BC1 wants to battle!' [43 bytes]
DEBUG:websockets.client:< TEXT '|pm| BC1| OPrand1|/challenge gen9championsvgc20...hampionsvgc2026regma|||' [83 bytes]
DEBUG:websockets.client:< TEXT '|pm| BC1| OPrand1|/log BC1 wants to battle!' [43 bytes]
DEBUG:websockets.client:> TEXT '|/utm Sneasler||whiteherb|unburden|fakeout,dire...Naive|32,2,,,,32||||50|' [550 bytes]
DEBUG:websockets.client:> TEXT '|/accept bc1' [12 bytes]
DEBUG:websockets.client:< TEXT '>battle-gen9championsvgc2026regma-1921\n|\n|t:|...lity: Imposter\n|turn|1' [380 bytes]
DEBUG:websockets.client:< TEXT '>battle-gen9championsvgc2026regma-1921\n|\n|t:|...lity: Imposter\n|turn|1' [380 bytes]
DEBUG:websockets.client:< TEXT '>battle-gen9championsvgc2026regma-1921\n|reques...ing":false}]},"rqid":4}' [2167 bytes]
DEBUG:websockets.client:< TEXT '>battle-gen9championsvgc2026regma-1921\n|reques...ing":false}]},"rqid":5}' [2199 bytes]
DEBUG:websockets.client:< TEXT '|pm| OPrand1| BC1|/challenge' [28 bytes]
INFO:player:Turn 1 [battle-gen9championsvgc2026regma-1921] value head win-prob: 0.460  (even)
DEBUG:live_vgc_base:Turn 1 [battle-gen9championsvgc2026regma-1921] a0=0 a1=9 src=model opp_splice=on
DEBUG:websockets.client:> TEXT 'battle-gen9championsvgc2026regma-1921|/choose move encore 1, move icywind' [73 bytes]
DEBUG:websockets.client:< TEXT '|pm| OPrand1| BC1|/challenge' [28 bytes]
DEBUG:websockets.client:< TEXT '|updatesearch|{"searching":[],"games":{"battle-... 2026 Reg M-A Battle"}}' [124 bytes]
DEBUG:websockets.client:< TEXT '|updatesearch|{"searching":[],"games":{"battle-... 2026 Reg M-A Battle"}}' [124 bytes]
DEBUG:websockets.client:< TEXT '|updatesearch|{"searching":[],"games":{"battle-... 2026 Reg M-A Battle"}}' [208 bytes]
DEBUG:websockets.client:< TEXT '|updatesearch|{"searching":[],"games":{"battle-... 2026 Reg M-A Battle"}}' [208 bytes]
DEBUG:websockets.client:< TEXT '|updatesearch|{"searching":[],"games":{"battle-... 2026 Reg M-A Battle"}}' [208 bytes]
DEBUG:websockets.client:< TEXT '|updatesearch|{"searching":[],"games":{"battle-... 2026 Reg M-A Battle"}}' [208 bytes]
DEBUG:websockets.client:< TEXT '>battle-gen9championsvgc2026regma-1922\n|init|b...n|j|☆BC1\n|j|☆OPrand1\n' [99 bytes]
DEBUG:websockets.client:< TEXT '|pm| OPrand1| BC1|/nonotify OPrand1 accepted th...26regma-1922</a>&raquo;' [173 bytes]
DEBUG:websockets.client:< TEXT '>battle-gen9championsvgc2026regma-1922\n|t:|1781646010\n|gametype|doubles' [71 bytes]
DEBUG:websockets.client:< TEXT '>battle-gen9championsvgc2026regma-1922\n|player|p1|BC1|266|' [58 bytes]
DEBUG:websockets.client:< TEXT '>battle-gen9championsvgc2026regma-1922\n|player...heets</strong></button>' [857 bytes]
DEBUG:websockets.client:< TEXT '>battle-gen9championsvgc2026regma-1922\n|reques...ing":false}]},"rqid":3}' [2097 bytes]
DEBUG:live_vgc_base:Turn 1 [battle-gen9championsvgc2026regma-1921] a0=13 a1=2 src=random opp_splice=on
DEBUG:vgc_base:switchDIAG [battle-gen9championsvgc2026regma-1921] turn=1 slot=0 ctx=normal chosen=whimsicott#464 in_active_set=False active=['basculegion#832(act=True,fnt=False)', 'ditto#1568(act=True,fnt=False)'] own_bench=['charizard#96', 'whimsicott#464'] available_switches=[['whimsicott', 'charizard'], ['whimsicott', 'charizard']] request={'p2: Basculegion': (True, False), 'p2: Ditto': (True, False), 'p2: Whimsicott': (False, False), 'p2: Charizard': (False, False)}
DEBUG:websockets.client:> TEXT 'battle-gen9championsvgc2026regma-1921|/choose s...msicott, move encore -1' [79 bytes]
DEBUG:websockets.client:< TEXT '>battle-gen9championsvgc2026regma-1922\n|init|b... vs. OPrand1\n|j|☆BC1\n' [85 bytes]
DEBUG:websockets.client:< TEXT '>battle-gen9championsvgc2026regma-1922\n|j|☆OPrand1' [52 bytes]
DEBUG:websockets.client:< TEXT '|pm| OPrand1| BC1|/nonotify OPrand1 accepted th...26regma-1922</a>&raquo;' [173 bytes]
DEBUG:websockets.client:< TEXT '>battle-gen9championsvgc2026regma-1922\n|t:|1781646010\n|gametype|doubles' [71 bytes]
DEBUG:websockets.client:< TEXT '>battle-gen9championsvgc2026regma-1922\n|player|p1|BC1|266|' [58 bytes]
DEBUG:websockets.client:< TEXT '>battle-gen9championsvgc2026regma-1922\n|player...heets</strong></button>' [857 bytes]
DEBUG:websockets.client:< TEXT '>battle-gen9championsvgc2026regma-1922\n|reques...ing":false}]},"rqid":2}' [2093 bytes]
DEBUG:websockets.client:< TEXT ">battle-gen9championsvgc2026regma-1921\n|error|...ch to an active Pokémon" [115 bytes]
DEBUG:live_vgc_base:Turn 1 [battle-gen9championsvgc2026regma-1921] a0=13 a1=13 src=random opp_splice=on
DEBUG:vgc_base:switchDIAG [battle-gen9championsvgc2026regma-1921] turn=1 slot=0 ctx=normal chosen=whimsicott#464 in_active_set=False active=['basculegion#832(act=True,fnt=False)', 'ditto#1568(act=True,fnt=False)'] own_bench=['charizard#96', 'whimsicott#464'] available_switches=[['whimsicott', 'charizard'], ['whimsicott', 'charizard']] request={'p2: Basculegion': (True, False), 'p2: Ditto': (True, False), 'p2: Whimsicott': (False, False), 'p2: Charizard': (False, False)}
DEBUG:vgc_base:switchDIAG [battle-gen9championsvgc2026regma-1921] turn=1 slot=1 ctx=normal chosen=whimsicott#464 in_active_set=False active=['basculegion#832(act=True,fnt=False)', 'ditto#1568(act=True,fnt=False)'] own_bench=['charizard#96', 'whimsicott#464'] available_switches=[['whimsicott', 'charizard'], ['whimsicott', 'charizard']] request={'p2: Basculegion': (True, False), 'p2: Ditto': (True, False), 'p2: Whimsicott': (False, False), 'p2: Charizard': (False, False)}
DEBUG:websockets.client:> TEXT 'battle-gen9championsvgc2026regma-1921|/choose s...cott, switch Whimsicott' [82 bytes]
DEBUG:websockets.client:< TEXT ">battle-gen9championsvgc2026regma-1921\n|error|...ch to an active Pokémon" [115 bytes]
DEBUG:live_vgc_base:Turn 1 [battle-gen9championsvgc2026regma-1921] a0=9 a1=6 src=random opp_splice=on
DEBUG:websockets.client:> TEXT 'battle-gen9championsvgc2026regma-1921|/choose m...cts 1, move moonblast 1' [83 bytes]
DEBUG:websockets.client:< TEXT '>battle-gen9championsvgc2026regma-1921\n|\n|t:|... Whimsicott\n|\n|upkeep' [552 bytes]
DEBUG:websockets.client:< TEXT '>battle-gen9championsvgc2026regma-1921\n|\n|t:|... Whimsicott\n|\n|upkeep' [553 bytes]
DEBUG:websockets.client:< TEXT '>battle-gen9championsvgc2026regma-1921\n|reques...oCancel":true,"rqid":6}' [1421 bytes]
DEBUG:websockets.client:< TEXT '>battle-gen9championsvgc2026regma-1921\n|reques...ing":false}]},"rqid":7}' [1443 bytes]
DEBUG:vgc_base:switchDIAG [battle-gen9championsvgc2026regma-1921] turn=1 slot=0 ctx=replacement chosen=ditto#3776 in_active_set=False active=['None', 'zoroarkhisui#3408(act=True,fnt=False)'] own_bench=['charizard#2304', 'ditto#3776'] available_switches=[['ditto', 'charizard'], ['ditto', 'charizard']] request={'p1: Whimsicott': (True, True), 'p1: Zoroark': (True, False), 'p1: Ditto': (False, False), 'p1: Charizard': (False, False)}
DEBUG:live_vgc_base:forceSwitch forced_switch_model [battle-gen9championsvgc2026regma-1921] turn 1 a0=13 a1=None opp_splice=on
DEBUG:websockets.client:> TEXT 'battle-gen9championsvgc2026regma-1921|/choose switch Ditto, pass' [64 bytes]
DEBUG:websockets.client:< TEXT '>battle-gen9championsvgc2026regma-1921\n|\n|t:|...o, L50|155/155\n|turn|2' [101 bytes]
DEBUG:websockets.client:< TEXT '>battle-gen9championsvgc2026regma-1921\n|\n|t:|...o, L50|100/100\n|turn|2' [101 bytes]
DEBUG:websockets.client:< TEXT '>battle-gen9championsvgc2026regma-1921\n|reques...ing":false}]},"rqid":8}' [1886 bytes]
DEBUG:websockets.client:< TEXT '>battle-gen9championsvgc2026regma-1921\n|reques...ing":false}]},"rqid":9}' [2198 bytes]
DEBUG:live_vgc_base:Turn 2 [battle-gen9championsvgc2026regma-1921] a0=9 a1=2 src=random opp_splice=on
DEBUG:websockets.client:> TEXT 'battle-gen9championsvgc2026regma-1921|/choose m...pects 1, move encore -1' [81 bytes]
INFO:player:Turn 2 [battle-gen9championsvgc2026regma-1921] value head win-prob: 0.262  (losing)
DEBUG:live_vgc_base:Turn 2 [battle-gen9championsvgc2026regma-1921] a0=0 a1=9 src=model opp_splice=on
DEBUG:websockets.client:> TEXT 'battle-gen9championsvgc2026regma-1921|/choose m...ansform 1, move icywind' [76 bytes]
DEBUG:websockets.client:< TEXT '>battle-gen9championsvgc2026regma-1921\n|\n|t:|...55\n|\n|upkeep\n|turn|3' [578 bytes]
DEBUG:websockets.client:< TEXT '>battle-gen9championsvgc2026regma-1921\n|\n|t:|...00\n|\n|upkeep\n|turn|3' [579 bytes]
DEBUG:websockets.client:< TEXT '>battle-gen9championsvgc2026regma-1921\n|reques...ng":false}]},"rqid":10}' [2194 bytes]
DEBUG:websockets.client:< TEXT '>battle-gen9championsvgc2026regma-1921\n|reques...ng":false}]},"rqid":11}' [2196 bytes]
DEBUG:live_vgc_base:Turn 3 [battle-gen9championsvgc2026regma-1921] a0=11 a1=3 src=random opp_splice=on
DEBUG:websockets.client:> TEXT 'battle-gen9championsvgc2026regma-1921|/choose m...pects -2, move tailwind' [81 bytes]
INFO:player:Turn 3 [battle-gen9championsvgc2026regma-1921] value head win-prob: 0.356  (losing)
DEBUG:live_vgc_base:Turn 3 [battle-gen9championsvgc2026regma-1921] a0=0 a1=9 src=model opp_splice=on
DEBUG:websockets.client:> TEXT 'battle-gen9championsvgc2026regma-1921|/choose m...espects 1, move icywind' [79 bytes]
DEBUG:websockets.client:< TEXT '>battle-gen9championsvgc2026regma-1921\n|\n|t:|...Basculegion\n|\n|upkeep' [597 bytes]
DEBUG:websockets.client:< TEXT '>battle-gen9championsvgc2026regma-1921\n|\n|t:|...Basculegion\n|\n|upkeep' [598 bytes]
DEBUG:websockets.client:< TEXT '>battle-gen9championsvgc2026regma-1921\n|reques...ng":false}]},"rqid":12}' [1429 bytes]
DEBUG:websockets.client:< TEXT '>battle-gen9championsvgc2026regma-1921\n|reques...Cancel":true,"rqid":13}' [1436 bytes]
DEBUG:vgc_base:forceSwitch [battle-gen9championsvgc2026regma-1921] force=[True, True] → /choose switch Whimsicott / /choose switch Charizard
DEBUG:websockets.client:> TEXT 'battle-gen9championsvgc2026regma-1921|/choose s...icott, switch Charizard' [81 bytes]
DEBUG:websockets.client:< TEXT '>battle-gen9championsvgc2026regma-1921\n|\n|t:|...L50, M|100/100\n|turn|4' [163 bytes]
DEBUG:websockets.client:< TEXT '>battle-gen9championsvgc2026regma-1921\n|\n|t:|...L50, M|168/168\n|turn|4' [163 bytes]
DEBUG:websockets.client:< TEXT '>battle-gen9championsvgc2026regma-1921\n|reques...ng":false}]},"rqid":14}' [2194 bytes]
DEBUG:websockets.client:< TEXT '>battle-gen9championsvgc2026regma-1921\n|reques...ng":false}]},"rqid":15}' [2192 bytes]
INFO:player:Turn 4 [battle-gen9championsvgc2026regma-1921] value head win-prob: 0.881  (winning)
DEBUG:live_vgc_base:Turn 4 [battle-gen9championsvgc2026regma-1921] a0=12 a1=9 src=model opp_splice=on
DEBUG:vgc_base:switchDIAG [battle-gen9championsvgc2026regma-1921] turn=4 slot=0 ctx=normal chosen=charizard#2304 in_active_set=False active=['ditto#3776(act=True,fnt=False)', 'zoroarkhisui#3408(act=True,fnt=False)'] own_bench=['charizard#2304'] available_switches=[['charizard'], ['charizard']] request={'p1: Ditto': (True, False), 'p1: Zoroark': (True, False), 'p1: Whimsicott': (False, True), 'p1: Charizard': (False, False)}
DEBUG:websockets.client:> TEXT 'battle-gen9championsvgc2026regma-1921|/choose s...Charizard, move icywind' [76 bytes]
DEBUG:live_vgc_base:Turn 4 [battle-gen9championsvgc2026regma-1921] a0=2 a1=6 src=random opp_splice=on
DEBUG:websockets.client:> TEXT 'battle-gen9championsvgc2026regma-1921|/choose m...encore -2, move protect' [74 bytes]
DEBUG:websockets.client:< TEXT '>battle-gen9championsvgc2026regma-1921\n|\n|t:|...|1\n|\n|upkeep\n|turn|5' [484 bytes]
DEBUG:websockets.client:< TEXT '>battle-gen9championsvgc2026regma-1921\n|\n|t:|...|1\n|\n|upkeep\n|turn|5' [484 bytes]
DEBUG:websockets.client:< TEXT '>battle-gen9championsvgc2026regma-1921\n|reques...ng":false}]},"rqid":16}' [2185 bytes]
DEBUG:websockets.client:< TEXT '>battle-gen9championsvgc2026regma-1921\n|reques...ng":false}]},"rqid":17}' [2191 bytes]
DEBUG:live_vgc_base:Turn 5 [battle-gen9championsvgc2026regma-1921] a0=1 a1=10 src=random opp_splice=on
DEBUG:websockets.client:> TEXT 'battle-gen9championsvgc2026regma-1921|/choose m...ore 1, move solarbeam 1' [77 bytes]
INFO:player:Turn 5 [battle-gen9championsvgc2026regma-1921] value head win-prob: 0.974  (winning)
DEBUG:live_vgc_base:Turn 5 [battle-gen9championsvgc2026regma-1921] a0=0 a1=9 src=model opp_splice=on
DEBUG:websockets.client:> TEXT 'battle-gen9championsvgc2026regma-1921|/choose m...wave mega, move icywind' [78 bytes]
DEBUG:websockets.client:< TEXT '>battle-gen9championsvgc2026regma-1921\n|\n|t:|...izard\n|upkeep\n|turn|6' [1114 bytes]
DEBUG:websockets.client:< TEXT '>battle-gen9championsvgc2026regma-1921\n|\n|t:|...izard\n|upkeep\n|turn|6' [1114 bytes]
DEBUG:websockets.client:< TEXT '>battle-gen9championsvgc2026regma-1921\n|reques...ng":false}]},"rqid":18}' [2169 bytes]
DEBUG:websockets.client:< TEXT '>battle-gen9championsvgc2026regma-1921\n|reques...ng":false}]},"rqid":19}' [2180 bytes]
DEBUG:live_vgc_base:Turn 6 [battle-gen9championsvgc2026regma-1921] a0=0 a1=10 src=random opp_splice=on
DEBUG:vgc_base:_safe_order: action 0 slot 0 → None, scanning legal actions.
DEBUG:vgc_base:_safe_order: slot 0 has no decodable legal action — sending Pass.
DEBUG:websockets.client:> TEXT 'battle-gen9championsvgc2026regma-1921|/choose pass, move solarbeam 1' [68 bytes]
INFO:player:Turn 6 [battle-gen9championsvgc2026regma-1921] value head win-prob: 0.999  (winning)
DEBUG:live_vgc_base:Turn 6 [battle-gen9championsvgc2026regma-1921] a0=0 a1=0 src=model opp_splice=on
DEBUG:websockets.client:> TEXT 'battle-gen9championsvgc2026regma-1921|/choose m...atwave, move hypervoice' [76 bytes]
DEBUG:websockets.client:< TEXT '>battle-gen9championsvgc2026regma-1921\n|\n|t:|... Charizard\n|\n|win|BC1' [351 bytes]
DEBUG:websockets.client:< TEXT '>battle-gen9championsvgc2026regma-1921\n|\n|t:|... Charizard\n|\n|win|BC1' [350 bytes]
DEBUG:websockets.client:< TEXT '|updatesearch|{"searching":[],"games":{"battle-... 2026 Reg M-A Battle"}}' [124 bytes]
INFO:vgc_base:Battle battle-gen9championsvgc2026regma-1921 finished — outcome: WIN  (W/L/D so far: 2/0/0)
DEBUG:websockets.client:> TEXT '|/leave battle-gen9championsvgc2026regma-1921' [45 bytes]
DEBUG:websockets.client:< TEXT '|updatesearch|{"searching":[],"games":{"battle-... 2026 Reg M-A Battle"}}' [124 bytes]
DEBUG:websockets.client:> TEXT 'battle-gen9championsvgc2026regma-1922|/rejectopenteamsheets' [59 bytes]
INFO:vgc_base:Battle battle-gen9championsvgc2026regma-1921 finished — outcome: LOSS  (W/L/D so far: 0/2/0)
DEBUG:websockets.client:> TEXT '|/leave battle-gen9championsvgc2026regma-1921' [45 bytes]
DEBUG:websockets.client:> TEXT '|/utm Sneasler||whiteherb|unburden|fakeout,dire...Naive|32,2,,,,32||||50|' [550 bytes]
DEBUG:websockets.client:> TEXT '|/challenge oprand1, gen9championsvgc2026regma' [46 bytes]
DEBUG:websockets.client:> TEXT 'battle-gen9championsvgc2026regma-1922|/rejectopenteamsheets' [59 bytes]
DEBUG:websockets.client:< TEXT '>battle-gen9championsvgc2026regma-1921\n|deinit' [46 bytes]
DEBUG:websockets.client:< TEXT '>battle-gen9championsvgc2026regma-1921\n|l|☆BC1' [48 bytes]
DEBUG:websockets.client:< TEXT '>battle-gen9championsvgc2026regma-1922\n|uhtmlchange|otsrequest|' [63 bytes]
DEBUG:websockets.client:< TEXT '>battle-gen9championsvgc2026regma-1922\nBC1 rejected open team sheets.' [69 bytes]
DEBUG:websockets.client:< TEXT '>battle-gen9championsvgc2026regma-1922\n|uhtmlchange|otsrequest|' [63 bytes]
DEBUG:websockets.client:< TEXT '>battle-gen9championsvgc2026regma-1922\nBC1 rejected open team sheets.' [69 bytes]
DEBUG:websockets.client:< TEXT '>battle-gen9championsvgc2026regma-1921\n|deinit' [46 bytes]
DEBUG:websockets.client:< TEXT '>battle-gen9championsvgc2026regma-1922\n|uhtmlchange|otsrequest|' [63 bytes]
DEBUG:websockets.client:< TEXT '>battle-gen9championsvgc2026regma-1922\n|uhtmlchange|otsrequest|' [63 bytes]
DEBUG:websockets.client:< TEXT '>battle-gen9championsvgc2026regma-1922\nOPrand1...ected open team sheets.' [73 bytes]
DEBUG:websockets.client:< TEXT '>battle-gen9championsvgc2026regma-1922\nOPrand1...ected open team sheets.' [73 bytes]
INFO:player:Team-preview [battle-gen9championsvgc2026regma-1922] NET drove: bring=['whimsicott', 'zoroarkhisui', 'ditto', 'charizardmegay'] leads=['whimsicott', 'zoroarkhisui'] (vs opp ['sneasler', 'charizard', 'whimsicott', 'basculegion', 'zoroarkhisui', 'ditto'])
INFO:vgc_base:Teampreview [battle-gen9championsvgc2026regma-1922] → /team 3562  (whimsicott, zoroarkhisui, ditto, charizardmegay)
DEBUG:websockets.client:> TEXT 'battle-gen9championsvgc2026regma-1922|/team 3562' [48 bytes]
INFO:vgc_base:Teampreview [battle-gen9championsvgc2026regma-1922] → /team 6413  (ditto, basculegion, sneasler, whimsicott)
DEBUG:websockets.client:> TEXT 'battle-gen9championsvgc2026regma-1922|/team 6413' [48 bytes]
DEBUG:websockets.client:< TEXT '|pm| BC1| OPrand1|/challenge gen9championsvgc20...hampionsvgc2026regma|||' [83 bytes]
DEBUG:websockets.client:< TEXT '|pm| BC1| OPrand1|/challenge gen9championsvgc20...hampionsvgc2026regma|||' [83 bytes]
DEBUG:websockets.client:< TEXT '|pm| BC1| OPrand1|/log BC1 wants to battle!' [43 bytes]
DEBUG:websockets.client:< TEXT '|pm| BC1| OPrand1|/log BC1 wants to battle!' [43 bytes]
DEBUG:websockets.client:> TEXT '|/utm Sneasler||whiteherb|unburden|fakeout,dire...Naive|32,2,,,,32||||50|' [550 bytes]
DEBUG:websockets.client:> TEXT '|/accept bc1' [12 bytes]
DEBUG:websockets.client:< TEXT '>battle-gen9championsvgc2026regma-1922\n|\n|t:|...L50, M|100/100\n|turn|1' [316 bytes]
DEBUG:websockets.client:< TEXT '>battle-gen9championsvgc2026regma-1922\n|\n|t:|...L50, M|197/197\n|turn|1' [316 bytes]
DEBUG:websockets.client:< TEXT '>battle-gen9championsvgc2026regma-1922\n|reques...ing":false}]},"rqid":4}' [2167 bytes]
DEBUG:websockets.client:< TEXT '>battle-gen9championsvgc2026regma-1922\n|reques...ing":false}]},"rqid":5}' [1878 bytes]
INFO:player:Turn 1 [battle-gen9championsvgc2026regma-1922] value head win-prob: 0.633  (winning)
DEBUG:live_vgc_base:Turn 1 [battle-gen9championsvgc2026regma-1922] a0=0 a1=9 src=model opp_splice=on
DEBUG:websockets.client:> TEXT 'battle-gen9championsvgc2026regma-1922|/choose move encore 1, move icywind' [73 bytes]
DEBUG:websockets.client:< TEXT '|pm| OPrand1| BC1|/challenge' [28 bytes]
DEBUG:websockets.client:< TEXT '|pm| OPrand1| BC1|/challenge' [28 bytes]
DEBUG:websockets.client:< TEXT '|updatesearch|{"searching":[],"games":{"battle-... 2026 Reg M-A Battle"}}' [124 bytes]
DEBUG:websockets.client:< TEXT '|updatesearch|{"searching":[],"games":{"battle-... 2026 Reg M-A Battle"}}' [208 bytes]
DEBUG:websockets.client:< TEXT '|updatesearch|{"searching":[],"games":{"battle-... 2026 Reg M-A Battle"}}' [208 bytes]
DEBUG:websockets.client:< TEXT '>battle-gen9championsvgc2026regma-1923\n|init|b...n|j|☆BC1\n|j|☆OPrand1\n' [99 bytes]
DEBUG:websockets.client:< TEXT '|pm| OPrand1| BC1|/nonotify OPrand1 accepted th...26regma-1923</a>&raquo;' [173 bytes]
DEBUG:websockets.client:< TEXT '>battle-gen9championsvgc2026regma-1923\n|t:|1781646010\n|gametype|doubles' [71 bytes]
DEBUG:websockets.client:< TEXT '>battle-gen9championsvgc2026regma-1923\n|player|p1|BC1|266|' [58 bytes]
DEBUG:websockets.client:< TEXT '>battle-gen9championsvgc2026regma-1923\n|player...heets</strong></button>' [857 bytes]
DEBUG:websockets.client:< TEXT '>battle-gen9championsvgc2026regma-1923\n|reques...ing":false}]},"rqid":3}' [2097 bytes]
DEBUG:live_vgc_base:Turn 1 [battle-gen9championsvgc2026regma-1922] a0=13 a1=13 src=random opp_splice=on
DEBUG:vgc_base:switchDIAG [battle-gen9championsvgc2026regma-1922] turn=1 slot=0 ctx=normal chosen=whimsicott#1312 in_active_set=False active=['ditto#2416(act=True,fnt=False)', 'basculegion#1680(act=True,fnt=False)'] own_bench=['sneasler#576', 'whimsicott#1312'] available_switches=[['sneasler', 'whimsicott'], ['sneasler', 'whimsicott']] request={'p2: Ditto': (True, False), 'p2: Basculegion': (True, False), 'p2: Sneasler': (False, False), 'p2: Whimsicott': (False, False)}
DEBUG:vgc_base:switchDIAG [battle-gen9championsvgc2026regma-1922] turn=1 slot=1 ctx=normal chosen=whimsicott#1312 in_active_set=False active=['ditto#2416(act=True,fnt=False)', 'basculegion#1680(act=True,fnt=False)'] own_bench=['sneasler#576', 'whimsicott#1312'] available_switches=[['sneasler', 'whimsicott'], ['sneasler', 'whimsicott']] request={'p2: Ditto': (True, False), 'p2: Basculegion': (True, False), 'p2: Sneasler': (False, False), 'p2: Whimsicott': (False, False)}
DEBUG:websockets.client:> TEXT 'battle-gen9championsvgc2026regma-1922|/choose s...cott, switch Whimsicott' [82 bytes]
DEBUG:websockets.client:< TEXT '|updatesearch|{"searching":[],"games":{"battle-... 2026 Reg M-A Battle"}}' [124 bytes]
DEBUG:websockets.client:< TEXT '|updatesearch|{"searching":[],"games":{"battle-... 2026 Reg M-A Battle"}}' [208 bytes]
DEBUG:websockets.client:< TEXT '|updatesearch|{"searching":[],"games":{"battle-... 2026 Reg M-A Battle"}}' [208 bytes]
DEBUG:websockets.client:< TEXT '>battle-gen9championsvgc2026regma-1923\n|init|b... vs. OPrand1\n|j|☆BC1\n' [85 bytes]
DEBUG:websockets.client:< TEXT '>battle-gen9championsvgc2026regma-1923\n|j|☆OPrand1' [52 bytes]
DEBUG:websockets.client:< TEXT '|pm| OPrand1| BC1|/nonotify OPrand1 accepted th...26regma-1923</a>&raquo;' [173 bytes]
DEBUG:websockets.client:< TEXT '>battle-gen9championsvgc2026regma-1923\n|t:|1781646010\n|gametype|doubles' [71 bytes]
DEBUG:websockets.client:< TEXT '>battle-gen9championsvgc2026regma-1923\n|player|p1|BC1|266|' [58 bytes]
DEBUG:websockets.client:< TEXT '>battle-gen9championsvgc2026regma-1923\n|player...heets</strong></button>' [857 bytes]
DEBUG:websockets.client:< TEXT '>battle-gen9championsvgc2026regma-1923\n|reques...ing":false}]},"rqid":2}' [2093 bytes]
DEBUG:websockets.client:< TEXT ">battle-gen9championsvgc2026regma-1922\n|error|...can only switch in once" [123 bytes]
DEBUG:live_vgc_base:Turn 1 [battle-gen9championsvgc2026regma-1922] a0=0 a1=1 src=random opp_splice=on
DEBUG:websockets.client:> TEXT 'battle-gen9championsvgc2026regma-1922|/choose m...form 1, move flipturn 2' [79 bytes]
DEBUG:websockets.client:< TEXT '>battle-gen9championsvgc2026regma-1922\n|\n|t:|...d|p1b: Zoroark|Illusion' [475 bytes]
DEBUG:websockets.client:< TEXT '>battle-gen9championsvgc2026regma-1922\n|\n|t:|...d|p1b: Zoroark|Illusion' [476 bytes]
DEBUG:websockets.client:< TEXT '>battle-gen9championsvgc2026regma-1922\n|reques...ing":false}]},"rqid":6}' [1391 bytes]
DEBUG:websockets.client:< TEXT '>battle-gen9championsvgc2026regma-1922\n|reques...oCancel":true,"rqid":7}' [1427 bytes]
DEBUG:vgc_base:forceSwitch [battle-gen9championsvgc2026regma-1922] force=[False, True] → /choose pass / /choose switch Sneasler
DEBUG:websockets.client:> TEXT 'battle-gen9championsvgc2026regma-1922|/choose pass, switch Sneasler' [67 bytes]
DEBUG:websockets.client:< TEXT '>battle-gen9championsvgc2026regma-1922\n|\n|t:|...tt\n|\n|upkeep\n|turn|2' [219 bytes]
DEBUG:websockets.client:< TEXT '>battle-gen9championsvgc2026regma-1922\n|\n|t:|...tt\n|\n|upkeep\n|turn|2' [219 bytes]
DEBUG:websockets.client:< TEXT '>battle-gen9championsvgc2026regma-1922\n|reques...ing":false}]},"rqid":8}' [2166 bytes]
DEBUG:websockets.client:< TEXT '>battle-gen9championsvgc2026regma-1922\n|reques...ing":false}]},"rqid":9}' [2178 bytes]
INFO:player:Turn 2 [battle-gen9championsvgc2026regma-1922] value head win-prob: 0.094  (losing)
DEBUG:live_vgc_base:Turn 2 [battle-gen9championsvgc2026regma-1922] a0=0 a1=9 src=model opp_splice=on
DEBUG:websockets.client:> TEXT 'battle-gen9championsvgc2026regma-1922|/choose move encore 1, move icywind' [73 bytes]
DEBUG:live_vgc_base:Turn 2 [battle-gen9championsvgc2026regma-1922] a0=8 a1=12 src=random opp_splice=on
DEBUG:vgc_base:switchDIAG [battle-gen9championsvgc2026regma-1922] turn=2 slot=1 ctx=normal chosen=whimsicott#1312 in_active_set=False active=['ditto#2416(act=True,fnt=False)', 'sneasler#576(act=True,fnt=False)'] own_bench=['whimsicott#1312', 'basculegion#1680'] available_switches=[['basculegion', 'whimsicott'], ['basculegion', 'whimsicott']] request={'p2: Ditto': (True, False), 'p2: Sneasler': (True, False), 'p2: Basculegion': (False, False), 'p2: Whimsicott': (False, False)}
DEBUG:websockets.client:> TEXT 'battle-gen9championsvgc2026regma-1922|/choose m...t -2, switch Whimsicott' [82 bytes]
DEBUG:websockets.client:< TEXT ">battle-gen9championsvgc2026regma-1922\n|error|...ch to an active Pokémon" [115 bytes]
DEBUG:live_vgc_base:Turn 2 [battle-gen9championsvgc2026regma-1922] a0=1 a1=3 src=random opp_splice=on
DEBUG:websockets.client:> TEXT 'battle-gen9championsvgc2026regma-1922|/choose m...core 2, move direclaw 1' [76 bytes]
DEBUG:websockets.client:< TEXT '>battle-gen9championsvgc2026regma-1922\n|\n|t:|...er|[silent]\n|\n|upkeep' [605 bytes]
DEBUG:websockets.client:< TEXT '>battle-gen9championsvgc2026regma-1922\n|\n|t:|...er|[silent]\n|\n|upkeep' [606 bytes]
DEBUG:websockets.client:< TEXT '>battle-gen9championsvgc2026regma-1922\n|reques...Cancel":true,"rqid":10}' [1421 bytes]
DEBUG:websockets.client:< TEXT '>battle-gen9championsvgc2026regma-1922\n|reques...ng":false}]},"rqid":11}' [1422 bytes]
DEBUG:vgc_base:switchDIAG [battle-gen9championsvgc2026regma-1922] turn=2 slot=0 ctx=replacement chosen=ditto#208 in_active_set=False active=['None', 'zoroarkhisui#9840(act=True,fnt=False)'] own_bench=['charizard#8736', 'ditto#208'] available_switches=[['ditto', 'charizard'], ['ditto', 'charizard']] request={'p1: Whimsicott': (True, True), 'p1: Zoroark': (True, False), 'p1: Ditto': (False, False), 'p1: Charizard': (False, False)}
DEBUG:live_vgc_base:forceSwitch forced_switch_model [battle-gen9championsvgc2026regma-1922] turn 2 a0=13 a1=None opp_splice=on
DEBUG:websockets.client:> TEXT 'battle-gen9championsvgc2026regma-1922|/choose switch Ditto, pass' [64 bytes]
DEBUG:websockets.client:< TEXT '>battle-gen9championsvgc2026regma-1922\n|\n|t:|...lity: Imposter\n|turn|3' [163 bytes]
DEBUG:websockets.client:< TEXT '>battle-gen9championsvgc2026regma-1922\n|\n|t:|...lity: Imposter\n|turn|3' [163 bytes]
DEBUG:websockets.client:< TEXT '>battle-gen9championsvgc2026regma-1922\n|reques...ng":false}]},"rqid":12}' [2179 bytes]
DEBUG:websockets.client:< TEXT '>battle-gen9championsvgc2026regma-1922\n|reques...ng":false}]},"rqid":13}' [2168 bytes]
INFO:player:Turn 3 [battle-gen9championsvgc2026regma-1922] value head win-prob: 0.197  (losing)
DEBUG:live_vgc_base:Turn 3 [battle-gen9championsvgc2026regma-1922] a0=0 a1=9 src=model opp_splice=on
DEBUG:websockets.client:> TEXT 'battle-gen9championsvgc2026regma-1922|/choose m...ireclaw 1, move icywind' [75 bytes]
DEBUG:live_vgc_base:Turn 3 [battle-gen9championsvgc2026regma-1922] a0=11 a1=10 src=random opp_splice=on
DEBUG:websockets.client:> TEXT 'battle-gen9championsvgc2026regma-1922|/choose m... -2, move closecombat 2' [85 bytes]
DEBUG:websockets.client:< TEXT '>battle-gen9championsvgc2026regma-1922\n|\n|t:|...asler|spe|1\n|\n|upkeep' [447 bytes]
DEBUG:websockets.client:< TEXT '>battle-gen9championsvgc2026regma-1922\n|\n|t:|...asler|spe|1\n|\n|upkeep' [447 bytes]
DEBUG:websockets.client:< TEXT '>battle-gen9championsvgc2026regma-1922\n|reques...ng":false}]},"rqid":14}' [1423 bytes]
DEBUG:websockets.client:< TEXT '>battle-gen9championsvgc2026regma-1922\n|reques...Cancel":true,"rqid":15}' [1416 bytes]
DEBUG:vgc_base:forceSwitch [battle-gen9championsvgc2026regma-1922] force=[True, False] → /choose switch Whimsicott / /choose pass
DEBUG:websockets.client:> TEXT 'battle-gen9championsvgc2026regma-1922|/choose switch Whimsicott, pass' [69 bytes]
DEBUG:websockets.client:< TEXT '>battle-gen9championsvgc2026regma-1922\n|\n|t:|...L50, M|100/100\n|turn|4' [114 bytes]
DEBUG:websockets.client:< TEXT '>battle-gen9championsvgc2026regma-1922\n|\n|t:|...L50, M|137/137\n|turn|4' [114 bytes]
DEBUG:websockets.client:< TEXT '>battle-gen9championsvgc2026regma-1922\n|reques...ng":false}]},"rqid":16}' [2178 bytes]
DEBUG:websockets.client:< TEXT '>battle-gen9championsvgc2026regma-1922\n|reques...ng":false}]},"rqid":17}' [2137 bytes]
DEBUG:live_vgc_base:Turn 4 [battle-gen9championsvgc2026regma-1922] a0=1 a1=11 src=random opp_splice=on
DEBUG:websockets.client:> TEXT 'battle-gen9championsvgc2026regma-1922|/choose m... 2, move closecombat -1' [80 bytes]
INFO:player:Turn 4 [battle-gen9championsvgc2026regma-1922] value head win-prob: 0.943  (winning)
DEBUG:live_vgc_base:Turn 4 [battle-gen9championsvgc2026regma-1922] a0=6 a1=9 src=model opp_splice=on
DEBUG:websockets.client:> TEXT 'battle-gen9championsvgc2026regma-1922|/choose move protect, move icywind' [72 bytes]
DEBUG:websockets.client:< TEXT '>battle-gen9championsvgc2026regma-1922\n|\n|t:|...ncore\n|upkeep\n|turn|5' [616 bytes]
DEBUG:websockets.client:< TEXT '>battle-gen9championsvgc2026regma-1922\n|\n|t:|...ncore\n|upkeep\n|turn|5' [616 bytes]
DEBUG:websockets.client:< TEXT '>battle-gen9championsvgc2026regma-1922\n|reques...ng":false}]},"rqid":18}' [2181 bytes]
DEBUG:websockets.client:< TEXT '>battle-gen9championsvgc2026regma-1922\n|reques...ng":false}]},"rqid":19}' [2136 bytes]
DEBUG:live_vgc_base:Turn 5 [battle-gen9championsvgc2026regma-1922] a0=11 a1=12 src=random opp_splice=on
DEBUG:vgc_base:switchDIAG [battle-gen9championsvgc2026regma-1922] turn=5 slot=1 ctx=normal chosen=basculegion#1680 in_active_set=False active=['whimsicott#1312(act=True,fnt=False)', 'sneasler#576(act=True,fnt=False)'] own_bench=['basculegion#1680'] available_switches=[['basculegion'], ['basculegion']] request={'p2: Whimsicott': (True, False), 'p2: Sneasler': (True, False), 'p2: Basculegion': (False, False), 'p2: Ditto': (False, True)}
DEBUG:websockets.client:> TEXT 'battle-gen9championsvgc2026regma-1922|/choose m... -2, switch Basculegion' [85 bytes]
INFO:player:Turn 5 [battle-gen9championsvgc2026regma-1922] value head win-prob: 0.995  (winning)
DEBUG:live_vgc_base:Turn 5 [battle-gen9championsvgc2026regma-1922] a0=6 a1=9 src=model opp_splice=on
DEBUG:websockets.client:> TEXT 'battle-gen9championsvgc2026regma-1922|/choose move protect, move icywind' [72 bytes]
DEBUG:websockets.client:< TEXT '>battle-gen9championsvgc2026regma-1922\n|\n|t:|...|1\n|\n|upkeep\n|turn|6' [482 bytes]
DEBUG:websockets.client:< TEXT '>battle-gen9championsvgc2026regma-1922\n|\n|t:|...|1\n|\n|upkeep\n|turn|6' [484 bytes]
DEBUG:websockets.client:< TEXT '>battle-gen9championsvgc2026regma-1922\n|reques...ng":false}]},"rqid":20}' [2181 bytes]
DEBUG:websockets.client:< TEXT '>battle-gen9championsvgc2026regma-1922\n|reques...ng":false}]},"rqid":21}' [2145 bytes]
DEBUG:live_vgc_base:Turn 6 [battle-gen9championsvgc2026regma-1922] a0=2 a1=10 src=random opp_splice=on
DEBUG:websockets.client:> TEXT 'battle-gen9championsvgc2026regma-1922|/choose m...-2, move lastrespects 2' [81 bytes]
INFO:player:Turn 6 [battle-gen9championsvgc2026regma-1922] value head win-prob: 0.899  (winning)
DEBUG:live_vgc_base:Turn 6 [battle-gen9championsvgc2026regma-1922] a0=6 a1=12 src=model opp_splice=on
DEBUG:vgc_base:switchDIAG [battle-gen9championsvgc2026regma-1922] turn=6 slot=1 ctx=normal chosen=charizard#8736 in_active_set=False active=['ditto#208(act=True,fnt=False)', 'zoroarkhisui#9840(act=True,fnt=False)'] own_bench=['charizard#8736'] available_switches=[['charizard'], ['charizard']] request={'p1: Ditto': (True, False), 'p1: Zoroark': (True, False), 'p1: Whimsicott': (False, True), 'p1: Charizard': (False, False)}
DEBUG:websockets.client:> TEXT 'battle-gen9championsvgc2026regma-1922|/choose m...otect, switch Charizard' [76 bytes]
DEBUG:websockets.client:< TEXT '>battle-gen9championsvgc2026regma-1922\n|\n|t:|...68\n|\n|upkeep\n|turn|7' [334 bytes]
DEBUG:websockets.client:< TEXT '>battle-gen9championsvgc2026regma-1922\n|\n|t:|...00\n|\n|upkeep\n|turn|7' [334 bytes]
DEBUG:websockets.client:< TEXT '>battle-gen9championsvgc2026regma-1922\n|reques...ng":false}]},"rqid":23}' [2145 bytes]
DEBUG:websockets.client:< TEXT '>battle-gen9championsvgc2026regma-1922\n|reques...ng":false}]},"rqid":22}' [2191 bytes]
DEBUG:live_vgc_base:Turn 7 [battle-gen9championsvgc2026regma-1922] a0=2 a1=1 src=random opp_splice=on
DEBUG:websockets.client:> TEXT 'battle-gen9championsvgc2026regma-1922|/choose m...ore -2, move flipturn 2' [77 bytes]
INFO:player:Turn 7 [battle-gen9championsvgc2026regma-1922] value head win-prob: 0.936  (winning)
DEBUG:live_vgc_base:Turn 7 [battle-gen9championsvgc2026regma-1922] a0=6 a1=6 src=model opp_splice=on
DEBUG:websockets.client:> TEXT 'battle-gen9championsvgc2026regma-1922|/choose m...tect, move protect mega' [77 bytes]
DEBUG:websockets.client:< TEXT '>battle-gen9championsvgc2026regma-1922\n|\n|t:|...keep]\n|upkeep\n|turn|8' [584 bytes]
DEBUG:websockets.client:< TEXT '>battle-gen9championsvgc2026regma-1922\n|\n|t:|...keep]\n|upkeep\n|turn|8' [584 bytes]
DEBUG:websockets.client:< TEXT '>battle-gen9championsvgc2026regma-1922\n|reques...ng":false}]},"rqid":24}' [2175 bytes]
DEBUG:websockets.client:< TEXT '>battle-gen9championsvgc2026regma-1922\n|reques...ng":false}]},"rqid":25}' [2142 bytes]
DEBUG:live_vgc_base:Turn 8 [battle-gen9championsvgc2026regma-1922] a0=8 a1=10 src=random opp_splice=on
DEBUG:websockets.client:> TEXT 'battle-gen9championsvgc2026regma-1922|/choose m...-2, move lastrespects 2' [84 bytes]
INFO:player:Turn 8 [battle-gen9championsvgc2026regma-1922] value head win-prob: 0.961  (winning)
DEBUG:live_vgc_base:Turn 8 [battle-gen9championsvgc2026regma-1922] a0=6 a1=6 src=model opp_splice=on
DEBUG:websockets.client:> TEXT 'battle-gen9championsvgc2026regma-1922|/choose move protect, move protect' [72 bytes]
DEBUG:websockets.client:< TEXT '>battle-gen9championsvgc2026regma-1922\n|\n|t:|...nyDay|[upkeep]\n|upkeep' [407 bytes]
DEBUG:websockets.client:< TEXT '>battle-gen9championsvgc2026regma-1922\n|\n|t:|...nyDay|[upkeep]\n|upkeep' [407 bytes]
DEBUG:websockets.client:< TEXT '>battle-gen9championsvgc2026regma-1922\n|reques...Cancel":true,"rqid":26}' [1454 bytes]
DEBUG:websockets.client:< TEXT '>battle-gen9championsvgc2026regma-1922\n|reques...ng":false}]},"rqid":27}' [1383 bytes]
DEBUG:vgc_base:switchDIAG [battle-gen9championsvgc2026regma-1922] turn=8 slot=1 ctx=replacement chosen=zoroarkhisui#9840 in_active_set=False active=['ditto#208(act=True,fnt=False)', 'None'] own_bench=['zoroarkhisui#9840'] available_switches=[['zoroarkhisui'], ['zoroarkhisui']] request={'p1: Ditto': (True, False), 'p1: Charizard': (True, True), 'p1: Whimsicott': (False, True), 'p1: Zoroark': (False, False)}
DEBUG:live_vgc_base:forceSwitch forced_switch_model [battle-gen9championsvgc2026regma-1922] turn 8 a0=None a1=12 opp_splice=on
DEBUG:websockets.client:> TEXT 'battle-gen9championsvgc2026regma-1922|/choose pass, switch Zoroark' [66 bytes]
DEBUG:websockets.client:< TEXT '>battle-gen9championsvgc2026regma-1922\n|\n|t:|... L50, M|10/132\n|turn|9' [113 bytes]
DEBUG:websockets.client:< TEXT '>battle-gen9championsvgc2026regma-1922\n|\n|t:|..., L50, M|7/100\n|turn|9' [112 bytes]
DEBUG:websockets.client:< TEXT '>battle-gen9championsvgc2026regma-1922\n|reques...ng":false}]},"rqid":28}' [2180 bytes]
DEBUG:websockets.client:< TEXT '>battle-gen9championsvgc2026regma-1922\n|reques...ng":false}]},"rqid":29}' [2140 bytes]
DEBUG:live_vgc_base:Turn 9 [battle-gen9championsvgc2026regma-1922] a0=3 a1=11 src=random opp_splice=on
DEBUG:websockets.client:> TEXT 'battle-gen9championsvgc2026regma-1922|/choose m...d, move lastrespects -1' [81 bytes]
INFO:player:Turn 9 [battle-gen9championsvgc2026regma-1922] value head win-prob: 0.915  (winning)
DEBUG:live_vgc_base:Turn 9 [battle-gen9championsvgc2026regma-1922] a0=0 a1=0 src=model opp_splice=on
DEBUG:websockets.client:> TEXT 'battle-gen9championsvgc2026regma-1922|/choose m...claw 1, move hypervoice' [78 bytes]
DEBUG:websockets.client:< TEXT '>battle-gen9championsvgc2026regma-1922\n|\n|t:|...ulegion|Encore\n|upkeep' [497 bytes]
DEBUG:websockets.client:< TEXT '>battle-gen9championsvgc2026regma-1922\n|\n|t:|...ulegion|Encore\n|upkeep' [497 bytes]
DEBUG:websockets.client:< TEXT '>battle-gen9championsvgc2026regma-1922\n|reques...Cancel":true,"rqid":31}' [1413 bytes]
DEBUG:websockets.client:< TEXT '>battle-gen9championsvgc2026regma-1922\n|reques...ng":false}]},"rqid":30}' [1423 bytes]
DEBUG:vgc_base:forceSwitch [battle-gen9championsvgc2026regma-1922] force=[True, False] → /choose switch Sneasler / /choose pass
DEBUG:websockets.client:> TEXT 'battle-gen9championsvgc2026regma-1922|/choose switch Sneasler, pass' [67 bytes]
DEBUG:websockets.client:< TEXT '>battle-gen9championsvgc2026regma-1922\n|\n|t:|...L50, F|29/100\n|turn|10' [110 bytes]
DEBUG:websockets.client:< TEXT '>battle-gen9championsvgc2026regma-1922\n|\n|t:|...L50, F|47/157\n|turn|10' [110 bytes]
DEBUG:websockets.client:< TEXT '>battle-gen9championsvgc2026regma-1922\n|reques...ng":false}]},"rqid":32}' [2180 bytes]
DEBUG:websockets.client:< TEXT '>battle-gen9championsvgc2026regma-1922\n|reques...ng":false}]},"rqid":33}' [2130 bytes]
DEBUG:live_vgc_base:Turn 10 [battle-gen9championsvgc2026regma-1922] a0=0 a1=4 src=random opp_splice=on
DEBUG:websockets.client:> TEXT 'battle-gen9championsvgc2026regma-1922|/choose m...out 1, move wavecrash 2' [78 bytes]
INFO:player:Turn 10 [battle-gen9championsvgc2026regma-1922] value head win-prob: 0.978  (winning)
DEBUG:live_vgc_base:Turn 10 [battle-gen9championsvgc2026regma-1922] a0=1 a1=9 src=model opp_splice=on
DEBUG:websockets.client:> TEXT 'battle-gen9championsvgc2026regma-1922|/choose m...ireclaw 2, move icywind' [75 bytes]
DEBUG:websockets.client:< TEXT '>battle-gen9championsvgc2026regma-1922\n|\n|t:|...eep]\n|upkeep\n|turn|11' [356 bytes]
DEBUG:websockets.client:< TEXT '>battle-gen9championsvgc2026regma-1922\n|\n|t:|...eep]\n|upkeep\n|turn|11' [355 bytes]
DEBUG:websockets.client:< TEXT '>battle-gen9championsvgc2026regma-1922\n|reques...ng":false}]},"rqid":34}' [2179 bytes]
DEBUG:websockets.client:< TEXT '>battle-gen9championsvgc2026regma-1922\n|reques...ng":false}]},"rqid":35}' [2129 bytes]
DEBUG:live_vgc_base:Turn 11 [battle-gen9championsvgc2026regma-1922] a0=9 a1=11 src=random opp_splice=on
DEBUG:websockets.client:> TEXT 'battle-gen9championsvgc2026regma-1922|/choose m...1, move lastrespects -1' [86 bytes]
INFO:player:Turn 11 [battle-gen9championsvgc2026regma-1922] value head win-prob: 0.960  (winning)
DEBUG:live_vgc_base:Turn 11 [battle-gen9championsvgc2026regma-1922] a0=9 a1=0 src=model opp_splice=on
DEBUG:vgc_base:_safe_order: action 0 slot 1 → None, scanning legal actions.
DEBUG:vgc_base:_safe_order: slot 1 has no decodable legal action — sending Pass.
DEBUG:websockets.client:> TEXT 'battle-gen9championsvgc2026regma-1922|/choose move closecombat 1, pass' [70 bytes]
DEBUG:websockets.client:< TEXT '>battle-gen9championsvgc2026regma-1922\n|\n|t:|...none\n|upkeep\n|turn|12' [418 bytes]
DEBUG:websockets.client:< TEXT '>battle-gen9championsvgc2026regma-1922\n|\n|t:|...none\n|upkeep\n|turn|12' [418 bytes]
DEBUG:websockets.client:< TEXT '>battle-gen9championsvgc2026regma-1922\n|reques...ng":false}]},"rqid":36}' [2178 bytes]
DEBUG:websockets.client:< TEXT '>battle-gen9championsvgc2026regma-1922\n|reques...ng":false}]},"rqid":37}' [2128 bytes]
DEBUG:live_vgc_base:Turn 12 [battle-gen9championsvgc2026regma-1922] a0=0 a1=3 src=random opp_splice=on
DEBUG:vgc_base:_safe_order: action 0 slot 0 → None, scanning legal actions.
DEBUG:vgc_base:_safe_order: slot 0 has no decodable legal action — sending Pass.
DEBUG:websockets.client:> TEXT 'battle-gen9championsvgc2026regma-1922|/choose pass, move wavecrash 1' [68 bytes]
INFO:player:Turn 12 [battle-gen9championsvgc2026regma-1922] value head win-prob: 0.517  (even)
DEBUG:live_vgc_base:Turn 12 [battle-gen9championsvgc2026regma-1922] a0=1 a1=0 src=model opp_splice=on
DEBUG:vgc_base:_safe_order: action 0 slot 1 → None, scanning legal actions.
DEBUG:vgc_base:_safe_order: slot 1 has no decodable legal action — sending Pass.
DEBUG:websockets.client:> TEXT 'battle-gen9championsvgc2026regma-1922|/choose move direclaw 2, pass' [67 bytes]
DEBUG:websockets.client:< TEXT '>battle-gen9championsvgc2026regma-1922\n|\n|t:|...Recoil\n|\n|win|OPrand1' [205 bytes]
DEBUG:websockets.client:< TEXT '>battle-gen9championsvgc2026regma-1922\n|\n|t:|...Recoil\n|\n|win|OPrand1' [206 bytes]
DEBUG:websockets.client:< TEXT '|updatesearch|{"searching":[],"games":{"battle-... 2026 Reg M-A Battle"}}' [124 bytes]
INFO:vgc_base:Battle battle-gen9championsvgc2026regma-1922 finished — outcome: LOSS  (W/L/D so far: 2/1/0)
DEBUG:websockets.client:> TEXT '|/leave battle-gen9championsvgc2026regma-1922' [45 bytes]
DEBUG:websockets.client:< TEXT '|updatesearch|{"searching":[],"games":{"battle-... 2026 Reg M-A Battle"}}' [124 bytes]
DEBUG:websockets.client:> TEXT 'battle-gen9championsvgc2026regma-1923|/rejectopenteamsheets' [59 bytes]
INFO:vgc_base:Battle battle-gen9championsvgc2026regma-1922 finished — outcome: WIN  (W/L/D so far: 1/2/0)
DEBUG:websockets.client:> TEXT '|/leave battle-gen9championsvgc2026regma-1922' [45 bytes]
DEBUG:websockets.client:> TEXT '|/utm Sneasler||whiteherb|unburden|fakeout,dire...Naive|32,2,,,,32||||50|' [550 bytes]
DEBUG:websockets.client:> TEXT '|/challenge oprand1, gen9championsvgc2026regma' [46 bytes]
DEBUG:websockets.client:> TEXT 'battle-gen9championsvgc2026regma-1923|/rejectopenteamsheets' [59 bytes]
DEBUG:websockets.client:< TEXT '>battle-gen9championsvgc2026regma-1922\n|deinit' [46 bytes]
DEBUG:websockets.client:< TEXT '>battle-gen9championsvgc2026regma-1922\n|l|☆BC1' [48 bytes]
DEBUG:websockets.client:< TEXT '>battle-gen9championsvgc2026regma-1923\n|uhtmlchange|otsrequest|' [63 bytes]
DEBUG:websockets.client:< TEXT '>battle-gen9championsvgc2026regma-1923\nBC1 rejected open team sheets.' [69 bytes]
DEBUG:websockets.client:< TEXT '>battle-gen9championsvgc2026regma-1923\n|uhtmlchange|otsrequest|' [63 bytes]
DEBUG:websockets.client:< TEXT '>battle-gen9championsvgc2026regma-1923\nBC1 rejected open team sheets.' [69 bytes]
DEBUG:websockets.client:< TEXT '>battle-gen9championsvgc2026regma-1922\n|deinit' [46 bytes]
DEBUG:websockets.client:< TEXT '>battle-gen9championsvgc2026regma-1923\n|uhtmlchange|otsrequest|' [63 bytes]
DEBUG:websockets.client:< TEXT '>battle-gen9championsvgc2026regma-1923\nOPrand1...ected open team sheets.' [73 bytes]
DEBUG:websockets.client:< TEXT '>battle-gen9championsvgc2026regma-1923\n|uhtmlchange|otsrequest|' [63 bytes]
DEBUG:websockets.client:< TEXT '>battle-gen9championsvgc2026regma-1923\nOPrand1...ected open team sheets.' [73 bytes]
INFO:player:Team-preview [battle-gen9championsvgc2026regma-1923] NET drove: bring=['whimsicott', 'zoroarkhisui', 'ditto', 'charizardmegay'] leads=['whimsicott', 'zoroarkhisui'] (vs opp ['sneasler', 'charizard', 'whimsicott', 'basculegion', 'zoroarkhisui', 'ditto'])
INFO:vgc_base:Teampreview [battle-gen9championsvgc2026regma-1923] → /team 3562  (whimsicott, zoroarkhisui, ditto, charizardmegay)
DEBUG:websockets.client:> TEXT 'battle-gen9championsvgc2026regma-1923|/team 3562' [48 bytes]
INFO:vgc_base:Teampreview [battle-gen9championsvgc2026regma-1923] → /team 2164  (charizardmegay, sneasler, ditto, basculegion)
DEBUG:websockets.client:> TEXT 'battle-gen9championsvgc2026regma-1923|/team 2164' [48 bytes]
DEBUG:websockets.client:< TEXT '|pm| BC1| OPrand1|/challenge gen9championsvgc20...hampionsvgc2026regma|||' [83 bytes]
DEBUG:websockets.client:< TEXT '|pm| BC1| OPrand1|/challenge gen9championsvgc20...hampionsvgc2026regma|||' [83 bytes]
DEBUG:websockets.client:< TEXT '|pm| BC1| OPrand1|/log BC1 wants to battle!' [43 bytes]
DEBUG:websockets.client:< TEXT '|pm| BC1| OPrand1|/log BC1 wants to battle!' [43 bytes]
DEBUG:websockets.client:> TEXT '|/utm Sneasler||whiteherb|unburden|fakeout,dire...Naive|32,2,,,,32||||50|' [550 bytes]
DEBUG:websockets.client:> TEXT '|/accept bc1' [12 bytes]
DEBUG:websockets.client:< TEXT '>battle-gen9championsvgc2026regma-1923\n|\n|t:|...L50, M|100/100\n|turn|1' [321 bytes]
DEBUG:websockets.client:< TEXT '>battle-gen9championsvgc2026regma-1923\n|\n|t:|...L50, M|157/157\n|turn|1' [321 bytes]
DEBUG:websockets.client:< TEXT '>battle-gen9championsvgc2026regma-1923\n|reques...ing":false}]},"rqid":4}' [2167 bytes]
DEBUG:websockets.client:< TEXT '>battle-gen9championsvgc2026regma-1923\n|reques...ing":false}]},"rqid":5}' [2176 bytes]
INFO:player:Turn 1 [battle-gen9championsvgc2026regma-1923] value head win-prob: 0.492  (even)
DEBUG:live_vgc_base:Turn 1 [battle-gen9championsvgc2026regma-1923] a0=0 a1=9 src=model opp_splice=on
DEBUG:websockets.client:> TEXT 'battle-gen9championsvgc2026regma-1923|/choose move encore 1, move icywind' [73 bytes]
DEBUG:websockets.client:< TEXT '|pm| OPrand1| BC1|/challenge' [28 bytes]
DEBUG:websockets.client:< TEXT '|pm| OPrand1| BC1|/challenge' [28 bytes]
DEBUG:websockets.client:< TEXT '|updatesearch|{"searching":[],"games":{"battle-... 2026 Reg M-A Battle"}}' [124 bytes]
DEBUG:websockets.client:< TEXT '|updatesearch|{"searching":[],"games":{"battle-... 2026 Reg M-A Battle"}}' [208 bytes]
DEBUG:websockets.client:< TEXT '|updatesearch|{"searching":[],"games":{"battle-... 2026 Reg M-A Battle"}}' [208 bytes]
DEBUG:websockets.client:< TEXT '>battle-gen9championsvgc2026regma-1924\n|init|b...n|j|☆BC1\n|j|☆OPrand1\n' [99 bytes]
DEBUG:websockets.client:< TEXT '|pm| OPrand1| BC1|/nonotify OPrand1 accepted th...26regma-1924</a>&raquo;' [173 bytes]
DEBUG:websockets.client:< TEXT '>battle-gen9championsvgc2026regma-1924\n|t:|1781646011\n|gametype|doubles' [71 bytes]
DEBUG:websockets.client:< TEXT '>battle-gen9championsvgc2026regma-1924\n|player|p1|BC1|266|' [58 bytes]
DEBUG:websockets.client:< TEXT '>battle-gen9championsvgc2026regma-1924\n|player...heets</strong></button>' [857 bytes]
DEBUG:websockets.client:< TEXT '>battle-gen9championsvgc2026regma-1924\n|reques...ing":false}]},"rqid":3}' [2097 bytes]
DEBUG:live_vgc_base:Turn 1 [battle-gen9championsvgc2026regma-1923] a0=10 a1=1 src=random opp_splice=on
DEBUG:websockets.client:> TEXT 'battle-gen9championsvgc2026regma-1923|/choose m...rbeam 2, move fakeout 2' [78 bytes]
DEBUG:websockets.client:< TEXT '|updatesearch|{"searching":[],"games":{"battle-... 2026 Reg M-A Battle"}}' [124 bytes]
DEBUG:websockets.client:< TEXT '|updatesearch|{"searching":[],"games":{"battle-... 2026 Reg M-A Battle"}}' [208 bytes]
DEBUG:websockets.client:< TEXT '|updatesearch|{"searching":[],"games":{"battle-... 2026 Reg M-A Battle"}}' [208 bytes]
DEBUG:websockets.client:< TEXT '>battle-gen9championsvgc2026regma-1924\n|init|b... vs. OPrand1\n|j|☆BC1\n' [85 bytes]
DEBUG:websockets.client:< TEXT '>battle-gen9championsvgc2026regma-1924\n|j|☆OPrand1' [52 bytes]
DEBUG:websockets.client:< TEXT '|pm| OPrand1| BC1|/nonotify OPrand1 accepted th...26regma-1924</a>&raquo;' [173 bytes]
DEBUG:websockets.client:< TEXT '>battle-gen9championsvgc2026regma-1924\n|t:|1781646011\n|gametype|doubles' [71 bytes]
DEBUG:websockets.client:< TEXT '>battle-gen9championsvgc2026regma-1924\n|player|p1|BC1|266|' [58 bytes]
DEBUG:websockets.client:< TEXT '>battle-gen9championsvgc2026regma-1924\n|player...heets</strong></button>' [857 bytes]
DEBUG:websockets.client:< TEXT '>battle-gen9championsvgc2026regma-1924\n|reques...ing":false}]},"rqid":2}' [2093 bytes]
DEBUG:websockets.client:< TEXT '>battle-gen9championsvgc2026regma-1923\n|\n|t:|...am\n|\n|upkeep\n|turn|2' [542 bytes]
DEBUG:websockets.client:< TEXT '>battle-gen9championsvgc2026regma-1923\n|\n|t:|...am\n|\n|upkeep\n|turn|2' [544 bytes]
DEBUG:websockets.client:< TEXT '>battle-gen9championsvgc2026regma-1923\n|reques...ing":false}]},"rqid":6}' [2167 bytes]
INFO:player:Turn 2 [battle-gen9championsvgc2026regma-1923] value head win-prob: 0.575  (winning)
DEBUG:live_vgc_base:Turn 2 [battle-gen9championsvgc2026regma-1923] a0=0 a1=9 src=model opp_splice=on
DEBUG:websockets.client:> TEXT 'battle-gen9championsvgc2026regma-1923|/choose move encore 1, move icywind' [73 bytes]
DEBUG:websockets.client:< TEXT '>battle-gen9championsvgc2026regma-1923\n|reques...ing":false}]},"rqid":7}' [1828 bytes]
DEBUG:live_vgc_base:Turn 2 [battle-gen9championsvgc2026regma-1923] a0=10 a1=11 src=random opp_splice=on
DEBUG:websockets.client:> TEXT 'battle-gen9championsvgc2026regma-1923|/choose m... 2, move closecombat -1' [83 bytes]
DEBUG:websockets.client:< TEXT '>battle-gen9championsvgc2026regma-1923\n|\n|t:|...on\n|\n|upkeep\n|turn|3' [667 bytes]
DEBUG:websockets.client:< TEXT '>battle-gen9championsvgc2026regma-1923\n|\n|t:|...on\n|\n|upkeep\n|turn|3' [666 bytes]
DEBUG:websockets.client:< TEXT '>battle-gen9championsvgc2026regma-1923\n|reques...ing":false}]},"rqid":8}' [2166 bytes]
DEBUG:websockets.client:< TEXT '>battle-gen9championsvgc2026regma-1923\n|reques...ing":false}]},"rqid":9}' [2161 bytes]
DEBUG:live_vgc_base:Turn 3 [battle-gen9championsvgc2026regma-1923] a0=9 a1=9 src=random opp_splice=on
DEBUG:websockets.client:> TEXT 'battle-gen9championsvgc2026regma-1923|/choose m...m 1, move closecombat 1' [82 bytes]
INFO:player:Turn 3 [battle-gen9championsvgc2026regma-1923] value head win-prob: 0.777  (winning)
DEBUG:live_vgc_base:Turn 3 [battle-gen9championsvgc2026regma-1923] a0=0 a1=9 src=model opp_splice=on
DEBUG:websockets.client:> TEXT 'battle-gen9championsvgc2026regma-1923|/choose move encore 1, move icywind' [73 bytes]
DEBUG:websockets.client:< TEXT '>battle-gen9championsvgc2026regma-1923\n|\n|t:|...am\n|\n|upkeep\n|turn|4' [563 bytes]
DEBUG:websockets.client:< TEXT '>battle-gen9championsvgc2026regma-1923\n|\n|t:|...am\n|\n|upkeep\n|turn|4' [563 bytes]
DEBUG:websockets.client:< TEXT '>battle-gen9championsvgc2026regma-1923\n|reques...ng":false}]},"rqid":10}' [2166 bytes]
INFO:player:Turn 4 [battle-gen9championsvgc2026regma-1923] value head win-prob: 0.897  (winning)
DEBUG:live_vgc_base:Turn 4 [battle-gen9championsvgc2026regma-1923] a0=0 a1=9 src=model opp_splice=on
DEBUG:websockets.client:> TEXT 'battle-gen9championsvgc2026regma-1923|/choose move encore 1, move icywind' [73 bytes]
DEBUG:websockets.client:< TEXT '>battle-gen9championsvgc2026regma-1923\n|reques...ng":false}]},"rqid":11}' [1827 bytes]
DEBUG:live_vgc_base:Turn 4 [battle-gen9championsvgc2026regma-1923] a0=9 a1=11 src=random opp_splice=on
DEBUG:websockets.client:> TEXT 'battle-gen9championsvgc2026regma-1923|/choose m... 1, move closecombat -1' [83 bytes]
DEBUG:websockets.client:< TEXT '>battle-gen9championsvgc2026regma-1923\n|\n|t:|...b: Sneasler\n|\n|upkeep' [406 bytes]
DEBUG:websockets.client:< TEXT '>battle-gen9championsvgc2026regma-1923\n|\n|t:|...b: Sneasler\n|\n|upkeep' [406 bytes]
DEBUG:websockets.client:< TEXT '>battle-gen9championsvgc2026regma-1923\n|reques...ng":false}]},"rqid":12}' [1391 bytes]
DEBUG:websockets.client:< TEXT '>battle-gen9championsvgc2026regma-1923\n|reques...Cancel":true,"rqid":13}' [1420 bytes]
DEBUG:vgc_base:forceSwitch [battle-gen9championsvgc2026regma-1923] force=[True, True] → /choose switch Ditto / /choose switch Basculegion
DEBUG:websockets.client:> TEXT 'battle-gen9championsvgc2026regma-1923|/choose s...tto, switch Basculegion' [78 bytes]
DEBUG:websockets.client:< TEXT '>battle-gen9championsvgc2026regma-1923\n|\n|t:|...lity: Imposter\n|turn|5' [215 bytes]
DEBUG:websockets.client:< TEXT '>battle-gen9championsvgc2026regma-1923\n|\n|t:|...lity: Imposter\n|turn|5' [215 bytes]
DEBUG:websockets.client:< TEXT '>battle-gen9championsvgc2026regma-1923\n|reques...ng":false}]},"rqid":14}' [2166 bytes]
DEBUG:websockets.client:< TEXT '>battle-gen9championsvgc2026regma-1923\n|reques...ng":false}]},"rqid":15}' [2189 bytes]
INFO:player:Turn 5 [battle-gen9championsvgc2026regma-1923] value head win-prob: 0.511  (even)
DEBUG:live_vgc_base:Turn 5 [battle-gen9championsvgc2026regma-1923] a0=0 a1=6 src=model opp_splice=on
DEBUG:websockets.client:> TEXT 'battle-gen9championsvgc2026regma-1923|/choose move encore 1, move protect' [73 bytes]
DEBUG:live_vgc_base:Turn 5 [battle-gen9championsvgc2026regma-1923] a0=6 a1=1 src=random opp_splice=on
DEBUG:websockets.client:> TEXT 'battle-gen9championsvgc2026regma-1923|/choose m...ball 1, move flipturn 2' [80 bytes]
DEBUG:websockets.client:< TEXT '>battle-gen9championsvgc2026regma-1923\n|\n|t:|...ve: Protect\n|\n|upkeep' [383 bytes]
DEBUG:websockets.client:< TEXT '>battle-gen9championsvgc2026regma-1923\n|\n|t:|...ve: Protect\n|\n|upkeep' [383 bytes]
DEBUG:websockets.client:< TEXT '>battle-gen9championsvgc2026regma-1923\n|reques...ng":false}]},"rqid":17}' [1424 bytes]
DEBUG:websockets.client:< TEXT '>battle-gen9championsvgc2026regma-1923\n|reques...Cancel":true,"rqid":16}' [1421 bytes]
DEBUG:vgc_base:switchDIAG [battle-gen9championsvgc2026regma-1923] turn=5 slot=0 ctx=replacement chosen=ditto#6192 in_active_set=False active=['None', 'zoroarkhisui#5824(act=True,fnt=False)'] own_bench=['charizard#4720', 'ditto#6192'] available_switches=[['ditto', 'charizard'], ['ditto', 'charizard']] request={'p1: Whimsicott': (True, True), 'p1: Zoroark': (True, False), 'p1: Ditto': (False, False), 'p1: Charizard': (False, False)}
DEBUG:live_vgc_base:forceSwitch forced_switch_model [battle-gen9championsvgc2026regma-1923] turn 5 a0=13 a1=None opp_splice=on
DEBUG:websockets.client:> TEXT 'battle-gen9championsvgc2026regma-1923|/choose switch Ditto, pass' [64 bytes]
DEBUG:websockets.client:< TEXT '>battle-gen9championsvgc2026regma-1923\n|\n|t:|...lity: Imposter\n|turn|6' [166 bytes]
DEBUG:websockets.client:< TEXT '>battle-gen9championsvgc2026regma-1923\n|\n|t:|...lity: Imposter\n|turn|6' [166 bytes]
DEBUG:websockets.client:< TEXT '>battle-gen9championsvgc2026regma-1923\n|reques...ng":false}]},"rqid":18}' [2195 bytes]
DEBUG:websockets.client:< TEXT '>battle-gen9championsvgc2026regma-1923\n|reques...ng":false}]},"rqid":19}' [2189 bytes]
DEBUG:live_vgc_base:Turn 6 [battle-gen9championsvgc2026regma-1923] a0=8 a1=0 src=random opp_splice=on
DEBUG:websockets.client:> TEXT 'battle-gen9championsvgc2026regma-1923|/choose m...all -2, move flipturn 1' [81 bytes]
INFO:player:Turn 6 [battle-gen9championsvgc2026regma-1923] value head win-prob: 0.375  (losing)
DEBUG:live_vgc_base:Turn 6 [battle-gen9championsvgc2026regma-1923] a0=6 a1=9 src=model opp_splice=on
DEBUG:websockets.client:> TEXT 'battle-gen9championsvgc2026regma-1923|/choose move protect, move icywind' [72 bytes]
DEBUG:websockets.client:< TEXT '>battle-gen9championsvgc2026regma-1923\n|\n|t:|...ct\n|\n|upkeep\n|turn|7' [541 bytes]
DEBUG:websockets.client:< TEXT '>battle-gen9championsvgc2026regma-1923\n|\n|t:|...ct\n|\n|upkeep\n|turn|7' [543 bytes]
DEBUG:websockets.client:< TEXT '>battle-gen9championsvgc2026regma-1923\n|reques...ng":false}]},"rqid":20}' [2195 bytes]
DEBUG:websockets.client:< TEXT '>battle-gen9championsvgc2026regma-1923\n|reques...ng":false}]},"rqid":21}' [2187 bytes]
DEBUG:live_vgc_base:Turn 7 [battle-gen9championsvgc2026regma-1923] a0=3 a1=11 src=random opp_splice=on
DEBUG:websockets.client:> TEXT 'battle-gen9championsvgc2026regma-1923|/choose m...e, move lastrespects -1' [83 bytes]
INFO:player:Turn 7 [battle-gen9championsvgc2026regma-1923] value head win-prob: 0.805  (winning)
DEBUG:live_vgc_base:Turn 7 [battle-gen9championsvgc2026regma-1923] a0=6 a1=9 src=model opp_splice=on
DEBUG:websockets.client:> TEXT 'battle-gen9championsvgc2026regma-1923|/choose move protect, move icywind' [72 bytes]
DEBUG:websockets.client:< TEXT '>battle-gen9championsvgc2026regma-1923\n|\n|t:|...rk\n|\n|upkeep\n|turn|8' [415 bytes]
DEBUG:websockets.client:< TEXT '>battle-gen9championsvgc2026regma-1923\n|\n|t:|...rk\n|\n|upkeep\n|turn|8' [415 bytes]
DEBUG:websockets.client:< TEXT '>battle-gen9championsvgc2026regma-1923\n|reques...ng":false}]},"rqid":22}' [2195 bytes]
DEBUG:websockets.client:< TEXT '>battle-gen9championsvgc2026regma-1923\n|reques...ng":false}]},"rqid":23}' [2186 bytes]
DEBUG:live_vgc_base:Turn 8 [battle-gen9championsvgc2026regma-1923] a0=7 a1=0 src=random opp_splice=on
DEBUG:vgc_base:_safe_order: action 0 slot 1 → None, scanning legal actions.
DEBUG:vgc_base:_safe_order: slot 1 has no decodable legal action — sending Pass.
DEBUG:websockets.client:> TEXT 'battle-gen9championsvgc2026regma-1923|/choose move shadowball 2, pass' [69 bytes]
INFO:player:Turn 8 [battle-gen9championsvgc2026regma-1923] value head win-prob: 0.989  (winning)
DEBUG:live_vgc_base:Turn 8 [battle-gen9championsvgc2026regma-1923] a0=6 a1=9 src=model opp_splice=on
DEBUG:websockets.client:> TEXT 'battle-gen9championsvgc2026regma-1923|/choose move protect, move icywind' [72 bytes]
DEBUG:websockets.client:< TEXT '>battle-gen9championsvgc2026regma-1923\n|\n|t:|...rk\n|\n|upkeep\n|turn|9' [298 bytes]
DEBUG:websockets.client:< TEXT '>battle-gen9championsvgc2026regma-1923\n|\n|t:|...rk\n|\n|upkeep\n|turn|9' [298 bytes]
DEBUG:websockets.client:< TEXT '>battle-gen9championsvgc2026regma-1923\n|reques...ng":false}]},"rqid":25}' [2186 bytes]
DEBUG:websockets.client:< TEXT '>battle-gen9championsvgc2026regma-1923\n|reques...ng":false}]},"rqid":24}' [2194 bytes]
DEBUG:live_vgc_base:Turn 9 [battle-gen9championsvgc2026regma-1923] a0=6 a1=0 src=random opp_splice=on
DEBUG:vgc_base:_safe_order: action 0 slot 1 → None, scanning legal actions.
DEBUG:vgc_base:_safe_order: slot 1 has no decodable legal action — sending Pass.
DEBUG:websockets.client:> TEXT 'battle-gen9championsvgc2026regma-1923|/choose move shadowball 1, pass' [69 bytes]
INFO:player:Turn 9 [battle-gen9championsvgc2026regma-1923] value head win-prob: 0.994  (winning)
DEBUG:live_vgc_base:Turn 9 [battle-gen9championsvgc2026regma-1923] a0=6 a1=9 src=model opp_splice=on
DEBUG:websockets.client:> TEXT 'battle-gen9championsvgc2026regma-1923|/choose move protect, move icywind' [72 bytes]
DEBUG:websockets.client:< TEXT '>battle-gen9championsvgc2026regma-1923\n|\n|t:|...p2a: Ditto\n|\n|win|BC1' [217 bytes]
DEBUG:websockets.client:< TEXT '>battle-gen9championsvgc2026regma-1923\n|\n|t:|...p2a: Ditto\n|\n|win|BC1' [217 bytes]
DEBUG:websockets.client:< TEXT '|updatesearch|{"searching":[],"games":{"battle-... 2026 Reg M-A Battle"}}' [124 bytes]
DEBUG:websockets.client:< TEXT '|updatesearch|{"searching":[],"games":{"battle-... 2026 Reg M-A Battle"}}' [124 bytes]
INFO:vgc_base:Battle battle-gen9championsvgc2026regma-1923 finished — outcome: WIN  (W/L/D so far: 3/1/0)
DEBUG:websockets.client:> TEXT '|/leave battle-gen9championsvgc2026regma-1923' [45 bytes]
INFO:vgc_base:Battle battle-gen9championsvgc2026regma-1923 finished — outcome: LOSS  (W/L/D so far: 1/3/0)
DEBUG:websockets.client:> TEXT '|/leave battle-gen9championsvgc2026regma-1923' [45 bytes]
DEBUG:websockets.client:> TEXT 'battle-gen9championsvgc2026regma-1924|/rejectopenteamsheets' [59 bytes]
DEBUG:websockets.client:> TEXT 'battle-gen9championsvgc2026regma-1924|/rejectopenteamsheets' [59 bytes]
DEBUG:websockets.client:< TEXT '>battle-gen9championsvgc2026regma-1923\n|deinit' [46 bytes]
DEBUG:websockets.client:< TEXT '>battle-gen9championsvgc2026regma-1923\n|l|☆BC1' [48 bytes]
DEBUG:websockets.client:< TEXT '>battle-gen9championsvgc2026regma-1923\n|deinit' [46 bytes]
DEBUG:websockets.client:< TEXT '>battle-gen9championsvgc2026regma-1924\n|uhtmlchange|otsrequest|' [63 bytes]
DEBUG:websockets.client:< TEXT '>battle-gen9championsvgc2026regma-1924\n|uhtmlchange|otsrequest|' [63 bytes]
DEBUG:websockets.client:< TEXT '>battle-gen9championsvgc2026regma-1924\nBC1 rejected open team sheets.' [69 bytes]
DEBUG:websockets.client:< TEXT '>battle-gen9championsvgc2026regma-1924\n|uhtmlchange|otsrequest|' [63 bytes]
DEBUG:websockets.client:< TEXT '>battle-gen9championsvgc2026regma-1924\nOPrand1...ected open team sheets.' [73 bytes]
DEBUG:websockets.client:< TEXT '>battle-gen9championsvgc2026regma-1924\nBC1 rejected open team sheets.' [69 bytes]
DEBUG:websockets.client:< TEXT '>battle-gen9championsvgc2026regma-1924\n|uhtmlchange|otsrequest|' [63 bytes]
DEBUG:websockets.client:< TEXT '>battle-gen9championsvgc2026regma-1924\nOPrand1...ected open team sheets.' [73 bytes]
INFO:vgc_base:Teampreview [battle-gen9championsvgc2026regma-1924] → /team 4263  (basculegion, charizardmegay, ditto, whimsicott)
DEBUG:websockets.client:> TEXT 'battle-gen9championsvgc2026regma-1924|/team 4263' [48 bytes]
INFO:player:Team-preview [battle-gen9championsvgc2026regma-1924] NET drove: bring=['whimsicott', 'zoroarkhisui', 'ditto', 'charizardmegay'] leads=['whimsicott', 'zoroarkhisui'] (vs opp ['sneasler', 'charizard', 'whimsicott', 'basculegion', 'zoroarkhisui', 'ditto'])
INFO:vgc_base:Teampreview [battle-gen9championsvgc2026regma-1924] → /team 3562  (whimsicott, zoroarkhisui, ditto, charizardmegay)
DEBUG:websockets.client:> TEXT 'battle-gen9championsvgc2026regma-1924|/team 3562' [48 bytes]
DEBUG:websockets.client:< TEXT '>battle-gen9championsvgc2026regma-1924\n|\n|t:|...L50, M|100/100\n|turn|1' [327 bytes]
DEBUG:websockets.client:< TEXT '>battle-gen9championsvgc2026regma-1924\n|\n|t:|...L50, M|168/168\n|turn|1' [327 bytes]
DEBUG:websockets.client:< TEXT '>battle-gen9championsvgc2026regma-1924\n|reques...ing":false}]},"rqid":5}' [2191 bytes]
DEBUG:websockets.client:< TEXT '>battle-gen9championsvgc2026regma-1924\n|reques...ing":false}]},"rqid":4}' [2167 bytes]
DEBUG:live_vgc_base:Turn 1 [battle-gen9championsvgc2026regma-1924] a0=9 a1=3 src=random opp_splice=on
DEBUG:websockets.client:> TEXT 'battle-gen9championsvgc2026regma-1924|/choose m...s 1, move weatherball 1' [85 bytes]
INFO:player:Turn 1 [battle-gen9championsvgc2026regma-1924] value head win-prob: 0.136  (losing)
DEBUG:live_vgc_base:Turn 1 [battle-gen9championsvgc2026regma-1924] a0=0 a1=9 src=model opp_splice=on
DEBUG:websockets.client:> TEXT 'battle-gen9championsvgc2026regma-1924|/choose move encore 1, move icywind' [73 bytes]
DEBUG:websockets.client:< TEXT '>battle-gen9championsvgc2026regma-1924\n|\n|t:|...37\n|\n|upkeep\n|turn|2' [524 bytes]
DEBUG:websockets.client:< TEXT '>battle-gen9championsvgc2026regma-1924\n|\n|t:|...00\n|\n|upkeep\n|turn|2' [525 bytes]
DEBUG:websockets.client:< TEXT '>battle-gen9championsvgc2026regma-1924\n|reques...ing":false}]},"rqid":7}' [2191 bytes]
DEBUG:websockets.client:< TEXT '>battle-gen9championsvgc2026regma-1924\n|reques...ing":false}]},"rqid":6}' [2166 bytes]
DEBUG:live_vgc_base:Turn 2 [battle-gen9championsvgc2026regma-1924] a0=10 a1=6 src=random opp_splice=on
DEBUG:websockets.client:> TEXT 'battle-gen9championsvgc2026regma-1924|/choose m...espects 2, move protect' [79 bytes]
INFO:player:Turn 2 [battle-gen9championsvgc2026regma-1924] value head win-prob: 0.067  (losing)
DEBUG:live_vgc_base:Turn 2 [battle-gen9championsvgc2026regma-1924] a0=13 a1=9 src=model opp_splice=on
DEBUG:vgc_base:switchDIAG [battle-gen9championsvgc2026regma-1924] turn=2 slot=0 ctx=normal chosen=ditto#5856 in_active_set=False active=['whimsicott#4752(act=True,fnt=False)', 'zoroarkhisui#5488(act=True,fnt=False)'] own_bench=['charizard#4384', 'ditto#5856'] available_switches=[['ditto', 'charizard'], ['ditto', 'charizard']] request={'p1: Whimsicott': (True, False), 'p1: Zoroark': (True, False), 'p1: Ditto': (False, False), 'p1: Charizard': (False, False)}
DEBUG:websockets.client:> TEXT 'battle-gen9championsvgc2026regma-1924|/choose switch Ditto, move icywind' [72 bytes]
DEBUG:websockets.client:< TEXT '>battle-gen9championsvgc2026regma-1924\n|\n|t:|...rd\n|\n|upkeep\n|turn|3' [526 bytes]
DEBUG:websockets.client:< TEXT '>battle-gen9championsvgc2026regma-1924\n|\n|t:|...rd\n|\n|upkeep\n|turn|3' [527 bytes]
DEBUG:websockets.client:< TEXT '>battle-gen9championsvgc2026regma-1924\n|reques...ing":false}]},"rqid":8}' [2200 bytes]
DEBUG:websockets.client:< TEXT '>battle-gen9championsvgc2026regma-1924\n|reques...ing":false}]},"rqid":9}' [2191 bytes]
DEBUG:live_vgc_base:Turn 3 [battle-gen9championsvgc2026regma-1924] a0=6 a1=12 src=random opp_splice=on
DEBUG:vgc_base:switchDIAG [battle-gen9championsvgc2026regma-1924] turn=3 slot=1 ctx=normal chosen=whimsicott#2544 in_active_set=False active=['basculegion#2912(act=True,fnt=False)', 'charizard#2176(act=True,fnt=False)'] own_bench=['whimsicott#2544', 'ditto#3648'] available_switches=[['ditto', 'whimsicott'], ['ditto', 'whimsicott']] request={'p2: Basculegion': (True, False), 'p2: Charizard': (True, False), 'p2: Ditto': (False, False), 'p2: Whimsicott': (False, False)}
DEBUG:websockets.client:> TEXT 'battle-gen9championsvgc2026regma-1924|/choose m...tect, switch Whimsicott' [77 bytes]
INFO:player:Turn 3 [battle-gen9championsvgc2026regma-1924] value head win-prob: 0.665  (winning)
DEBUG:live_vgc_base:Turn 3 [battle-gen9championsvgc2026regma-1924] a0=6 a1=0 src=model opp_splice=on
DEBUG:websockets.client:> TEXT 'battle-gen9championsvgc2026regma-1924|/choose m...rotect, move hypervoice' [75 bytes]
DEBUG:websockets.client:< TEXT '>battle-gen9championsvgc2026regma-1924\n|\n|t:|...00\n|\n|upkeep\n|turn|4' [415 bytes]
DEBUG:websockets.client:< TEXT '>battle-gen9championsvgc2026regma-1924\n|\n|t:|...37\n|\n|upkeep\n|turn|4' [415 bytes]
DEBUG:websockets.client:< TEXT '>battle-gen9championsvgc2026regma-1924\n|reques...ng":false}]},"rqid":10}' [2201 bytes]
DEBUG:websockets.client:< TEXT '>battle-gen9championsvgc2026regma-1924\n|reques...ng":false}]},"rqid":11}' [2170 bytes]
DEBUG:live_vgc_base:Turn 4 [battle-gen9championsvgc2026regma-1924] a0=11 a1=13 src=random opp_splice=on
DEBUG:vgc_base:switchDIAG [battle-gen9championsvgc2026regma-1924] turn=4 slot=1 ctx=normal chosen=ditto#3648 in_active_set=False active=['basculegion#2912(act=True,fnt=False)', 'whimsicott#2544(act=True,fnt=False)'] own_bench=['charizard#2176', 'ditto#3648'] available_switches=[['ditto', 'charizard'], ['ditto', 'charizard']] request={'p2: Basculegion': (True, False), 'p2: Whimsicott': (True, False), 'p2: Ditto': (False, False), 'p2: Charizard': (False, False)}
DEBUG:websockets.client:> TEXT 'battle-gen9championsvgc2026regma-1924|/choose m...spects -2, switch Ditto' [80 bytes]
INFO:player:Turn 4 [battle-gen9championsvgc2026regma-1924] value head win-prob: 0.937  (winning)
DEBUG:live_vgc_base:Turn 4 [battle-gen9championsvgc2026regma-1924] a0=3 a1=9 src=model opp_splice=on
DEBUG:websockets.client:> TEXT 'battle-gen9championsvgc2026regma-1924|/choose move heatwave, move icywind' [73 bytes]
DEBUG:websockets.client:< TEXT '>battle-gen9championsvgc2026regma-1924\n|\n|t:|...Basculegion\n|\n|upkeep' [591 bytes]
DEBUG:websockets.client:< TEXT '>battle-gen9championsvgc2026regma-1924\n|\n|t:|...Basculegion\n|\n|upkeep' [594 bytes]
DEBUG:websockets.client:< TEXT '>battle-gen9championsvgc2026regma-1924\n|reques...ng":false}]},"rqid":12}' [1429 bytes]
DEBUG:websockets.client:< TEXT '>battle-gen9championsvgc2026regma-1924\n|reques...Cancel":true,"rqid":13}' [1438 bytes]
DEBUG:vgc_base:forceSwitch [battle-gen9championsvgc2026regma-1924] force=[False, True] → /choose pass / /choose switch Charizard
DEBUG:websockets.client:> TEXT 'battle-gen9championsvgc2026regma-1924|/choose pass, switch Charizard' [68 bytes]
DEBUG:websockets.client:< TEXT '>battle-gen9championsvgc2026regma-1924\n|\n|t:|... L50, M|84/100\n|turn|5' [111 bytes]
DEBUG:websockets.client:< TEXT '>battle-gen9championsvgc2026regma-1924\n|\n|t:|...L50, M|142/168\n|turn|5' [112 bytes]
DEBUG:websockets.client:< TEXT '>battle-gen9championsvgc2026regma-1924\n|reques...ng":false}]},"rqid":14}' [2201 bytes]
DEBUG:websockets.client:< TEXT '>battle-gen9championsvgc2026regma-1924\n|reques...ng":false}]},"rqid":15}' [2188 bytes]
DEBUG:live_vgc_base:Turn 5 [battle-gen9championsvgc2026regma-1924] a0=3 a1=0 src=random opp_splice=on
DEBUG:websockets.client:> TEXT 'battle-gen9championsvgc2026regma-1924|/choose m...ecrash 1, move heatwave' [77 bytes]
INFO:player:Turn 5 [battle-gen9championsvgc2026regma-1924] value head win-prob: 0.993  (winning)
DEBUG:live_vgc_base:Turn 5 [battle-gen9championsvgc2026regma-1924] a0=3 a1=9 src=model opp_splice=on
DEBUG:websockets.client:> TEXT 'battle-gen9championsvgc2026regma-1924|/choose move heatwave, move icywind' [73 bytes]
DEBUG:websockets.client:< TEXT '>battle-gen9championsvgc2026regma-1924\n|\n|t:|...rom] Recoil\n|\n|upkeep' [752 bytes]
DEBUG:websockets.client:< TEXT '>battle-gen9championsvgc2026regma-1924\n|\n|t:|...rom] Recoil\n|\n|upkeep' [753 bytes]
DEBUG:websockets.client:< TEXT '>battle-gen9championsvgc2026regma-1924\n|reques...ng":false}]},"rqid":17}' [1406 bytes]
DEBUG:websockets.client:< TEXT '>battle-gen9championsvgc2026regma-1924\n|reques...Cancel":true,"rqid":16}' [1421 bytes]
DEBUG:vgc_base:switchDIAG [battle-gen9championsvgc2026regma-1924] turn=5 slot=0 ctx=replacement chosen=whimsicott#4752 in_active_set=False active=['None', 'zoroarkhisui#5488(act=True,fnt=False)'] own_bench=['charizard#4384', 'whimsicott#4752'] available_switches=[['whimsicott', 'charizard'], ['whimsicott', 'charizard']] request={'p1: Ditto': (True, True), 'p1: Zoroark': (True, False), 'p1: Whimsicott': (False, False), 'p1: Charizard': (False, False)}
DEBUG:live_vgc_base:forceSwitch forced_switch_model [battle-gen9championsvgc2026regma-1924] turn 5 a0=13 a1=None opp_splice=on
DEBUG:websockets.client:> TEXT 'battle-gen9championsvgc2026regma-1924|/choose switch Whimsicott, pass' [69 bytes]
DEBUG:websockets.client:< TEXT '>battle-gen9championsvgc2026regma-1924\n|\n|t:|... L50, F|36/137\n|turn|6' [113 bytes]
DEBUG:websockets.client:< TEXT '>battle-gen9championsvgc2026regma-1924\n|\n|t:|... L50, F|26/100\n|turn|6' [113 bytes]
DEBUG:websockets.client:< TEXT '>battle-gen9championsvgc2026regma-1924\n|reques...ng":false}]},"rqid":18}' [2165 bytes]
DEBUG:websockets.client:< TEXT '>battle-gen9championsvgc2026regma-1924\n|reques...ng":false}]},"rqid":19}' [2187 bytes]
DEBUG:live_vgc_base:Turn 6 [battle-gen9championsvgc2026regma-1924] a0=12 a1=9 src=random opp_splice=on
DEBUG:vgc_base:switchDIAG [battle-gen9championsvgc2026regma-1924] turn=6 slot=0 ctx=normal chosen=whimsicott#2544 in_active_set=False active=['basculegion#2912(act=True,fnt=False)', 'charizard#2176(act=True,fnt=False)'] own_bench=['whimsicott#2544'] available_switches=[['whimsicott'], ['whimsicott']] request={'p2: Basculegion': (True, False), 'p2: Charizard': (True, False), 'p2: Whimsicott': (False, False), 'p2: Ditto': (False, True)}
DEBUG:websockets.client:> TEXT 'battle-gen9championsvgc2026regma-1924|/choose s...icott, move solarbeam 1' [81 bytes]
INFO:player:Turn 6 [battle-gen9championsvgc2026regma-1924] value head win-prob: 0.982  (winning)
DEBUG:live_vgc_base:Turn 6 [battle-gen9championsvgc2026regma-1924] a0=0 a1=9 src=model opp_splice=on
DEBUG:websockets.client:> TEXT 'battle-gen9championsvgc2026regma-1924|/choose move encore 1, move icywind' [73 bytes]
DEBUG:websockets.client:< TEXT '>battle-gen9championsvgc2026regma-1924\n|\n|t:|...am\n|\n|upkeep\n|turn|7' [483 bytes]
DEBUG:websockets.client:< TEXT '>battle-gen9championsvgc2026regma-1924\n|\n|t:|...am\n|\n|upkeep\n|turn|7' [483 bytes]
DEBUG:websockets.client:< TEXT '>battle-gen9championsvgc2026regma-1924\n|reques...ng":false}]},"rqid":20}' [2165 bytes]
DEBUG:websockets.client:< TEXT '>battle-gen9championsvgc2026regma-1924\n|reques...ng":false}]},"rqid":21}' [1852 bytes]
INFO:player:Turn 7 [battle-gen9championsvgc2026regma-1924] value head win-prob: 0.965  (winning)
DEBUG:live_vgc_base:Turn 7 [battle-gen9championsvgc2026regma-1924] a0=0 a1=9 src=model opp_splice=on
DEBUG:websockets.client:> TEXT 'battle-gen9championsvgc2026regma-1924|/choose move encore 1, move icywind' [73 bytes]
DEBUG:live_vgc_base:Turn 7 [battle-gen9championsvgc2026regma-1924] a0=11 a1=11 src=random opp_splice=on
DEBUG:websockets.client:> TEXT 'battle-gen9championsvgc2026regma-1924|/choose m...d -2, move solarbeam -1' [84 bytes]
DEBUG:websockets.client:< TEXT '>battle-gen9championsvgc2026regma-1924\n|\n|t:|... Whimsicott\n|\n|upkeep' [615 bytes]
DEBUG:websockets.client:< TEXT '>battle-gen9championsvgc2026regma-1924\n|\n|t:|... Whimsicott\n|\n|upkeep' [615 bytes]
DEBUG:websockets.client:< TEXT '>battle-gen9championsvgc2026regma-1924\n|reques...ng":false}]},"rqid":22}' [1404 bytes]
DEBUG:websockets.client:< TEXT '>battle-gen9championsvgc2026regma-1924\n|reques...ng":false}]},"rqid":23}' [1419 bytes]
DEBUG:vgc_base:forceSwitch [battle-gen9championsvgc2026regma-1924] force=[True, False] → /choose switch Basculegion / /choose pass
DEBUG:websockets.client:> TEXT 'battle-gen9championsvgc2026regma-1924|/choose switch Basculegion, pass' [70 bytes]
DEBUG:vgc_base:switchDIAG [battle-gen9championsvgc2026regma-1924] turn=7 slot=0 ctx=replacement chosen=charizard#4384 in_active_set=False active=['None', 'zoroarkhisui#5488(act=True,fnt=False)'] own_bench=['charizard#4384'] available_switches=[['charizard'], ['charizard']] request={'p1: Whimsicott': (True, True), 'p1: Zoroark': (True, False), 'p1: Ditto': (False, True), 'p1: Charizard': (False, False)}
DEBUG:live_vgc_base:forceSwitch forced_switch_model [battle-gen9championsvgc2026regma-1924] turn 7 a0=12 a1=None opp_splice=on
DEBUG:websockets.client:> TEXT 'battle-gen9championsvgc2026regma-1924|/choose switch Charizard, pass' [68 bytes]
DEBUG:websockets.client:< TEXT '>battle-gen9championsvgc2026regma-1924\n|\n|t:|..., L50, M|8/100\n|turn|8' [163 bytes]
DEBUG:websockets.client:< TEXT '>battle-gen9championsvgc2026regma-1924\n|\n|t:|... L50, M|17/197\n|turn|8' [164 bytes]
DEBUG:websockets.client:< TEXT '>battle-gen9championsvgc2026regma-1924\n|reques...ng":false}]},"rqid":24}' [2185 bytes]
DEBUG:websockets.client:< TEXT '>battle-gen9championsvgc2026regma-1924\n|reques...ng":false}]},"rqid":25}' [2185 bytes]
DEBUG:live_vgc_base:Turn 8 [battle-gen9championsvgc2026regma-1924] a0=9 a1=4 src=random opp_splice=on
DEBUG:websockets.client:> TEXT 'battle-gen9championsvgc2026regma-1924|/choose m...s 1, move weatherball 1' [85 bytes]
INFO:player:Turn 8 [battle-gen9championsvgc2026regma-1924] value head win-prob: 0.992  (winning)
DEBUG:live_vgc_base:Turn 8 [battle-gen9championsvgc2026regma-1924] a0=0 a1=0 src=model opp_splice=on
DEBUG:websockets.client:> TEXT 'battle-gen9championsvgc2026regma-1924|/choose m...e mega, move hypervoice' [81 bytes]
DEBUG:websockets.client:< TEXT '>battle-gen9championsvgc2026regma-1924\n|\n|t:|...asculegion\n|\n|win|BC1' [506 bytes]
DEBUG:websockets.client:< TEXT '>battle-gen9championsvgc2026regma-1924\n|\n|t:|...asculegion\n|\n|win|BC1' [506 bytes]
DEBUG:websockets.client:< TEXT '|updatesearch|{"searching":[],"games":null}' [43 bytes]
INFO:vgc_base:Battle battle-gen9championsvgc2026regma-1924 finished — outcome: WIN  (W/L/D so far: 4/1/0)
DEBUG:websockets.client:> TEXT '|/leave battle-gen9championsvgc2026regma-1924' [45 bytes]
DEBUG:websockets.client:< TEXT '|updatesearch|{"searching":[],"games":null}' [43 bytes]
INFO:vgc_base:Battle battle-gen9championsvgc2026regma-1924 finished — outcome: LOSS  (W/L/D so far: 1/4/0)
DEBUG:websockets.client:> TEXT '|/leave battle-gen9championsvgc2026regma-1924' [45 bytes]
DEBUG:websockets.client:< TEXT '>battle-gen9championsvgc2026regma-1924\n|deinit' [46 bytes]
DEBUG:websockets.client:< TEXT '>battle-gen9championsvgc2026regma-1924\n|l|☆BC1' [48 bytes]
DEBUG:websockets.client:< TEXT '>battle-gen9championsvgc2026regma-1924\n|deinit' [46 bytes]
DEBUG:websockets.client:> CLOSE 1000 (OK) [2 bytes]
DEBUG:websockets.client:= connection is CLOSING
DEBUG:websockets.client:< CLOSE 1000 (OK) [2 bytes]
DEBUG:websockets.client:< EOF
DEBUG:websockets.client:> EOF
DEBUG:websockets.client:= connection is CLOSED
DEBUG:websockets.client:x half-closing TCP connection
DEBUG:websockets.client:> CLOSE 1000 (OK) [2 bytes]
DEBUG:websockets.client:= connection is CLOSING
DEBUG:websockets.client:< CLOSE 1000 (OK) [2 bytes]
DEBUG:websockets.client:< EOF
DEBUG:websockets.client:> EOF
DEBUG:websockets.client:= connection is CLOSED
DEBUG:websockets.client:x half-closing TCP connection
INFO:__main__:vs random: 4/5
INFO:run_local_battle:Loaded team from D:\ShowdownProject\Victory-Dance\teams\M-A\Trickery
INFO:run_local_battle:Loaded team from D:\ShowdownProject\Victory-Dance\teams\M-A\Trickery
INFO:player:VGCPlayer: loaded battle model from ai_train_scripts\BC_model\checkpoints\bc_best.pt (heads=('our_a', 'our_b'))
INFO:player:VGCPlayer: loaded team-chooser from D:\ShowdownProject\Victory-Dance\ai_train_scripts\teamPreview_model\checkpoints\teampreview_best.pt (vocab=190)
INFO:player:VGCPlayer ready (gap-#6 splice) | battle_model=loaded (ai_train_scripts\BC_model\checkpoints\bc_best.pt) | team_chooser=loaded (D:\ShowdownProject\Victory-Dance\ai_train_scripts\teamPreview_model\checkpoints\teampreview_best.pt) | replay=D:\ShowdownProject\Victory-Dance\replay_buffer\BC2.jsonl
DEBUG:websockets.client:= connection is CONNECTING
DEBUG:websockets.client:> GET /showdown/websocket HTTP/1.1
DEBUG:websockets.client:> Host: localhost:8000
DEBUG:websockets.client:> Upgrade: websocket
DEBUG:websockets.client:> Connection: Upgrade
DEBUG:websockets.client:> Sec-WebSocket-Key: sPlZmC3spM3dJld1RXB/vg==
DEBUG:websockets.client:> Sec-WebSocket-Version: 13
DEBUG:websockets.client:> Sec-WebSocket-Extensions: permessage-deflate; client_max_window_bits
DEBUG:websockets.client:> User-Agent: Python/3.12 websockets/16.0
DEBUG:websockets.client:< HTTP/1.1 101 Switching Protocols
DEBUG:websockets.client:< Upgrade: websocket
DEBUG:websockets.client:< Connection: Upgrade
DEBUG:websockets.client:< Sec-WebSocket-Accept: mP7DVuSp7m8XThoBlhjjdmWP3rk=
DEBUG:websockets.client:= connection is OPEN
DEBUG:websockets.client:< TEXT '|updateuser| Guest 1191|0|169|{"blockChallenges...c|[Gen 1] Custom Game,c' [8618 bytes]
DEBUG:websockets.client:< TEXT '|challstr|4|b41bfb2fc6ea60cf22288a6fdccc9375d68...dfc47c36b470e7df2807b74' [268 bytes]
DEBUG:websockets.client:> TEXT '|/trn BC2,0,' [12 bytes]
DEBUG:websockets.client:< TEXT '|updatesearch|{"searching":[],"games":null}' [43 bytes]
DEBUG:websockets.client:< TEXT '|updateuser| BC2|1|102|{"blockChallenges":false...:false,"language":null}' [346 bytes]
DEBUG:websockets.client:< TEXT '|updatesearch|{"searching":[],"games":null}' [43 bytes]
DEBUG:websockets.client:= connection is CONNECTING
DEBUG:websockets.client:> GET /showdown/websocket HTTP/1.1
DEBUG:websockets.client:> Host: localhost:8000
DEBUG:websockets.client:> Upgrade: websocket
DEBUG:websockets.client:> Connection: Upgrade
DEBUG:websockets.client:> Sec-WebSocket-Key: NZ84LjCuL4BNGNGn/qRfPg==
DEBUG:websockets.client:> Sec-WebSocket-Version: 13
DEBUG:websockets.client:> Sec-WebSocket-Extensions: permessage-deflate; client_max_window_bits
DEBUG:websockets.client:> User-Agent: Python/3.12 websockets/16.0
DEBUG:websockets.client:< HTTP/1.1 101 Switching Protocols
DEBUG:websockets.client:< Upgrade: websocket
DEBUG:websockets.client:< Connection: Upgrade
DEBUG:websockets.client:< Sec-WebSocket-Accept: kxj9n671v6GIvqAqFIDQPtPlgug=
DEBUG:websockets.client:= connection is OPEN
DEBUG:websockets.client:< TEXT '|updateuser| Guest 1192|0|266|{"blockChallenges...c|[Gen 1] Custom Game,c' [8618 bytes]
DEBUG:websockets.client:< TEXT '|challstr|4|663b77e08f89678b42112fbbc7ad4c3ac63...971b9b1e4784d93ba883b0e' [268 bytes]
DEBUG:websockets.client:> TEXT '|/trn OPmax_2,0,' [16 bytes]
DEBUG:websockets.client:< TEXT '|updatesearch|{"searching":[],"games":null}' [43 bytes]
DEBUG:websockets.client:< TEXT '|updateuser| OPmax_2|1|1|{"blockChallenges":fal...:false,"language":null}' [348 bytes]
DEBUG:websockets.client:< TEXT '|updatesearch|{"searching":[],"games":null}' [43 bytes]
DEBUG:websockets.client:> TEXT '|/utm Sneasler||whiteherb|unburden|fakeout,dire...Naive|32,2,,,,32||||50|' [550 bytes]
DEBUG:websockets.client:> TEXT '|/challenge opmax2, gen9championsvgc2026regma' [45 bytes]
DEBUG:websockets.client:< TEXT '|pm| BC2| OPmax_2|/challenge gen9championsvgc20...hampionsvgc2026regma|||' [83 bytes]
DEBUG:websockets.client:< TEXT '|pm| BC2| OPmax_2|/challenge gen9championsvgc20...hampionsvgc2026regma|||' [83 bytes]
DEBUG:websockets.client:< TEXT '|pm| BC2| OPmax_2|/log BC2 wants to battle!' [43 bytes]
DEBUG:websockets.client:< TEXT '|pm| BC2| OPmax_2|/log BC2 wants to battle!' [43 bytes]
DEBUG:websockets.client:> TEXT '|/utm Sneasler||whiteherb|unburden|fakeout,dire...Naive|32,2,,,,32||||50|' [550 bytes]
DEBUG:websockets.client:> TEXT '|/accept bc2' [12 bytes]
DEBUG:websockets.client:< TEXT '|pm| OPmax_2| BC2|/challenge' [28 bytes]
DEBUG:websockets.client:< TEXT '|pm| OPmax_2| BC2|/challenge' [28 bytes]
DEBUG:websockets.client:< TEXT '|updatesearch|{"searching":[],"games":null}' [43 bytes]
DEBUG:websockets.client:< TEXT '|updatesearch|{"searching":[],"games":null}' [43 bytes]
DEBUG:websockets.client:< TEXT '|updatesearch|{"searching":[],"games":{"battle-... 2026 Reg M-A Battle"}}' [124 bytes]
DEBUG:websockets.client:< TEXT '|updatesearch|{"searching":[],"games":{"battle-... 2026 Reg M-A Battle"}}' [124 bytes]
DEBUG:websockets.client:< TEXT '|updatesearch|{"searching":[],"games":{"battle-... 2026 Reg M-A Battle"}}' [124 bytes]
DEBUG:websockets.client:< TEXT '|updatesearch|{"searching":[],"games":{"battle-... 2026 Reg M-A Battle"}}' [124 bytes]
DEBUG:websockets.client:< TEXT '>battle-gen9championsvgc2026regma-1925\n|init|b... vs. OPmax_2\n|j|☆BC2\n' [85 bytes]
DEBUG:websockets.client:< TEXT '>battle-gen9championsvgc2026regma-1925\n|j|☆OPmax_2' [52 bytes]
DEBUG:websockets.client:< TEXT '>battle-gen9championsvgc2026regma-1925\n|init|b...n|j|☆BC2\n|j|☆OPmax_2\n' [99 bytes]
DEBUG:websockets.client:< TEXT '|pm| OPmax_2| BC2|/nonotify OPmax_2 accepted th...26regma-1925</a>&raquo;' [173 bytes]
DEBUG:websockets.client:< TEXT '|pm| OPmax_2| BC2|/nonotify OPmax_2 accepted th...26regma-1925</a>&raquo;' [173 bytes]
DEBUG:websockets.client:> TEXT 'battle-gen9championsvgc2026regma-1925|/rejectopenteamsheets' [59 bytes]
DEBUG:websockets.client:< TEXT '>battle-gen9championsvgc2026regma-1925\n|t:|1781646014\n|gametype|doubles' [71 bytes]
DEBUG:websockets.client:> TEXT 'battle-gen9championsvgc2026regma-1925|/rejectopenteamsheets' [59 bytes]
DEBUG:websockets.client:< TEXT '>battle-gen9championsvgc2026regma-1925\n|t:|1781646014\n|gametype|doubles' [71 bytes]
DEBUG:websockets.client:> TEXT '|/utm Sneasler||whiteherb|unburden|fakeout,dire...Naive|32,2,,,,32||||50|' [550 bytes]
DEBUG:websockets.client:> TEXT '|/challenge opmax2, gen9championsvgc2026regma' [45 bytes]
DEBUG:websockets.client:< TEXT '>battle-gen9championsvgc2026regma-1925\n|player|p1|BC2|102|' [58 bytes]
DEBUG:websockets.client:< TEXT '>battle-gen9championsvgc2026regma-1925\n|player|p1|BC2|102|' [58 bytes]
DEBUG:websockets.client:< TEXT '>battle-gen9championsvgc2026regma-1925\n|player...heets</strong></button>' [855 bytes]
DEBUG:websockets.client:< TEXT '>battle-gen9championsvgc2026regma-1925\n|reques...ing":false}]},"rqid":2}' [2093 bytes]
DEBUG:websockets.client:< TEXT '>battle-gen9championsvgc2026regma-1925\n|uhtmlchange|otsrequest|' [63 bytes]
DEBUG:websockets.client:< TEXT '>battle-gen9championsvgc2026regma-1925\nBC2 rejected open team sheets.' [69 bytes]
DEBUG:websockets.client:< TEXT '>battle-gen9championsvgc2026regma-1925\n|player...heets</strong></button>' [855 bytes]
DEBUG:websockets.client:< TEXT '>battle-gen9championsvgc2026regma-1925\n|reques...ing":false}]},"rqid":3}' [2097 bytes]
DEBUG:websockets.client:< TEXT '>battle-gen9championsvgc2026regma-1925\n|uhtmlchange|otsrequest|' [63 bytes]
DEBUG:websockets.client:< TEXT '>battle-gen9championsvgc2026regma-1925\nBC2 rejected open team sheets.' [69 bytes]
DEBUG:websockets.client:< TEXT '>battle-gen9championsvgc2026regma-1925\n|uhtmlchange|otsrequest|' [63 bytes]
DEBUG:websockets.client:< TEXT '>battle-gen9championsvgc2026regma-1925\nOPmax_2...ected open team sheets.' [73 bytes]
DEBUG:websockets.client:< TEXT '>battle-gen9championsvgc2026regma-1925\n|uhtmlchange|otsrequest|' [63 bytes]
DEBUG:websockets.client:< TEXT '>battle-gen9championsvgc2026regma-1925\nOPmax_2...ected open team sheets.' [73 bytes]
INFO:player:Team-preview [battle-gen9championsvgc2026regma-1925] NET drove: bring=['whimsicott', 'zoroarkhisui', 'ditto', 'charizardmegay'] leads=['whimsicott', 'zoroarkhisui'] (vs opp ['sneasler', 'charizard', 'whimsicott', 'basculegion', 'zoroarkhisui', 'ditto'])
INFO:vgc_base:Teampreview [battle-gen9championsvgc2026regma-1925] → /team 3562  (whimsicott, zoroarkhisui, ditto, charizardmegay)
DEBUG:websockets.client:> TEXT 'battle-gen9championsvgc2026regma-1925|/team 3562' [48 bytes]
DEBUG:vgc_base:Teampreview: first-4 roster order → ['sneasler', 'charizardmegay', 'whimsicott', 'basculegion']
INFO:vgc_base:Teampreview [battle-gen9championsvgc2026regma-1925] → /team 1234  (sneasler, charizardmegay, whimsicott, basculegion)
DEBUG:websockets.client:> TEXT 'battle-gen9championsvgc2026regma-1925|/team 1234' [48 bytes]
DEBUG:websockets.client:< TEXT '|pm| BC2| OPmax_2|/challenge gen9championsvgc20...hampionsvgc2026regma|||' [83 bytes]
DEBUG:websockets.client:< TEXT '|pm| BC2| OPmax_2|/challenge gen9championsvgc20...hampionsvgc2026regma|||' [83 bytes]
DEBUG:websockets.client:< TEXT '|pm| BC2| OPmax_2|/log BC2 wants to battle!' [43 bytes]
DEBUG:websockets.client:< TEXT '|pm| BC2| OPmax_2|/log BC2 wants to battle!' [43 bytes]
DEBUG:websockets.client:> TEXT '|/utm Sneasler||whiteherb|unburden|fakeout,dire...Naive|32,2,,,,32||||50|' [550 bytes]
DEBUG:websockets.client:> TEXT '|/accept bc2' [12 bytes]
DEBUG:websockets.client:< TEXT '>battle-gen9championsvgc2026regma-1925\n|\n|t:|...L50, F|100/100\n|turn|1' [321 bytes]
DEBUG:websockets.client:< TEXT '>battle-gen9championsvgc2026regma-1925\n|\n|t:|...L50, F|168/168\n|turn|1' [321 bytes]
DEBUG:websockets.client:< TEXT '>battle-gen9championsvgc2026regma-1925\n|reques...ing":false}]},"rqid":5}' [2236 bytes]
DEBUG:websockets.client:< TEXT '>battle-gen9championsvgc2026regma-1925\n|reques...ing":false}]},"rqid":4}' [2167 bytes]
DEBUG:websockets.client:< TEXT '|pm| OPmax_2| BC2|/challenge' [28 bytes]
DEBUG:vgc_base:Turn 1 [battle-gen9championsvgc2026regma-1925] a0=9 a1=9 src=max_damage g0=0 g1=0
DEBUG:websockets.client:> TEXT 'battle-gen9championsvgc2026regma-1925|/choose m...bat 1, move solarbeam 1' [82 bytes]
DEBUG:websockets.client:< TEXT '|pm| OPmax_2| BC2|/challenge' [28 bytes]
DEBUG:websockets.client:< TEXT '|updatesearch|{"searching":[],"games":{"battle-... 2026 Reg M-A Battle"}}' [124 bytes]
DEBUG:websockets.client:< TEXT '|updatesearch|{"searching":[],"games":{"battle-... 2026 Reg M-A Battle"}}' [208 bytes]
DEBUG:websockets.client:< TEXT '|updatesearch|{"searching":[],"games":{"battle-... 2026 Reg M-A Battle"}}' [208 bytes]
DEBUG:websockets.client:< TEXT '|updatesearch|{"searching":[],"games":{"battle-... 2026 Reg M-A Battle"}}' [124 bytes]
DEBUG:websockets.client:< TEXT '|updatesearch|{"searching":[],"games":{"battle-... 2026 Reg M-A Battle"}}' [208 bytes]
DEBUG:websockets.client:< TEXT '|updatesearch|{"searching":[],"games":{"battle-... 2026 Reg M-A Battle"}}' [208 bytes]
DEBUG:websockets.client:< TEXT '>battle-gen9championsvgc2026regma-1926\n|init|b... vs. OPmax_2\n|j|☆BC2\n' [85 bytes]
DEBUG:websockets.client:< TEXT '>battle-gen9championsvgc2026regma-1926\n|j|☆OPmax_2' [52 bytes]
DEBUG:websockets.client:< TEXT '|pm| OPmax_2| BC2|/nonotify OPmax_2 accepted th...26regma-1926</a>&raquo;' [173 bytes]
DEBUG:websockets.client:< TEXT '>battle-gen9championsvgc2026regma-1926\n|t:|1781646014\n|gametype|doubles' [71 bytes]
DEBUG:websockets.client:< TEXT '>battle-gen9championsvgc2026regma-1926\n|player|p1|BC2|102|' [58 bytes]
DEBUG:websockets.client:< TEXT '>battle-gen9championsvgc2026regma-1926\n|player...heets</strong></button>' [855 bytes]
DEBUG:websockets.client:< TEXT '>battle-gen9championsvgc2026regma-1926\n|reques...ing":false}]},"rqid":2}' [2093 bytes]
INFO:player:Turn 1 [battle-gen9championsvgc2026regma-1925] value head win-prob: 0.351  (losing)
DEBUG:live_vgc_base:Turn 1 [battle-gen9championsvgc2026regma-1925] a0=0 a1=9 src=model opp_splice=on
DEBUG:websockets.client:> TEXT 'battle-gen9championsvgc2026regma-1925|/choose move encore 1, move icywind' [73 bytes]
DEBUG:websockets.client:< TEXT '>battle-gen9championsvgc2026regma-1926\n|init|b...n|j|☆BC2\n|j|☆OPmax_2\n' [99 bytes]
DEBUG:websockets.client:< TEXT '|pm| OPmax_2| BC2|/nonotify OPmax_2 accepted th...26regma-1926</a>&raquo;' [173 bytes]
DEBUG:websockets.client:< TEXT '>battle-gen9championsvgc2026regma-1926\n|t:|1781646014\n|gametype|doubles' [71 bytes]
DEBUG:websockets.client:< TEXT '>battle-gen9championsvgc2026regma-1926\n|player|p1|BC2|102|' [58 bytes]
DEBUG:websockets.client:< TEXT '>battle-gen9championsvgc2026regma-1926\n|player...heets</strong></button>' [855 bytes]
DEBUG:websockets.client:< TEXT '>battle-gen9championsvgc2026regma-1926\n|reques...ing":false}]},"rqid":3}' [2097 bytes]
DEBUG:websockets.client:< TEXT '>battle-gen9championsvgc2026regma-1925\n|\n|t:|...am\n|\n|upkeep\n|turn|2' [643 bytes]
DEBUG:websockets.client:< TEXT '>battle-gen9championsvgc2026regma-1925\n|\n|t:|...am\n|\n|upkeep\n|turn|2' [645 bytes]
DEBUG:websockets.client:< TEXT '>battle-gen9championsvgc2026regma-1925\n|reques...ing":false}]},"rqid":7}' [1888 bytes]
DEBUG:websockets.client:< TEXT '>battle-gen9championsvgc2026regma-1925\n|reques...ing":false}]},"rqid":6}' [2166 bytes]
DEBUG:vgc_base:Turn 2 [battle-gen9championsvgc2026regma-1925] a0=9 a1=9 src=max_damage g0=0 g1=0
DEBUG:websockets.client:> TEXT 'battle-gen9championsvgc2026regma-1925|/choose m...bat 1, move solarbeam 1' [82 bytes]
INFO:player:Turn 2 [battle-gen9championsvgc2026regma-1925] value head win-prob: 0.262  (losing)
DEBUG:live_vgc_base:Turn 2 [battle-gen9championsvgc2026regma-1925] a0=0 a1=9 src=model opp_splice=on
DEBUG:websockets.client:> TEXT 'battle-gen9championsvgc2026regma-1925|/choose move encore 1, move icywind' [73 bytes]
DEBUG:websockets.client:< TEXT '>battle-gen9championsvgc2026regma-1925\n|\n|t:|... Whimsicott\n|\n|upkeep' [639 bytes]
DEBUG:websockets.client:< TEXT '>battle-gen9championsvgc2026regma-1925\n|\n|t:|... Whimsicott\n|\n|upkeep' [639 bytes]
DEBUG:websockets.client:< TEXT '>battle-gen9championsvgc2026regma-1925\n|reques...oCancel":true,"rqid":8}' [1421 bytes]
DEBUG:vgc_base:switchDIAG [battle-gen9championsvgc2026regma-1925] turn=2 slot=0 ctx=replacement chosen=ditto#704 in_active_set=False active=['None', 'zoroarkhisui#336(act=True,fnt=False)'] own_bench=['charizard#6896', 'ditto#704'] available_switches=[['ditto', 'charizard'], ['ditto', 'charizard']] request={'p1: Whimsicott': (True, True), 'p1: Zoroark': (True, False), 'p1: Ditto': (False, False), 'p1: Charizard': (False, False)}
DEBUG:live_vgc_base:forceSwitch forced_switch_model [battle-gen9championsvgc2026regma-1925] turn 2 a0=13 a1=None opp_splice=on
DEBUG:websockets.client:> TEXT 'battle-gen9championsvgc2026regma-1925|/choose switch Ditto, pass' [64 bytes]
DEBUG:websockets.client:< TEXT '>battle-gen9championsvgc2026regma-1925\n|reques...ing":false}]},"rqid":9}' [1452 bytes]
DEBUG:websockets.client:< TEXT '>battle-gen9championsvgc2026regma-1925\n|\n|t:|...lity: Imposter\n|turn|3' [164 bytes]
DEBUG:websockets.client:< TEXT '>battle-gen9championsvgc2026regma-1925\n|\n|t:|...lity: Imposter\n|turn|3' [164 bytes]
DEBUG:websockets.client:< TEXT '>battle-gen9championsvgc2026regma-1925\n|reques...ng":false}]},"rqid":10}' [2200 bytes]
DEBUG:websockets.client:< TEXT '>battle-gen9championsvgc2026regma-1925\n|reques...ng":false}]},"rqid":11}' [2224 bytes]
DEBUG:vgc_base:Turn 3 [battle-gen9championsvgc2026regma-1925] a0=9 a1=9 src=max_damage g0=0 g1=0
DEBUG:websockets.client:> TEXT 'battle-gen9championsvgc2026regma-1925|/choose m...bat 1, move solarbeam 1' [82 bytes]
INFO:player:Turn 3 [battle-gen9championsvgc2026regma-1925] value head win-prob: 0.531  (even)
DEBUG:live_vgc_base:Turn 3 [battle-gen9championsvgc2026regma-1925] a0=3 a1=9 src=model opp_splice=on
DEBUG:websockets.client:> TEXT 'battle-gen9championsvgc2026regma-1925|/choose move heatwave, move icywind' [73 bytes]
DEBUG:websockets.client:< TEXT '>battle-gen9championsvgc2026regma-1925\n|\n|t:|...|Solar Beam\n|\n|upkeep' [618 bytes]
DEBUG:websockets.client:< TEXT '>battle-gen9championsvgc2026regma-1925\n|\n|t:|...|Solar Beam\n|\n|upkeep' [617 bytes]
DEBUG:websockets.client:< TEXT '>battle-gen9championsvgc2026regma-1925\n|reques...ng":false}]},"rqid":12}' [1427 bytes]
DEBUG:websockets.client:< TEXT '>battle-gen9championsvgc2026regma-1925\n|reques...Cancel":true,"rqid":13}' [1482 bytes]
DEBUG:vgc_base:forceSwitch [battle-gen9championsvgc2026regma-1925] force=[True, False] → /choose switch Basculegion / /choose pass
DEBUG:websockets.client:> TEXT 'battle-gen9championsvgc2026regma-1925|/choose switch Basculegion, pass' [70 bytes]
DEBUG:websockets.client:< TEXT '>battle-gen9championsvgc2026regma-1925\n|\n|t:|...L50, M|100/100\n|turn|4' [116 bytes]
DEBUG:websockets.client:< TEXT '>battle-gen9championsvgc2026regma-1925\n|\n|t:|...L50, M|197/197\n|turn|4' [116 bytes]
DEBUG:websockets.client:< TEXT '>battle-gen9championsvgc2026regma-1925\n|reques...ng":false}]},"rqid":14}' [2199 bytes]
DEBUG:websockets.client:< TEXT '>battle-gen9championsvgc2026regma-1925\n|reques...ng":false}]},"rqid":15}' [1895 bytes]
DEBUG:vgc_base:Turn 4 [battle-gen9championsvgc2026regma-1925] a0=3 a1=9 src=max_damage g0=0 g1=0
DEBUG:websockets.client:> TEXT 'battle-gen9championsvgc2026regma-1925|/choose m...ash 1, move solarbeam 1' [80 bytes]
INFO:player:Turn 4 [battle-gen9championsvgc2026regma-1925] value head win-prob: 0.114  (losing)
DEBUG:live_vgc_base:Turn 4 [battle-gen9championsvgc2026regma-1925] a0=3 a1=0 src=model opp_splice=on
DEBUG:websockets.client:> TEXT 'battle-gen9championsvgc2026regma-1925|/choose m...atwave, move hypervoice' [76 bytes]
DEBUG:websockets.client:< TEXT '>battle-gen9championsvgc2026regma-1925\n|\n|t:|...rk|Illusion\n|\n|upkeep' [516 bytes]
DEBUG:websockets.client:< TEXT '>battle-gen9championsvgc2026regma-1925\n|\n|t:|...rk|Illusion\n|\n|upkeep' [518 bytes]
DEBUG:websockets.client:< TEXT '>battle-gen9championsvgc2026regma-1925\n|reques...ng":false}]},"rqid":17}' [1451 bytes]
DEBUG:websockets.client:< TEXT '>battle-gen9championsvgc2026regma-1925\n|reques...Cancel":true,"rqid":16}' [1419 bytes]
DEBUG:vgc_base:switchDIAG [battle-gen9championsvgc2026regma-1925] turn=4 slot=0 ctx=replacement chosen=charizard#6896 in_active_set=False active=['None', 'zoroarkhisui#336(act=True,fnt=False)'] own_bench=['charizard#6896'] available_switches=[['charizard'], ['charizard']] request={'p1: Ditto': (True, True), 'p1: Zoroark': (True, False), 'p1: Whimsicott': (False, True), 'p1: Charizard': (False, False)}
DEBUG:live_vgc_base:forceSwitch forced_switch_model [battle-gen9championsvgc2026regma-1925] turn 4 a0=12 a1=None opp_splice=on
DEBUG:websockets.client:> TEXT 'battle-gen9championsvgc2026regma-1925|/choose switch Charizard, pass' [68 bytes]
DEBUG:websockets.client:< TEXT '>battle-gen9championsvgc2026regma-1925\n|\n|t:|...L50, F|168/168\n|turn|5' [112 bytes]
DEBUG:websockets.client:< TEXT '>battle-gen9championsvgc2026regma-1925\n|\n|t:|...L50, F|100/100\n|turn|5' [112 bytes]
DEBUG:websockets.client:< TEXT '>battle-gen9championsvgc2026regma-1925\n|reques...ng":false}]},"rqid":18}' [2184 bytes]
DEBUG:websockets.client:< TEXT '>battle-gen9championsvgc2026regma-1925\n|reques...ng":false}]},"rqid":19}' [2233 bytes]
DEBUG:vgc_base:Turn 5 [battle-gen9championsvgc2026regma-1925] a0=3 a1=9 src=max_damage g0=0 g1=0
DEBUG:websockets.client:> TEXT 'battle-gen9championsvgc2026regma-1925|/choose m...ash 1, move solarbeam 1' [80 bytes]
INFO:player:Turn 5 [battle-gen9championsvgc2026regma-1925] value head win-prob: 0.057  (losing)
DEBUG:live_vgc_base:Turn 5 [battle-gen9championsvgc2026regma-1925] a0=0 a1=0 src=model opp_splice=on
DEBUG:websockets.client:> TEXT 'battle-gen9championsvgc2026regma-1925|/choose m...e mega, move hypervoice' [81 bytes]
DEBUG:websockets.client:< TEXT '>battle-gen9championsvgc2026regma-1925\n|\n|t:|...nyDay|[upkeep]\n|upkeep' [669 bytes]
DEBUG:websockets.client:< TEXT '>battle-gen9championsvgc2026regma-1925\n|\n|t:|...nyDay|[upkeep]\n|upkeep' [668 bytes]
DEBUG:websockets.client:< TEXT '>battle-gen9championsvgc2026regma-1925\n|reques...ng":false}]},"rqid":20}' [1389 bytes]
DEBUG:websockets.client:< TEXT '>battle-gen9championsvgc2026regma-1925\n|reques...Cancel":true,"rqid":21}' [1480 bytes]
DEBUG:vgc_base:forceSwitch [battle-gen9championsvgc2026regma-1925] force=[False, True] → /choose pass / /choose switch Whimsicott
DEBUG:websockets.client:> TEXT 'battle-gen9championsvgc2026regma-1925|/choose pass, switch Whimsicott' [69 bytes]
DEBUG:websockets.client:< TEXT '>battle-gen9championsvgc2026regma-1925\n|\n|t:|...L50, M|100/100\n|turn|6' [114 bytes]
DEBUG:websockets.client:< TEXT '>battle-gen9championsvgc2026regma-1925\n|\n|t:|...L50, M|137/137\n|turn|6' [114 bytes]
DEBUG:websockets.client:< TEXT '>battle-gen9championsvgc2026regma-1925\n|reques...ng":false}]},"rqid":23}' [2210 bytes]
DEBUG:websockets.client:< TEXT '>battle-gen9championsvgc2026regma-1925\n|reques...ng":false}]},"rqid":22}' [2167 bytes]
DEBUG:vgc_base:Turn 6 [battle-gen9championsvgc2026regma-1925] a0=3 a1=6 src=max_damage g0=0 g1=0
DEBUG:websockets.client:> TEXT 'battle-gen9championsvgc2026regma-1925|/choose m...ash 1, move moonblast 1' [80 bytes]
INFO:player:Turn 6 [battle-gen9championsvgc2026regma-1925] value head win-prob: 0.016  (losing)
DEBUG:live_vgc_base:Turn 6 [battle-gen9championsvgc2026regma-1925] a0=0 a1=0 src=model opp_splice=on
DEBUG:websockets.client:> TEXT 'battle-gen9championsvgc2026regma-1925|/choose m...atwave, move hypervoice' [76 bytes]
DEBUG:websockets.client:< TEXT '>battle-gen9championsvgc2026regma-1925\n|\n|t:|...Recoil\n|\n|win|OPmax_2' [456 bytes]
DEBUG:websockets.client:< TEXT '>battle-gen9championsvgc2026regma-1925\n|\n|t:|...Recoil\n|\n|win|OPmax_2' [457 bytes]
INFO:vgc_base:Battle battle-gen9championsvgc2026regma-1925 finished — outcome: LOSS  (W/L/D so far: 0/1/0)
DEBUG:websockets.client:> TEXT '|/leave battle-gen9championsvgc2026regma-1925' [45 bytes]
DEBUG:websockets.client:< TEXT '|updatesearch|{"searching":[],"games":{"battle-... 2026 Reg M-A Battle"}}' [124 bytes]
DEBUG:websockets.client:> TEXT 'battle-gen9championsvgc2026regma-1926|/rejectopenteamsheets' [59 bytes]
INFO:vgc_base:Battle battle-gen9championsvgc2026regma-1925 finished — outcome: WIN  (W/L/D so far: 1/0/0)
DEBUG:websockets.client:> TEXT '|/leave battle-gen9championsvgc2026regma-1925' [45 bytes]
DEBUG:websockets.client:< TEXT '|updatesearch|{"searching":[],"games":{"battle-... 2026 Reg M-A Battle"}}' [124 bytes]
DEBUG:websockets.client:> TEXT '|/utm Sneasler||whiteherb|unburden|fakeout,dire...Naive|32,2,,,,32||||50|' [550 bytes]
DEBUG:websockets.client:> TEXT '|/challenge opmax2, gen9championsvgc2026regma' [45 bytes]
DEBUG:websockets.client:> TEXT 'battle-gen9championsvgc2026regma-1926|/rejectopenteamsheets' [59 bytes]
DEBUG:websockets.client:< TEXT '>battle-gen9championsvgc2026regma-1925\n|l|☆BC2' [48 bytes]
DEBUG:websockets.client:< TEXT '>battle-gen9championsvgc2026regma-1926\n|uhtmlchange|otsrequest|' [63 bytes]
DEBUG:websockets.client:< TEXT '>battle-gen9championsvgc2026regma-1926\nBC2 rejected open team sheets.' [69 bytes]
DEBUG:websockets.client:< TEXT '>battle-gen9championsvgc2026regma-1925\n|deinit' [46 bytes]
DEBUG:websockets.client:< TEXT '>battle-gen9championsvgc2026regma-1925\n|deinit' [46 bytes]
DEBUG:websockets.client:< TEXT '>battle-gen9championsvgc2026regma-1926\n|uhtmlchange|otsrequest|' [63 bytes]
DEBUG:websockets.client:< TEXT '>battle-gen9championsvgc2026regma-1926\nBC2 rejected open team sheets.' [69 bytes]
DEBUG:websockets.client:< TEXT '>battle-gen9championsvgc2026regma-1926\n|uhtmlchange|otsrequest|' [63 bytes]
DEBUG:websockets.client:< TEXT '>battle-gen9championsvgc2026regma-1926\n|uhtmlchange|otsrequest|' [63 bytes]
DEBUG:websockets.client:< TEXT '>battle-gen9championsvgc2026regma-1926\nOPmax_2...ected open team sheets.' [73 bytes]
DEBUG:websockets.client:< TEXT '>battle-gen9championsvgc2026regma-1926\nOPmax_2...ected open team sheets.' [73 bytes]
INFO:player:Team-preview [battle-gen9championsvgc2026regma-1926] NET drove: bring=['whimsicott', 'zoroarkhisui', 'ditto', 'charizardmegay'] leads=['whimsicott', 'zoroarkhisui'] (vs opp ['sneasler', 'charizard', 'whimsicott', 'basculegion', 'zoroarkhisui', 'ditto'])
INFO:vgc_base:Teampreview [battle-gen9championsvgc2026regma-1926] → /team 3562  (whimsicott, zoroarkhisui, ditto, charizardmegay)
DEBUG:websockets.client:> TEXT 'battle-gen9championsvgc2026regma-1926|/team 3562' [48 bytes]
DEBUG:vgc_base:Teampreview: first-4 roster order → ['sneasler', 'charizardmegay', 'whimsicott', 'basculegion']
INFO:vgc_base:Teampreview [battle-gen9championsvgc2026regma-1926] → /team 1234  (sneasler, charizardmegay, whimsicott, basculegion)
DEBUG:websockets.client:> TEXT 'battle-gen9championsvgc2026regma-1926|/team 1234' [48 bytes]
DEBUG:websockets.client:< TEXT '|pm| BC2| OPmax_2|/challenge gen9championsvgc20...hampionsvgc2026regma|||' [83 bytes]
DEBUG:websockets.client:< TEXT '|pm| BC2| OPmax_2|/challenge gen9championsvgc20...hampionsvgc2026regma|||' [83 bytes]
DEBUG:websockets.client:< TEXT '|pm| BC2| OPmax_2|/log BC2 wants to battle!' [43 bytes]
DEBUG:websockets.client:< TEXT '|pm| BC2| OPmax_2|/log BC2 wants to battle!' [43 bytes]
DEBUG:websockets.client:> TEXT '|/utm Sneasler||whiteherb|unburden|fakeout,dire...Naive|32,2,,,,32||||50|' [550 bytes]
DEBUG:websockets.client:> TEXT '|/accept bc2' [12 bytes]
DEBUG:websockets.client:< TEXT '>battle-gen9championsvgc2026regma-1926\n|\n|t:|...L50, F|100/100\n|turn|1' [321 bytes]
DEBUG:websockets.client:< TEXT '>battle-gen9championsvgc2026regma-1926\n|\n|t:|...L50, F|168/168\n|turn|1' [321 bytes]
DEBUG:websockets.client:< TEXT '>battle-gen9championsvgc2026regma-1926\n|reques...ing":false}]},"rqid":4}' [2167 bytes]
DEBUG:websockets.client:< TEXT '>battle-gen9championsvgc2026regma-1926\n|reques...ing":false}]},"rqid":5}' [2236 bytes]
INFO:player:Turn 1 [battle-gen9championsvgc2026regma-1926] value head win-prob: 0.351  (losing)
DEBUG:live_vgc_base:Turn 1 [battle-gen9championsvgc2026regma-1926] a0=0 a1=9 src=model opp_splice=on
DEBUG:websockets.client:> TEXT 'battle-gen9championsvgc2026regma-1926|/choose move encore 1, move icywind' [73 bytes]
DEBUG:vgc_base:Turn 1 [battle-gen9championsvgc2026regma-1926] a0=9 a1=9 src=max_damage g0=0 g1=0
DEBUG:websockets.client:> TEXT 'battle-gen9championsvgc2026regma-1926|/choose m...bat 1, move solarbeam 1' [82 bytes]
DEBUG:websockets.client:< TEXT '|pm| OPmax_2| BC2|/challenge' [28 bytes]
DEBUG:websockets.client:< TEXT '|pm| OPmax_2| BC2|/challenge' [28 bytes]
DEBUG:websockets.client:< TEXT '|updatesearch|{"searching":[],"games":{"battle-... 2026 Reg M-A Battle"}}' [124 bytes]
DEBUG:websockets.client:< TEXT '|updatesearch|{"searching":[],"games":{"battle-... 2026 Reg M-A Battle"}}' [208 bytes]
DEBUG:websockets.client:< TEXT '|updatesearch|{"searching":[],"games":{"battle-... 2026 Reg M-A Battle"}}' [208 bytes]
DEBUG:websockets.client:< TEXT '>battle-gen9championsvgc2026regma-1927\n|init|b...n|j|☆BC2\n|j|☆OPmax_2\n' [99 bytes]
DEBUG:websockets.client:< TEXT '|pm| OPmax_2| BC2|/nonotify OPmax_2 accepted th...26regma-1927</a>&raquo;' [173 bytes]
DEBUG:websockets.client:< TEXT '>battle-gen9championsvgc2026regma-1927\n|t:|1781646014\n|gametype|doubles' [71 bytes]
DEBUG:websockets.client:< TEXT '>battle-gen9championsvgc2026regma-1927\n|player|p1|BC2|102|' [58 bytes]
DEBUG:websockets.client:< TEXT '>battle-gen9championsvgc2026regma-1927\n|player...heets</strong></button>' [855 bytes]
DEBUG:websockets.client:< TEXT '>battle-gen9championsvgc2026regma-1927\n|reques...ing":false}]},"rqid":3}' [2097 bytes]
DEBUG:websockets.client:< TEXT '|updatesearch|{"searching":[],"games":{"battle-... 2026 Reg M-A Battle"}}' [124 bytes]
DEBUG:websockets.client:< TEXT '|updatesearch|{"searching":[],"games":{"battle-... 2026 Reg M-A Battle"}}' [208 bytes]
DEBUG:websockets.client:< TEXT '|updatesearch|{"searching":[],"games":{"battle-... 2026 Reg M-A Battle"}}' [208 bytes]
DEBUG:websockets.client:< TEXT '>battle-gen9championsvgc2026regma-1927\n|init|b... vs. OPmax_2\n|j|☆BC2\n' [85 bytes]
DEBUG:websockets.client:< TEXT '>battle-gen9championsvgc2026regma-1927\n|j|☆OPmax_2' [52 bytes]
DEBUG:websockets.client:< TEXT '|pm| OPmax_2| BC2|/nonotify OPmax_2 accepted th...26regma-1927</a>&raquo;' [173 bytes]
DEBUG:websockets.client:< TEXT '>battle-gen9championsvgc2026regma-1927\n|t:|1781646014\n|gametype|doubles' [71 bytes]
DEBUG:websockets.client:< TEXT '>battle-gen9championsvgc2026regma-1927\n|player|p1|BC2|102|' [58 bytes]
DEBUG:websockets.client:< TEXT '>battle-gen9championsvgc2026regma-1927\n|player...heets</strong></button>' [855 bytes]
DEBUG:websockets.client:< TEXT '>battle-gen9championsvgc2026regma-1927\n|reques...ing":false}]},"rqid":2}' [2093 bytes]
DEBUG:websockets.client:< TEXT '>battle-gen9championsvgc2026regma-1926\n|\n|t:|...am\n|\n|upkeep\n|turn|2' [644 bytes]
DEBUG:websockets.client:< TEXT '>battle-gen9championsvgc2026regma-1926\n|\n|t:|...am\n|\n|upkeep\n|turn|2' [646 bytes]
DEBUG:websockets.client:< TEXT '>battle-gen9championsvgc2026regma-1926\n|reques...ing":false}]},"rqid":7}' [1888 bytes]
DEBUG:websockets.client:< TEXT '>battle-gen9championsvgc2026regma-1926\n|reques...ing":false}]},"rqid":6}' [2166 bytes]
DEBUG:vgc_base:Turn 2 [battle-gen9championsvgc2026regma-1926] a0=9 a1=9 src=max_damage g0=0 g1=0
DEBUG:websockets.client:> TEXT 'battle-gen9championsvgc2026regma-1926|/choose m...bat 1, move solarbeam 1' [82 bytes]
INFO:player:Turn 2 [battle-gen9championsvgc2026regma-1926] value head win-prob: 0.268  (losing)
DEBUG:live_vgc_base:Turn 2 [battle-gen9championsvgc2026regma-1926] a0=0 a1=9 src=model opp_splice=on
DEBUG:websockets.client:> TEXT 'battle-gen9championsvgc2026regma-1926|/choose move encore 1, move icywind' [73 bytes]
DEBUG:websockets.client:< TEXT '>battle-gen9championsvgc2026regma-1926\n|\n|t:|...rk|Illusion\n|\n|upkeep' [704 bytes]
DEBUG:websockets.client:< TEXT '>battle-gen9championsvgc2026regma-1926\n|\n|t:|...rk|Illusion\n|\n|upkeep' [704 bytes]
DEBUG:websockets.client:< TEXT '>battle-gen9championsvgc2026regma-1926\n|reques...oCancel":true,"rqid":8}' [1420 bytes]
DEBUG:websockets.client:< TEXT '>battle-gen9championsvgc2026regma-1926\n|reques...ing":false}]},"rqid":9}' [1452 bytes]
DEBUG:vgc_base:switchDIAG [battle-gen9championsvgc2026regma-1926] turn=2 slot=0 ctx=replacement chosen=ditto#128 in_active_set=False active=['None', 'zoroarkhisui#9760(act=True,fnt=False)'] own_bench=['charizard#8656', 'ditto#128'] available_switches=[['ditto', 'charizard'], ['ditto', 'charizard']] request={'p1: Whimsicott': (True, True), 'p1: Zoroark': (True, False), 'p1: Ditto': (False, False), 'p1: Charizard': (False, False)}
DEBUG:live_vgc_base:forceSwitch forced_switch_model [battle-gen9championsvgc2026regma-1926] turn 2 a0=13 a1=None opp_splice=on
DEBUG:websockets.client:> TEXT 'battle-gen9championsvgc2026regma-1926|/choose switch Ditto, pass' [64 bytes]
DEBUG:websockets.client:< TEXT '>battle-gen9championsvgc2026regma-1926\n|\n|t:|...lity: Imposter\n|turn|3' [164 bytes]
DEBUG:websockets.client:< TEXT '>battle-gen9championsvgc2026regma-1926\n|\n|t:|...lity: Imposter\n|turn|3' [164 bytes]
DEBUG:websockets.client:< TEXT '>battle-gen9championsvgc2026regma-1926\n|reques...ng":false}]},"rqid":10}' [2199 bytes]
DEBUG:websockets.client:< TEXT '>battle-gen9championsvgc2026regma-1926\n|reques...ng":false}]},"rqid":11}' [2224 bytes]
INFO:player:Turn 3 [battle-gen9championsvgc2026regma-1926] value head win-prob: 0.352  (losing)
DEBUG:live_vgc_base:Turn 3 [battle-gen9championsvgc2026regma-1926] a0=3 a1=9 src=model opp_splice=on
DEBUG:websockets.client:> TEXT 'battle-gen9championsvgc2026regma-1926|/choose move heatwave, move icywind' [73 bytes]
DEBUG:vgc_base:Turn 3 [battle-gen9championsvgc2026regma-1926] a0=9 a1=9 src=max_damage g0=0 g1=0
DEBUG:websockets.client:> TEXT 'battle-gen9championsvgc2026regma-1926|/choose m...bat 1, move solarbeam 1' [82 bytes]
DEBUG:websockets.client:< TEXT '>battle-gen9championsvgc2026regma-1926\n|\n|t:|...|Solar Beam\n|\n|upkeep' [646 bytes]
DEBUG:websockets.client:< TEXT '>battle-gen9championsvgc2026regma-1926\n|\n|t:|...|Solar Beam\n|\n|upkeep' [646 bytes]
DEBUG:websockets.client:< TEXT '>battle-gen9championsvgc2026regma-1926\n|reques...Cancel":true,"rqid":13}' [1482 bytes]
DEBUG:websockets.client:< TEXT '>battle-gen9championsvgc2026regma-1926\n|reques...ng":false}]},"rqid":12}' [1426 bytes]
DEBUG:vgc_base:forceSwitch [battle-gen9championsvgc2026regma-1926] force=[True, False] → /choose switch Whimsicott / /choose pass
DEBUG:websockets.client:> TEXT 'battle-gen9championsvgc2026regma-1926|/choose switch Whimsicott, pass' [69 bytes]
DEBUG:websockets.client:< TEXT '>battle-gen9championsvgc2026regma-1926\n|\n|t:|...L50, M|100/100\n|turn|4' [114 bytes]
DEBUG:websockets.client:< TEXT '>battle-gen9championsvgc2026regma-1926\n|\n|t:|...L50, M|137/137\n|turn|4' [114 bytes]
DEBUG:websockets.client:< TEXT '>battle-gen9championsvgc2026regma-1926\n|reques...ng":false}]},"rqid":15}' [1899 bytes]
DEBUG:websockets.client:< TEXT '>battle-gen9championsvgc2026regma-1926\n|reques...ng":false}]},"rqid":14}' [2198 bytes]
DEBUG:vgc_base:Turn 4 [battle-gen9championsvgc2026regma-1926] a0=6 a1=9 src=max_damage g0=0 g1=0
DEBUG:websockets.client:> TEXT 'battle-gen9championsvgc2026regma-1926|/choose m...ast 1, move solarbeam 1' [80 bytes]
INFO:player:Turn 4 [battle-gen9championsvgc2026regma-1926] value head win-prob: 0.093  (losing)
DEBUG:live_vgc_base:Turn 4 [battle-gen9championsvgc2026regma-1926] a0=3 a1=9 src=model opp_splice=on
DEBUG:websockets.client:> TEXT 'battle-gen9championsvgc2026regma-1926|/choose move heatwave, move icywind' [73 bytes]
DEBUG:websockets.client:< TEXT '>battle-gen9championsvgc2026regma-1926\n|\n|t:|...: Charizard\n|\n|upkeep' [676 bytes]
DEBUG:websockets.client:< TEXT '>battle-gen9championsvgc2026regma-1926\n|\n|t:|...: Charizard\n|\n|upkeep' [677 bytes]
DEBUG:websockets.client:< TEXT '>battle-gen9championsvgc2026regma-1926\n|reques...Cancel":true,"rqid":17}' [1471 bytes]
DEBUG:websockets.client:< TEXT '>battle-gen9championsvgc2026regma-1926\n|reques...ng":false}]},"rqid":16}' [1426 bytes]
DEBUG:vgc_base:forceSwitch [battle-gen9championsvgc2026regma-1926] force=[False, True] → /choose pass / /choose switch Basculegion
DEBUG:websockets.client:> TEXT 'battle-gen9championsvgc2026regma-1926|/choose pass, switch Basculegion' [70 bytes]
DEBUG:websockets.client:< TEXT '>battle-gen9championsvgc2026regma-1926\n|\n|t:|...L50, M|100/100\n|turn|5' [116 bytes]
DEBUG:websockets.client:< TEXT '>battle-gen9championsvgc2026regma-1926\n|\n|t:|...L50, M|197/197\n|turn|5' [116 bytes]
DEBUG:websockets.client:< TEXT '>battle-gen9championsvgc2026regma-1926\n|reques...ng":false}]},"rqid":18}' [2198 bytes]
DEBUG:websockets.client:< TEXT '>battle-gen9championsvgc2026regma-1926\n|reques...ng":false}]},"rqid":19}' [2201 bytes]
DEBUG:vgc_base:Turn 5 [battle-gen9championsvgc2026regma-1926] a0=6 a1=3 src=max_damage g0=0 g1=0
DEBUG:websockets.client:> TEXT 'battle-gen9championsvgc2026regma-1926|/choose m...ast 1, move wavecrash 1' [80 bytes]
INFO:player:Turn 5 [battle-gen9championsvgc2026regma-1926] value head win-prob: 0.351  (losing)
DEBUG:live_vgc_base:Turn 5 [battle-gen9championsvgc2026regma-1926] a0=12 a1=9 src=model opp_splice=on
DEBUG:vgc_base:switchDIAG [battle-gen9championsvgc2026regma-1926] turn=5 slot=0 ctx=normal chosen=charizard#8656 in_active_set=False active=['ditto#128(act=True,fnt=False)', 'zoroarkhisui#9760(act=True,fnt=False)'] own_bench=['charizard#8656'] available_switches=[['charizard'], ['charizard']] request={'p1: Ditto': (True, False), 'p1: Zoroark': (True, False), 'p1: Whimsicott': (False, True), 'p1: Charizard': (False, False)}
DEBUG:websockets.client:> TEXT 'battle-gen9championsvgc2026regma-1926|/choose s...Charizard, move icywind' [76 bytes]
DEBUG:websockets.client:< TEXT ">battle-gen9championsvgc2026regma-1926\n|error|...ch to an active Pokémon" [115 bytes]
INFO:player:Turn 5 [battle-gen9championsvgc2026regma-1926] value head win-prob: 0.351  (losing)
WARNING:live_vgc_base:Turn 5 [battle-gen9championsvgc2026regma-1926] order REJECTED by Showdown — perturbing to a fresh legal action (src=retry). The model did NOT drive this slot.
DEBUG:live_vgc_base:Turn 5 [battle-gen9championsvgc2026regma-1926] a0=7 a1=6 src=retry opp_splice=on
DEBUG:websockets.client:> TEXT 'battle-gen9championsvgc2026regma-1926|/choose m...herball 2, move protect' [78 bytes]
DEBUG:websockets.client:< TEXT '>battle-gen9championsvgc2026regma-1926\n|\n|t:|...ve: Protect\n|\n|upkeep' [388 bytes]
DEBUG:websockets.client:< TEXT '>battle-gen9championsvgc2026regma-1926\n|\n|t:|...ve: Protect\n|\n|upkeep' [389 bytes]
DEBUG:websockets.client:< TEXT '>battle-gen9championsvgc2026regma-1926\n|reques...Cancel":true,"rqid":20}' [1419 bytes]
DEBUG:websockets.client:< TEXT '>battle-gen9championsvgc2026regma-1926\n|reques...ng":false}]},"rqid":21}' [1440 bytes]
DEBUG:vgc_base:switchDIAG [battle-gen9championsvgc2026regma-1926] turn=5 slot=0 ctx=replacement chosen=charizard#8656 in_active_set=False active=['None', 'zoroarkhisui#9760(act=True,fnt=False)'] own_bench=['charizard#8656'] available_switches=[['charizard'], ['charizard']] request={'p1: Ditto': (True, True), 'p1: Zoroark': (True, False), 'p1: Whimsicott': (False, True), 'p1: Charizard': (False, False)}
DEBUG:live_vgc_base:forceSwitch forced_switch_model [battle-gen9championsvgc2026regma-1926] turn 5 a0=12 a1=None opp_splice=on
DEBUG:websockets.client:> TEXT 'battle-gen9championsvgc2026regma-1926|/choose switch Charizard, pass' [68 bytes]
DEBUG:websockets.client:< TEXT '>battle-gen9championsvgc2026regma-1926\n|\n|t:|...L50, M|168/168\n|turn|6' [112 bytes]
DEBUG:websockets.client:< TEXT '>battle-gen9championsvgc2026regma-1926\n|\n|t:|...L50, M|100/100\n|turn|6' [112 bytes]
DEBUG:websockets.client:< TEXT '>battle-gen9championsvgc2026regma-1926\n|reques...ng":false}]},"rqid":22}' [2184 bytes]
DEBUG:websockets.client:< TEXT '>battle-gen9championsvgc2026regma-1926\n|reques...ng":false}]},"rqid":23}' [2201 bytes]
DEBUG:vgc_base:Turn 6 [battle-gen9championsvgc2026regma-1926] a0=6 a1=3 src=max_damage g0=0 g1=0
DEBUG:websockets.client:> TEXT 'battle-gen9championsvgc2026regma-1926|/choose m...ast 1, move wavecrash 1' [80 bytes]
INFO:player:Turn 6 [battle-gen9championsvgc2026regma-1926] value head win-prob: 0.094  (losing)
DEBUG:live_vgc_base:Turn 6 [battle-gen9championsvgc2026regma-1926] a0=0 a1=0 src=model opp_splice=on
DEBUG:websockets.client:> TEXT 'battle-gen9championsvgc2026regma-1926|/choose m...e mega, move hypervoice' [81 bytes]
DEBUG:websockets.client:< TEXT '>battle-gen9championsvgc2026regma-1926\n|\n|t:|...keep]\n|upkeep\n|turn|7' [700 bytes]
DEBUG:websockets.client:< TEXT '>battle-gen9championsvgc2026regma-1926\n|\n|t:|...keep]\n|upkeep\n|turn|7' [700 bytes]
DEBUG:websockets.client:< TEXT '>battle-gen9championsvgc2026regma-1926\n|reques...ng":false}]},"rqid":24}' [2166 bytes]
DEBUG:websockets.client:< TEXT '>battle-gen9championsvgc2026regma-1926\n|reques...ng":false}]},"rqid":25}' [2199 bytes]
DEBUG:vgc_base:Turn 7 [battle-gen9championsvgc2026regma-1926] a0=0 a1=4 src=max_damage g0=0 g1=0
DEBUG:vgc_base:_safe_order: action 0 slot 0 → None, scanning legal actions.
DEBUG:vgc_base:_safe_order: slot 0 has no decodable legal action — sending Pass.
DEBUG:websockets.client:> TEXT 'battle-gen9championsvgc2026regma-1926|/choose pass, move wavecrash 2' [68 bytes]
INFO:player:Turn 7 [battle-gen9championsvgc2026regma-1926] value head win-prob: 0.484  (even)
DEBUG:live_vgc_base:Turn 7 [battle-gen9championsvgc2026regma-1926] a0=0 a1=0 src=model opp_splice=on
DEBUG:vgc_base:_safe_order: action 0 slot 0 → None, scanning legal actions.
DEBUG:vgc_base:_safe_order: slot 0 has no decodable legal action — sending Pass.
DEBUG:websockets.client:> TEXT 'battle-gen9championsvgc2026regma-1926|/choose pass, move hypervoice' [67 bytes]
DEBUG:websockets.client:< TEXT '>battle-gen9championsvgc2026regma-1926\n|\n|t:|...Recoil\n|\n|win|OPmax_2' [286 bytes]
DEBUG:websockets.client:< TEXT '>battle-gen9championsvgc2026regma-1926\n|\n|t:|...Recoil\n|\n|win|OPmax_2' [286 bytes]
DEBUG:websockets.client:< TEXT '|updatesearch|{"searching":[],"games":{"battle-... 2026 Reg M-A Battle"}}' [124 bytes]
INFO:vgc_base:Battle battle-gen9championsvgc2026regma-1926 finished — outcome: LOSS  (W/L/D so far: 0/2/0)
DEBUG:websockets.client:> TEXT '|/leave battle-gen9championsvgc2026regma-1926' [45 bytes]
DEBUG:websockets.client:< TEXT '|updatesearch|{"searching":[],"games":{"battle-... 2026 Reg M-A Battle"}}' [124 bytes]
DEBUG:websockets.client:> TEXT 'battle-gen9championsvgc2026regma-1927|/rejectopenteamsheets' [59 bytes]
INFO:vgc_base:Battle battle-gen9championsvgc2026regma-1926 finished — outcome: WIN  (W/L/D so far: 2/0/0)
DEBUG:websockets.client:> TEXT '|/leave battle-gen9championsvgc2026regma-1926' [45 bytes]
DEBUG:websockets.client:> TEXT '|/utm Sneasler||whiteherb|unburden|fakeout,dire...Naive|32,2,,,,32||||50|' [550 bytes]
DEBUG:websockets.client:> TEXT '|/challenge opmax2, gen9championsvgc2026regma' [45 bytes]
DEBUG:websockets.client:> TEXT 'battle-gen9championsvgc2026regma-1927|/rejectopenteamsheets' [59 bytes]
DEBUG:websockets.client:< TEXT '>battle-gen9championsvgc2026regma-1926\n|deinit' [46 bytes]
DEBUG:websockets.client:< TEXT '>battle-gen9championsvgc2026regma-1926\n|l|☆BC2' [48 bytes]
DEBUG:websockets.client:< TEXT '>battle-gen9championsvgc2026regma-1927\n|uhtmlchange|otsrequest|' [63 bytes]
DEBUG:websockets.client:< TEXT '>battle-gen9championsvgc2026regma-1927\nBC2 rejected open team sheets.' [69 bytes]
DEBUG:websockets.client:< TEXT '>battle-gen9championsvgc2026regma-1927\n|uhtmlchange|otsrequest|' [63 bytes]
DEBUG:websockets.client:< TEXT '>battle-gen9championsvgc2026regma-1927\nBC2 rejected open team sheets.' [69 bytes]
DEBUG:websockets.client:< TEXT '>battle-gen9championsvgc2026regma-1926\n|deinit' [46 bytes]
DEBUG:websockets.client:< TEXT '>battle-gen9championsvgc2026regma-1927\n|uhtmlchange|otsrequest|' [63 bytes]
DEBUG:websockets.client:< TEXT '>battle-gen9championsvgc2026regma-1927\n|uhtmlchange|otsrequest|' [63 bytes]
DEBUG:websockets.client:< TEXT '>battle-gen9championsvgc2026regma-1927\nOPmax_2...ected open team sheets.' [73 bytes]
DEBUG:websockets.client:< TEXT '>battle-gen9championsvgc2026regma-1927\nOPmax_2...ected open team sheets.' [73 bytes]
INFO:player:Team-preview [battle-gen9championsvgc2026regma-1927] NET drove: bring=['whimsicott', 'zoroarkhisui', 'ditto', 'charizardmegay'] leads=['whimsicott', 'zoroarkhisui'] (vs opp ['sneasler', 'charizard', 'whimsicott', 'basculegion', 'zoroarkhisui', 'ditto'])
INFO:vgc_base:Teampreview [battle-gen9championsvgc2026regma-1927] → /team 3562  (whimsicott, zoroarkhisui, ditto, charizardmegay)
DEBUG:websockets.client:> TEXT 'battle-gen9championsvgc2026regma-1927|/team 3562' [48 bytes]
DEBUG:vgc_base:Teampreview: first-4 roster order → ['sneasler', 'charizardmegay', 'whimsicott', 'basculegion']
INFO:vgc_base:Teampreview [battle-gen9championsvgc2026regma-1927] → /team 1234  (sneasler, charizardmegay, whimsicott, basculegion)
DEBUG:websockets.client:> TEXT 'battle-gen9championsvgc2026regma-1927|/team 1234' [48 bytes]
DEBUG:websockets.client:< TEXT '|pm| BC2| OPmax_2|/challenge gen9championsvgc20...hampionsvgc2026regma|||' [83 bytes]
DEBUG:websockets.client:< TEXT '|pm| BC2| OPmax_2|/challenge gen9championsvgc20...hampionsvgc2026regma|||' [83 bytes]
DEBUG:websockets.client:< TEXT '|pm| BC2| OPmax_2|/log BC2 wants to battle!' [43 bytes]
DEBUG:websockets.client:< TEXT '|pm| BC2| OPmax_2|/log BC2 wants to battle!' [43 bytes]
DEBUG:websockets.client:> TEXT '|/utm Sneasler||whiteherb|unburden|fakeout,dire...Naive|32,2,,,,32||||50|' [550 bytes]
DEBUG:websockets.client:> TEXT '|/accept bc2' [12 bytes]
DEBUG:websockets.client:< TEXT '>battle-gen9championsvgc2026regma-1927\n|\n|t:|...L50, F|100/100\n|turn|1' [321 bytes]
DEBUG:websockets.client:< TEXT '>battle-gen9championsvgc2026regma-1927\n|\n|t:|...L50, F|168/168\n|turn|1' [321 bytes]
DEBUG:websockets.client:< TEXT '>battle-gen9championsvgc2026regma-1927\n|reques...ing":false}]},"rqid":4}' [2167 bytes]
DEBUG:websockets.client:< TEXT '>battle-gen9championsvgc2026regma-1927\n|reques...ing":false}]},"rqid":5}' [2236 bytes]
INFO:player:Turn 1 [battle-gen9championsvgc2026regma-1927] value head win-prob: 0.351  (losing)
DEBUG:live_vgc_base:Turn 1 [battle-gen9championsvgc2026regma-1927] a0=0 a1=9 src=model opp_splice=on
DEBUG:websockets.client:> TEXT 'battle-gen9championsvgc2026regma-1927|/choose move encore 1, move icywind' [73 bytes]
DEBUG:websockets.client:< TEXT '|pm| OPmax_2| BC2|/challenge' [28 bytes]
DEBUG:websockets.client:< TEXT '|pm| OPmax_2| BC2|/challenge' [28 bytes]
DEBUG:websockets.client:< TEXT '|updatesearch|{"searching":[],"games":{"battle-... 2026 Reg M-A Battle"}}' [124 bytes]
DEBUG:websockets.client:< TEXT '|updatesearch|{"searching":[],"games":{"battle-... 2026 Reg M-A Battle"}}' [208 bytes]
DEBUG:websockets.client:< TEXT '|updatesearch|{"searching":[],"games":{"battle-... 2026 Reg M-A Battle"}}' [208 bytes]
DEBUG:websockets.client:< TEXT '>battle-gen9championsvgc2026regma-1928\n|init|b...n|j|☆BC2\n|j|☆OPmax_2\n' [99 bytes]
DEBUG:websockets.client:< TEXT '|pm| OPmax_2| BC2|/nonotify OPmax_2 accepted th...26regma-1928</a>&raquo;' [173 bytes]
DEBUG:websockets.client:< TEXT '>battle-gen9championsvgc2026regma-1928\n|t:|1781646014\n|gametype|doubles' [71 bytes]
DEBUG:websockets.client:< TEXT '>battle-gen9championsvgc2026regma-1928\n|player|p1|BC2|102|' [58 bytes]
DEBUG:websockets.client:< TEXT '>battle-gen9championsvgc2026regma-1928\n|player...heets</strong></button>' [855 bytes]
DEBUG:websockets.client:< TEXT '>battle-gen9championsvgc2026regma-1928\n|reques...ing":false}]},"rqid":3}' [2097 bytes]
DEBUG:vgc_base:Turn 1 [battle-gen9championsvgc2026regma-1927] a0=9 a1=9 src=max_damage g0=0 g1=0
DEBUG:websockets.client:> TEXT 'battle-gen9championsvgc2026regma-1927|/choose m...bat 1, move solarbeam 1' [82 bytes]
DEBUG:websockets.client:< TEXT '|updatesearch|{"searching":[],"games":{"battle-... 2026 Reg M-A Battle"}}' [124 bytes]
DEBUG:websockets.client:< TEXT '|updatesearch|{"searching":[],"games":{"battle-... 2026 Reg M-A Battle"}}' [208 bytes]
DEBUG:websockets.client:< TEXT '|updatesearch|{"searching":[],"games":{"battle-... 2026 Reg M-A Battle"}}' [208 bytes]
DEBUG:websockets.client:< TEXT '>battle-gen9championsvgc2026regma-1928\n|init|b... vs. OPmax_2\n|j|☆BC2\n' [85 bytes]
DEBUG:websockets.client:< TEXT '>battle-gen9championsvgc2026regma-1928\n|j|☆OPmax_2' [52 bytes]
DEBUG:websockets.client:< TEXT '|pm| OPmax_2| BC2|/nonotify OPmax_2 accepted th...26regma-1928</a>&raquo;' [173 bytes]
DEBUG:websockets.client:< TEXT '>battle-gen9championsvgc2026regma-1928\n|t:|1781646014\n|gametype|doubles' [71 bytes]
DEBUG:websockets.client:< TEXT '>battle-gen9championsvgc2026regma-1928\n|player|p1|BC2|102|' [58 bytes]
DEBUG:websockets.client:< TEXT '>battle-gen9championsvgc2026regma-1928\n|player...heets</strong></button>' [855 bytes]
DEBUG:websockets.client:< TEXT '>battle-gen9championsvgc2026regma-1928\n|reques...ing":false}]},"rqid":2}' [2093 bytes]
DEBUG:websockets.client:< TEXT '>battle-gen9championsvgc2026regma-1927\n|\n|t:|...am\n|\n|upkeep\n|turn|2' [643 bytes]
DEBUG:websockets.client:< TEXT '>battle-gen9championsvgc2026regma-1927\n|\n|t:|...am\n|\n|upkeep\n|turn|2' [646 bytes]
DEBUG:websockets.client:< TEXT '>battle-gen9championsvgc2026regma-1927\n|reques...ing":false}]},"rqid":6}' [2166 bytes]
DEBUG:websockets.client:< TEXT '>battle-gen9championsvgc2026regma-1927\n|reques...ing":false}]},"rqid":7}' [1888 bytes]
DEBUG:vgc_base:Turn 2 [battle-gen9championsvgc2026regma-1927] a0=9 a1=9 src=max_damage g0=0 g1=0
DEBUG:websockets.client:> TEXT 'battle-gen9championsvgc2026regma-1927|/choose m...bat 1, move solarbeam 1' [82 bytes]
INFO:player:Turn 2 [battle-gen9championsvgc2026regma-1927] value head win-prob: 0.263  (losing)
DEBUG:live_vgc_base:Turn 2 [battle-gen9championsvgc2026regma-1927] a0=0 a1=9 src=model opp_splice=on
DEBUG:websockets.client:> TEXT 'battle-gen9championsvgc2026regma-1927|/choose move encore 1, move icywind' [73 bytes]
DEBUG:websockets.client:< TEXT '>battle-gen9championsvgc2026regma-1927\n|\n|t:|...rk|Illusion\n|\n|upkeep' [653 bytes]
DEBUG:websockets.client:< TEXT '>battle-gen9championsvgc2026regma-1927\n|\n|t:|...rk|Illusion\n|\n|upkeep' [652 bytes]
DEBUG:websockets.client:< TEXT '>battle-gen9championsvgc2026regma-1927\n|reques...oCancel":true,"rqid":8}' [1420 bytes]
DEBUG:websockets.client:< TEXT '>battle-gen9championsvgc2026regma-1927\n|reques...ing":false}]},"rqid":9}' [1452 bytes]
DEBUG:vgc_base:switchDIAG [battle-gen9championsvgc2026regma-1927] turn=2 slot=0 ctx=replacement chosen=ditto#5040 in_active_set=False active=['None', 'zoroarkhisui#4672(act=True,fnt=False)'] own_bench=['charizard#3568', 'ditto#5040'] available_switches=[['ditto', 'charizard'], ['ditto', 'charizard']] request={'p1: Whimsicott': (True, True), 'p1: Zoroark': (True, False), 'p1: Ditto': (False, False), 'p1: Charizard': (False, False)}
DEBUG:live_vgc_base:forceSwitch forced_switch_model [battle-gen9championsvgc2026regma-1927] turn 2 a0=13 a1=None opp_splice=on
DEBUG:websockets.client:> TEXT 'battle-gen9championsvgc2026regma-1927|/choose switch Ditto, pass' [64 bytes]
DEBUG:websockets.client:< TEXT '>battle-gen9championsvgc2026regma-1927\n|\n|t:|...lity: Imposter\n|turn|3' [164 bytes]
DEBUG:websockets.client:< TEXT '>battle-gen9championsvgc2026regma-1927\n|\n|t:|...lity: Imposter\n|turn|3' [164 bytes]
DEBUG:websockets.client:< TEXT '>battle-gen9championsvgc2026regma-1927\n|reques...ng":false}]},"rqid":10}' [2199 bytes]
DEBUG:websockets.client:< TEXT '>battle-gen9championsvgc2026regma-1927\n|reques...ng":false}]},"rqid":11}' [2224 bytes]
INFO:player:Turn 3 [battle-gen9championsvgc2026regma-1927] value head win-prob: 0.328  (losing)
DEBUG:live_vgc_base:Turn 3 [battle-gen9championsvgc2026regma-1927] a0=3 a1=9 src=model opp_splice=on
DEBUG:websockets.client:> TEXT 'battle-gen9championsvgc2026regma-1927|/choose move heatwave, move icywind' [73 bytes]
DEBUG:vgc_base:Turn 3 [battle-gen9championsvgc2026regma-1927] a0=9 a1=9 src=max_damage g0=0 g1=0
DEBUG:websockets.client:> TEXT 'battle-gen9championsvgc2026regma-1927|/choose m...bat 1, move solarbeam 1' [82 bytes]
DEBUG:websockets.client:< TEXT '>battle-gen9championsvgc2026regma-1927\n|\n|t:|...|Solar Beam\n|\n|upkeep' [648 bytes]
DEBUG:websockets.client:< TEXT '>battle-gen9championsvgc2026regma-1927\n|\n|t:|...|Solar Beam\n|\n|upkeep' [647 bytes]
DEBUG:websockets.client:< TEXT '>battle-gen9championsvgc2026regma-1927\n|reques...ng":false}]},"rqid":12}' [1427 bytes]
DEBUG:websockets.client:< TEXT '>battle-gen9championsvgc2026regma-1927\n|reques...Cancel":true,"rqid":13}' [1482 bytes]
DEBUG:vgc_base:forceSwitch [battle-gen9championsvgc2026regma-1927] force=[True, False] → /choose switch Basculegion / /choose pass
DEBUG:websockets.client:> TEXT 'battle-gen9championsvgc2026regma-1927|/choose switch Basculegion, pass' [70 bytes]
DEBUG:websockets.client:< TEXT '>battle-gen9championsvgc2026regma-1927\n|\n|t:|...L50, M|100/100\n|turn|4' [116 bytes]
DEBUG:websockets.client:< TEXT '>battle-gen9championsvgc2026regma-1927\n|\n|t:|...L50, M|197/197\n|turn|4' [116 bytes]
DEBUG:websockets.client:< TEXT '>battle-gen9championsvgc2026regma-1927\n|reques...ng":false}]},"rqid":14}' [2199 bytes]
DEBUG:websockets.client:< TEXT '>battle-gen9championsvgc2026regma-1927\n|reques...ng":false}]},"rqid":15}' [1895 bytes]
INFO:player:Turn 4 [battle-gen9championsvgc2026regma-1927] value head win-prob: 0.091  (losing)
DEBUG:live_vgc_base:Turn 4 [battle-gen9championsvgc2026regma-1927] a0=3 a1=0 src=model opp_splice=on
DEBUG:websockets.client:> TEXT 'battle-gen9championsvgc2026regma-1927|/choose m...atwave, move hypervoice' [76 bytes]
DEBUG:vgc_base:Turn 4 [battle-gen9championsvgc2026regma-1927] a0=3 a1=9 src=max_damage g0=0 g1=0
DEBUG:websockets.client:> TEXT 'battle-gen9championsvgc2026regma-1927|/choose m...ash 1, move solarbeam 1' [80 bytes]
DEBUG:websockets.client:< TEXT '>battle-gen9championsvgc2026regma-1927\n|\n|t:|...1b: Zoroark\n|\n|upkeep' [457 bytes]
DEBUG:websockets.client:< TEXT '>battle-gen9championsvgc2026regma-1927\n|\n|t:|...1b: Zoroark\n|\n|upkeep' [459 bytes]
DEBUG:websockets.client:< TEXT '>battle-gen9championsvgc2026regma-1927\n|reques...Cancel":true,"rqid":16}' [1417 bytes]
DEBUG:websockets.client:< TEXT '>battle-gen9championsvgc2026regma-1927\n|reques...ng":false}]},"rqid":17}' [1451 bytes]
DEBUG:vgc_base:switchDIAG [battle-gen9championsvgc2026regma-1927] turn=4 slot=0 ctx=replacement chosen=charizard#3568 in_active_set=False active=['None', 'None'] own_bench=['charizard#3568'] available_switches=[['charizard'], ['charizard']] request={'p1: Ditto': (True, True), 'p1: Zoroark': (True, True), 'p1: Whimsicott': (False, True), 'p1: Charizard': (False, False)}
DEBUG:live_vgc_base:forceSwitch forced_switch_model [battle-gen9championsvgc2026regma-1927] turn 4 a0=12 a1=None opp_splice=on
DEBUG:websockets.client:> TEXT 'battle-gen9championsvgc2026regma-1927|/choose switch Charizard, pass' [68 bytes]
DEBUG:websockets.client:< TEXT '>battle-gen9championsvgc2026regma-1927\n|\n|t:|...L50, F|168/168\n|turn|5' [112 bytes]
DEBUG:websockets.client:< TEXT '>battle-gen9championsvgc2026regma-1927\n|\n|t:|...L50, F|100/100\n|turn|5' [112 bytes]
DEBUG:websockets.client:< TEXT '>battle-gen9championsvgc2026regma-1927\n|reques...ng":false}]},"rqid":18}' [2183 bytes]
DEBUG:websockets.client:< TEXT '>battle-gen9championsvgc2026regma-1927\n|reques...ng":false}]},"rqid":19}' [2233 bytes]
INFO:player:Turn 5 [battle-gen9championsvgc2026regma-1927] value head win-prob: 0.049  (losing)
DEBUG:live_vgc_base:Turn 5 [battle-gen9championsvgc2026regma-1927] a0=0 a1=0 src=model opp_splice=on
DEBUG:vgc_base:_safe_order: action 0 slot 1 → None, scanning legal actions.
DEBUG:vgc_base:_safe_order: slot 1 has no decodable legal action — sending Pass.
DEBUG:websockets.client:> TEXT 'battle-gen9championsvgc2026regma-1927|/choose move heatwave mega, pass' [70 bytes]
DEBUG:vgc_base:Turn 5 [battle-gen9championsvgc2026regma-1927] a0=3 a1=9 src=max_damage g0=0 g1=0
DEBUG:websockets.client:> TEXT 'battle-gen9championsvgc2026regma-1927|/choose m...ash 1, move solarbeam 1' [80 bytes]
DEBUG:websockets.client:< TEXT '>battle-gen9championsvgc2026regma-1927\n|\n|t:|...nyDay|[upkeep]\n|upkeep' [627 bytes]
DEBUG:websockets.client:< TEXT '>battle-gen9championsvgc2026regma-1927\n|\n|t:|...nyDay|[upkeep]\n|upkeep' [626 bytes]
DEBUG:websockets.client:< TEXT '>battle-gen9championsvgc2026regma-1927\n|reques...ng":false}]},"rqid":20}' [1388 bytes]
DEBUG:websockets.client:< TEXT '>battle-gen9championsvgc2026regma-1927\n|reques...Cancel":true,"rqid":21}' [1480 bytes]
DEBUG:vgc_base:forceSwitch [battle-gen9championsvgc2026regma-1927] force=[False, True] → /choose pass / /choose switch Whimsicott
DEBUG:websockets.client:> TEXT 'battle-gen9championsvgc2026regma-1927|/choose pass, switch Whimsicott' [69 bytes]
DEBUG:websockets.client:< TEXT '>battle-gen9championsvgc2026regma-1927\n|\n|t:|...L50, F|100/100\n|turn|6' [114 bytes]
DEBUG:websockets.client:< TEXT '>battle-gen9championsvgc2026regma-1927\n|\n|t:|...L50, F|137/137\n|turn|6' [114 bytes]
DEBUG:websockets.client:< TEXT '>battle-gen9championsvgc2026regma-1927\n|reques...ng":false}]},"rqid":23}' [2210 bytes]
DEBUG:websockets.client:< TEXT '>battle-gen9championsvgc2026regma-1927\n|reques...ng":false}]},"rqid":22}' [2166 bytes]
DEBUG:vgc_base:Turn 6 [battle-gen9championsvgc2026regma-1927] a0=3 a1=6 src=max_damage g0=0 g1=0
DEBUG:websockets.client:> TEXT 'battle-gen9championsvgc2026regma-1927|/choose m...ash 1, move moonblast 1' [80 bytes]
INFO:player:Turn 6 [battle-gen9championsvgc2026regma-1927] value head win-prob: 0.001  (losing)
DEBUG:live_vgc_base:Turn 6 [battle-gen9championsvgc2026regma-1927] a0=0 a1=0 src=model opp_splice=on
DEBUG:vgc_base:_safe_order: action 0 slot 1 → None, scanning legal actions.
DEBUG:vgc_base:_safe_order: slot 1 has no decodable legal action — sending Pass.
DEBUG:websockets.client:> TEXT 'battle-gen9championsvgc2026regma-1927|/choose move heatwave, pass' [65 bytes]
DEBUG:websockets.client:< TEXT '>battle-gen9championsvgc2026regma-1927\n|\n|t:|...rizard\n|\n|win|OPmax_2' [197 bytes]
DEBUG:websockets.client:< TEXT '>battle-gen9championsvgc2026regma-1927\n|\n|t:|...rizard\n|\n|win|OPmax_2' [197 bytes]
DEBUG:websockets.client:< TEXT '|updatesearch|{"searching":[],"games":{"battle-... 2026 Reg M-A Battle"}}' [124 bytes]
INFO:vgc_base:Battle battle-gen9championsvgc2026regma-1927 finished — outcome: LOSS  (W/L/D so far: 0/3/0)
DEBUG:websockets.client:> TEXT '|/leave battle-gen9championsvgc2026regma-1927' [45 bytes]
DEBUG:websockets.client:< TEXT '|updatesearch|{"searching":[],"games":{"battle-... 2026 Reg M-A Battle"}}' [124 bytes]
DEBUG:websockets.client:> TEXT 'battle-gen9championsvgc2026regma-1928|/rejectopenteamsheets' [59 bytes]
INFO:vgc_base:Battle battle-gen9championsvgc2026regma-1927 finished — outcome: WIN  (W/L/D so far: 3/0/0)
DEBUG:websockets.client:> TEXT '|/leave battle-gen9championsvgc2026regma-1927' [45 bytes]
DEBUG:websockets.client:> TEXT '|/utm Sneasler||whiteherb|unburden|fakeout,dire...Naive|32,2,,,,32||||50|' [550 bytes]
DEBUG:websockets.client:> TEXT '|/challenge opmax2, gen9championsvgc2026regma' [45 bytes]
DEBUG:websockets.client:> TEXT 'battle-gen9championsvgc2026regma-1928|/rejectopenteamsheets' [59 bytes]
DEBUG:websockets.client:< TEXT '>battle-gen9championsvgc2026regma-1927\n|deinit' [46 bytes]
DEBUG:websockets.client:< TEXT '>battle-gen9championsvgc2026regma-1927\n|l|☆BC2' [48 bytes]
DEBUG:websockets.client:< TEXT '>battle-gen9championsvgc2026regma-1928\n|uhtmlchange|otsrequest|' [63 bytes]
DEBUG:websockets.client:< TEXT '>battle-gen9championsvgc2026regma-1928\nBC2 rejected open team sheets.' [69 bytes]
DEBUG:websockets.client:< TEXT '>battle-gen9championsvgc2026regma-1928\n|uhtmlchange|otsrequest|' [63 bytes]
DEBUG:websockets.client:< TEXT '>battle-gen9championsvgc2026regma-1928\nBC2 rejected open team sheets.' [69 bytes]
DEBUG:websockets.client:< TEXT '>battle-gen9championsvgc2026regma-1927\n|deinit' [46 bytes]
DEBUG:websockets.client:< TEXT '>battle-gen9championsvgc2026regma-1928\n|uhtmlchange|otsrequest|' [63 bytes]
DEBUG:websockets.client:< TEXT '>battle-gen9championsvgc2026regma-1928\n|uhtmlchange|otsrequest|' [63 bytes]
DEBUG:websockets.client:< TEXT '>battle-gen9championsvgc2026regma-1928\nOPmax_2...ected open team sheets.' [73 bytes]
DEBUG:websockets.client:< TEXT '>battle-gen9championsvgc2026regma-1928\nOPmax_2...ected open team sheets.' [73 bytes]
INFO:player:Team-preview [battle-gen9championsvgc2026regma-1928] NET drove: bring=['whimsicott', 'zoroarkhisui', 'ditto', 'charizardmegay'] leads=['whimsicott', 'zoroarkhisui'] (vs opp ['sneasler', 'charizard', 'whimsicott', 'basculegion', 'zoroarkhisui', 'ditto'])
INFO:vgc_base:Teampreview [battle-gen9championsvgc2026regma-1928] → /team 3562  (whimsicott, zoroarkhisui, ditto, charizardmegay)
DEBUG:websockets.client:> TEXT 'battle-gen9championsvgc2026regma-1928|/team 3562' [48 bytes]
DEBUG:vgc_base:Teampreview: first-4 roster order → ['sneasler', 'charizardmegay', 'whimsicott', 'basculegion']
INFO:vgc_base:Teampreview [battle-gen9championsvgc2026regma-1928] → /team 1234  (sneasler, charizardmegay, whimsicott, basculegion)
DEBUG:websockets.client:> TEXT 'battle-gen9championsvgc2026regma-1928|/team 1234' [48 bytes]
DEBUG:websockets.client:< TEXT '|pm| BC2| OPmax_2|/challenge gen9championsvgc20...hampionsvgc2026regma|||' [83 bytes]
DEBUG:websockets.client:< TEXT '|pm| BC2| OPmax_2|/challenge gen9championsvgc20...hampionsvgc2026regma|||' [83 bytes]
DEBUG:websockets.client:< TEXT '|pm| BC2| OPmax_2|/log BC2 wants to battle!' [43 bytes]
DEBUG:websockets.client:< TEXT '|pm| BC2| OPmax_2|/log BC2 wants to battle!' [43 bytes]
DEBUG:websockets.client:> TEXT '|/utm Sneasler||whiteherb|unburden|fakeout,dire...Naive|32,2,,,,32||||50|' [550 bytes]
DEBUG:websockets.client:> TEXT '|/accept bc2' [12 bytes]
DEBUG:websockets.client:< TEXT '>battle-gen9championsvgc2026regma-1928\n|\n|t:|...L50, M|100/100\n|turn|1' [321 bytes]
DEBUG:websockets.client:< TEXT '>battle-gen9championsvgc2026regma-1928\n|\n|t:|...L50, M|168/168\n|turn|1' [321 bytes]
DEBUG:websockets.client:< TEXT '>battle-gen9championsvgc2026regma-1928\n|reques...ing":false}]},"rqid":4}' [2167 bytes]
DEBUG:websockets.client:< TEXT '>battle-gen9championsvgc2026regma-1928\n|reques...ing":false}]},"rqid":5}' [2236 bytes]
DEBUG:websockets.client:< TEXT '|pm| OPmax_2| BC2|/challenge' [28 bytes]
DEBUG:websockets.client:< TEXT '|pm| OPmax_2| BC2|/challenge' [28 bytes]
DEBUG:websockets.client:< TEXT '|updatesearch|{"searching":[],"games":{"battle-... 2026 Reg M-A Battle"}}' [124 bytes]
DEBUG:vgc_base:Turn 1 [battle-gen9championsvgc2026regma-1928] a0=9 a1=9 src=max_damage g0=0 g1=0
DEBUG:websockets.client:> TEXT 'battle-gen9championsvgc2026regma-1928|/choose m...bat 1, move solarbeam 1' [82 bytes]
DEBUG:websockets.client:< TEXT '|updatesearch|{"searching":[],"games":{"battle-... 2026 Reg M-A Battle"}}' [124 bytes]
DEBUG:websockets.client:< TEXT '|updatesearch|{"searching":[],"games":{"battle-... 2026 Reg M-A Battle"}}' [208 bytes]
DEBUG:websockets.client:< TEXT '|updatesearch|{"searching":[],"games":{"battle-... 2026 Reg M-A Battle"}}' [208 bytes]
INFO:player:Turn 1 [battle-gen9championsvgc2026regma-1928] value head win-prob: 0.351  (losing)
DEBUG:live_vgc_base:Turn 1 [battle-gen9championsvgc2026regma-1928] a0=0 a1=9 src=model opp_splice=on
DEBUG:websockets.client:> TEXT 'battle-gen9championsvgc2026regma-1928|/choose move encore 1, move icywind' [73 bytes]
DEBUG:websockets.client:< TEXT '|updatesearch|{"searching":[],"games":{"battle-... 2026 Reg M-A Battle"}}' [208 bytes]
DEBUG:websockets.client:< TEXT '|updatesearch|{"searching":[],"games":{"battle-... 2026 Reg M-A Battle"}}' [208 bytes]
DEBUG:websockets.client:< TEXT '>battle-gen9championsvgc2026regma-1929\n|init|b... vs. OPmax_2\n|j|☆BC2\n' [85 bytes]
DEBUG:websockets.client:< TEXT '>battle-gen9championsvgc2026regma-1929\n|j|☆OPmax_2' [52 bytes]
DEBUG:websockets.client:< TEXT '|pm| OPmax_2| BC2|/nonotify OPmax_2 accepted th...26regma-1929</a>&raquo;' [173 bytes]
DEBUG:websockets.client:< TEXT '>battle-gen9championsvgc2026regma-1929\n|t:|1781646015\n|gametype|doubles' [71 bytes]
DEBUG:websockets.client:< TEXT '>battle-gen9championsvgc2026regma-1929\n|player|p1|BC2|102|' [58 bytes]
DEBUG:websockets.client:< TEXT '>battle-gen9championsvgc2026regma-1929\n|player...heets</strong></button>' [855 bytes]
DEBUG:websockets.client:< TEXT '>battle-gen9championsvgc2026regma-1929\n|reques...ing":false}]},"rqid":2}' [2093 bytes]
DEBUG:websockets.client:< TEXT '>battle-gen9championsvgc2026regma-1929\n|init|b...n|j|☆BC2\n|j|☆OPmax_2\n' [99 bytes]
DEBUG:websockets.client:< TEXT '|pm| OPmax_2| BC2|/nonotify OPmax_2 accepted th...26regma-1929</a>&raquo;' [173 bytes]
DEBUG:websockets.client:< TEXT '>battle-gen9championsvgc2026regma-1929\n|t:|1781646015\n|gametype|doubles' [71 bytes]
DEBUG:websockets.client:< TEXT '>battle-gen9championsvgc2026regma-1929\n|player|p1|BC2|102|' [58 bytes]
DEBUG:websockets.client:< TEXT '>battle-gen9championsvgc2026regma-1929\n|player...heets</strong></button>' [855 bytes]
DEBUG:websockets.client:< TEXT '>battle-gen9championsvgc2026regma-1929\n|reques...ing":false}]},"rqid":3}' [2097 bytes]
DEBUG:websockets.client:< TEXT '>battle-gen9championsvgc2026regma-1928\n|\n|t:|...am\n|\n|upkeep\n|turn|2' [643 bytes]
DEBUG:websockets.client:< TEXT '>battle-gen9championsvgc2026regma-1928\n|\n|t:|...am\n|\n|upkeep\n|turn|2' [645 bytes]
DEBUG:websockets.client:< TEXT '>battle-gen9championsvgc2026regma-1928\n|reques...ing":false}]},"rqid":7}' [1888 bytes]
DEBUG:websockets.client:< TEXT '>battle-gen9championsvgc2026regma-1928\n|reques...ing":false}]},"rqid":6}' [2166 bytes]
DEBUG:vgc_base:Turn 2 [battle-gen9championsvgc2026regma-1928] a0=9 a1=9 src=max_damage g0=0 g1=0
DEBUG:websockets.client:> TEXT 'battle-gen9championsvgc2026regma-1928|/choose m...bat 1, move solarbeam 1' [82 bytes]
INFO:player:Turn 2 [battle-gen9championsvgc2026regma-1928] value head win-prob: 0.270  (losing)
DEBUG:live_vgc_base:Turn 2 [battle-gen9championsvgc2026regma-1928] a0=0 a1=9 src=model opp_splice=on
DEBUG:websockets.client:> TEXT 'battle-gen9championsvgc2026regma-1928|/choose move encore 1, move icywind' [73 bytes]
DEBUG:websockets.client:< TEXT '>battle-gen9championsvgc2026regma-1928\n|\n|t:|... Whimsicott\n|\n|upkeep' [639 bytes]
DEBUG:websockets.client:< TEXT '>battle-gen9championsvgc2026regma-1928\n|\n|t:|... Whimsicott\n|\n|upkeep' [639 bytes]
DEBUG:websockets.client:< TEXT '>battle-gen9championsvgc2026regma-1928\n|reques...oCancel":true,"rqid":8}' [1421 bytes]
DEBUG:websockets.client:< TEXT '>battle-gen9championsvgc2026regma-1928\n|reques...ing":false}]},"rqid":9}' [1452 bytes]
DEBUG:vgc_base:switchDIAG [battle-gen9championsvgc2026regma-1928] turn=2 slot=0 ctx=replacement chosen=ditto#1200 in_active_set=False active=['None', 'zoroarkhisui#832(act=True,fnt=False)'] own_bench=['charizard#9728', 'ditto#1200'] available_switches=[['ditto', 'charizard'], ['ditto', 'charizard']] request={'p1: Whimsicott': (True, True), 'p1: Zoroark': (True, False), 'p1: Ditto': (False, False), 'p1: Charizard': (False, False)}
DEBUG:live_vgc_base:forceSwitch forced_switch_model [battle-gen9championsvgc2026regma-1928] turn 2 a0=13 a1=None opp_splice=on
DEBUG:websockets.client:> TEXT 'battle-gen9championsvgc2026regma-1928|/choose switch Ditto, pass' [64 bytes]
DEBUG:websockets.client:< TEXT '>battle-gen9championsvgc2026regma-1928\n|\n|t:|...lity: Imposter\n|turn|3' [164 bytes]
DEBUG:websockets.client:< TEXT '>battle-gen9championsvgc2026regma-1928\n|\n|t:|...lity: Imposter\n|turn|3' [164 bytes]
DEBUG:websockets.client:< TEXT '>battle-gen9championsvgc2026regma-1928\n|reques...ng":false}]},"rqid":11}' [2224 bytes]
DEBUG:websockets.client:< TEXT '>battle-gen9championsvgc2026regma-1928\n|reques...ng":false}]},"rqid":10}' [2200 bytes]
DEBUG:vgc_base:Turn 3 [battle-gen9championsvgc2026regma-1928] a0=9 a1=9 src=max_damage g0=0 g1=0
DEBUG:websockets.client:> TEXT 'battle-gen9championsvgc2026regma-1928|/choose m...bat 1, move solarbeam 1' [82 bytes]
INFO:player:Turn 3 [battle-gen9championsvgc2026regma-1928] value head win-prob: 0.524  (even)
DEBUG:live_vgc_base:Turn 3 [battle-gen9championsvgc2026regma-1928] a0=3 a1=9 src=model opp_splice=on
DEBUG:websockets.client:> TEXT 'battle-gen9championsvgc2026regma-1928|/choose move heatwave, move icywind' [73 bytes]
DEBUG:websockets.client:< TEXT '>battle-gen9championsvgc2026regma-1928\n|\n|t:|...|Solar Beam\n|\n|upkeep' [650 bytes]
DEBUG:websockets.client:< TEXT '>battle-gen9championsvgc2026regma-1928\n|\n|t:|...|Solar Beam\n|\n|upkeep' [649 bytes]
DEBUG:websockets.client:< TEXT '>battle-gen9championsvgc2026regma-1928\n|reques...ng":false}]},"rqid":12}' [1427 bytes]
DEBUG:websockets.client:< TEXT '>battle-gen9championsvgc2026regma-1928\n|reques...Cancel":true,"rqid":13}' [1482 bytes]
DEBUG:vgc_base:forceSwitch [battle-gen9championsvgc2026regma-1928] force=[True, False] → /choose switch Whimsicott / /choose pass
DEBUG:websockets.client:> TEXT 'battle-gen9championsvgc2026regma-1928|/choose switch Whimsicott, pass' [69 bytes]
DEBUG:websockets.client:< TEXT '>battle-gen9championsvgc2026regma-1928\n|\n|t:|...L50, F|100/100\n|turn|4' [114 bytes]
DEBUG:websockets.client:< TEXT '>battle-gen9championsvgc2026regma-1928\n|\n|t:|...L50, F|137/137\n|turn|4' [114 bytes]
DEBUG:websockets.client:< TEXT '>battle-gen9championsvgc2026regma-1928\n|reques...ng":false}]},"rqid":14}' [2199 bytes]
DEBUG:websockets.client:< TEXT '>battle-gen9championsvgc2026regma-1928\n|reques...ng":false}]},"rqid":15}' [1899 bytes]
INFO:player:Turn 4 [battle-gen9championsvgc2026regma-1928] value head win-prob: 0.166  (losing)
DEBUG:live_vgc_base:Turn 4 [battle-gen9championsvgc2026regma-1928] a0=3 a1=9 src=model opp_splice=on
DEBUG:websockets.client:> TEXT 'battle-gen9championsvgc2026regma-1928|/choose move heatwave, move icywind' [73 bytes]
DEBUG:vgc_base:Turn 4 [battle-gen9championsvgc2026regma-1928] a0=6 a1=9 src=max_damage g0=0 g1=0
DEBUG:websockets.client:> TEXT 'battle-gen9championsvgc2026regma-1928|/choose m...ast 1, move solarbeam 1' [80 bytes]
DEBUG:websockets.client:< TEXT '>battle-gen9championsvgc2026regma-1928\n|\n|t:|...itto|48/155\n|\n|upkeep' [784 bytes]
DEBUG:websockets.client:< TEXT '>battle-gen9championsvgc2026regma-1928\n|\n|t:|...itto|30/100\n|\n|upkeep' [784 bytes]
DEBUG:websockets.client:< TEXT '>battle-gen9championsvgc2026regma-1928\n|reques...Cancel":true,"rqid":17}' [1471 bytes]
DEBUG:websockets.client:< TEXT '>battle-gen9championsvgc2026regma-1928\n|reques...ng":false}]},"rqid":16}' [1427 bytes]
DEBUG:vgc_base:forceSwitch [battle-gen9championsvgc2026regma-1928] force=[True, False] → /choose switch Basculegion / /choose pass
DEBUG:websockets.client:> TEXT 'battle-gen9championsvgc2026regma-1928|/choose switch Basculegion, pass' [70 bytes]
DEBUG:websockets.client:< TEXT '>battle-gen9championsvgc2026regma-1928\n|\n|t:|...L50, M|100/100\n|turn|5' [116 bytes]
DEBUG:websockets.client:< TEXT '>battle-gen9championsvgc2026regma-1928\n|\n|t:|...L50, M|197/197\n|turn|5' [116 bytes]
DEBUG:websockets.client:< TEXT '>battle-gen9championsvgc2026regma-1928\n|reques...ng":false}]},"rqid":18}' [2199 bytes]
DEBUG:websockets.client:< TEXT '>battle-gen9championsvgc2026regma-1928\n|reques...ng":false}]},"rqid":19}' [2222 bytes]
DEBUG:vgc_base:Turn 5 [battle-gen9championsvgc2026regma-1928] a0=3 a1=9 src=max_damage g0=0 g1=0
DEBUG:websockets.client:> TEXT 'battle-gen9championsvgc2026regma-1928|/choose m...ash 1, move solarbeam 1' [80 bytes]
INFO:player:Turn 5 [battle-gen9championsvgc2026regma-1928] value head win-prob: 0.605  (winning)
DEBUG:live_vgc_base:Turn 5 [battle-gen9championsvgc2026regma-1928] a0=3 a1=0 src=model opp_splice=on
DEBUG:websockets.client:> TEXT 'battle-gen9championsvgc2026regma-1928|/choose m...atwave, move hypervoice' [76 bytes]
DEBUG:websockets.client:< TEXT '>battle-gen9championsvgc2026regma-1928\n|\n|t:|...rom] Recoil\n|\n|upkeep' [372 bytes]
DEBUG:websockets.client:< TEXT '>battle-gen9championsvgc2026regma-1928\n|\n|t:|...rom] Recoil\n|\n|upkeep' [373 bytes]
DEBUG:websockets.client:< TEXT '>battle-gen9championsvgc2026regma-1928\n|reques...Cancel":true,"rqid":20}' [1420 bytes]
DEBUG:websockets.client:< TEXT '>battle-gen9championsvgc2026regma-1928\n|reques...ng":false}]},"rqid":21}' [1439 bytes]
DEBUG:vgc_base:switchDIAG [battle-gen9championsvgc2026regma-1928] turn=5 slot=0 ctx=replacement chosen=charizard#9728 in_active_set=False active=['None', 'zoroarkhisui#832(act=True,fnt=False)'] own_bench=['charizard#9728'] available_switches=[['charizard'], ['charizard']] request={'p1: Ditto': (True, True), 'p1: Zoroark': (True, False), 'p1: Whimsicott': (False, True), 'p1: Charizard': (False, False)}
DEBUG:live_vgc_base:forceSwitch forced_switch_model [battle-gen9championsvgc2026regma-1928] turn 5 a0=12 a1=None opp_splice=on
DEBUG:websockets.client:> TEXT 'battle-gen9championsvgc2026regma-1928|/choose switch Charizard, pass' [68 bytes]
DEBUG:websockets.client:< TEXT '>battle-gen9championsvgc2026regma-1928\n|\n|t:|...L50, M|168/168\n|turn|6' [112 bytes]
DEBUG:websockets.client:< TEXT '>battle-gen9championsvgc2026regma-1928\n|\n|t:|...L50, M|100/100\n|turn|6' [112 bytes]
DEBUG:websockets.client:< TEXT '>battle-gen9championsvgc2026regma-1928\n|reques...ng":false}]},"rqid":22}' [2185 bytes]
DEBUG:websockets.client:< TEXT '>battle-gen9championsvgc2026regma-1928\n|reques...ng":false}]},"rqid":23}' [2221 bytes]
INFO:player:Turn 6 [battle-gen9championsvgc2026regma-1928] value head win-prob: 0.961  (winning)
DEBUG:live_vgc_base:Turn 6 [battle-gen9championsvgc2026regma-1928] a0=0 a1=0 src=model opp_splice=on
DEBUG:websockets.client:> TEXT 'battle-gen9championsvgc2026regma-1928|/choose m...e mega, move hypervoice' [81 bytes]
DEBUG:vgc_base:Turn 6 [battle-gen9championsvgc2026regma-1928] a0=3 a1=0 src=max_damage g0=0 g1=0
DEBUG:vgc_base:_safe_order: action 0 slot 1 → None, scanning legal actions.
DEBUG:vgc_base:_safe_order: slot 1 has no decodable legal action — sending Pass.
DEBUG:websockets.client:> TEXT 'battle-gen9championsvgc2026regma-1928|/choose move wavecrash 1, pass' [68 bytes]
DEBUG:websockets.client:< TEXT '>battle-gen9championsvgc2026regma-1928\n|\n|t:|...keep]\n|upkeep\n|turn|7' [636 bytes]
DEBUG:websockets.client:< TEXT '>battle-gen9championsvgc2026regma-1928\n|\n|t:|...keep]\n|upkeep\n|turn|7' [635 bytes]
DEBUG:websockets.client:< TEXT '>battle-gen9championsvgc2026regma-1928\n|reques...ng":false}]},"rqid":24}' [2167 bytes]
DEBUG:websockets.client:< TEXT '>battle-gen9championsvgc2026regma-1928\n|reques...ng":false}]},"rqid":25}' [2220 bytes]
INFO:player:Turn 7 [battle-gen9championsvgc2026regma-1928] value head win-prob: 0.988  (winning)
DEBUG:live_vgc_base:Turn 7 [battle-gen9championsvgc2026regma-1928] a0=0 a1=0 src=model opp_splice=on
DEBUG:vgc_base:_safe_order: action 0 slot 0 → None, scanning legal actions.
DEBUG:vgc_base:_safe_order: slot 0 has no decodable legal action — sending Pass.
DEBUG:websockets.client:> TEXT 'battle-gen9championsvgc2026regma-1928|/choose pass, move hypervoice' [67 bytes]
DEBUG:vgc_base:Turn 7 [battle-gen9championsvgc2026regma-1928] a0=3 a1=0 src=max_damage g0=0 g1=0
DEBUG:vgc_base:_safe_order: action 0 slot 1 → None, scanning legal actions.
DEBUG:vgc_base:_safe_order: slot 1 has no decodable legal action — sending Pass.
DEBUG:websockets.client:> TEXT 'battle-gen9championsvgc2026regma-1928|/choose move wavecrash 1, pass' [68 bytes]
DEBUG:websockets.client:< TEXT '>battle-gen9championsvgc2026regma-1928\n|\n|t:|...keep]\n|upkeep\n|turn|8' [375 bytes]
DEBUG:websockets.client:< TEXT '>battle-gen9championsvgc2026regma-1928\n|\n|t:|...keep]\n|upkeep\n|turn|8' [375 bytes]
DEBUG:websockets.client:< TEXT '>battle-gen9championsvgc2026regma-1928\n|reques...ng":false}]},"rqid":26}' [2165 bytes]
DEBUG:websockets.client:< TEXT '>battle-gen9championsvgc2026regma-1928\n|reques...ng":false}]},"rqid":27}' [2218 bytes]
DEBUG:vgc_base:Turn 8 [battle-gen9championsvgc2026regma-1928] a0=4 a1=0 src=max_damage g0=0 g1=0
DEBUG:vgc_base:_safe_order: action 0 slot 1 → None, scanning legal actions.
DEBUG:vgc_base:_safe_order: slot 1 has no decodable legal action — sending Pass.
DEBUG:websockets.client:> TEXT 'battle-gen9championsvgc2026regma-1928|/choose move wavecrash 2, pass' [68 bytes]
INFO:player:Turn 8 [battle-gen9championsvgc2026regma-1928] value head win-prob: 0.972  (winning)
DEBUG:live_vgc_base:Turn 8 [battle-gen9championsvgc2026regma-1928] a0=0 a1=9 src=model opp_splice=on
DEBUG:vgc_base:_safe_order: action 0 slot 0 → None, scanning legal actions.
DEBUG:vgc_base:_safe_order: slot 0 has no decodable legal action — sending Pass.
DEBUG:websockets.client:> TEXT 'battle-gen9championsvgc2026regma-1928|/choose pass, move icywind' [64 bytes]
DEBUG:websockets.client:< TEXT '>battle-gen9championsvgc2026regma-1928\n|\n|t:|...asculegion\n|\n|win|BC2' [197 bytes]
DEBUG:websockets.client:< TEXT '>battle-gen9championsvgc2026regma-1928\n|\n|t:|...asculegion\n|\n|win|BC2' [197 bytes]
DEBUG:websockets.client:< TEXT '|updatesearch|{"searching":[],"games":{"battle-... 2026 Reg M-A Battle"}}' [124 bytes]
INFO:vgc_base:Battle battle-gen9championsvgc2026regma-1928 finished — outcome: WIN  (W/L/D so far: 1/3/0)
DEBUG:websockets.client:> TEXT '|/leave battle-gen9championsvgc2026regma-1928' [45 bytes]
DEBUG:websockets.client:< TEXT '|updatesearch|{"searching":[],"games":{"battle-... 2026 Reg M-A Battle"}}' [124 bytes]
DEBUG:websockets.client:> TEXT 'battle-gen9championsvgc2026regma-1929|/rejectopenteamsheets' [59 bytes]
INFO:vgc_base:Battle battle-gen9championsvgc2026regma-1928 finished — outcome: LOSS  (W/L/D so far: 3/1/0)
DEBUG:websockets.client:> TEXT '|/leave battle-gen9championsvgc2026regma-1928' [45 bytes]
DEBUG:websockets.client:> TEXT 'battle-gen9championsvgc2026regma-1929|/rejectopenteamsheets' [59 bytes]
DEBUG:websockets.client:< TEXT '>battle-gen9championsvgc2026regma-1928\n|deinit' [46 bytes]
DEBUG:websockets.client:< TEXT '>battle-gen9championsvgc2026regma-1928\n|l|☆BC2' [48 bytes]
DEBUG:websockets.client:< TEXT '>battle-gen9championsvgc2026regma-1929\n|uhtmlchange|otsrequest|' [63 bytes]
DEBUG:websockets.client:< TEXT '>battle-gen9championsvgc2026regma-1929\nBC2 rejected open team sheets.' [69 bytes]
DEBUG:websockets.client:< TEXT '>battle-gen9championsvgc2026regma-1929\n|uhtmlchange|otsrequest|' [63 bytes]
DEBUG:websockets.client:< TEXT '>battle-gen9championsvgc2026regma-1929\nBC2 rejected open team sheets.' [69 bytes]
DEBUG:websockets.client:< TEXT '>battle-gen9championsvgc2026regma-1928\n|deinit' [46 bytes]
DEBUG:websockets.client:< TEXT '>battle-gen9championsvgc2026regma-1929\n|uhtmlchange|otsrequest|' [63 bytes]
DEBUG:websockets.client:< TEXT '>battle-gen9championsvgc2026regma-1929\n|uhtmlchange|otsrequest|' [63 bytes]
DEBUG:websockets.client:< TEXT '>battle-gen9championsvgc2026regma-1929\nOPmax_2...ected open team sheets.' [73 bytes]
DEBUG:websockets.client:< TEXT '>battle-gen9championsvgc2026regma-1929\nOPmax_2...ected open team sheets.' [73 bytes]
INFO:player:Team-preview [battle-gen9championsvgc2026regma-1929] NET drove: bring=['whimsicott', 'zoroarkhisui', 'ditto', 'charizardmegay'] leads=['whimsicott', 'zoroarkhisui'] (vs opp ['sneasler', 'charizard', 'whimsicott', 'basculegion', 'zoroarkhisui', 'ditto'])
INFO:vgc_base:Teampreview [battle-gen9championsvgc2026regma-1929] → /team 3562  (whimsicott, zoroarkhisui, ditto, charizardmegay)
DEBUG:websockets.client:> TEXT 'battle-gen9championsvgc2026regma-1929|/team 3562' [48 bytes]
DEBUG:vgc_base:Teampreview: first-4 roster order → ['sneasler', 'charizardmegay', 'whimsicott', 'basculegion']
INFO:vgc_base:Teampreview [battle-gen9championsvgc2026regma-1929] → /team 1234  (sneasler, charizardmegay, whimsicott, basculegion)
DEBUG:websockets.client:> TEXT 'battle-gen9championsvgc2026regma-1929|/team 1234' [48 bytes]
DEBUG:websockets.client:< TEXT '>battle-gen9championsvgc2026regma-1929\n|\n|t:|...L50, F|100/100\n|turn|1' [321 bytes]
DEBUG:websockets.client:< TEXT '>battle-gen9championsvgc2026regma-1929\n|\n|t:|...L50, F|168/168\n|turn|1' [321 bytes]
DEBUG:websockets.client:< TEXT '>battle-gen9championsvgc2026regma-1929\n|reques...ing":false}]},"rqid":4}' [2167 bytes]
DEBUG:websockets.client:< TEXT '>battle-gen9championsvgc2026regma-1929\n|reques...ing":false}]},"rqid":5}' [2236 bytes]
INFO:player:Turn 1 [battle-gen9championsvgc2026regma-1929] value head win-prob: 0.351  (losing)
DEBUG:live_vgc_base:Turn 1 [battle-gen9championsvgc2026regma-1929] a0=0 a1=9 src=model opp_splice=on
DEBUG:websockets.client:> TEXT 'battle-gen9championsvgc2026regma-1929|/choose move encore 1, move icywind' [73 bytes]
DEBUG:vgc_base:Turn 1 [battle-gen9championsvgc2026regma-1929] a0=9 a1=9 src=max_damage g0=0 g1=0
DEBUG:websockets.client:> TEXT 'battle-gen9championsvgc2026regma-1929|/choose m...bat 1, move solarbeam 1' [82 bytes]
DEBUG:websockets.client:< TEXT '>battle-gen9championsvgc2026regma-1929\n|\n|t:|...am\n|\n|upkeep\n|turn|2' [665 bytes]
DEBUG:websockets.client:< TEXT '>battle-gen9championsvgc2026regma-1929\n|\n|t:|...am\n|\n|upkeep\n|turn|2' [667 bytes]
DEBUG:websockets.client:< TEXT '>battle-gen9championsvgc2026regma-1929\n|reques...ing":false}]},"rqid":6}' [2166 bytes]
DEBUG:websockets.client:< TEXT '>battle-gen9championsvgc2026regma-1929\n|reques...ing":false}]},"rqid":7}' [1888 bytes]
DEBUG:vgc_base:Turn 2 [battle-gen9championsvgc2026regma-1929] a0=9 a1=9 src=max_damage g0=0 g1=0
DEBUG:websockets.client:> TEXT 'battle-gen9championsvgc2026regma-1929|/choose m...bat 1, move solarbeam 1' [82 bytes]
INFO:player:Turn 2 [battle-gen9championsvgc2026regma-1929] value head win-prob: 0.293  (losing)
DEBUG:live_vgc_base:Turn 2 [battle-gen9championsvgc2026regma-1929] a0=0 a1=9 src=model opp_splice=on
DEBUG:websockets.client:> TEXT 'battle-gen9championsvgc2026regma-1929|/choose move encore 1, move icywind' [73 bytes]
DEBUG:websockets.client:< TEXT '>battle-gen9championsvgc2026regma-1929\n|\n|t:|... Whimsicott\n|\n|upkeep' [640 bytes]
DEBUG:websockets.client:< TEXT '>battle-gen9championsvgc2026regma-1929\n|\n|t:|... Whimsicott\n|\n|upkeep' [640 bytes]
DEBUG:websockets.client:< TEXT '>battle-gen9championsvgc2026regma-1929\n|reques...ing":false}]},"rqid":9}' [1452 bytes]
DEBUG:websockets.client:< TEXT '>battle-gen9championsvgc2026regma-1929\n|reques...oCancel":true,"rqid":8}' [1421 bytes]
DEBUG:vgc_base:switchDIAG [battle-gen9championsvgc2026regma-1929] turn=2 slot=0 ctx=replacement chosen=ditto#2496 in_active_set=False active=['None', 'zoroarkhisui#2128(act=True,fnt=False)'] own_bench=['charizard#1024', 'ditto#2496'] available_switches=[['ditto', 'charizard'], ['ditto', 'charizard']] request={'p1: Whimsicott': (True, True), 'p1: Zoroark': (True, False), 'p1: Ditto': (False, False), 'p1: Charizard': (False, False)}
DEBUG:live_vgc_base:forceSwitch forced_switch_model [battle-gen9championsvgc2026regma-1929] turn 2 a0=13 a1=None opp_splice=on
DEBUG:websockets.client:> TEXT 'battle-gen9championsvgc2026regma-1929|/choose switch Ditto, pass' [64 bytes]
DEBUG:websockets.client:< TEXT '>battle-gen9championsvgc2026regma-1929\n|\n|t:|...lity: Imposter\n|turn|3' [164 bytes]
DEBUG:websockets.client:< TEXT '>battle-gen9championsvgc2026regma-1929\n|\n|t:|...lity: Imposter\n|turn|3' [164 bytes]
DEBUG:websockets.client:< TEXT '>battle-gen9championsvgc2026regma-1929\n|reques...ng":false}]},"rqid":10}' [2200 bytes]
DEBUG:websockets.client:< TEXT '>battle-gen9championsvgc2026regma-1929\n|reques...ng":false}]},"rqid":11}' [2224 bytes]
DEBUG:vgc_base:Turn 3 [battle-gen9championsvgc2026regma-1929] a0=9 a1=9 src=max_damage g0=0 g1=0
DEBUG:websockets.client:> TEXT 'battle-gen9championsvgc2026regma-1929|/choose m...bat 1, move solarbeam 1' [82 bytes]
INFO:player:Turn 3 [battle-gen9championsvgc2026regma-1929] value head win-prob: 0.557  (winning)
DEBUG:live_vgc_base:Turn 3 [battle-gen9championsvgc2026regma-1929] a0=3 a1=9 src=model opp_splice=on
DEBUG:websockets.client:> TEXT 'battle-gen9championsvgc2026regma-1929|/choose move heatwave, move icywind' [73 bytes]
DEBUG:websockets.client:< TEXT '>battle-gen9championsvgc2026regma-1929\n|\n|t:|...|Solar Beam\n|\n|upkeep' [647 bytes]
DEBUG:websockets.client:< TEXT '>battle-gen9championsvgc2026regma-1929\n|\n|t:|...|Solar Beam\n|\n|upkeep' [647 bytes]
DEBUG:websockets.client:< TEXT '>battle-gen9championsvgc2026regma-1929\n|reques...ng":false}]},"rqid":12}' [1427 bytes]
DEBUG:websockets.client:< TEXT '>battle-gen9championsvgc2026regma-1929\n|reques...Cancel":true,"rqid":13}' [1482 bytes]
DEBUG:vgc_base:forceSwitch [battle-gen9championsvgc2026regma-1929] force=[True, False] → /choose switch Basculegion / /choose pass
DEBUG:websockets.client:> TEXT 'battle-gen9championsvgc2026regma-1929|/choose switch Basculegion, pass' [70 bytes]
DEBUG:websockets.client:< TEXT '>battle-gen9championsvgc2026regma-1929\n|\n|t:|...L50, M|100/100\n|turn|4' [116 bytes]
DEBUG:websockets.client:< TEXT '>battle-gen9championsvgc2026regma-1929\n|\n|t:|...L50, M|197/197\n|turn|4' [116 bytes]
DEBUG:websockets.client:< TEXT '>battle-gen9championsvgc2026regma-1929\n|reques...ng":false}]},"rqid":15}' [1895 bytes]
DEBUG:websockets.client:< TEXT '>battle-gen9championsvgc2026regma-1929\n|reques...ng":false}]},"rqid":14}' [2199 bytes]
DEBUG:vgc_base:Turn 4 [battle-gen9championsvgc2026regma-1929] a0=3 a1=9 src=max_damage g0=0 g1=0
DEBUG:websockets.client:> TEXT 'battle-gen9championsvgc2026regma-1929|/choose m...ash 1, move solarbeam 1' [80 bytes]
INFO:player:Turn 4 [battle-gen9championsvgc2026regma-1929] value head win-prob: 0.130  (losing)
DEBUG:live_vgc_base:Turn 4 [battle-gen9championsvgc2026regma-1929] a0=3 a1=0 src=model opp_splice=on
DEBUG:websockets.client:> TEXT 'battle-gen9championsvgc2026regma-1929|/choose m...atwave, move hypervoice' [76 bytes]
DEBUG:websockets.client:< TEXT '>battle-gen9championsvgc2026regma-1929\n|\n|t:|...rom] Recoil\n|\n|upkeep' [392 bytes]
DEBUG:websockets.client:< TEXT '>battle-gen9championsvgc2026regma-1929\n|\n|t:|...rom] Recoil\n|\n|upkeep' [393 bytes]
DEBUG:websockets.client:< TEXT '>battle-gen9championsvgc2026regma-1929\n|reques...ng":false}]},"rqid":16}' [1404 bytes]
DEBUG:websockets.client:< TEXT '>battle-gen9championsvgc2026regma-1929\n|reques...ng":false}]},"rqid":17}' [1465 bytes]
DEBUG:vgc_base:forceSwitch [battle-gen9championsvgc2026regma-1929] force=[False, True] → /choose pass / /choose switch Whimsicott
DEBUG:websockets.client:> TEXT 'battle-gen9championsvgc2026regma-1929|/choose pass, switch Whimsicott' [69 bytes]
DEBUG:vgc_base:switchDIAG [battle-gen9championsvgc2026regma-1929] turn=4 slot=0 ctx=replacement chosen=charizard#1024 in_active_set=False active=['None', 'zoroarkhisui#2128(act=True,fnt=False)'] own_bench=['charizard#1024'] available_switches=[['charizard'], ['charizard']] request={'p1: Ditto': (True, True), 'p1: Zoroark': (True, False), 'p1: Whimsicott': (False, True), 'p1: Charizard': (False, False)}
DEBUG:live_vgc_base:forceSwitch forced_switch_model [battle-gen9championsvgc2026regma-1929] turn 4 a0=12 a1=None opp_splice=on
DEBUG:websockets.client:> TEXT 'battle-gen9championsvgc2026regma-1929|/choose switch Charizard, pass' [68 bytes]
DEBUG:websockets.client:< TEXT '>battle-gen9championsvgc2026regma-1929\n|\n|t:|...L50, M|168/168\n|turn|5' [163 bytes]
DEBUG:websockets.client:< TEXT '>battle-gen9championsvgc2026regma-1929\n|\n|t:|...L50, M|100/100\n|turn|5' [163 bytes]
DEBUG:websockets.client:< TEXT '>battle-gen9championsvgc2026regma-1929\n|reques...ng":false}]},"rqid":18}' [2185 bytes]
DEBUG:websockets.client:< TEXT '>battle-gen9championsvgc2026regma-1929\n|reques...ng":false}]},"rqid":19}' [2211 bytes]
DEBUG:vgc_base:Turn 5 [battle-gen9championsvgc2026regma-1929] a0=3 a1=6 src=max_damage g0=0 g1=0
DEBUG:websockets.client:> TEXT 'battle-gen9championsvgc2026regma-1929|/choose m...ash 1, move moonblast 1' [80 bytes]
INFO:player:Turn 5 [battle-gen9championsvgc2026regma-1929] value head win-prob: 0.158  (losing)
DEBUG:live_vgc_base:Turn 5 [battle-gen9championsvgc2026regma-1929] a0=0 a1=0 src=model opp_splice=on
DEBUG:websockets.client:> TEXT 'battle-gen9championsvgc2026regma-1929|/choose m...e mega, move hypervoice' [81 bytes]
DEBUG:websockets.client:< TEXT '>battle-gen9championsvgc2026regma-1929\n|\n|t:|...keep]\n|upkeep\n|turn|6' [980 bytes]
DEBUG:websockets.client:< TEXT '>battle-gen9championsvgc2026regma-1929\n|\n|t:|...keep]\n|upkeep\n|turn|6' [979 bytes]
DEBUG:websockets.client:< TEXT '>battle-gen9championsvgc2026regma-1929\n|reques...ng":false}]},"rqid":20}' [2167 bytes]
DEBUG:websockets.client:< TEXT '>battle-gen9championsvgc2026regma-1929\n|reques...ng":false}]},"rqid":21}' [2199 bytes]
DEBUG:vgc_base:Turn 6 [battle-gen9championsvgc2026regma-1929] a0=3 a1=0 src=max_damage g0=0 g1=0
DEBUG:vgc_base:_safe_order: action 0 slot 1 → None, scanning legal actions.
DEBUG:vgc_base:_safe_order: slot 1 has no decodable legal action — sending Pass.
DEBUG:websockets.client:> TEXT 'battle-gen9championsvgc2026regma-1929|/choose move wavecrash 1, pass' [68 bytes]
INFO:player:Turn 6 [battle-gen9championsvgc2026regma-1929] value head win-prob: 0.988  (winning)
DEBUG:live_vgc_base:Turn 6 [battle-gen9championsvgc2026regma-1929] a0=0 a1=0 src=model opp_splice=on
DEBUG:vgc_base:_safe_order: action 0 slot 0 → None, scanning legal actions.
DEBUG:vgc_base:_safe_order: slot 0 has no decodable legal action — sending Pass.
DEBUG:websockets.client:> TEXT 'battle-gen9championsvgc2026regma-1929|/choose pass, move hypervoice' [67 bytes]
DEBUG:websockets.client:< TEXT '>battle-gen9championsvgc2026regma-1929\n|\n|t:|...keep]\n|upkeep\n|turn|7' [374 bytes]
DEBUG:websockets.client:< TEXT '>battle-gen9championsvgc2026regma-1929\n|\n|t:|...keep]\n|upkeep\n|turn|7' [374 bytes]
DEBUG:websockets.client:< TEXT '>battle-gen9championsvgc2026regma-1929\n|reques...ng":false}]},"rqid":23}' [2197 bytes]
DEBUG:websockets.client:< TEXT '>battle-gen9championsvgc2026regma-1929\n|reques...ng":false}]},"rqid":22}' [2164 bytes]
DEBUG:vgc_base:Turn 7 [battle-gen9championsvgc2026regma-1929] a0=4 a1=0 src=max_damage g0=0 g1=0
DEBUG:vgc_base:_safe_order: action 0 slot 1 → None, scanning legal actions.
DEBUG:vgc_base:_safe_order: slot 1 has no decodable legal action — sending Pass.
DEBUG:websockets.client:> TEXT 'battle-gen9championsvgc2026regma-1929|/choose move wavecrash 2, pass' [68 bytes]
INFO:player:Turn 7 [battle-gen9championsvgc2026regma-1929] value head win-prob: 0.970  (winning)
DEBUG:live_vgc_base:Turn 7 [battle-gen9championsvgc2026regma-1929] a0=0 a1=9 src=model opp_splice=on
DEBUG:vgc_base:_safe_order: action 0 slot 0 → None, scanning legal actions.
DEBUG:vgc_base:_safe_order: slot 0 has no decodable legal action — sending Pass.
DEBUG:websockets.client:> TEXT 'battle-gen9championsvgc2026regma-1929|/choose pass, move icywind' [64 bytes]
DEBUG:websockets.client:< TEXT '>battle-gen9championsvgc2026regma-1929\n|\n|t:|...asculegion\n|\n|win|BC2' [221 bytes]
DEBUG:websockets.client:< TEXT '>battle-gen9championsvgc2026regma-1929\n|\n|t:|...asculegion\n|\n|win|BC2' [221 bytes]
DEBUG:websockets.client:< TEXT '|updatesearch|{"searching":[],"games":null}' [43 bytes]
INFO:vgc_base:Battle battle-gen9championsvgc2026regma-1929 finished — outcome: WIN  (W/L/D so far: 2/3/0)
DEBUG:websockets.client:> TEXT '|/leave battle-gen9championsvgc2026regma-1929' [45 bytes]
DEBUG:websockets.client:< TEXT '|updatesearch|{"searching":[],"games":null}' [43 bytes]
INFO:vgc_base:Battle battle-gen9championsvgc2026regma-1929 finished — outcome: LOSS  (W/L/D so far: 3/2/0)
DEBUG:websockets.client:> TEXT '|/leave battle-gen9championsvgc2026regma-1929' [45 bytes]
DEBUG:websockets.client:< TEXT '>battle-gen9championsvgc2026regma-1929\n|deinit' [46 bytes]
DEBUG:websockets.client:< TEXT '>battle-gen9championsvgc2026regma-1929\n|l|☆BC2' [48 bytes]
DEBUG:websockets.client:< TEXT '>battle-gen9championsvgc2026regma-1929\n|deinit' [46 bytes]
DEBUG:websockets.client:> CLOSE 1000 (OK) [2 bytes]
DEBUG:websockets.client:= connection is CLOSING
DEBUG:websockets.client:< CLOSE 1000 (OK) [2 bytes]
DEBUG:websockets.client:< EOF
DEBUG:websockets.client:> EOF
DEBUG:websockets.client:= connection is CLOSED
DEBUG:websockets.client:x half-closing TCP connection
DEBUG:websockets.client:> CLOSE 1000 (OK) [2 bytes]
DEBUG:websockets.client:= connection is CLOSING
DEBUG:websockets.client:< CLOSE 1000 (OK) [2 bytes]
DEBUG:websockets.client:< EOF
DEBUG:websockets.client:> EOF
DEBUG:websockets.client:= connection is CLOSED
DEBUG:websockets.client:x half-closing TCP connection
INFO:__main__:vs max_damage: 2/5
INFO:run_local_battle:Loaded team from D:\ShowdownProject\Victory-Dance\teams\M-A\Trickery
INFO:run_local_battle:Loaded team from D:\ShowdownProject\Victory-Dance\teams\M-A\Trickery
INFO:player:VGCPlayer: loaded battle model from ai_train_scripts\BC_model\checkpoints\bc_best.pt (heads=('our_a', 'our_b'))
INFO:player:VGCPlayer: loaded team-chooser from D:\ShowdownProject\Victory-Dance\ai_train_scripts\teamPreview_model\checkpoints\teampreview_best.pt (vocab=190)
INFO:player:VGCPlayer ready (gap-#6 splice) | battle_model=loaded (ai_train_scripts\BC_model\checkpoints\bc_best.pt) | team_chooser=loaded (D:\ShowdownProject\Victory-Dance\ai_train_scripts\teamPreview_model\checkpoints\teampreview_best.pt) | replay=D:\ShowdownProject\Victory-Dance\replay_buffer\BC3.jsonl
DEBUG:websockets.client:= connection is CONNECTING
DEBUG:websockets.client:> GET /showdown/websocket HTTP/1.1
DEBUG:websockets.client:> Host: localhost:8000
DEBUG:websockets.client:> Upgrade: websocket
DEBUG:websockets.client:> Connection: Upgrade
DEBUG:websockets.client:> Sec-WebSocket-Key: dKgSs+pwzLY482Abhjdrtg==
DEBUG:websockets.client:> Sec-WebSocket-Version: 13
DEBUG:websockets.client:> Sec-WebSocket-Extensions: permessage-deflate; client_max_window_bits
DEBUG:websockets.client:> User-Agent: Python/3.12 websockets/16.0
DEBUG:websockets.client:< HTTP/1.1 101 Switching Protocols
DEBUG:websockets.client:< Upgrade: websocket
DEBUG:websockets.client:< Connection: Upgrade
DEBUG:websockets.client:< Sec-WebSocket-Accept: 86uxKBjaR61O4pKL/Of5sShsBQc=
DEBUG:websockets.client:= connection is OPEN
DEBUG:websockets.client:< TEXT '|updateuser| Guest 1193|0|266|{"blockChallenges...c|[Gen 1] Custom Game,c' [8618 bytes]
DEBUG:websockets.client:< TEXT '|challstr|4|e73feea242fa3c266287605d82f91574f50...b27adb302f442dde993fb7c' [268 bytes]
DEBUG:websockets.client:> TEXT '|/trn BC3,0,' [12 bytes]
DEBUG:websockets.client:< TEXT '|updatesearch|{"searching":[],"games":null}' [43 bytes]
DEBUG:websockets.client:< TEXT '|updateuser| BC3|1|169|{"blockChallenges":false...:false,"language":null}' [346 bytes]
DEBUG:websockets.client:< TEXT '|updatesearch|{"searching":[],"games":null}' [43 bytes]
DEBUG:websockets.client:= connection is CONNECTING
DEBUG:websockets.client:> GET /showdown/websocket HTTP/1.1
DEBUG:websockets.client:> Host: localhost:8000
DEBUG:websockets.client:> Upgrade: websocket
DEBUG:websockets.client:> Connection: Upgrade
DEBUG:websockets.client:> Sec-WebSocket-Key: PF9GO6IOPfYn2RqwLp8kiQ==
DEBUG:websockets.client:> Sec-WebSocket-Version: 13
DEBUG:websockets.client:> Sec-WebSocket-Extensions: permessage-deflate; client_max_window_bits
DEBUG:websockets.client:> User-Agent: Python/3.12 websockets/16.0
DEBUG:websockets.client:< HTTP/1.1 101 Switching Protocols
DEBUG:websockets.client:< Upgrade: websocket
DEBUG:websockets.client:< Connection: Upgrade
DEBUG:websockets.client:< Sec-WebSocket-Accept: ShHqYH4L2eWglkASd4hYcJilbgI=
DEBUG:websockets.client:= connection is OPEN
DEBUG:websockets.client:< TEXT '|updateuser| Guest 1194|0|102|{"blockChallenges...c|[Gen 1] Custom Game,c' [8618 bytes]
DEBUG:websockets.client:< TEXT '|challstr|4|a9ffbdcc9fc85cd2bf31d54b9aff9814c5a...0ae0444f9146a283a076b0b' [268 bytes]
DEBUG:websockets.client:> TEXT '|/trn OPheur3,0,' [16 bytes]
DEBUG:websockets.client:< TEXT '|updatesearch|{"searching":[],"games":null}' [43 bytes]
DEBUG:websockets.client:< TEXT '|updateuser| OPheur3|1|2|{"blockChallenges":fal...:false,"language":null}' [348 bytes]
DEBUG:websockets.client:< TEXT '|updatesearch|{"searching":[],"games":null}' [43 bytes]
DEBUG:websockets.client:> TEXT '|/utm Sneasler||whiteherb|unburden|fakeout,dire...Naive|32,2,,,,32||||50|' [550 bytes]
DEBUG:websockets.client:> TEXT '|/challenge opheur3, gen9championsvgc2026regma' [46 bytes]
DEBUG:websockets.client:< TEXT '|pm| BC3| OPheur3|/challenge gen9championsvgc20...hampionsvgc2026regma|||' [83 bytes]
DEBUG:websockets.client:< TEXT '|pm| BC3| OPheur3|/challenge gen9championsvgc20...hampionsvgc2026regma|||' [83 bytes]
DEBUG:websockets.client:< TEXT '|pm| BC3| OPheur3|/log BC3 wants to battle!' [43 bytes]
DEBUG:websockets.client:< TEXT '|pm| BC3| OPheur3|/log BC3 wants to battle!' [43 bytes]
DEBUG:websockets.client:> TEXT '|/utm Sneasler||whiteherb|unburden|fakeout,dire...Naive|32,2,,,,32||||50|' [550 bytes]
DEBUG:websockets.client:> TEXT '|/accept bc3' [12 bytes]
DEBUG:websockets.client:< TEXT '|pm| OPheur3| BC3|/challenge' [28 bytes]
DEBUG:websockets.client:< TEXT '|pm| OPheur3| BC3|/challenge' [28 bytes]
DEBUG:websockets.client:< TEXT '|updatesearch|{"searching":[],"games":null}' [43 bytes]
DEBUG:websockets.client:< TEXT '|updatesearch|{"searching":[],"games":null}' [43 bytes]
DEBUG:websockets.client:< TEXT '|updatesearch|{"searching":[],"games":{"battle-... 2026 Reg M-A Battle"}}' [124 bytes]
DEBUG:websockets.client:< TEXT '|updatesearch|{"searching":[],"games":{"battle-... 2026 Reg M-A Battle"}}' [124 bytes]
DEBUG:websockets.client:< TEXT '|updatesearch|{"searching":[],"games":{"battle-... 2026 Reg M-A Battle"}}' [124 bytes]
DEBUG:websockets.client:< TEXT '|updatesearch|{"searching":[],"games":{"battle-... 2026 Reg M-A Battle"}}' [124 bytes]
DEBUG:websockets.client:< TEXT '>battle-gen9championsvgc2026regma-1930\n|init|b... vs. OPheur3\n|j|☆BC3\n' [85 bytes]
DEBUG:websockets.client:< TEXT '>battle-gen9championsvgc2026regma-1930\n|j|☆OPheur3' [52 bytes]
DEBUG:websockets.client:< TEXT '>battle-gen9championsvgc2026regma-1930\n|init|b...n|j|☆BC3\n|j|☆OPheur3\n' [99 bytes]
DEBUG:websockets.client:< TEXT '|pm| OPheur3| BC3|/nonotify OPheur3 accepted th...26regma-1930</a>&raquo;' [173 bytes]
DEBUG:websockets.client:< TEXT '|pm| OPheur3| BC3|/nonotify OPheur3 accepted th...26regma-1930</a>&raquo;' [173 bytes]
DEBUG:websockets.client:> TEXT 'battle-gen9championsvgc2026regma-1930|/rejectopenteamsheets' [59 bytes]
DEBUG:websockets.client:< TEXT '>battle-gen9championsvgc2026regma-1930\n|t:|1781646017\n|gametype|doubles' [71 bytes]
DEBUG:websockets.client:> TEXT 'battle-gen9championsvgc2026regma-1930|/rejectopenteamsheets' [59 bytes]
DEBUG:websockets.client:< TEXT '>battle-gen9championsvgc2026regma-1930\n|t:|1781646017\n|gametype|doubles' [71 bytes]
DEBUG:websockets.client:> TEXT '|/utm Sneasler||whiteherb|unburden|fakeout,dire...Naive|32,2,,,,32||||50|' [550 bytes]
DEBUG:websockets.client:> TEXT '|/challenge opheur3, gen9championsvgc2026regma' [46 bytes]
DEBUG:websockets.client:< TEXT '>battle-gen9championsvgc2026regma-1930\n|player|p1|BC3|169|' [58 bytes]
DEBUG:websockets.client:< TEXT '>battle-gen9championsvgc2026regma-1930\n|player|p1|BC3|169|' [58 bytes]
DEBUG:websockets.client:< TEXT '>battle-gen9championsvgc2026regma-1930\n|player...heets</strong></button>' [855 bytes]
DEBUG:websockets.client:< TEXT '>battle-gen9championsvgc2026regma-1930\n|uhtmlchange|otsrequest|' [63 bytes]
DEBUG:websockets.client:< TEXT '>battle-gen9championsvgc2026regma-1930\nBC3 rejected open team sheets.' [69 bytes]
DEBUG:websockets.client:< TEXT '>battle-gen9championsvgc2026regma-1930\n|player...heets</strong></button>' [855 bytes]
DEBUG:websockets.client:< TEXT '>battle-gen9championsvgc2026regma-1930\n|uhtmlchange|otsrequest|' [63 bytes]
DEBUG:websockets.client:< TEXT '>battle-gen9championsvgc2026regma-1930\nBC3 rejected open team sheets.' [69 bytes]
DEBUG:websockets.client:< TEXT '>battle-gen9championsvgc2026regma-1930\n|reques...ing":false}]},"rqid":3}' [2097 bytes]
DEBUG:websockets.client:< TEXT '>battle-gen9championsvgc2026regma-1930\n|reques...ing":false}]},"rqid":2}' [2093 bytes]
DEBUG:websockets.client:< TEXT '>battle-gen9championsvgc2026regma-1930\n|uhtmlchange|otsrequest|' [63 bytes]
DEBUG:websockets.client:< TEXT '>battle-gen9championsvgc2026regma-1930\nOPheur3...ected open team sheets.' [73 bytes]
DEBUG:websockets.client:< TEXT '>battle-gen9championsvgc2026regma-1930\n|uhtmlchange|otsrequest|' [63 bytes]
DEBUG:websockets.client:< TEXT '>battle-gen9championsvgc2026regma-1930\nOPheur3...ected open team sheets.' [73 bytes]
DEBUG:vgc_base:Teampreview: first-4 roster order → ['sneasler', 'charizardmegay', 'whimsicott', 'basculegion']
INFO:vgc_base:Teampreview [battle-gen9championsvgc2026regma-1930] → /team 1234  (sneasler, charizardmegay, whimsicott, basculegion)
DEBUG:websockets.client:> TEXT 'battle-gen9championsvgc2026regma-1930|/team 1234' [48 bytes]
INFO:player:Team-preview [battle-gen9championsvgc2026regma-1930] NET drove: bring=['whimsicott', 'zoroarkhisui', 'ditto', 'charizardmegay'] leads=['whimsicott', 'zoroarkhisui'] (vs opp ['sneasler', 'charizard', 'whimsicott', 'basculegion', 'zoroarkhisui', 'ditto'])
INFO:vgc_base:Teampreview [battle-gen9championsvgc2026regma-1930] → /team 3562  (whimsicott, zoroarkhisui, ditto, charizardmegay)
DEBUG:websockets.client:> TEXT 'battle-gen9championsvgc2026regma-1930|/team 3562' [48 bytes]
DEBUG:websockets.client:< TEXT '|pm| BC3| OPheur3|/challenge gen9championsvgc20...hampionsvgc2026regma|||' [83 bytes]
DEBUG:websockets.client:< TEXT '|pm| BC3| OPheur3|/challenge gen9championsvgc20...hampionsvgc2026regma|||' [83 bytes]
DEBUG:websockets.client:< TEXT '|pm| BC3| OPheur3|/log BC3 wants to battle!' [43 bytes]
DEBUG:websockets.client:< TEXT '|pm| BC3| OPheur3|/log BC3 wants to battle!' [43 bytes]
DEBUG:websockets.client:> TEXT '|/utm Sneasler||whiteherb|unburden|fakeout,dire...Naive|32,2,,,,32||||50|' [550 bytes]
DEBUG:websockets.client:> TEXT '|/accept bc3' [12 bytes]
DEBUG:websockets.client:< TEXT '>battle-gen9championsvgc2026regma-1930\n|\n|t:|...L50, F|100/100\n|turn|1' [321 bytes]
DEBUG:websockets.client:< TEXT '>battle-gen9championsvgc2026regma-1930\n|\n|t:|...L50, F|168/168\n|turn|1' [321 bytes]
DEBUG:websockets.client:< TEXT '>battle-gen9championsvgc2026regma-1930\n|reques...ing":false}]},"rqid":4}' [2167 bytes]
DEBUG:websockets.client:< TEXT '>battle-gen9championsvgc2026regma-1930\n|reques...ing":false}]},"rqid":5}' [2236 bytes]
DEBUG:websockets.client:< TEXT '|pm| OPheur3| BC3|/challenge' [28 bytes]
DEBUG:vgc_base:Turn 1 [battle-gen9championsvgc2026regma-1930] a0=3 a1=0 src=heuristic g0=0 g1=0
DEBUG:websockets.client:> TEXT 'battle-gen9championsvgc2026regma-1930|/choose m...reclaw 1, move heatwave' [76 bytes]
INFO:player:Turn 1 [battle-gen9championsvgc2026regma-1930] value head win-prob: 0.351  (losing)
DEBUG:live_vgc_base:Turn 1 [battle-gen9championsvgc2026regma-1930] a0=0 a1=9 src=model opp_splice=on
DEBUG:websockets.client:> TEXT 'battle-gen9championsvgc2026regma-1930|/choose move encore 1, move icywind' [73 bytes]
DEBUG:websockets.client:< TEXT '|pm| OPheur3| BC3|/challenge' [28 bytes]
DEBUG:websockets.client:< TEXT '|updatesearch|{"searching":[],"games":{"battle-... 2026 Reg M-A Battle"}}' [124 bytes]
DEBUG:websockets.client:< TEXT '|updatesearch|{"searching":[],"games":{"battle-... 2026 Reg M-A Battle"}}' [124 bytes]
DEBUG:websockets.client:< TEXT '|updatesearch|{"searching":[],"games":{"battle-... 2026 Reg M-A Battle"}}' [208 bytes]
DEBUG:websockets.client:< TEXT '|updatesearch|{"searching":[],"games":{"battle-... 2026 Reg M-A Battle"}}' [208 bytes]
DEBUG:websockets.client:< TEXT '>battle-gen9championsvgc2026regma-1931\n|init|b... vs. OPheur3\n|j|☆BC3\n' [85 bytes]
DEBUG:websockets.client:< TEXT '>battle-gen9championsvgc2026regma-1931\n|j|☆OPheur3' [52 bytes]
DEBUG:websockets.client:< TEXT '|pm| OPheur3| BC3|/nonotify OPheur3 accepted th...26regma-1931</a>&raquo;' [173 bytes]
DEBUG:websockets.client:< TEXT '>battle-gen9championsvgc2026regma-1931\n|t:|1781646017\n|gametype|doubles' [71 bytes]
DEBUG:websockets.client:< TEXT '>battle-gen9championsvgc2026regma-1931\n|player|p1|BC3|169|' [58 bytes]
DEBUG:websockets.client:< TEXT '>battle-gen9championsvgc2026regma-1931\n|player...heets</strong></button>' [855 bytes]
DEBUG:websockets.client:< TEXT '>battle-gen9championsvgc2026regma-1931\n|reques...ing":false}]},"rqid":2}' [2093 bytes]
DEBUG:websockets.client:< TEXT '|updatesearch|{"searching":[],"games":{"battle-... 2026 Reg M-A Battle"}}' [208 bytes]
DEBUG:websockets.client:< TEXT '|updatesearch|{"searching":[],"games":{"battle-... 2026 Reg M-A Battle"}}' [208 bytes]
DEBUG:websockets.client:< TEXT '>battle-gen9championsvgc2026regma-1931\n|init|b...n|j|☆BC3\n|j|☆OPheur3\n' [99 bytes]
DEBUG:websockets.client:< TEXT '|pm| OPheur3| BC3|/nonotify OPheur3 accepted th...26regma-1931</a>&raquo;' [173 bytes]
DEBUG:websockets.client:< TEXT '>battle-gen9championsvgc2026regma-1931\n|t:|1781646017\n|gametype|doubles' [71 bytes]
DEBUG:websockets.client:< TEXT '>battle-gen9championsvgc2026regma-1931\n|player|p1|BC3|169|' [58 bytes]
DEBUG:websockets.client:< TEXT '>battle-gen9championsvgc2026regma-1931\n|player...heets</strong></button>' [855 bytes]
DEBUG:websockets.client:< TEXT '>battle-gen9championsvgc2026regma-1931\n|reques...ing":false}]},"rqid":3}' [2097 bytes]
DEBUG:websockets.client:< TEXT '>battle-gen9championsvgc2026regma-1930\n|\n|t:|...rk|Illusion\n|\n|upkeep' [750 bytes]
DEBUG:websockets.client:< TEXT '>battle-gen9championsvgc2026regma-1930\n|\n|t:|...rk|Illusion\n|\n|upkeep' [752 bytes]
DEBUG:websockets.client:< TEXT '>battle-gen9championsvgc2026regma-1930\n|reques...ing":false}]},"rqid":7}' [1453 bytes]
DEBUG:websockets.client:< TEXT '>battle-gen9championsvgc2026regma-1930\n|reques...oCancel":true,"rqid":6}' [1410 bytes]
DEBUG:vgc_base:switchDIAG [battle-gen9championsvgc2026regma-1930] turn=1 slot=0 ctx=replacement chosen=ditto#2608 in_active_set=False active=['None', 'zoroarkhisui#2240(act=True,fnt=False)'] own_bench=['charizard#1136', 'ditto#2608'] available_switches=[['ditto', 'charizard'], ['ditto', 'charizard']] request={'p1: Whimsicott': (True, True), 'p1: Zoroark': (True, False), 'p1: Ditto': (False, False), 'p1: Charizard': (False, False)}
DEBUG:live_vgc_base:forceSwitch forced_switch_model [battle-gen9championsvgc2026regma-1930] turn 1 a0=13 a1=None opp_splice=on
DEBUG:websockets.client:> TEXT 'battle-gen9championsvgc2026regma-1930|/choose switch Ditto, pass' [64 bytes]
DEBUG:websockets.client:< TEXT '>battle-gen9championsvgc2026regma-1930\n|\n|t:|...lity: Imposter\n|turn|2' [164 bytes]
DEBUG:websockets.client:< TEXT '>battle-gen9championsvgc2026regma-1930\n|\n|t:|...lity: Imposter\n|turn|2' [164 bytes]
DEBUG:websockets.client:< TEXT '>battle-gen9championsvgc2026regma-1930\n|reques...ing":false}]},"rqid":8}' [2188 bytes]
DEBUG:websockets.client:< TEXT '>battle-gen9championsvgc2026regma-1930\n|reques...ing":false}]},"rqid":9}' [2226 bytes]
DEBUG:vgc_base:Turn 2 [battle-gen9championsvgc2026regma-1930] a0=3 a1=10 src=heuristic g0=0 g1=0
DEBUG:websockets.client:> TEXT 'battle-gen9championsvgc2026regma-1930|/choose m...law 1, move solarbeam 2' [79 bytes]
INFO:player:Turn 2 [battle-gen9championsvgc2026regma-1930] value head win-prob: 0.259  (losing)
DEBUG:live_vgc_base:Turn 2 [battle-gen9championsvgc2026regma-1930] a0=0 a1=9 src=model opp_splice=on
DEBUG:websockets.client:> TEXT 'battle-gen9championsvgc2026regma-1930|/choose move heatwave, move icywind' [73 bytes]
DEBUG:websockets.client:< TEXT '>battle-gen9championsvgc2026regma-1930\n|\n|t:|...am\n|\n|upkeep\n|turn|3' [546 bytes]
DEBUG:websockets.client:< TEXT '>battle-gen9championsvgc2026regma-1930\n|\n|t:|...am\n|\n|upkeep\n|turn|3' [547 bytes]
DEBUG:websockets.client:< TEXT '>battle-gen9championsvgc2026regma-1930\n|reques...ng":false}]},"rqid":11}' [1887 bytes]
DEBUG:websockets.client:< TEXT '>battle-gen9championsvgc2026regma-1930\n|reques...ng":false}]},"rqid":10}' [2188 bytes]
DEBUG:vgc_base:Turn 3 [battle-gen9championsvgc2026regma-1930] a0=3 a1=10 src=heuristic g0=0 g1=0
DEBUG:websockets.client:> TEXT 'battle-gen9championsvgc2026regma-1930|/choose m...law 1, move solarbeam 2' [79 bytes]
INFO:player:Turn 3 [battle-gen9championsvgc2026regma-1930] value head win-prob: 0.487  (even)
DEBUG:live_vgc_base:Turn 3 [battle-gen9championsvgc2026regma-1930] a0=0 a1=9 src=model opp_splice=on
DEBUG:websockets.client:> TEXT 'battle-gen9championsvgc2026regma-1930|/choose move heatwave, move icywind' [73 bytes]
DEBUG:websockets.client:< TEXT '>battle-gen9championsvgc2026regma-1930\n|\n|t:|...1b: Zoroark\n|\n|upkeep' [442 bytes]
DEBUG:websockets.client:< TEXT '>battle-gen9championsvgc2026regma-1930\n|\n|t:|...1b: Zoroark\n|\n|upkeep' [442 bytes]
DEBUG:websockets.client:< TEXT '>battle-gen9championsvgc2026regma-1930\n|reques...Cancel":true,"rqid":12}' [1408 bytes]
DEBUG:websockets.client:< TEXT '>battle-gen9championsvgc2026regma-1930\n|reques...ng":false}]},"rqid":13}' [1452 bytes]
DEBUG:vgc_base:switchDIAG [battle-gen9championsvgc2026regma-1930] turn=3 slot=0 ctx=replacement chosen=charizard#1136 in_active_set=False active=['None', 'None'] own_bench=['charizard#1136'] available_switches=[['charizard'], ['charizard']] request={'p1: Ditto': (True, True), 'p1: Zoroark': (True, True), 'p1: Whimsicott': (False, True), 'p1: Charizard': (False, False)}
DEBUG:live_vgc_base:forceSwitch forced_switch_model [battle-gen9championsvgc2026regma-1930] turn 3 a0=12 a1=None opp_splice=on
DEBUG:websockets.client:> TEXT 'battle-gen9championsvgc2026regma-1930|/choose switch Charizard, pass' [68 bytes]
DEBUG:websockets.client:< TEXT '>battle-gen9championsvgc2026regma-1930\n|\n|t:|...L50, M|168/168\n|turn|4' [112 bytes]
DEBUG:websockets.client:< TEXT '>battle-gen9championsvgc2026regma-1930\n|\n|t:|...L50, M|100/100\n|turn|4' [112 bytes]
DEBUG:websockets.client:< TEXT '>battle-gen9championsvgc2026regma-1930\n|reques...ng":false}]},"rqid":14}' [2174 bytes]
DEBUG:websockets.client:< TEXT '>battle-gen9championsvgc2026regma-1930\n|reques...ng":false}]},"rqid":15}' [2225 bytes]
DEBUG:vgc_base:Turn 4 [battle-gen9championsvgc2026regma-1930] a0=3 a1=0 src=heuristic g0=0 g1=0
DEBUG:websockets.client:> TEXT 'battle-gen9championsvgc2026regma-1930|/choose m...reclaw 1, move heatwave' [76 bytes]
INFO:player:Turn 4 [battle-gen9championsvgc2026regma-1930] value head win-prob: 0.045  (losing)
DEBUG:live_vgc_base:Turn 4 [battle-gen9championsvgc2026regma-1930] a0=0 a1=0 src=model opp_splice=on
DEBUG:vgc_base:_safe_order: action 0 slot 1 → None, scanning legal actions.
DEBUG:vgc_base:_safe_order: slot 1 has no decodable legal action — sending Pass.
DEBUG:websockets.client:> TEXT 'battle-gen9championsvgc2026regma-1930|/choose move heatwave mega, pass' [70 bytes]
DEBUG:websockets.client:< TEXT '>battle-gen9championsvgc2026regma-1930\n|\n|t:|...nyDay|[upkeep]\n|upkeep' [527 bytes]
DEBUG:websockets.client:< TEXT '>battle-gen9championsvgc2026regma-1930\n|\n|t:|...nyDay|[upkeep]\n|upkeep' [527 bytes]
DEBUG:websockets.client:< TEXT '>battle-gen9championsvgc2026regma-1930\n|reques...Cancel":true,"rqid":17}' [1480 bytes]
DEBUG:websockets.client:< TEXT '>battle-gen9championsvgc2026regma-1930\n|reques...ng":false}]},"rqid":16}' [1379 bytes]
DEBUG:vgc_base:forceSwitch [battle-gen9championsvgc2026regma-1930] force=[True, True] → /choose switch Basculegion / /choose switch Whimsicott
DEBUG:websockets.client:> TEXT 'battle-gen9championsvgc2026regma-1930|/choose s...gion, switch Whimsicott' [83 bytes]
DEBUG:websockets.client:< TEXT '>battle-gen9championsvgc2026regma-1930\n|\n|t:|...L50, F|100/100\n|turn|5' [167 bytes]
DEBUG:websockets.client:< TEXT '>battle-gen9championsvgc2026regma-1930\n|\n|t:|...L50, F|137/137\n|turn|5' [167 bytes]
DEBUG:websockets.client:< TEXT '>battle-gen9championsvgc2026regma-1930\n|reques...ng":false}]},"rqid":18}' [2157 bytes]
DEBUG:websockets.client:< TEXT '>battle-gen9championsvgc2026regma-1930\n|reques...ng":false}]},"rqid":19}' [2211 bytes]
INFO:player:Turn 5 [battle-gen9championsvgc2026regma-1930] value head win-prob: 0.003  (losing)
DEBUG:live_vgc_base:Turn 5 [battle-gen9championsvgc2026regma-1930] a0=0 a1=0 src=model opp_splice=on
DEBUG:vgc_base:_safe_order: action 0 slot 1 → None, scanning legal actions.
DEBUG:vgc_base:_safe_order: slot 1 has no decodable legal action — sending Pass.
DEBUG:websockets.client:> TEXT 'battle-gen9championsvgc2026regma-1930|/choose move heatwave, pass' [65 bytes]
DEBUG:vgc_base:Turn 5 [battle-gen9championsvgc2026regma-1930] a0=3 a1=6 src=heuristic g0=0 g1=0
DEBUG:websockets.client:> TEXT 'battle-gen9championsvgc2026regma-1930|/choose m...ash 1, move moonblast 1' [80 bytes]
DEBUG:websockets.client:< TEXT '>battle-gen9championsvgc2026regma-1930\n|\n|t:|...Recoil\n|\n|win|OPheur3' [686 bytes]
DEBUG:websockets.client:< TEXT '>battle-gen9championsvgc2026regma-1930\n|\n|t:|...Recoil\n|\n|win|OPheur3' [688 bytes]
DEBUG:websockets.client:< TEXT '|updatesearch|{"searching":[],"games":{"battle-... 2026 Reg M-A Battle"}}' [124 bytes]
INFO:vgc_base:Battle battle-gen9championsvgc2026regma-1930 finished — outcome: LOSS  (W/L/D so far: 0/1/0)
DEBUG:websockets.client:> TEXT '|/leave battle-gen9championsvgc2026regma-1930' [45 bytes]
DEBUG:websockets.client:< TEXT '|updatesearch|{"searching":[],"games":{"battle-... 2026 Reg M-A Battle"}}' [124 bytes]
DEBUG:websockets.client:> TEXT 'battle-gen9championsvgc2026regma-1931|/rejectopenteamsheets' [59 bytes]
INFO:vgc_base:Battle battle-gen9championsvgc2026regma-1930 finished — outcome: WIN  (W/L/D so far: 1/0/0)
DEBUG:websockets.client:> TEXT '|/leave battle-gen9championsvgc2026regma-1930' [45 bytes]
DEBUG:websockets.client:> TEXT '|/utm Sneasler||whiteherb|unburden|fakeout,dire...Naive|32,2,,,,32||||50|' [550 bytes]
DEBUG:websockets.client:> TEXT '|/challenge opheur3, gen9championsvgc2026regma' [46 bytes]
DEBUG:websockets.client:> TEXT 'battle-gen9championsvgc2026regma-1931|/rejectopenteamsheets' [59 bytes]
DEBUG:websockets.client:< TEXT '>battle-gen9championsvgc2026regma-1930\n|deinit' [46 bytes]
DEBUG:websockets.client:< TEXT '>battle-gen9championsvgc2026regma-1930\n|l|☆BC3' [48 bytes]
DEBUG:websockets.client:< TEXT '>battle-gen9championsvgc2026regma-1931\n|uhtmlchange|otsrequest|' [63 bytes]
DEBUG:websockets.client:< TEXT '>battle-gen9championsvgc2026regma-1931\nBC3 rejected open team sheets.' [69 bytes]
DEBUG:websockets.client:< TEXT '>battle-gen9championsvgc2026regma-1931\n|uhtmlchange|otsrequest|' [63 bytes]
DEBUG:websockets.client:< TEXT '>battle-gen9championsvgc2026regma-1931\nBC3 rejected open team sheets.' [69 bytes]
DEBUG:websockets.client:< TEXT '>battle-gen9championsvgc2026regma-1930\n|deinit' [46 bytes]
DEBUG:websockets.client:< TEXT '>battle-gen9championsvgc2026regma-1931\n|uhtmlchange|otsrequest|' [63 bytes]
DEBUG:websockets.client:< TEXT '>battle-gen9championsvgc2026regma-1931\nOPheur3...ected open team sheets.' [73 bytes]
DEBUG:websockets.client:< TEXT '>battle-gen9championsvgc2026regma-1931\n|uhtmlchange|otsrequest|' [63 bytes]
DEBUG:websockets.client:< TEXT '>battle-gen9championsvgc2026regma-1931\nOPheur3...ected open team sheets.' [73 bytes]
INFO:player:Team-preview [battle-gen9championsvgc2026regma-1931] NET drove: bring=['whimsicott', 'zoroarkhisui', 'ditto', 'charizardmegay'] leads=['whimsicott', 'zoroarkhisui'] (vs opp ['sneasler', 'charizard', 'whimsicott', 'basculegion', 'zoroarkhisui', 'ditto'])
INFO:vgc_base:Teampreview [battle-gen9championsvgc2026regma-1931] → /team 3562  (whimsicott, zoroarkhisui, ditto, charizardmegay)
DEBUG:websockets.client:> TEXT 'battle-gen9championsvgc2026regma-1931|/team 3562' [48 bytes]
DEBUG:vgc_base:Teampreview: first-4 roster order → ['sneasler', 'charizardmegay', 'whimsicott', 'basculegion']
INFO:vgc_base:Teampreview [battle-gen9championsvgc2026regma-1931] → /team 1234  (sneasler, charizardmegay, whimsicott, basculegion)
DEBUG:websockets.client:> TEXT 'battle-gen9championsvgc2026regma-1931|/team 1234' [48 bytes]
DEBUG:websockets.client:< TEXT '|pm| BC3| OPheur3|/challenge gen9championsvgc20...hampionsvgc2026regma|||' [83 bytes]
DEBUG:websockets.client:< TEXT '|pm| BC3| OPheur3|/challenge gen9championsvgc20...hampionsvgc2026regma|||' [83 bytes]
DEBUG:websockets.client:< TEXT '|pm| BC3| OPheur3|/log BC3 wants to battle!' [43 bytes]
DEBUG:websockets.client:< TEXT '|pm| BC3| OPheur3|/log BC3 wants to battle!' [43 bytes]
DEBUG:websockets.client:> TEXT '|/utm Sneasler||whiteherb|unburden|fakeout,dire...Naive|32,2,,,,32||||50|' [550 bytes]
DEBUG:websockets.client:> TEXT '|/accept bc3' [12 bytes]
DEBUG:websockets.client:< TEXT '>battle-gen9championsvgc2026regma-1931\n|\n|t:|...L50, F|100/100\n|turn|1' [321 bytes]
DEBUG:websockets.client:< TEXT '>battle-gen9championsvgc2026regma-1931\n|\n|t:|...L50, F|168/168\n|turn|1' [321 bytes]
DEBUG:websockets.client:< TEXT '>battle-gen9championsvgc2026regma-1931\n|reques...ing":false}]},"rqid":4}' [2167 bytes]
DEBUG:websockets.client:< TEXT '>battle-gen9championsvgc2026regma-1931\n|reques...ing":false}]},"rqid":5}' [2236 bytes]
DEBUG:websockets.client:< TEXT '|pm| OPheur3| BC3|/challenge' [28 bytes]
DEBUG:websockets.client:< TEXT '|updatesearch|{"searching":[],"games":{"battle-... 2026 Reg M-A Battle"}}' [124 bytes]
DEBUG:websockets.client:< TEXT '|pm| OPheur3| BC3|/challenge' [28 bytes]
DEBUG:websockets.client:< TEXT '|updatesearch|{"searching":[],"games":{"battle-... 2026 Reg M-A Battle"}}' [124 bytes]
DEBUG:websockets.client:< TEXT '|updatesearch|{"searching":[],"games":{"battle-... 2026 Reg M-A Battle"}}' [208 bytes]
DEBUG:websockets.client:< TEXT '|updatesearch|{"searching":[],"games":{"battle-... 2026 Reg M-A Battle"}}' [208 bytes]
DEBUG:vgc_base:Turn 1 [battle-gen9championsvgc2026regma-1931] a0=3 a1=0 src=heuristic g0=0 g1=0
DEBUG:websockets.client:> TEXT 'battle-gen9championsvgc2026regma-1931|/choose m...reclaw 1, move heatwave' [76 bytes]
DEBUG:websockets.client:< TEXT '|updatesearch|{"searching":[],"games":{"battle-... 2026 Reg M-A Battle"}}' [208 bytes]
DEBUG:websockets.client:< TEXT '|updatesearch|{"searching":[],"games":{"battle-... 2026 Reg M-A Battle"}}' [208 bytes]
DEBUG:websockets.client:< TEXT '>battle-gen9championsvgc2026regma-1932\n|init|b... vs. OPheur3\n|j|☆BC3\n' [85 bytes]
DEBUG:websockets.client:< TEXT '>battle-gen9championsvgc2026regma-1932\n|j|☆OPheur3' [52 bytes]
INFO:player:Turn 1 [battle-gen9championsvgc2026regma-1931] value head win-prob: 0.351  (losing)
DEBUG:live_vgc_base:Turn 1 [battle-gen9championsvgc2026regma-1931] a0=0 a1=9 src=model opp_splice=on
DEBUG:websockets.client:> TEXT 'battle-gen9championsvgc2026regma-1931|/choose move encore 1, move icywind' [73 bytes]
DEBUG:websockets.client:< TEXT '>battle-gen9championsvgc2026regma-1932\n|init|b...n|j|☆BC3\n|j|☆OPheur3\n' [99 bytes]
DEBUG:websockets.client:< TEXT '|pm| OPheur3| BC3|/nonotify OPheur3 accepted th...26regma-1932</a>&raquo;' [173 bytes]
DEBUG:websockets.client:< TEXT '>battle-gen9championsvgc2026regma-1932\n|t:|1781646017\n|gametype|doubles' [71 bytes]
DEBUG:websockets.client:< TEXT '|pm| OPheur3| BC3|/nonotify OPheur3 accepted th...26regma-1932</a>&raquo;' [173 bytes]
DEBUG:websockets.client:< TEXT '>battle-gen9championsvgc2026regma-1932\n|t:|1781646017\n|gametype|doubles' [71 bytes]
DEBUG:websockets.client:< TEXT '>battle-gen9championsvgc2026regma-1932\n|player|p1|BC3|169|' [58 bytes]
DEBUG:websockets.client:< TEXT '>battle-gen9championsvgc2026regma-1932\n|player...heets</strong></button>' [855 bytes]
DEBUG:websockets.client:< TEXT '>battle-gen9championsvgc2026regma-1932\n|reques...ing":false}]},"rqid":2}' [2093 bytes]
DEBUG:websockets.client:< TEXT '>battle-gen9championsvgc2026regma-1932\n|player|p1|BC3|169|' [58 bytes]
DEBUG:websockets.client:< TEXT '>battle-gen9championsvgc2026regma-1932\n|player...heets</strong></button>' [855 bytes]
DEBUG:websockets.client:< TEXT '>battle-gen9championsvgc2026regma-1932\n|reques...ing":false}]},"rqid":3}' [2097 bytes]
DEBUG:websockets.client:< TEXT '>battle-gen9championsvgc2026regma-1931\n|\n|t:|...rk|Illusion\n|\n|upkeep' [672 bytes]
DEBUG:websockets.client:< TEXT '>battle-gen9championsvgc2026regma-1931\n|\n|t:|...rk|Illusion\n|\n|upkeep' [674 bytes]
DEBUG:websockets.client:< TEXT '>battle-gen9championsvgc2026regma-1931\n|reques...ing":false}]},"rqid":7}' [1453 bytes]
DEBUG:websockets.client:< TEXT '>battle-gen9championsvgc2026regma-1931\n|reques...oCancel":true,"rqid":6}' [1420 bytes]
DEBUG:vgc_base:switchDIAG [battle-gen9championsvgc2026regma-1931] turn=1 slot=0 ctx=replacement chosen=ditto#9776 in_active_set=False active=['None', 'zoroarkhisui#9408(act=True,fnt=False)'] own_bench=['charizard#8304', 'ditto#9776'] available_switches=[['ditto', 'charizard'], ['ditto', 'charizard']] request={'p1: Whimsicott': (True, True), 'p1: Zoroark': (True, False), 'p1: Ditto': (False, False), 'p1: Charizard': (False, False)}
DEBUG:live_vgc_base:forceSwitch forced_switch_model [battle-gen9championsvgc2026regma-1931] turn 1 a0=13 a1=None opp_splice=on
DEBUG:websockets.client:> TEXT 'battle-gen9championsvgc2026regma-1931|/choose switch Ditto, pass' [64 bytes]
DEBUG:websockets.client:< TEXT '>battle-gen9championsvgc2026regma-1931\n|\n|t:|...lity: Imposter\n|turn|2' [164 bytes]
DEBUG:websockets.client:< TEXT '>battle-gen9championsvgc2026regma-1931\n|\n|t:|...lity: Imposter\n|turn|2' [164 bytes]
DEBUG:websockets.client:< TEXT '>battle-gen9championsvgc2026regma-1931\n|reques...ing":false}]},"rqid":9}' [2226 bytes]
DEBUG:websockets.client:< TEXT '>battle-gen9championsvgc2026regma-1931\n|reques...ing":false}]},"rqid":8}' [2198 bytes]
DEBUG:vgc_base:Turn 2 [battle-gen9championsvgc2026regma-1931] a0=3 a1=10 src=heuristic g0=0 g1=0
DEBUG:websockets.client:> TEXT 'battle-gen9championsvgc2026regma-1931|/choose m...law 1, move solarbeam 2' [79 bytes]
INFO:player:Turn 2 [battle-gen9championsvgc2026regma-1931] value head win-prob: 0.186  (losing)
DEBUG:live_vgc_base:Turn 2 [battle-gen9championsvgc2026regma-1931] a0=0 a1=9 src=model opp_splice=on
DEBUG:websockets.client:> TEXT 'battle-gen9championsvgc2026regma-1931|/choose move heatwave, move icywind' [73 bytes]
DEBUG:websockets.client:< TEXT '>battle-gen9championsvgc2026regma-1931\n|\n|t:|...am\n|\n|upkeep\n|turn|3' [548 bytes]
DEBUG:websockets.client:< TEXT '>battle-gen9championsvgc2026regma-1931\n|\n|t:|...am\n|\n|upkeep\n|turn|3' [549 bytes]
DEBUG:websockets.client:< TEXT '>battle-gen9championsvgc2026regma-1931\n|reques...ng":false}]},"rqid":10}' [2198 bytes]
DEBUG:websockets.client:< TEXT '>battle-gen9championsvgc2026regma-1931\n|reques...ng":false}]},"rqid":11}' [1887 bytes]
DEBUG:vgc_base:Turn 3 [battle-gen9championsvgc2026regma-1931] a0=3 a1=10 src=heuristic g0=0 g1=0
DEBUG:websockets.client:> TEXT 'battle-gen9championsvgc2026regma-1931|/choose m...law 1, move solarbeam 2' [79 bytes]
INFO:player:Turn 3 [battle-gen9championsvgc2026regma-1931] value head win-prob: 0.558  (winning)
DEBUG:live_vgc_base:Turn 3 [battle-gen9championsvgc2026regma-1931] a0=0 a1=9 src=model opp_splice=on
DEBUG:websockets.client:> TEXT 'battle-gen9championsvgc2026regma-1931|/choose move heatwave, move icywind' [73 bytes]
DEBUG:websockets.client:< TEXT '>battle-gen9championsvgc2026regma-1931\n|\n|t:|...1b: Zoroark\n|\n|upkeep' [461 bytes]
DEBUG:websockets.client:< TEXT '>battle-gen9championsvgc2026regma-1931\n|\n|t:|...1b: Zoroark\n|\n|upkeep' [461 bytes]
DEBUG:websockets.client:< TEXT '>battle-gen9championsvgc2026regma-1931\n|reques...ng":false}]},"rqid":13}' [1451 bytes]
DEBUG:websockets.client:< TEXT '>battle-gen9championsvgc2026regma-1931\n|reques...Cancel":true,"rqid":12}' [1417 bytes]
DEBUG:vgc_base:switchDIAG [battle-gen9championsvgc2026regma-1931] turn=3 slot=0 ctx=replacement chosen=charizard#8304 in_active_set=False active=['None', 'None'] own_bench=['charizard#8304'] available_switches=[['charizard'], ['charizard']] request={'p1: Ditto': (True, True), 'p1: Zoroark': (True, True), 'p1: Whimsicott': (False, True), 'p1: Charizard': (False, False)}
DEBUG:live_vgc_base:forceSwitch forced_switch_model [battle-gen9championsvgc2026regma-1931] turn 3 a0=12 a1=None opp_splice=on
DEBUG:websockets.client:> TEXT 'battle-gen9championsvgc2026regma-1931|/choose switch Charizard, pass' [68 bytes]
DEBUG:websockets.client:< TEXT '>battle-gen9championsvgc2026regma-1931\n|\n|t:|...L50, M|168/168\n|turn|4' [112 bytes]
DEBUG:websockets.client:< TEXT '>battle-gen9championsvgc2026regma-1931\n|\n|t:|...L50, M|100/100\n|turn|4' [112 bytes]
DEBUG:websockets.client:< TEXT '>battle-gen9championsvgc2026regma-1931\n|reques...ng":false}]},"rqid":14}' [2183 bytes]
DEBUG:websockets.client:< TEXT '>battle-gen9championsvgc2026regma-1931\n|reques...ng":false}]},"rqid":15}' [2224 bytes]
INFO:player:Turn 4 [battle-gen9championsvgc2026regma-1931] value head win-prob: 0.065  (losing)
DEBUG:live_vgc_base:Turn 4 [battle-gen9championsvgc2026regma-1931] a0=0 a1=0 src=model opp_splice=on
DEBUG:vgc_base:_safe_order: action 0 slot 1 → None, scanning legal actions.
DEBUG:vgc_base:_safe_order: slot 1 has no decodable legal action — sending Pass.
DEBUG:websockets.client:> TEXT 'battle-gen9championsvgc2026regma-1931|/choose move heatwave mega, pass' [70 bytes]
DEBUG:vgc_base:Turn 4 [battle-gen9championsvgc2026regma-1931] a0=3 a1=0 src=heuristic g0=0 g1=0
DEBUG:websockets.client:> TEXT 'battle-gen9championsvgc2026regma-1931|/choose m...reclaw 1, move heatwave' [76 bytes]
DEBUG:websockets.client:< TEXT '>battle-gen9championsvgc2026regma-1931\n|\n|t:|...p2b: Charizard\n|upkeep' [664 bytes]
DEBUG:websockets.client:< TEXT '>battle-gen9championsvgc2026regma-1931\n|\n|t:|...p2b: Charizard\n|upkeep' [662 bytes]
DEBUG:websockets.client:< TEXT '>battle-gen9championsvgc2026regma-1931\n|reques...Cancel":true,"rqid":17}' [1482 bytes]
DEBUG:websockets.client:< TEXT '>battle-gen9championsvgc2026regma-1931\n|reques...ng":false}]},"rqid":16}' [1388 bytes]
DEBUG:vgc_base:forceSwitch [battle-gen9championsvgc2026regma-1931] force=[True, False] → /choose switch Basculegion / /choose pass
DEBUG:websockets.client:> TEXT 'battle-gen9championsvgc2026regma-1931|/choose switch Basculegion, pass' [70 bytes]
DEBUG:websockets.client:< TEXT '>battle-gen9championsvgc2026regma-1931\n|\n|t:|...L50, M|100/100\n|turn|5' [116 bytes]
DEBUG:websockets.client:< TEXT '>battle-gen9championsvgc2026regma-1931\n|\n|t:|...L50, M|197/197\n|turn|5' [116 bytes]
DEBUG:websockets.client:< TEXT '>battle-gen9championsvgc2026regma-1931\n|reques...ng":false}]},"rqid":18}' [2166 bytes]
DEBUG:websockets.client:< TEXT '>battle-gen9championsvgc2026regma-1931\n|reques...ng":false}]},"rqid":19}' [2233 bytes]
INFO:player:Turn 5 [battle-gen9championsvgc2026regma-1931] value head win-prob: 0.026  (losing)
DEBUG:live_vgc_base:Turn 5 [battle-gen9championsvgc2026regma-1931] a0=0 a1=0 src=model opp_splice=on
DEBUG:vgc_base:_safe_order: action 0 slot 1 → None, scanning legal actions.
DEBUG:vgc_base:_safe_order: slot 1 has no decodable legal action — sending Pass.
DEBUG:websockets.client:> TEXT 'battle-gen9championsvgc2026regma-1931|/choose move heatwave, pass' [65 bytes]
DEBUG:vgc_base:Turn 5 [battle-gen9championsvgc2026regma-1931] a0=3 a1=0 src=heuristic g0=0 g1=0
DEBUG:websockets.client:> TEXT 'battle-gen9championsvgc2026regma-1931|/choose m...ecrash 1, move heatwave' [77 bytes]
DEBUG:websockets.client:< TEXT '>battle-gen9championsvgc2026regma-1931\n|\n|t:|...Recoil\n|\n|win|OPheur3' [482 bytes]
DEBUG:websockets.client:< TEXT '>battle-gen9championsvgc2026regma-1931\n|\n|t:|...Recoil\n|\n|win|OPheur3' [482 bytes]
DEBUG:websockets.client:< TEXT '|updatesearch|{"searching":[],"games":{"battle-... 2026 Reg M-A Battle"}}' [124 bytes]
INFO:vgc_base:Battle battle-gen9championsvgc2026regma-1931 finished — outcome: LOSS  (W/L/D so far: 0/2/0)
DEBUG:websockets.client:> TEXT '|/leave battle-gen9championsvgc2026regma-1931' [45 bytes]
DEBUG:websockets.client:< TEXT '|updatesearch|{"searching":[],"games":{"battle-... 2026 Reg M-A Battle"}}' [124 bytes]
DEBUG:websockets.client:> TEXT 'battle-gen9championsvgc2026regma-1932|/rejectopenteamsheets' [59 bytes]
INFO:vgc_base:Battle battle-gen9championsvgc2026regma-1931 finished — outcome: WIN  (W/L/D so far: 2/0/0)
DEBUG:websockets.client:> TEXT '|/leave battle-gen9championsvgc2026regma-1931' [45 bytes]
DEBUG:websockets.client:> TEXT '|/utm Sneasler||whiteherb|unburden|fakeout,dire...Naive|32,2,,,,32||||50|' [550 bytes]
DEBUG:websockets.client:> TEXT '|/challenge opheur3, gen9championsvgc2026regma' [46 bytes]
DEBUG:websockets.client:> TEXT 'battle-gen9championsvgc2026regma-1932|/rejectopenteamsheets' [59 bytes]
DEBUG:websockets.client:< TEXT '>battle-gen9championsvgc2026regma-1931\n|deinit' [46 bytes]
DEBUG:websockets.client:< TEXT '>battle-gen9championsvgc2026regma-1931\n|l|☆BC3' [48 bytes]
DEBUG:websockets.client:< TEXT '>battle-gen9championsvgc2026regma-1932\n|uhtmlchange|otsrequest|' [63 bytes]
DEBUG:websockets.client:< TEXT '>battle-gen9championsvgc2026regma-1932\nBC3 rejected open team sheets.' [69 bytes]
DEBUG:websockets.client:< TEXT '>battle-gen9championsvgc2026regma-1932\n|uhtmlchange|otsrequest|' [63 bytes]
DEBUG:websockets.client:< TEXT '>battle-gen9championsvgc2026regma-1932\nBC3 rejected open team sheets.' [69 bytes]
DEBUG:websockets.client:< TEXT '>battle-gen9championsvgc2026regma-1931\n|deinit' [46 bytes]
DEBUG:websockets.client:< TEXT '>battle-gen9championsvgc2026regma-1932\n|uhtmlchange|otsrequest|' [63 bytes]
DEBUG:websockets.client:< TEXT '>battle-gen9championsvgc2026regma-1932\n|uhtmlchange|otsrequest|' [63 bytes]
DEBUG:websockets.client:< TEXT '>battle-gen9championsvgc2026regma-1932\nOPheur3...ected open team sheets.' [73 bytes]
DEBUG:websockets.client:< TEXT '>battle-gen9championsvgc2026regma-1932\nOPheur3...ected open team sheets.' [73 bytes]
INFO:player:Team-preview [battle-gen9championsvgc2026regma-1932] NET drove: bring=['whimsicott', 'zoroarkhisui', 'ditto', 'charizardmegay'] leads=['whimsicott', 'zoroarkhisui'] (vs opp ['sneasler', 'charizard', 'whimsicott', 'basculegion', 'zoroarkhisui', 'ditto'])
INFO:vgc_base:Teampreview [battle-gen9championsvgc2026regma-1932] → /team 3562  (whimsicott, zoroarkhisui, ditto, charizardmegay)
DEBUG:websockets.client:> TEXT 'battle-gen9championsvgc2026regma-1932|/team 3562' [48 bytes]
DEBUG:vgc_base:Teampreview: first-4 roster order → ['sneasler', 'charizardmegay', 'whimsicott', 'basculegion']
INFO:vgc_base:Teampreview [battle-gen9championsvgc2026regma-1932] → /team 1234  (sneasler, charizardmegay, whimsicott, basculegion)
DEBUG:websockets.client:> TEXT 'battle-gen9championsvgc2026regma-1932|/team 1234' [48 bytes]
DEBUG:websockets.client:< TEXT '|pm| BC3| OPheur3|/challenge gen9championsvgc20...hampionsvgc2026regma|||' [83 bytes]
DEBUG:websockets.client:< TEXT '|pm| BC3| OPheur3|/challenge gen9championsvgc20...hampionsvgc2026regma|||' [83 bytes]
DEBUG:websockets.client:< TEXT '|pm| BC3| OPheur3|/log BC3 wants to battle!' [43 bytes]
DEBUG:websockets.client:< TEXT '|pm| BC3| OPheur3|/log BC3 wants to battle!' [43 bytes]
DEBUG:websockets.client:> TEXT '|/utm Sneasler||whiteherb|unburden|fakeout,dire...Naive|32,2,,,,32||||50|' [550 bytes]
DEBUG:websockets.client:> TEXT '|/accept bc3' [12 bytes]
DEBUG:websockets.client:< TEXT '>battle-gen9championsvgc2026regma-1932\n|\n|t:|...L50, F|100/100\n|turn|1' [321 bytes]
DEBUG:websockets.client:< TEXT '>battle-gen9championsvgc2026regma-1932\n|\n|t:|...L50, F|168/168\n|turn|1' [321 bytes]
DEBUG:websockets.client:< TEXT '>battle-gen9championsvgc2026regma-1932\n|reques...ing":false}]},"rqid":4}' [2167 bytes]
DEBUG:websockets.client:< TEXT '>battle-gen9championsvgc2026regma-1932\n|reques...ing":false}]},"rqid":5}' [2236 bytes]
DEBUG:vgc_base:Turn 1 [battle-gen9championsvgc2026regma-1932] a0=3 a1=0 src=heuristic g0=0 g1=0
DEBUG:websockets.client:> TEXT 'battle-gen9championsvgc2026regma-1932|/choose m...reclaw 1, move heatwave' [76 bytes]
INFO:player:Turn 1 [battle-gen9championsvgc2026regma-1932] value head win-prob: 0.351  (losing)
DEBUG:live_vgc_base:Turn 1 [battle-gen9championsvgc2026regma-1932] a0=0 a1=9 src=model opp_splice=on
DEBUG:websockets.client:> TEXT 'battle-gen9championsvgc2026regma-1932|/choose move encore 1, move icywind' [73 bytes]
DEBUG:websockets.client:< TEXT '|pm| OPheur3| BC3|/challenge' [28 bytes]
DEBUG:websockets.client:< TEXT '|pm| OPheur3| BC3|/challenge' [28 bytes]
DEBUG:websockets.client:< TEXT '|updatesearch|{"searching":[],"games":{"battle-... 2026 Reg M-A Battle"}}' [124 bytes]
DEBUG:websockets.client:< TEXT '|updatesearch|{"searching":[],"games":{"battle-... 2026 Reg M-A Battle"}}' [208 bytes]
DEBUG:websockets.client:< TEXT '|updatesearch|{"searching":[],"games":{"battle-... 2026 Reg M-A Battle"}}' [208 bytes]
DEBUG:websockets.client:< TEXT '>battle-gen9championsvgc2026regma-1933\n|init|b...n|j|☆BC3\n|j|☆OPheur3\n' [99 bytes]
DEBUG:websockets.client:< TEXT '|pm| OPheur3| BC3|/nonotify OPheur3 accepted th...26regma-1933</a>&raquo;' [173 bytes]
DEBUG:websockets.client:< TEXT '>battle-gen9championsvgc2026regma-1933\n|t:|1781646017\n|gametype|doubles' [71 bytes]
DEBUG:websockets.client:< TEXT '>battle-gen9championsvgc2026regma-1933\n|player|p1|BC3|169|' [58 bytes]
DEBUG:websockets.client:< TEXT '>battle-gen9championsvgc2026regma-1933\n|player...heets</strong></button>' [855 bytes]
DEBUG:websockets.client:< TEXT '>battle-gen9championsvgc2026regma-1933\n|reques...ing":false}]},"rqid":3}' [2097 bytes]
DEBUG:websockets.client:< TEXT '|updatesearch|{"searching":[],"games":{"battle-... 2026 Reg M-A Battle"}}' [124 bytes]
DEBUG:websockets.client:< TEXT '|updatesearch|{"searching":[],"games":{"battle-... 2026 Reg M-A Battle"}}' [208 bytes]
DEBUG:websockets.client:< TEXT '|updatesearch|{"searching":[],"games":{"battle-... 2026 Reg M-A Battle"}}' [208 bytes]
DEBUG:websockets.client:< TEXT '>battle-gen9championsvgc2026regma-1933\n|init|b... vs. OPheur3\n|j|☆BC3\n' [85 bytes]
DEBUG:websockets.client:< TEXT '>battle-gen9championsvgc2026regma-1933\n|j|☆OPheur3' [52 bytes]
DEBUG:websockets.client:< TEXT '|pm| OPheur3| BC3|/nonotify OPheur3 accepted th...26regma-1933</a>&raquo;' [173 bytes]
DEBUG:websockets.client:< TEXT '>battle-gen9championsvgc2026regma-1933\n|t:|1781646017\n|gametype|doubles' [71 bytes]
DEBUG:websockets.client:< TEXT '>battle-gen9championsvgc2026regma-1933\n|player|p1|BC3|169|' [58 bytes]
DEBUG:websockets.client:< TEXT '>battle-gen9championsvgc2026regma-1933\n|player...heets</strong></button>' [855 bytes]
DEBUG:websockets.client:< TEXT '>battle-gen9championsvgc2026regma-1933\n|reques...ing":false}]},"rqid":2}' [2093 bytes]
DEBUG:websockets.client:< TEXT '>battle-gen9championsvgc2026regma-1932\n|\n|t:|...brn|[from] brn\n|upkeep' [745 bytes]
DEBUG:websockets.client:< TEXT '>battle-gen9championsvgc2026regma-1932\n|\n|t:|...brn|[from] brn\n|upkeep' [747 bytes]
DEBUG:websockets.client:< TEXT '>battle-gen9championsvgc2026regma-1932\n|reques...oCancel":true,"rqid":6}' [1424 bytes]
DEBUG:websockets.client:< TEXT '>battle-gen9championsvgc2026regma-1932\n|reques...ing":false}]},"rqid":7}' [1453 bytes]
DEBUG:vgc_base:switchDIAG [battle-gen9championsvgc2026regma-1932] turn=1 slot=0 ctx=replacement chosen=ditto#4944 in_active_set=False active=['None', 'zoroarkhisui#4576(act=True,fnt=False)'] own_bench=['charizard#3472', 'ditto#4944'] available_switches=[['ditto', 'charizard'], ['ditto', 'charizard']] request={'p1: Whimsicott': (True, True), 'p1: Zoroark': (True, False), 'p1: Ditto': (False, False), 'p1: Charizard': (False, False)}
DEBUG:live_vgc_base:forceSwitch forced_switch_model [battle-gen9championsvgc2026regma-1932] turn 1 a0=13 a1=None opp_splice=on
DEBUG:websockets.client:> TEXT 'battle-gen9championsvgc2026regma-1932|/choose switch Ditto, pass' [64 bytes]
DEBUG:websockets.client:< TEXT '>battle-gen9championsvgc2026regma-1932\n|\n|t:|...lity: Imposter\n|turn|2' [164 bytes]
DEBUG:websockets.client:< TEXT '>battle-gen9championsvgc2026regma-1932\n|\n|t:|...lity: Imposter\n|turn|2' [164 bytes]
DEBUG:websockets.client:< TEXT '>battle-gen9championsvgc2026regma-1932\n|reques...ing":false}]},"rqid":8}' [2202 bytes]
DEBUG:websockets.client:< TEXT '>battle-gen9championsvgc2026regma-1932\n|reques...ing":false}]},"rqid":9}' [2226 bytes]
INFO:player:Turn 2 [battle-gen9championsvgc2026regma-1932] value head win-prob: 0.174  (losing)
DEBUG:live_vgc_base:Turn 2 [battle-gen9championsvgc2026regma-1932] a0=0 a1=9 src=model opp_splice=on
DEBUG:websockets.client:> TEXT 'battle-gen9championsvgc2026regma-1932|/choose move heatwave, move icywind' [73 bytes]
DEBUG:vgc_base:Turn 2 [battle-gen9championsvgc2026regma-1932] a0=3 a1=10 src=heuristic g0=0 g1=0
DEBUG:websockets.client:> TEXT 'battle-gen9championsvgc2026regma-1932|/choose m...law 1, move solarbeam 2' [79 bytes]
DEBUG:websockets.client:< TEXT '>battle-gen9championsvgc2026regma-1932\n|\n|t:|...] brn\n|upkeep\n|turn|3' [632 bytes]
DEBUG:websockets.client:< TEXT '>battle-gen9championsvgc2026regma-1932\n|\n|t:|...] brn\n|upkeep\n|turn|3' [633 bytes]
DEBUG:websockets.client:< TEXT '>battle-gen9championsvgc2026regma-1932\n|reques...ng":false}]},"rqid":10}' [2202 bytes]
DEBUG:websockets.client:< TEXT '>battle-gen9championsvgc2026regma-1932\n|reques...ng":false}]},"rqid":11}' [1891 bytes]
DEBUG:vgc_base:Turn 3 [battle-gen9championsvgc2026regma-1932] a0=3 a1=10 src=heuristic g0=0 g1=0
DEBUG:websockets.client:> TEXT 'battle-gen9championsvgc2026regma-1932|/choose m...law 1, move solarbeam 2' [79 bytes]
INFO:player:Turn 3 [battle-gen9championsvgc2026regma-1932] value head win-prob: 0.708  (winning)
DEBUG:live_vgc_base:Turn 3 [battle-gen9championsvgc2026regma-1932] a0=0 a1=9 src=model opp_splice=on
DEBUG:websockets.client:> TEXT 'battle-gen9championsvgc2026regma-1932|/choose move heatwave, move icywind' [73 bytes]
DEBUG:websockets.client:< TEXT '>battle-gen9championsvgc2026regma-1932\n|\n|t:|...1b: Zoroark\n|\n|upkeep' [597 bytes]
DEBUG:websockets.client:< TEXT '>battle-gen9championsvgc2026regma-1932\n|\n|t:|...1b: Zoroark\n|\n|upkeep' [597 bytes]
DEBUG:websockets.client:< TEXT '>battle-gen9championsvgc2026regma-1932\n|reques...ng":false}]},"rqid":13}' [1466 bytes]
DEBUG:websockets.client:< TEXT '>battle-gen9championsvgc2026regma-1932\n|reques...ng":false}]},"rqid":12}' [1440 bytes]
DEBUG:vgc_base:forceSwitch [battle-gen9championsvgc2026regma-1932] force=[True, False] → /choose switch Basculegion / /choose pass
DEBUG:websockets.client:> TEXT 'battle-gen9championsvgc2026regma-1932|/choose switch Basculegion, pass' [70 bytes]
DEBUG:vgc_base:switchDIAG [battle-gen9championsvgc2026regma-1932] turn=3 slot=1 ctx=replacement chosen=charizard#3472 in_active_set=False active=['ditto#4944(act=True,fnt=False)', 'None'] own_bench=['charizard#3472'] available_switches=[['charizard'], ['charizard']] request={'p1: Ditto': (True, False), 'p1: Zoroark': (True, True), 'p1: Whimsicott': (False, True), 'p1: Charizard': (False, False)}
DEBUG:live_vgc_base:forceSwitch forced_switch_model [battle-gen9championsvgc2026regma-1932] turn 3 a0=None a1=12 opp_splice=on
DEBUG:websockets.client:> TEXT 'battle-gen9championsvgc2026regma-1932|/choose pass, switch Charizard' [68 bytes]
DEBUG:websockets.client:< TEXT ">battle-gen9championsvgc2026regma-1932\n|error|...ch to an active Pokémon" [115 bytes]
DEBUG:vgc_base:switchDIAG [battle-gen9championsvgc2026regma-1932] turn=3 slot=1 ctx=replacement chosen=charizard#3472 in_active_set=False active=['ditto#4944(act=True,fnt=False)', 'None'] own_bench=['charizard#3472'] available_switches=[['charizard'], ['charizard']] request={'p1: Ditto': (True, False), 'p1: Zoroark': (True, True), 'p1: Whimsicott': (False, True), 'p1: Charizard': (False, False)}
DEBUG:live_vgc_base:forceSwitch forced_switch_model [battle-gen9championsvgc2026regma-1932] turn 3 a0=None a1=12 opp_splice=on
DEBUG:websockets.client:> TEXT 'battle-gen9championsvgc2026regma-1932|/choose pass, switch Charizard' [68 bytes]
DEBUG:websockets.client:< TEXT ">battle-gen9championsvgc2026regma-1932\n|error|...ch to an active Pokémon" [115 bytes]
WARNING:vgc_base:forceSwitch [battle-gen9championsvgc2026regma-1932] re-requested 3× (order rejected) — sending /choose default.
DEBUG:websockets.client:> TEXT 'battle-gen9championsvgc2026regma-1932|/choose default' [53 bytes]
DEBUG:websockets.client:< TEXT '>battle-gen9championsvgc2026regma-1932\n|\n|t:|...L50, F|168/168\n|turn|4' [165 bytes]
DEBUG:websockets.client:< TEXT '>battle-gen9championsvgc2026regma-1932\n|\n|t:|...L50, F|100/100\n|turn|4' [165 bytes]
DEBUG:websockets.client:< TEXT '>battle-gen9championsvgc2026regma-1932\n|reques...ng":false}]},"rqid":15}' [2233 bytes]
DEBUG:websockets.client:< TEXT '>battle-gen9championsvgc2026regma-1932\n|reques...ng":false}]},"rqid":14}' [2208 bytes]
DEBUG:vgc_base:Turn 4 [battle-gen9championsvgc2026regma-1932] a0=3 a1=0 src=heuristic g0=0 g1=0
DEBUG:websockets.client:> TEXT 'battle-gen9championsvgc2026regma-1932|/choose m...ecrash 1, move heatwave' [77 bytes]
INFO:player:Turn 4 [battle-gen9championsvgc2026regma-1932] value head win-prob: 0.106  (losing)
DEBUG:live_vgc_base:Turn 4 [battle-gen9championsvgc2026regma-1932] a0=0 a1=0 src=model opp_splice=on
DEBUG:websockets.client:> TEXT 'battle-gen9championsvgc2026regma-1932|/choose m...ave, move heatwave mega' [79 bytes]
DEBUG:websockets.client:< TEXT '>battle-gen9championsvgc2026regma-1932\n|\n|t:|...nyDay|[upkeep]\n|upkeep' [604 bytes]
DEBUG:websockets.client:< TEXT '>battle-gen9championsvgc2026regma-1932\n|\n|t:|...nyDay|[upkeep]\n|upkeep' [605 bytes]
DEBUG:websockets.client:< TEXT '>battle-gen9championsvgc2026regma-1932\n|reques...ng":false}]},"rqid":16}' [1389 bytes]
DEBUG:websockets.client:< TEXT '>battle-gen9championsvgc2026regma-1932\n|reques...Cancel":true,"rqid":17}' [1481 bytes]
DEBUG:vgc_base:forceSwitch [battle-gen9championsvgc2026regma-1932] force=[False, True] → /choose pass / /choose switch Whimsicott
DEBUG:websockets.client:> TEXT 'battle-gen9championsvgc2026regma-1932|/choose pass, switch Whimsicott' [69 bytes]
DEBUG:websockets.client:< TEXT '>battle-gen9championsvgc2026regma-1932\n|\n|t:|...L50, F|100/100\n|turn|5' [114 bytes]
DEBUG:websockets.client:< TEXT '>battle-gen9championsvgc2026regma-1932\n|\n|t:|...L50, F|137/137\n|turn|5' [114 bytes]
DEBUG:websockets.client:< TEXT '>battle-gen9championsvgc2026regma-1932\n|reques...ng":false}]},"rqid":19}' [2211 bytes]
DEBUG:websockets.client:< TEXT '>battle-gen9championsvgc2026regma-1932\n|reques...ng":false}]},"rqid":18}' [1878 bytes]
DEBUG:vgc_base:Turn 5 [battle-gen9championsvgc2026regma-1932] a0=4 a1=7 src=heuristic g0=0 g1=0
DEBUG:websockets.client:> TEXT 'battle-gen9championsvgc2026regma-1932|/choose m...ash 2, move moonblast 2' [80 bytes]
INFO:player:Turn 5 [battle-gen9championsvgc2026regma-1932] value head win-prob: 0.006  (losing)
DEBUG:live_vgc_base:Turn 5 [battle-gen9championsvgc2026regma-1932] a0=0 a1=0 src=model opp_splice=on
DEBUG:vgc_base:_safe_order: action 0 slot 0 → None, scanning legal actions.
DEBUG:vgc_base:_safe_order: slot 0 has no decodable legal action — sending Pass.
DEBUG:websockets.client:> TEXT 'battle-gen9championsvgc2026regma-1932|/choose pass, move heatwave' [65 bytes]
DEBUG:websockets.client:< TEXT '>battle-gen9championsvgc2026regma-1932\n|\n|t:|...Recoil\n|\n|win|OPheur3' [671 bytes]
DEBUG:websockets.client:< TEXT '>battle-gen9championsvgc2026regma-1932\n|\n|t:|...Recoil\n|\n|win|OPheur3' [671 bytes]
DEBUG:websockets.client:< TEXT '|updatesearch|{"searching":[],"games":{"battle-... 2026 Reg M-A Battle"}}' [124 bytes]
INFO:vgc_base:Battle battle-gen9championsvgc2026regma-1932 finished — outcome: LOSS  (W/L/D so far: 0/3/0)
DEBUG:websockets.client:> TEXT '|/leave battle-gen9championsvgc2026regma-1932' [45 bytes]
DEBUG:websockets.client:< TEXT '|updatesearch|{"searching":[],"games":{"battle-... 2026 Reg M-A Battle"}}' [124 bytes]
DEBUG:websockets.client:> TEXT 'battle-gen9championsvgc2026regma-1933|/rejectopenteamsheets' [59 bytes]
INFO:vgc_base:Battle battle-gen9championsvgc2026regma-1932 finished — outcome: WIN  (W/L/D so far: 3/0/0)
DEBUG:websockets.client:> TEXT '|/leave battle-gen9championsvgc2026regma-1932' [45 bytes]
DEBUG:websockets.client:> TEXT '|/utm Sneasler||whiteherb|unburden|fakeout,dire...Naive|32,2,,,,32||||50|' [550 bytes]
DEBUG:websockets.client:> TEXT '|/challenge opheur3, gen9championsvgc2026regma' [46 bytes]
DEBUG:websockets.client:> TEXT 'battle-gen9championsvgc2026regma-1933|/rejectopenteamsheets' [59 bytes]
DEBUG:websockets.client:< TEXT '>battle-gen9championsvgc2026regma-1932\n|deinit' [46 bytes]
DEBUG:websockets.client:< TEXT '>battle-gen9championsvgc2026regma-1932\n|l|☆BC3' [48 bytes]
DEBUG:websockets.client:< TEXT '>battle-gen9championsvgc2026regma-1933\n|uhtmlchange|otsrequest|' [63 bytes]
DEBUG:websockets.client:< TEXT '>battle-gen9championsvgc2026regma-1933\nBC3 rejected open team sheets.' [69 bytes]
DEBUG:websockets.client:< TEXT '>battle-gen9championsvgc2026regma-1933\n|uhtmlchange|otsrequest|' [63 bytes]
DEBUG:websockets.client:< TEXT '>battle-gen9championsvgc2026regma-1933\nBC3 rejected open team sheets.' [69 bytes]
DEBUG:websockets.client:< TEXT '>battle-gen9championsvgc2026regma-1932\n|deinit' [46 bytes]
DEBUG:websockets.client:< TEXT '>battle-gen9championsvgc2026regma-1933\n|uhtmlchange|otsrequest|' [63 bytes]
DEBUG:websockets.client:< TEXT '>battle-gen9championsvgc2026regma-1933\n|uhtmlchange|otsrequest|' [63 bytes]
DEBUG:websockets.client:< TEXT '>battle-gen9championsvgc2026regma-1933\nOPheur3...ected open team sheets.' [73 bytes]
DEBUG:websockets.client:< TEXT '>battle-gen9championsvgc2026regma-1933\nOPheur3...ected open team sheets.' [73 bytes]
INFO:player:Team-preview [battle-gen9championsvgc2026regma-1933] NET drove: bring=['whimsicott', 'zoroarkhisui', 'ditto', 'charizardmegay'] leads=['whimsicott', 'zoroarkhisui'] (vs opp ['sneasler', 'charizard', 'whimsicott', 'basculegion', 'zoroarkhisui', 'ditto'])
INFO:vgc_base:Teampreview [battle-gen9championsvgc2026regma-1933] → /team 3562  (whimsicott, zoroarkhisui, ditto, charizardmegay)
DEBUG:websockets.client:> TEXT 'battle-gen9championsvgc2026regma-1933|/team 3562' [48 bytes]
DEBUG:vgc_base:Teampreview: first-4 roster order → ['sneasler', 'charizardmegay', 'whimsicott', 'basculegion']
INFO:vgc_base:Teampreview [battle-gen9championsvgc2026regma-1933] → /team 1234  (sneasler, charizardmegay, whimsicott, basculegion)
DEBUG:websockets.client:> TEXT 'battle-gen9championsvgc2026regma-1933|/team 1234' [48 bytes]
DEBUG:websockets.client:< TEXT '|pm| BC3| OPheur3|/challenge gen9championsvgc20...hampionsvgc2026regma|||' [83 bytes]
DEBUG:websockets.client:< TEXT '|pm| BC3| OPheur3|/challenge gen9championsvgc20...hampionsvgc2026regma|||' [83 bytes]
DEBUG:websockets.client:< TEXT '|pm| BC3| OPheur3|/log BC3 wants to battle!' [43 bytes]
DEBUG:websockets.client:< TEXT '|pm| BC3| OPheur3|/log BC3 wants to battle!' [43 bytes]
DEBUG:websockets.client:> TEXT '|/utm Sneasler||whiteherb|unburden|fakeout,dire...Naive|32,2,,,,32||||50|' [550 bytes]
DEBUG:websockets.client:> TEXT '|/accept bc3' [12 bytes]
DEBUG:websockets.client:< TEXT '>battle-gen9championsvgc2026regma-1933\n|\n|t:|...L50, M|100/100\n|turn|1' [321 bytes]
DEBUG:websockets.client:< TEXT '>battle-gen9championsvgc2026regma-1933\n|\n|t:|...L50, M|168/168\n|turn|1' [321 bytes]
DEBUG:websockets.client:< TEXT '>battle-gen9championsvgc2026regma-1933\n|reques...ing":false}]},"rqid":4}' [2167 bytes]
DEBUG:websockets.client:< TEXT '>battle-gen9championsvgc2026regma-1933\n|reques...ing":false}]},"rqid":5}' [2236 bytes]
INFO:player:Turn 1 [battle-gen9championsvgc2026regma-1933] value head win-prob: 0.351  (losing)
DEBUG:live_vgc_base:Turn 1 [battle-gen9championsvgc2026regma-1933] a0=0 a1=9 src=model opp_splice=on
DEBUG:websockets.client:> TEXT 'battle-gen9championsvgc2026regma-1933|/choose move encore 1, move icywind' [73 bytes]
DEBUG:websockets.client:< TEXT '|pm| OPheur3| BC3|/challenge' [28 bytes]
DEBUG:websockets.client:< TEXT '|pm| OPheur3| BC3|/challenge' [28 bytes]
DEBUG:vgc_base:Turn 1 [battle-gen9championsvgc2026regma-1933] a0=3 a1=0 src=heuristic g0=0 g1=0
DEBUG:websockets.client:> TEXT 'battle-gen9championsvgc2026regma-1933|/choose m...reclaw 1, move heatwave' [76 bytes]
DEBUG:websockets.client:< TEXT '|updatesearch|{"searching":[],"games":{"battle-... 2026 Reg M-A Battle"}}' [124 bytes]
DEBUG:websockets.client:< TEXT '|updatesearch|{"searching":[],"games":{"battle-... 2026 Reg M-A Battle"}}' [208 bytes]
DEBUG:websockets.client:< TEXT '|updatesearch|{"searching":[],"games":{"battle-... 2026 Reg M-A Battle"}}' [208 bytes]
DEBUG:websockets.client:< TEXT '>battle-gen9championsvgc2026regma-1934\n|init|b...n|j|☆BC3\n|j|☆OPheur3\n' [99 bytes]
DEBUG:websockets.client:< TEXT '|pm| OPheur3| BC3|/nonotify OPheur3 accepted th...26regma-1934</a>&raquo;' [173 bytes]
DEBUG:websockets.client:< TEXT '>battle-gen9championsvgc2026regma-1934\n|t:|1781646018\n|gametype|doubles' [71 bytes]
DEBUG:websockets.client:< TEXT '>battle-gen9championsvgc2026regma-1934\n|player|p1|BC3|169|' [58 bytes]
DEBUG:websockets.client:< TEXT '>battle-gen9championsvgc2026regma-1934\n|player...heets</strong></button>' [855 bytes]
DEBUG:websockets.client:< TEXT '>battle-gen9championsvgc2026regma-1934\n|reques...ing":false}]},"rqid":3}' [2097 bytes]
DEBUG:websockets.client:< TEXT '|updatesearch|{"searching":[],"games":{"battle-... 2026 Reg M-A Battle"}}' [124 bytes]
DEBUG:websockets.client:< TEXT '|updatesearch|{"searching":[],"games":{"battle-... 2026 Reg M-A Battle"}}' [208 bytes]
DEBUG:websockets.client:< TEXT '|updatesearch|{"searching":[],"games":{"battle-... 2026 Reg M-A Battle"}}' [208 bytes]
DEBUG:websockets.client:< TEXT '>battle-gen9championsvgc2026regma-1934\n|init|b... vs. OPheur3\n|j|☆BC3\n' [85 bytes]
DEBUG:websockets.client:< TEXT '>battle-gen9championsvgc2026regma-1934\n|j|☆OPheur3' [52 bytes]
DEBUG:websockets.client:< TEXT '|pm| OPheur3| BC3|/nonotify OPheur3 accepted th...26regma-1934</a>&raquo;' [173 bytes]
DEBUG:websockets.client:< TEXT '>battle-gen9championsvgc2026regma-1934\n|t:|1781646018\n|gametype|doubles' [71 bytes]
DEBUG:websockets.client:< TEXT '>battle-gen9championsvgc2026regma-1934\n|player|p1|BC3|169|' [58 bytes]
DEBUG:websockets.client:< TEXT '>battle-gen9championsvgc2026regma-1934\n|player...heets</strong></button>' [855 bytes]
DEBUG:websockets.client:< TEXT '>battle-gen9championsvgc2026regma-1934\n|reques...ing":false}]},"rqid":2}' [2093 bytes]
DEBUG:websockets.client:< TEXT '>battle-gen9championsvgc2026regma-1933\n|\n|t:|...rk|Illusion\n|\n|upkeep' [566 bytes]
DEBUG:websockets.client:< TEXT '>battle-gen9championsvgc2026regma-1933\n|\n|t:|...rk|Illusion\n|\n|upkeep' [567 bytes]
DEBUG:websockets.client:< TEXT '>battle-gen9championsvgc2026regma-1933\n|reques...oCancel":true,"rqid":6}' [1420 bytes]
DEBUG:websockets.client:< TEXT '>battle-gen9championsvgc2026regma-1933\n|reques...ing":false}]},"rqid":7}' [1462 bytes]
DEBUG:vgc_base:switchDIAG [battle-gen9championsvgc2026regma-1933] turn=1 slot=0 ctx=replacement chosen=ditto#1552 in_active_set=False active=['None', 'zoroarkhisui#1184(act=True,fnt=False)'] own_bench=['charizard#80', 'ditto#1552'] available_switches=[['ditto', 'charizard'], ['ditto', 'charizard']] request={'p1: Whimsicott': (True, True), 'p1: Zoroark': (True, False), 'p1: Ditto': (False, False), 'p1: Charizard': (False, False)}
DEBUG:live_vgc_base:forceSwitch forced_switch_model [battle-gen9championsvgc2026regma-1933] turn 1 a0=13 a1=None opp_splice=on
DEBUG:websockets.client:> TEXT 'battle-gen9championsvgc2026regma-1933|/choose switch Ditto, pass' [64 bytes]
DEBUG:websockets.client:< TEXT '>battle-gen9championsvgc2026regma-1933\n|\n|t:|...lity: Imposter\n|turn|2' [164 bytes]
DEBUG:websockets.client:< TEXT '>battle-gen9championsvgc2026regma-1933\n|\n|t:|...lity: Imposter\n|turn|2' [164 bytes]
DEBUG:websockets.client:< TEXT '>battle-gen9championsvgc2026regma-1933\n|reques...ing":false}]},"rqid":8}' [2198 bytes]
DEBUG:websockets.client:< TEXT '>battle-gen9championsvgc2026regma-1933\n|reques...ing":false}]},"rqid":9}' [2235 bytes]
DEBUG:vgc_base:Turn 2 [battle-gen9championsvgc2026regma-1933] a0=3 a1=10 src=heuristic g0=0 g1=0
DEBUG:websockets.client:> TEXT 'battle-gen9championsvgc2026regma-1933|/choose m...law 1, move solarbeam 2' [79 bytes]
INFO:player:Turn 2 [battle-gen9championsvgc2026regma-1933] value head win-prob: 0.168  (losing)
DEBUG:live_vgc_base:Turn 2 [battle-gen9championsvgc2026regma-1933] a0=0 a1=9 src=model opp_splice=on
DEBUG:websockets.client:> TEXT 'battle-gen9championsvgc2026regma-1933|/choose move heatwave, move icywind' [73 bytes]
DEBUG:websockets.client:< TEXT '>battle-gen9championsvgc2026regma-1933\n|\n|t:|...am\n|\n|upkeep\n|turn|3' [627 bytes]
DEBUG:websockets.client:< TEXT '>battle-gen9championsvgc2026regma-1933\n|\n|t:|...am\n|\n|upkeep\n|turn|3' [628 bytes]
DEBUG:websockets.client:< TEXT '>battle-gen9championsvgc2026regma-1933\n|reques...ng":false}]},"rqid":11}' [1887 bytes]
DEBUG:websockets.client:< TEXT '>battle-gen9championsvgc2026regma-1933\n|reques...ng":false}]},"rqid":10}' [2198 bytes]
DEBUG:vgc_base:Turn 3 [battle-gen9championsvgc2026regma-1933] a0=3 a1=10 src=heuristic g0=0 g1=0
DEBUG:websockets.client:> TEXT 'battle-gen9championsvgc2026regma-1933|/choose m...law 1, move solarbeam 2' [79 bytes]
INFO:player:Turn 3 [battle-gen9championsvgc2026regma-1933] value head win-prob: 0.399  (losing)
DEBUG:live_vgc_base:Turn 3 [battle-gen9championsvgc2026regma-1933] a0=0 a1=9 src=model opp_splice=on
DEBUG:websockets.client:> TEXT 'battle-gen9championsvgc2026regma-1933|/choose move heatwave, move icywind' [73 bytes]
DEBUG:websockets.client:< TEXT '>battle-gen9championsvgc2026regma-1933\n|\n|t:|...1b: Zoroark\n|\n|upkeep' [442 bytes]
DEBUG:websockets.client:< TEXT '>battle-gen9championsvgc2026regma-1933\n|\n|t:|...1b: Zoroark\n|\n|upkeep' [442 bytes]
DEBUG:websockets.client:< TEXT '>battle-gen9championsvgc2026regma-1933\n|reques...Cancel":true,"rqid":12}' [1417 bytes]
DEBUG:websockets.client:< TEXT '>battle-gen9championsvgc2026regma-1933\n|reques...ng":false}]},"rqid":13}' [1452 bytes]
DEBUG:vgc_base:switchDIAG [battle-gen9championsvgc2026regma-1933] turn=3 slot=0 ctx=replacement chosen=charizard#80 in_active_set=False active=['None', 'None'] own_bench=['charizard#80'] available_switches=[['charizard'], ['charizard']] request={'p1: Ditto': (True, True), 'p1: Zoroark': (True, True), 'p1: Whimsicott': (False, True), 'p1: Charizard': (False, False)}
DEBUG:live_vgc_base:forceSwitch forced_switch_model [battle-gen9championsvgc2026regma-1933] turn 3 a0=12 a1=None opp_splice=on
DEBUG:websockets.client:> TEXT 'battle-gen9championsvgc2026regma-1933|/choose switch Charizard, pass' [68 bytes]
DEBUG:websockets.client:< TEXT '>battle-gen9championsvgc2026regma-1933\n|\n|t:|...L50, M|168/168\n|turn|4' [112 bytes]
DEBUG:websockets.client:< TEXT '>battle-gen9championsvgc2026regma-1933\n|\n|t:|...L50, M|100/100\n|turn|4' [112 bytes]
DEBUG:websockets.client:< TEXT '>battle-gen9championsvgc2026regma-1933\n|reques...ng":false}]},"rqid":14}' [2183 bytes]
DEBUG:websockets.client:< TEXT '>battle-gen9championsvgc2026regma-1933\n|reques...ng":false}]},"rqid":15}' [2225 bytes]
DEBUG:vgc_base:Turn 4 [battle-gen9championsvgc2026regma-1933] a0=3 a1=0 src=heuristic g0=0 g1=0
DEBUG:websockets.client:> TEXT 'battle-gen9championsvgc2026regma-1933|/choose m...reclaw 1, move heatwave' [76 bytes]
INFO:player:Turn 4 [battle-gen9championsvgc2026regma-1933] value head win-prob: 0.043  (losing)
DEBUG:live_vgc_base:Turn 4 [battle-gen9championsvgc2026regma-1933] a0=0 a1=0 src=model opp_splice=on
DEBUG:vgc_base:_safe_order: action 0 slot 1 → None, scanning legal actions.
DEBUG:vgc_base:_safe_order: slot 1 has no decodable legal action — sending Pass.
DEBUG:websockets.client:> TEXT 'battle-gen9championsvgc2026regma-1933|/choose move heatwave mega, pass' [70 bytes]
DEBUG:websockets.client:< TEXT '>battle-gen9championsvgc2026regma-1933\n|\n|t:|...psn|[from] psn\n|upkeep' [723 bytes]
DEBUG:websockets.client:< TEXT '>battle-gen9championsvgc2026regma-1933\n|\n|t:|...psn|[from] psn\n|upkeep' [723 bytes]
DEBUG:websockets.client:< TEXT '>battle-gen9championsvgc2026regma-1933\n|reques...ng":false}]},"rqid":16}' [1392 bytes]
DEBUG:websockets.client:< TEXT '>battle-gen9championsvgc2026regma-1933\n|reques...Cancel":true,"rqid":17}' [1482 bytes]
DEBUG:vgc_base:forceSwitch [battle-gen9championsvgc2026regma-1933] force=[True, False] → /choose switch Whimsicott / /choose pass
DEBUG:websockets.client:> TEXT 'battle-gen9championsvgc2026regma-1933|/choose switch Whimsicott, pass' [69 bytes]
DEBUG:websockets.client:< TEXT '>battle-gen9championsvgc2026regma-1933\n|\n|t:|...L50, M|100/100\n|turn|5' [114 bytes]
DEBUG:websockets.client:< TEXT '>battle-gen9championsvgc2026regma-1933\n|\n|t:|...L50, M|137/137\n|turn|5' [114 bytes]
DEBUG:websockets.client:< TEXT '>battle-gen9championsvgc2026regma-1933\n|reques...ng":false}]},"rqid":18}' [2170 bytes]
DEBUG:websockets.client:< TEXT '>battle-gen9championsvgc2026regma-1933\n|reques...ng":false}]},"rqid":19}' [2237 bytes]
INFO:player:Turn 5 [battle-gen9championsvgc2026regma-1933] value head win-prob: 0.002  (losing)
DEBUG:live_vgc_base:Turn 5 [battle-gen9championsvgc2026regma-1933] a0=0 a1=0 src=model opp_splice=on
DEBUG:vgc_base:_safe_order: action 0 slot 1 → None, scanning legal actions.
DEBUG:vgc_base:_safe_order: slot 1 has no decodable legal action — sending Pass.
DEBUG:websockets.client:> TEXT 'battle-gen9championsvgc2026regma-1933|/choose move heatwave, pass' [65 bytes]
DEBUG:vgc_base:Turn 5 [battle-gen9championsvgc2026regma-1933] a0=6 a1=0 src=heuristic g0=0 g1=0
DEBUG:websockets.client:> TEXT 'battle-gen9championsvgc2026regma-1933|/choose m...nblast 1, move heatwave' [77 bytes]
DEBUG:websockets.client:< TEXT '>battle-gen9championsvgc2026regma-1933\n|\n|t:|...psn|[from] psn\n|upkeep' [571 bytes]
DEBUG:websockets.client:< TEXT '>battle-gen9championsvgc2026regma-1933\n|\n|t:|...psn|[from] psn\n|upkeep' [570 bytes]
DEBUG:websockets.client:< TEXT '>battle-gen9championsvgc2026regma-1933\n|reques...ng":false}]},"rqid":20}' [1392 bytes]
DEBUG:websockets.client:< TEXT '>battle-gen9championsvgc2026regma-1933\n|reques...Cancel":true,"rqid":21}' [1469 bytes]
DEBUG:vgc_base:forceSwitch slot 1: no available switch — '/choose default' (handled poke-env desync).
DEBUG:vgc_base:forceSwitch DIAG [battle-gen9championsvgc2026regma-1933] turn=5 slot=1 force=[True, True] available_switches=[['basculegion'], ['basculegion']] own_bench_mons=['basculegion'] request_state={'Whimsicott': 'actfnt', 'Charizard': 'actfnt', 'Sneasler': 'fnt', 'Basculegion': ''} team_keys=['p2: Sneasler', 'p2: Charizard', 'p2: Whimsicott', 'p2: Basculegion', 'p2: Zoroark', 'p2: Ditto'] team=[sneasler(act=False,fnt=True,hp=0), charizard(act=True,fnt=True,hp=0), whimsicott(act=True,fnt=True,hp=0), basculegion(act=False,fnt=False,hp=1.0), zoroarkhisui(act=False,fnt=False,hp=1.0), ditto(act=False,fnt=False,hp=1.0)]
DEBUG:websockets.client:> TEXT 'battle-gen9championsvgc2026regma-1933|/choose default' [53 bytes]
DEBUG:websockets.client:< TEXT '>battle-gen9championsvgc2026regma-1933\n|\n|t:|...L50, M|100/100\n|turn|6' [116 bytes]
DEBUG:websockets.client:< TEXT '>battle-gen9championsvgc2026regma-1933\n|\n|t:|...L50, M|197/197\n|turn|6' [116 bytes]
DEBUG:websockets.client:< TEXT '>battle-gen9championsvgc2026regma-1933\n|reques...ng":false}]},"rqid":22}' [2170 bytes]
DEBUG:websockets.client:< TEXT '>battle-gen9championsvgc2026regma-1933\n|reques...ng":false}]},"rqid":23}' [2221 bytes]
DEBUG:vgc_base:Turn 6 [battle-gen9championsvgc2026regma-1933] a0=3 a1=0 src=heuristic g0=0 g1=0
DEBUG:vgc_base:_safe_order: action 0 slot 1 → None, scanning legal actions.
DEBUG:vgc_base:_safe_order: slot 1 has no decodable legal action — sending Pass.
DEBUG:websockets.client:> TEXT 'battle-gen9championsvgc2026regma-1933|/choose move wavecrash 1, pass' [68 bytes]
INFO:player:Turn 6 [battle-gen9championsvgc2026regma-1933] value head win-prob: 0.760  (winning)
DEBUG:live_vgc_base:Turn 6 [battle-gen9championsvgc2026regma-1933] a0=0 a1=0 src=model opp_splice=on
DEBUG:vgc_base:_safe_order: action 0 slot 1 → None, scanning legal actions.
DEBUG:vgc_base:_safe_order: slot 1 has no decodable legal action — sending Pass.
DEBUG:websockets.client:> TEXT 'battle-gen9championsvgc2026regma-1933|/choose move heatwave, pass' [65 bytes]
DEBUG:websockets.client:< TEXT '>battle-gen9championsvgc2026regma-1933\n|\n|t:|...Recoil\n|\n|win|OPheur3' [363 bytes]
DEBUG:websockets.client:< TEXT '>battle-gen9championsvgc2026regma-1933\n|\n|t:|...Recoil\n|\n|win|OPheur3' [365 bytes]
DEBUG:websockets.client:< TEXT '|updatesearch|{"searching":[],"games":{"battle-... 2026 Reg M-A Battle"}}' [124 bytes]
INFO:vgc_base:Battle battle-gen9championsvgc2026regma-1933 finished — outcome: LOSS  (W/L/D so far: 0/4/0)
DEBUG:websockets.client:> TEXT '|/leave battle-gen9championsvgc2026regma-1933' [45 bytes]
DEBUG:websockets.client:< TEXT '|updatesearch|{"searching":[],"games":{"battle-... 2026 Reg M-A Battle"}}' [124 bytes]
DEBUG:websockets.client:> TEXT 'battle-gen9championsvgc2026regma-1934|/rejectopenteamsheets' [59 bytes]
INFO:vgc_base:Battle battle-gen9championsvgc2026regma-1933 finished — outcome: WIN  (W/L/D so far: 4/0/0)
DEBUG:websockets.client:> TEXT '|/leave battle-gen9championsvgc2026regma-1933' [45 bytes]
DEBUG:websockets.client:> TEXT 'battle-gen9championsvgc2026regma-1934|/rejectopenteamsheets' [59 bytes]
DEBUG:websockets.client:< TEXT '>battle-gen9championsvgc2026regma-1933\n|deinit' [46 bytes]
DEBUG:websockets.client:< TEXT '>battle-gen9championsvgc2026regma-1933\n|l|☆BC3' [48 bytes]
DEBUG:websockets.client:< TEXT '>battle-gen9championsvgc2026regma-1934\n|uhtmlchange|otsrequest|' [63 bytes]
DEBUG:websockets.client:< TEXT '>battle-gen9championsvgc2026regma-1934\nBC3 rejected open team sheets.' [69 bytes]
DEBUG:websockets.client:< TEXT '>battle-gen9championsvgc2026regma-1934\n|uhtmlchange|otsrequest|' [63 bytes]
DEBUG:websockets.client:< TEXT '>battle-gen9championsvgc2026regma-1934\nBC3 rejected open team sheets.' [69 bytes]
DEBUG:websockets.client:< TEXT '>battle-gen9championsvgc2026regma-1933\n|deinit' [46 bytes]
DEBUG:websockets.client:< TEXT '>battle-gen9championsvgc2026regma-1934\n|uhtmlchange|otsrequest|' [63 bytes]
DEBUG:websockets.client:< TEXT '>battle-gen9championsvgc2026regma-1934\n|uhtmlchange|otsrequest|' [63 bytes]
DEBUG:websockets.client:< TEXT '>battle-gen9championsvgc2026regma-1934\nOPheur3...ected open team sheets.' [73 bytes]
DEBUG:websockets.client:< TEXT '>battle-gen9championsvgc2026regma-1934\nOPheur3...ected open team sheets.' [73 bytes]
INFO:player:Team-preview [battle-gen9championsvgc2026regma-1934] NET drove: bring=['whimsicott', 'zoroarkhisui', 'ditto', 'charizardmegay'] leads=['whimsicott', 'zoroarkhisui'] (vs opp ['sneasler', 'charizard', 'whimsicott', 'basculegion', 'zoroarkhisui', 'ditto'])
INFO:vgc_base:Teampreview [battle-gen9championsvgc2026regma-1934] → /team 3562  (whimsicott, zoroarkhisui, ditto, charizardmegay)
DEBUG:websockets.client:> TEXT 'battle-gen9championsvgc2026regma-1934|/team 3562' [48 bytes]
DEBUG:vgc_base:Teampreview: first-4 roster order → ['sneasler', 'charizardmegay', 'whimsicott', 'basculegion']
INFO:vgc_base:Teampreview [battle-gen9championsvgc2026regma-1934] → /team 1234  (sneasler, charizardmegay, whimsicott, basculegion)
DEBUG:websockets.client:> TEXT 'battle-gen9championsvgc2026regma-1934|/team 1234' [48 bytes]
DEBUG:websockets.client:< TEXT '>battle-gen9championsvgc2026regma-1934\n|\n|t:|...L50, M|100/100\n|turn|1' [321 bytes]
DEBUG:websockets.client:< TEXT '>battle-gen9championsvgc2026regma-1934\n|\n|t:|...L50, M|168/168\n|turn|1' [321 bytes]
DEBUG:websockets.client:< TEXT '>battle-gen9championsvgc2026regma-1934\n|reques...ing":false}]},"rqid":4}' [2167 bytes]
DEBUG:websockets.client:< TEXT '>battle-gen9championsvgc2026regma-1934\n|reques...ing":false}]},"rqid":5}' [2236 bytes]
INFO:player:Turn 1 [battle-gen9championsvgc2026regma-1934] value head win-prob: 0.351  (losing)
DEBUG:live_vgc_base:Turn 1 [battle-gen9championsvgc2026regma-1934] a0=0 a1=9 src=model opp_splice=on
DEBUG:websockets.client:> TEXT 'battle-gen9championsvgc2026regma-1934|/choose move encore 1, move icywind' [73 bytes]
DEBUG:vgc_base:Turn 1 [battle-gen9championsvgc2026regma-1934] a0=3 a1=0 src=heuristic g0=0 g1=0
DEBUG:websockets.client:> TEXT 'battle-gen9championsvgc2026regma-1934|/choose m...reclaw 1, move heatwave' [76 bytes]
DEBUG:websockets.client:< TEXT '>battle-gen9championsvgc2026regma-1934\n|\n|t:|...rk|Illusion\n|\n|upkeep' [672 bytes]
DEBUG:websockets.client:< TEXT '>battle-gen9championsvgc2026regma-1934\n|\n|t:|...rk|Illusion\n|\n|upkeep' [674 bytes]
DEBUG:websockets.client:< TEXT '>battle-gen9championsvgc2026regma-1934\n|reques...oCancel":true,"rqid":6}' [1420 bytes]
DEBUG:websockets.client:< TEXT '>battle-gen9championsvgc2026regma-1934\n|reques...ing":false}]},"rqid":7}' [1453 bytes]
DEBUG:vgc_base:switchDIAG [battle-gen9championsvgc2026regma-1934] turn=1 slot=0 ctx=replacement chosen=ditto#8160 in_active_set=False active=['None', 'zoroarkhisui#7792(act=True,fnt=False)'] own_bench=['charizard#6688', 'ditto#8160'] available_switches=[['ditto', 'charizard'], ['ditto', 'charizard']] request={'p1: Whimsicott': (True, True), 'p1: Zoroark': (True, False), 'p1: Ditto': (False, False), 'p1: Charizard': (False, False)}
DEBUG:live_vgc_base:forceSwitch forced_switch_model [battle-gen9championsvgc2026regma-1934] turn 1 a0=13 a1=None opp_splice=on
DEBUG:websockets.client:> TEXT 'battle-gen9championsvgc2026regma-1934|/choose switch Ditto, pass' [64 bytes]
DEBUG:websockets.client:< TEXT '>battle-gen9championsvgc2026regma-1934\n|\n|t:|...lity: Imposter\n|turn|2' [164 bytes]
DEBUG:websockets.client:< TEXT '>battle-gen9championsvgc2026regma-1934\n|\n|t:|...lity: Imposter\n|turn|2' [164 bytes]
DEBUG:websockets.client:< TEXT '>battle-gen9championsvgc2026regma-1934\n|reques...ing":false}]},"rqid":8}' [2198 bytes]
DEBUG:websockets.client:< TEXT '>battle-gen9championsvgc2026regma-1934\n|reques...ing":false}]},"rqid":9}' [2226 bytes]
DEBUG:vgc_base:Turn 2 [battle-gen9championsvgc2026regma-1934] a0=3 a1=10 src=heuristic g0=0 g1=0
DEBUG:websockets.client:> TEXT 'battle-gen9championsvgc2026regma-1934|/choose m...law 1, move solarbeam 2' [79 bytes]
INFO:player:Turn 2 [battle-gen9championsvgc2026regma-1934] value head win-prob: 0.177  (losing)
DEBUG:live_vgc_base:Turn 2 [battle-gen9championsvgc2026regma-1934] a0=0 a1=9 src=model opp_splice=on
DEBUG:websockets.client:> TEXT 'battle-gen9championsvgc2026regma-1934|/choose move heatwave, move icywind' [73 bytes]
DEBUG:websockets.client:< TEXT '>battle-gen9championsvgc2026regma-1934\n|\n|t:|...am\n|\n|upkeep\n|turn|3' [516 bytes]
DEBUG:websockets.client:< TEXT '>battle-gen9championsvgc2026regma-1934\n|\n|t:|...am\n|\n|upkeep\n|turn|3' [517 bytes]
DEBUG:websockets.client:< TEXT '>battle-gen9championsvgc2026regma-1934\n|reques...ng":false}]},"rqid":10}' [2198 bytes]
DEBUG:websockets.client:< TEXT '>battle-gen9championsvgc2026regma-1934\n|reques...ng":false}]},"rqid":11}' [1888 bytes]
DEBUG:vgc_base:Turn 3 [battle-gen9championsvgc2026regma-1934] a0=3 a1=10 src=heuristic g0=0 g1=0
DEBUG:websockets.client:> TEXT 'battle-gen9championsvgc2026regma-1934|/choose m...law 1, move solarbeam 2' [79 bytes]
INFO:player:Turn 3 [battle-gen9championsvgc2026regma-1934] value head win-prob: 0.474  (even)
DEBUG:live_vgc_base:Turn 3 [battle-gen9championsvgc2026regma-1934] a0=0 a1=9 src=model opp_splice=on
DEBUG:websockets.client:> TEXT 'battle-gen9championsvgc2026regma-1934|/choose move heatwave, move icywind' [73 bytes]
DEBUG:websockets.client:< TEXT '>battle-gen9championsvgc2026regma-1934\n|\n|t:|...1b: Zoroark\n|\n|upkeep' [441 bytes]
DEBUG:websockets.client:< TEXT '>battle-gen9championsvgc2026regma-1934\n|\n|t:|...1b: Zoroark\n|\n|upkeep' [441 bytes]
DEBUG:websockets.client:< TEXT '>battle-gen9championsvgc2026regma-1934\n|reques...Cancel":true,"rqid":12}' [1417 bytes]
DEBUG:websockets.client:< TEXT '>battle-gen9championsvgc2026regma-1934\n|reques...ng":false}]},"rqid":13}' [1451 bytes]
DEBUG:vgc_base:switchDIAG [battle-gen9championsvgc2026regma-1934] turn=3 slot=0 ctx=replacement chosen=charizard#6688 in_active_set=False active=['None', 'None'] own_bench=['charizard#6688'] available_switches=[['charizard'], ['charizard']] request={'p1: Ditto': (True, True), 'p1: Zoroark': (True, True), 'p1: Whimsicott': (False, True), 'p1: Charizard': (False, False)}
DEBUG:live_vgc_base:forceSwitch forced_switch_model [battle-gen9championsvgc2026regma-1934] turn 3 a0=12 a1=None opp_splice=on
DEBUG:websockets.client:> TEXT 'battle-gen9championsvgc2026regma-1934|/choose switch Charizard, pass' [68 bytes]
DEBUG:websockets.client:< TEXT '>battle-gen9championsvgc2026regma-1934\n|\n|t:|...L50, M|168/168\n|turn|4' [112 bytes]
DEBUG:websockets.client:< TEXT '>battle-gen9championsvgc2026regma-1934\n|\n|t:|...L50, M|100/100\n|turn|4' [112 bytes]
DEBUG:websockets.client:< TEXT '>battle-gen9championsvgc2026regma-1934\n|reques...ng":false}]},"rqid":14}' [2183 bytes]
DEBUG:websockets.client:< TEXT '>battle-gen9championsvgc2026regma-1934\n|reques...ng":false}]},"rqid":15}' [2224 bytes]
INFO:player:Turn 4 [battle-gen9championsvgc2026regma-1934] value head win-prob: 0.052  (losing)
DEBUG:live_vgc_base:Turn 4 [battle-gen9championsvgc2026regma-1934] a0=0 a1=0 src=model opp_splice=on
DEBUG:vgc_base:_safe_order: action 0 slot 1 → None, scanning legal actions.
DEBUG:vgc_base:_safe_order: slot 1 has no decodable legal action — sending Pass.
DEBUG:websockets.client:> TEXT 'battle-gen9championsvgc2026regma-1934|/choose move heatwave mega, pass' [70 bytes]
DEBUG:vgc_base:Turn 4 [battle-gen9championsvgc2026regma-1934] a0=3 a1=0 src=heuristic g0=0 g1=0
DEBUG:websockets.client:> TEXT 'battle-gen9championsvgc2026regma-1934|/choose m...reclaw 1, move heatwave' [76 bytes]
DEBUG:websockets.client:< TEXT '>battle-gen9championsvgc2026regma-1934\n|\n|t:|...psn|[from] psn\n|upkeep' [787 bytes]
DEBUG:websockets.client:< TEXT '>battle-gen9championsvgc2026regma-1934\n|\n|t:|...psn|[from] psn\n|upkeep' [787 bytes]
DEBUG:websockets.client:< TEXT '>battle-gen9championsvgc2026regma-1934\n|reques...ng":false}]},"rqid":16}' [1391 bytes]
DEBUG:websockets.client:< TEXT '>battle-gen9championsvgc2026regma-1934\n|reques...Cancel":true,"rqid":17}' [1480 bytes]
DEBUG:vgc_base:forceSwitch [battle-gen9championsvgc2026regma-1934] force=[True, True] → /choose switch Basculegion / /choose switch Whimsicott
DEBUG:websockets.client:> TEXT 'battle-gen9championsvgc2026regma-1934|/choose s...gion, switch Whimsicott' [83 bytes]
DEBUG:websockets.client:< TEXT '>battle-gen9championsvgc2026regma-1934\n|\n|t:|...L50, F|100/100\n|turn|5' [167 bytes]
DEBUG:websockets.client:< TEXT '>battle-gen9championsvgc2026regma-1934\n|\n|t:|...L50, F|137/137\n|turn|5' [167 bytes]
DEBUG:websockets.client:< TEXT '>battle-gen9championsvgc2026regma-1934\n|reques...ng":false}]},"rqid":18}' [2169 bytes]
DEBUG:websockets.client:< TEXT '>battle-gen9championsvgc2026regma-1934\n|reques...ng":false}]},"rqid":19}' [2211 bytes]
INFO:player:Turn 5 [battle-gen9championsvgc2026regma-1934] value head win-prob: 0.000  (losing)
DEBUG:live_vgc_base:Turn 5 [battle-gen9championsvgc2026regma-1934] a0=0 a1=0 src=model opp_splice=on
DEBUG:vgc_base:_safe_order: action 0 slot 1 → None, scanning legal actions.
DEBUG:vgc_base:_safe_order: slot 1 has no decodable legal action — sending Pass.
DEBUG:websockets.client:> TEXT 'battle-gen9championsvgc2026regma-1934|/choose move heatwave, pass' [65 bytes]
DEBUG:vgc_base:Turn 5 [battle-gen9championsvgc2026regma-1934] a0=3 a1=6 src=heuristic g0=0 g1=0
DEBUG:websockets.client:> TEXT 'battle-gen9championsvgc2026regma-1934|/choose m...ash 1, move moonblast 1' [80 bytes]
DEBUG:websockets.client:< TEXT '>battle-gen9championsvgc2026regma-1934\n|\n|t:|...rizard\n|\n|win|OPheur3' [197 bytes]
DEBUG:websockets.client:< TEXT '>battle-gen9championsvgc2026regma-1934\n|\n|t:|...rizard\n|\n|win|OPheur3' [197 bytes]
DEBUG:websockets.client:< TEXT '|updatesearch|{"searching":[],"games":null}' [43 bytes]
DEBUG:websockets.client:< TEXT '|updatesearch|{"searching":[],"games":null}' [43 bytes]
INFO:vgc_base:Battle battle-gen9championsvgc2026regma-1934 finished — outcome: LOSS  (W/L/D so far: 0/5/0)
DEBUG:websockets.client:> TEXT '|/leave battle-gen9championsvgc2026regma-1934' [45 bytes]
INFO:vgc_base:Battle battle-gen9championsvgc2026regma-1934 finished — outcome: WIN  (W/L/D so far: 5/0/0)
DEBUG:websockets.client:> TEXT '|/leave battle-gen9championsvgc2026regma-1934' [45 bytes]
DEBUG:websockets.client:< TEXT '>battle-gen9championsvgc2026regma-1934\n|deinit' [46 bytes]
DEBUG:websockets.client:< TEXT '>battle-gen9championsvgc2026regma-1934\n|l|☆BC3' [48 bytes]
DEBUG:websockets.client:< TEXT '>battle-gen9championsvgc2026regma-1934\n|deinit' [46 bytes]
DEBUG:websockets.client:> CLOSE 1000 (OK) [2 bytes]
DEBUG:websockets.client:= connection is CLOSING
DEBUG:websockets.client:< CLOSE 1000 (OK) [2 bytes]
DEBUG:websockets.client:< EOF
DEBUG:websockets.client:> EOF
DEBUG:websockets.client:= connection is CLOSED
DEBUG:websockets.client:x half-closing TCP connection
DEBUG:websockets.client:> CLOSE 1000 (OK) [2 bytes]
DEBUG:websockets.client:= connection is CLOSING
DEBUG:websockets.client:< CLOSE 1000 (OK) [2 bytes]
DEBUG:websockets.client:< EOF
DEBUG:websockets.client:> EOF
DEBUG:websockets.client:= connection is CLOSED
DEBUG:websockets.client:x half-closing TCP connection
INFO:__main__:vs heuristic: 0/5
