DEBUG:asyncio:Using proactor: IocpProactor
DEBUG:asyncio:Using proactor: IocpProactor
INFO:run_local_battle:Showdown server already running on port 8000 — skipping launch.
INFO:run_local_battle:Loaded team from D:\ShowdownProject\Victory-Dance\teams\M-A\Trickery
INFO:run_local_battle:Loaded team from D:\ShowdownProject\Victory-Dance\teams\M-A\Trickery
INFO:vgc_base:Loaded default BeliefState from D:\ShowdownProject\Victory-Dance\data\pikalytics_regma.json
INFO:player:VGCPlayer: loaded battle model from ai_train_scripts\BC_model\checkpoints_v3\bc_best.pt (heads=('our_a', 'our_b'))
INFO:player:VGCPlayer: loaded team-chooser from D:\ShowdownProject\Victory-Dance\ai_train_scripts\teamPreview_model\checkpoints\teampreview_best.pt (vocab=190)
INFO:player:VGCPlayer ready (gap-#6 splice) | battle_model=loaded (ai_train_scripts\BC_model\checkpoints_v3\bc_best.pt) | team_chooser=loaded (D:\ShowdownProject\Victory-Dance\ai_train_scripts\teamPreview_model\checkpoints\teampreview_best.pt) | replay=D:\ShowdownProject\Victory-Dance\replay_buffer\BC1.jsonl
INFO:random_player:RandomVGCPlayer ready (gap-#6 splice) | replay=D:\ShowdownProject\Victory-Dance\replay_buffer\OPrand1.jsonl
DEBUG:websockets.client:= connection is CONNECTING
DEBUG:websockets.client:> GET /showdown/websocket HTTP/1.1
DEBUG:websockets.client:> Host: localhost:8000
DEBUG:websockets.client:> Upgrade: websocket
DEBUG:websockets.client:> Connection: Upgrade
DEBUG:websockets.client:> Sec-WebSocket-Key: fLJ34wXn8QwTbJzTsGWfeg==
DEBUG:websockets.client:> Sec-WebSocket-Version: 13
DEBUG:websockets.client:> Sec-WebSocket-Extensions: permessage-deflate; client_max_window_bits
DEBUG:websockets.client:> User-Agent: Python/3.12 websockets/16.0
DEBUG:websockets.client:< HTTP/1.1 101 Switching Protocols
DEBUG:websockets.client:< Upgrade: websocket
DEBUG:websockets.client:< Connection: Upgrade
DEBUG:websockets.client:< Sec-WebSocket-Accept: qdc59+PfyoqOKVmxrgdYEpqmolM=
DEBUG:websockets.client:= connection is OPEN
DEBUG:websockets.client:< TEXT '|updateuser| Guest 929|0|1|{"blockChallenges":f...c|[Gen 1] Custom Game,c' [8615 bytes]
DEBUG:websockets.client:< TEXT '|challstr|4|f740c7cc1ddd19f2742a9bd84b13488bf28...28334f8a7c3a406ee4c22cb' [268 bytes]
DEBUG:websockets.client:> TEXT '|/trn BC1,0,' [12 bytes]
DEBUG:websockets.client:< TEXT '|updatesearch|{"searching":[],"games":null}' [43 bytes]
DEBUG:websockets.client:< TEXT '|updateuser| BC1|1|266|{"blockChallenges":false...:false,"language":null}' [346 bytes]
DEBUG:websockets.client:< TEXT '|updatesearch|{"searching":[],"games":null}' [43 bytes]
DEBUG:websockets.client:= connection is CONNECTING
DEBUG:websockets.client:> GET /showdown/websocket HTTP/1.1
DEBUG:websockets.client:> Host: localhost:8000
DEBUG:websockets.client:> Upgrade: websocket
DEBUG:websockets.client:> Connection: Upgrade
DEBUG:websockets.client:> Sec-WebSocket-Key: fhBcH854LP4tTMe0CixYdg==
DEBUG:websockets.client:> Sec-WebSocket-Version: 13
DEBUG:websockets.client:> Sec-WebSocket-Extensions: permessage-deflate; client_max_window_bits
DEBUG:websockets.client:> User-Agent: Python/3.12 websockets/16.0
DEBUG:websockets.client:< HTTP/1.1 101 Switching Protocols
DEBUG:websockets.client:< Upgrade: websocket
DEBUG:websockets.client:< Connection: Upgrade
DEBUG:websockets.client:< Sec-WebSocket-Accept: yZubIb01SBmCs8Z5BdXTCH4h0Ds=
DEBUG:websockets.client:= connection is OPEN
DEBUG:websockets.client:< TEXT '|updateuser| Guest 930|0|101|{"blockChallenges"...c|[Gen 1] Custom Game,c' [8617 bytes]
DEBUG:websockets.client:< TEXT '|challstr|4|0934ceb0b2a0fc1af3cf08e75d149f20c9e...0c84648a8e004a74f8d9b45' [268 bytes]
DEBUG:websockets.client:> TEXT '|/trn OPrand1,0,' [16 bytes]
DEBUG:websockets.client:< TEXT '|updatesearch|{"searching":[],"games":null}' [43 bytes]
DEBUG:websockets.client:< TEXT '|updateuser| OPrand1|1|266|{"blockChallenges":f...:false,"language":null}' [350 bytes]
DEBUG:websockets.client:< TEXT '|updatesearch|{"searching":[],"games":null}' [43 bytes]
DEBUG:websockets.client:> TEXT '|/utm Sneasler||whiteherb|unburden|fakeout,dire...Naive|32,2,,,,32||||50|' [550 bytes]
DEBUG:websockets.client:> TEXT '|/challenge oprand1, gen9championsvgc2026regma' [46 bytes]
DEBUG:websockets.client:< TEXT '|pm| BC1| OPrand1|/challenge gen9championsvgc20...hampionsvgc2026regma|||' [83 bytes]
DEBUG:websockets.client:< TEXT '|pm| BC1| OPrand1|/challenge gen9championsvgc20...hampionsvgc2026regma|||' [83 bytes]
DEBUG:websockets.client:< TEXT '|pm| BC1| OPrand1|/log BC1 wants to battle!' [43 bytes]
DEBUG:websockets.client:< TEXT '|pm| BC1| OPrand1|/log BC1 wants to battle!' [43 bytes]
DEBUG:websockets.client:> TEXT '|/utm Sneasler||whiteherb|unburden|fakeout,dire...Naive|32,2,,,,32||||50|' [550 bytes]
DEBUG:websockets.client:> TEXT '|/accept bc1' [12 bytes]
DEBUG:websockets.client:< TEXT '|pm| OPrand1| BC1|/challenge' [28 bytes]
DEBUG:websockets.client:< TEXT '|pm| OPrand1| BC1|/challenge' [28 bytes]
DEBUG:websockets.client:< TEXT '|updatesearch|{"searching":[],"games":null}' [43 bytes]
DEBUG:websockets.client:< TEXT '|updatesearch|{"searching":[],"games":null}' [43 bytes]
DEBUG:websockets.client:< TEXT '|updatesearch|{"searching":[],"games":{"battle-... 2026 Reg M-A Battle"}}' [124 bytes]
DEBUG:websockets.client:< TEXT '|updatesearch|{"searching":[],"games":{"battle-... 2026 Reg M-A Battle"}}' [124 bytes]
DEBUG:websockets.client:< TEXT '|updatesearch|{"searching":[],"games":{"battle-... 2026 Reg M-A Battle"}}' [124 bytes]
DEBUG:websockets.client:< TEXT '|updatesearch|{"searching":[],"games":{"battle-... 2026 Reg M-A Battle"}}' [124 bytes]
DEBUG:websockets.client:< TEXT '>battle-gen9championsvgc2026regma-1498\n|init|b... vs. OPrand1\n|j|\u2606BC1\n' [85 bytes]
DEBUG:websockets.client:< TEXT '>battle-gen9championsvgc2026regma-1498\n|init|b...n|j|\u2606BC1\n|j|\u2606OPrand1\n' [99 bytes]
DEBUG:websockets.client:< TEXT '>battle-gen9championsvgc2026regma-1498\n|j|\u2606OPrand1' [52 bytes]
DEBUG:websockets.client:< TEXT '|pm| OPrand1| BC1|/nonotify OPrand1 accepted th...26regma-1498</a>&raquo;' [173 bytes]
DEBUG:websockets.client:< TEXT '|pm| OPrand1| BC1|/nonotify OPrand1 accepted th...26regma-1498</a>&raquo;' [173 bytes]
DEBUG:websockets.client:< TEXT '>battle-gen9championsvgc2026regma-1498\n|t:|1781641905\n|gametype|doubles' [71 bytes]
DEBUG:websockets.client:> TEXT 'battle-gen9championsvgc2026regma-1498|/rejectopenteamsheets' [59 bytes]
DEBUG:websockets.client:< TEXT '>battle-gen9championsvgc2026regma-1498\n|t:|1781641905\n|gametype|doubles' [71 bytes]
DEBUG:websockets.client:> TEXT 'battle-gen9championsvgc2026regma-1498|/rejectopenteamsheets' [59 bytes]
DEBUG:websockets.client:> TEXT '|/utm Sneasler||whiteherb|unburden|fakeout,dire...Naive|32,2,,,,32||||50|' [550 bytes]
DEBUG:websockets.client:> TEXT '|/challenge oprand1, gen9championsvgc2026regma' [46 bytes]
DEBUG:websockets.client:< TEXT '>battle-gen9championsvgc2026regma-1498\n|player|p1|BC1|266|' [58 bytes]
DEBUG:websockets.client:< TEXT '>battle-gen9championsvgc2026regma-1498\n|player...heets</strong></button>' [857 bytes]
DEBUG:websockets.client:< TEXT '>battle-gen9championsvgc2026regma-1498\n|player|p1|BC1|266|' [58 bytes]
DEBUG:websockets.client:< TEXT '>battle-gen9championsvgc2026regma-1498\n|reques...ing":false}]},"rqid":3}' [2097 bytes]
DEBUG:websockets.client:< TEXT '>battle-gen9championsvgc2026regma-1498\n|uhtmlchange|otsrequest|' [63 bytes]
DEBUG:websockets.client:< TEXT '>battle-gen9championsvgc2026regma-1498\nBC1 rejected open team sheets.' [69 bytes]
DEBUG:websockets.client:< TEXT '>battle-gen9championsvgc2026regma-1498\n|player...heets</strong></button>' [857 bytes]
DEBUG:websockets.client:< TEXT '>battle-gen9championsvgc2026regma-1498\n|reques...ing":false}]},"rqid":2}' [2093 bytes]
DEBUG:websockets.client:< TEXT '>battle-gen9championsvgc2026regma-1498\n|uhtmlchange|otsrequest|' [63 bytes]
DEBUG:websockets.client:< TEXT '>battle-gen9championsvgc2026regma-1498\nBC1 rejected open team sheets.' [69 bytes]
DEBUG:websockets.client:< TEXT '>battle-gen9championsvgc2026regma-1498\n|uhtmlchange|otsrequest|' [63 bytes]
DEBUG:websockets.client:< TEXT '>battle-gen9championsvgc2026regma-1498\n|uhtmlchange|otsrequest|' [63 bytes]
DEBUG:websockets.client:< TEXT '>battle-gen9championsvgc2026regma-1498\nOPrand1...ected open team sheets.' [73 bytes]
DEBUG:websockets.client:< TEXT '>battle-gen9championsvgc2026regma-1498\nOPrand1...ected open team sheets.' [73 bytes]
INFO:player:Team-preview [battle-gen9championsvgc2026regma-1498] NET drove: bring=['whimsicott', 'zoroarkhisui', 'ditto', 'charizardmegay'] leads=['whimsicott', 'zoroarkhisui'] (vs opp ['sneasler', 'charizard', 'whimsicott', 'basculegion', 'zoroarkhisui', 'ditto'])
INFO:vgc_base:Teampreview [battle-gen9championsvgc2026regma-1498] \u2192 /team 3562  (whimsicott, zoroarkhisui, ditto, charizardmegay)
DEBUG:websockets.client:> TEXT 'battle-gen9championsvgc2026regma-1498|/team 3562' [48 bytes]
INFO:vgc_base:Teampreview [battle-gen9championsvgc2026regma-1498] \u2192 /team 6134  (ditto, sneasler, whimsicott, basculegion)
DEBUG:websockets.client:> TEXT 'battle-gen9championsvgc2026regma-1498|/team 6134' [48 bytes]
DEBUG:websockets.client:< TEXT '|pm| BC1| OPrand1|/challenge gen9championsvgc20...hampionsvgc2026regma|||' [83 bytes]
DEBUG:websockets.client:< TEXT '|pm| BC1| OPrand1|/challenge gen9championsvgc20...hampionsvgc2026regma|||' [83 bytes]
DEBUG:websockets.client:< TEXT '|pm| BC1| OPrand1|/log BC1 wants to battle!' [43 bytes]
DEBUG:websockets.client:< TEXT '|pm| BC1| OPrand1|/log BC1 wants to battle!' [43 bytes]
DEBUG:websockets.client:> TEXT '|/utm Sneasler||whiteherb|unburden|fakeout,dire...Naive|32,2,,,,32||||50|' [550 bytes]
DEBUG:websockets.client:> TEXT '|/accept bc1' [12 bytes]
DEBUG:websockets.client:< TEXT '>battle-gen9championsvgc2026regma-1498\n|\n|t:|...L50, F|100/100\n|turn|1' [310 bytes]
DEBUG:websockets.client:< TEXT '>battle-gen9championsvgc2026regma-1498\n|\n|t:|...L50, F|157/157\n|turn|1' [310 bytes]
DEBUG:websockets.client:< TEXT '>battle-gen9championsvgc2026regma-1498\n|reques...ing":false}]},"rqid":4}' [2167 bytes]
DEBUG:websockets.client:< TEXT '>battle-gen9championsvgc2026regma-1498\n|reques...ing":false}]},"rqid":5}' [1870 bytes]
DEBUG:websockets.client:< TEXT '|pm| OPrand1| BC1|/challenge' [28 bytes]
DEBUG:live_vgc_base:Turn 1 [battle-gen9championsvgc2026regma-1498] a0=13 a1=6 src=random opp_splice=on
DEBUG:websockets.client:> TEXT 'battle-gen9championsvgc2026regma-1498|/choose s...sculegion, move protect' [78 bytes]
INFO:player:Turn 1 [battle-gen9championsvgc2026regma-1498] value head win-prob: 0.351  (losing)
DEBUG:live_vgc_base:Turn 1 [battle-gen9championsvgc2026regma-1498] a0=0 a1=9 src=model opp_splice=on
DEBUG:websockets.client:> TEXT 'battle-gen9championsvgc2026regma-1498|/choose move encore 1, move icywind' [73 bytes]
DEBUG:websockets.client:< TEXT '|pm| OPrand1| BC1|/challenge' [28 bytes]
DEBUG:websockets.client:< TEXT '|updatesearch|{"searching":[],"games":{"battle-... 2026 Reg M-A Battle"}}' [124 bytes]
DEBUG:websockets.client:< TEXT '|updatesearch|{"searching":[],"games":{"battle-... 2026 Reg M-A Battle"}}' [124 bytes]
DEBUG:websockets.client:< TEXT '|updatesearch|{"searching":[],"games":{"battle-... 2026 Reg M-A Battle"}}' [208 bytes]
DEBUG:websockets.client:< TEXT '|updatesearch|{"searching":[],"games":{"battle-... 2026 Reg M-A Battle"}}' [208 bytes]
DEBUG:websockets.client:< TEXT '>battle-gen9championsvgc2026regma-1499\n|init|b... vs. OPrand1\n|j|\u2606BC1\n' [85 bytes]
DEBUG:websockets.client:< TEXT '>battle-gen9championsvgc2026regma-1499\n|j|\u2606OPrand1' [52 bytes]
DEBUG:websockets.client:< TEXT '|pm| OPrand1| BC1|/nonotify OPrand1 accepted th...26regma-1499</a>&raquo;' [173 bytes]
DEBUG:websockets.client:< TEXT '>battle-gen9championsvgc2026regma-1499\n|t:|1781641905\n|gametype|doubles' [71 bytes]
DEBUG:websockets.client:< TEXT '>battle-gen9championsvgc2026regma-1499\n|player|p1|BC1|266|' [58 bytes]
DEBUG:websockets.client:< TEXT '>battle-gen9championsvgc2026regma-1499\n|player...heets</strong></button>' [857 bytes]
DEBUG:websockets.client:< TEXT '>battle-gen9championsvgc2026regma-1499\n|reques...ing":false}]},"rqid":2}' [2093 bytes]
DEBUG:websockets.client:< TEXT '|updatesearch|{"searching":[],"games":{"battle-... 2026 Reg M-A Battle"}}' [208 bytes]
DEBUG:websockets.client:< TEXT '|updatesearch|{"searching":[],"games":{"battle-... 2026 Reg M-A Battle"}}' [208 bytes]
DEBUG:websockets.client:< TEXT '>battle-gen9championsvgc2026regma-1499\n|init|b...n|j|\u2606BC1\n|j|\u2606OPrand1\n' [99 bytes]
DEBUG:websockets.client:< TEXT '|pm| OPrand1| BC1|/nonotify OPrand1 accepted th...26regma-1499</a>&raquo;' [173 bytes]
DEBUG:websockets.client:< TEXT '>battle-gen9championsvgc2026regma-1499\n|t:|1781641905\n|gametype|doubles' [71 bytes]
DEBUG:websockets.client:< TEXT '>battle-gen9championsvgc2026regma-1499\n|player|p1|BC1|266|' [58 bytes]
DEBUG:websockets.client:< TEXT '>battle-gen9championsvgc2026regma-1499\n|player...heets</strong></button>' [857 bytes]
DEBUG:websockets.client:< TEXT '>battle-gen9championsvgc2026regma-1499\n|reques...ing":false}]},"rqid":3}' [2097 bytes]
DEBUG:websockets.client:< TEXT '>battle-gen9championsvgc2026regma-1498\n|\n|t:|...|1\n|\n|upkeep\n|turn|2' [459 bytes]
DEBUG:websockets.client:< TEXT '>battle-gen9championsvgc2026regma-1498\n|\n|t:|...|1\n|\n|upkeep\n|turn|2' [460 bytes]
DEBUG:websockets.client:< TEXT '>battle-gen9championsvgc2026regma-1498\n|reques...ing":false}]},"rqid":6}' [2167 bytes]
DEBUG:websockets.client:< TEXT '>battle-gen9championsvgc2026regma-1498\n|reques...ing":false}]},"rqid":7}' [2144 bytes]
INFO:player:Turn 2 [battle-gen9championsvgc2026regma-1498] value head win-prob: 0.782  (winning)
DEBUG:live_vgc_base:Turn 2 [battle-gen9championsvgc2026regma-1498] a0=0 a1=9 src=model opp_splice=on
DEBUG:websockets.client:> TEXT 'battle-gen9championsvgc2026regma-1498|/choose move encore 1, move icywind' [73 bytes]
DEBUG:live_vgc_base:Turn 2 [battle-gen9championsvgc2026regma-1498] a0=13 a1=12 src=random opp_splice=on
DEBUG:websockets.client:> TEXT 'battle-gen9championsvgc2026regma-1498|/choose s...itto, switch Whimsicott' [77 bytes]
DEBUG:websockets.client:< TEXT '>battle-gen9championsvgc2026regma-1498\n|\n|t:|...|1\n|\n|upkeep\n|turn|3' [434 bytes]
DEBUG:websockets.client:< TEXT '>battle-gen9championsvgc2026regma-1498\n|\n|t:|...|1\n|\n|upkeep\n|turn|3' [435 bytes]
DEBUG:websockets.client:< TEXT '>battle-gen9championsvgc2026regma-1498\n|reques...ing":false}]},"rqid":8}' [2167 bytes]
DEBUG:websockets.client:< TEXT '>battle-gen9championsvgc2026regma-1498\n|reques...ing":false}]},"rqid":9}' [1881 bytes]
DEBUG:live_vgc_base:Turn 3 [battle-gen9championsvgc2026regma-1498] a0=0 a1=12 src=random opp_splice=on
DEBUG:websockets.client:> TEXT 'battle-gen9championsvgc2026regma-1498|/choose m...form 1, switch Sneasler' [79 bytes]
INFO:player:Turn 3 [battle-gen9championsvgc2026regma-1498] value head win-prob: 0.858  (winning)
DEBUG:live_vgc_base:Turn 3 [battle-gen9championsvgc2026regma-1498] a0=0 a1=9 src=model opp_splice=on
DEBUG:websockets.client:> TEXT 'battle-gen9championsvgc2026regma-1498|/choose move encore 1, move icywind' [73 bytes]
DEBUG:websockets.client:< TEXT '>battle-gen9championsvgc2026regma-1498\n|\n|t:|...tt\n|\n|upkeep\n|turn|4' [517 bytes]
DEBUG:websockets.client:< TEXT '>battle-gen9championsvgc2026regma-1498\n|\n|t:|...tt\n|\n|upkeep\n|turn|4' [518 bytes]
DEBUG:websockets.client:< TEXT '>battle-gen9championsvgc2026regma-1498\n|reques...ng":false}]},"rqid":10}' [2168 bytes]
DEBUG:websockets.client:< TEXT '>battle-gen9championsvgc2026regma-1498\n|reques...ng":false}]},"rqid":11}' [2168 bytes]
INFO:player:Turn 4 [battle-gen9championsvgc2026regma-1498] value head win-prob: 0.654  (winning)
DEBUG:live_vgc_base:Turn 4 [battle-gen9championsvgc2026regma-1498] a0=0 a1=9 src=model opp_splice=on
DEBUG:websockets.client:> TEXT 'battle-gen9championsvgc2026regma-1498|/choose move encore 1, move icywind' [73 bytes]
DEBUG:live_vgc_base:Turn 4 [battle-gen9championsvgc2026regma-1498] a0=0 a1=9 src=random opp_splice=on
DEBUG:websockets.client:> TEXT 'battle-gen9championsvgc2026regma-1498|/choose m...e 1, move closecombat 1' [79 bytes]
DEBUG:websockets.client:< TEXT '>battle-gen9championsvgc2026regma-1498\n|\n|t:|...|p2a: Ditto\n|\n|upkeep' [540 bytes]
DEBUG:websockets.client:< TEXT '>battle-gen9championsvgc2026regma-1498\n|\n|t:|...|p2a: Ditto\n|\n|upkeep' [539 bytes]
DEBUG:websockets.client:< TEXT '>battle-gen9championsvgc2026regma-1498\n|reques...Cancel":true,"rqid":13}' [1415 bytes]
DEBUG:websockets.client:< TEXT '>battle-gen9championsvgc2026regma-1498\n|reques...ng":false}]},"rqid":12}' [1392 bytes]
DEBUG:vgc_base:forceSwitch [battle-gen9championsvgc2026regma-1498] force=[True, False] \u2192 /choose switch Whimsicott / /choose pass
DEBUG:websockets.client:> TEXT 'battle-gen9championsvgc2026regma-1498|/choose switch Whimsicott, pass' [69 bytes]
DEBUG:websockets.client:< TEXT '>battle-gen9championsvgc2026regma-1498\n|\n|t:|... L50, M|54/100\n|turn|5' [113 bytes]
DEBUG:websockets.client:< TEXT '>battle-gen9championsvgc2026regma-1498\n|\n|t:|... L50, M|75/137\n|turn|5' [113 bytes]
DEBUG:websockets.client:< TEXT '>battle-gen9championsvgc2026regma-1498\n|reques...ng":false}]},"rqid":14}' [2167 bytes]
DEBUG:websockets.client:< TEXT '>battle-gen9championsvgc2026regma-1498\n|reques...ng":false}]},"rqid":15}' [2136 bytes]
INFO:player:Turn 5 [battle-gen9championsvgc2026regma-1498] value head win-prob: 0.986  (winning)
DEBUG:live_vgc_base:Turn 5 [battle-gen9championsvgc2026regma-1498] a0=0 a1=9 src=model opp_splice=on
DEBUG:websockets.client:> TEXT 'battle-gen9championsvgc2026regma-1498|/choose move encore 1, move icywind' [73 bytes]
DEBUG:live_vgc_base:Turn 5 [battle-gen9championsvgc2026regma-1498] a0=0 a1=11 src=random opp_splice=on
DEBUG:websockets.client:> TEXT 'battle-gen9championsvgc2026regma-1498|/choose m... 1, move closecombat -1' [80 bytes]
DEBUG:websockets.client:< TEXT '>battle-gen9championsvgc2026regma-1498\n|\n|t:|... Whimsicott\n|\n|upkeep' [566 bytes]
DEBUG:websockets.client:< TEXT '>battle-gen9championsvgc2026regma-1498\n|\n|t:|... Whimsicott\n|\n|upkeep' [566 bytes]
DEBUG:websockets.client:< TEXT '>battle-gen9championsvgc2026regma-1498\n|reques...ng":false}]},"rqid":16}' [1392 bytes]
DEBUG:websockets.client:< TEXT '>battle-gen9championsvgc2026regma-1498\n|reques...Cancel":true,"rqid":17}' [1414 bytes]
DEBUG:vgc_base:forceSwitch [battle-gen9championsvgc2026regma-1498] force=[True, False] \u2192 /choose switch Basculegion / /choose pass
DEBUG:websockets.client:> TEXT 'battle-gen9championsvgc2026regma-1498|/choose switch Basculegion, pass' [70 bytes]
DEBUG:websockets.client:< TEXT '>battle-gen9championsvgc2026regma-1498\n|\n|t:|... L50, M|92/100\n|turn|6' [115 bytes]
DEBUG:websockets.client:< TEXT '>battle-gen9championsvgc2026regma-1498\n|\n|t:|...L50, M|182/197\n|turn|6' [116 bytes]
DEBUG:websockets.client:< TEXT '>battle-gen9championsvgc2026regma-1498\n|reques...ng":false}]},"rqid":19}' [2131 bytes]
DEBUG:websockets.client:< TEXT '>battle-gen9championsvgc2026regma-1498\n|reques...ng":false}]},"rqid":18}' [2167 bytes]
DEBUG:live_vgc_base:Turn 6 [battle-gen9championsvgc2026regma-1498] a0=9 a1=4 src=random opp_splice=on
DEBUG:websockets.client:> TEXT 'battle-gen9championsvgc2026regma-1498|/choose m...ects 1, move direclaw 2' [82 bytes]
INFO:player:Turn 6 [battle-gen9championsvgc2026regma-1498] value head win-prob: 0.998  (winning)
DEBUG:live_vgc_base:Turn 6 [battle-gen9championsvgc2026regma-1498] a0=0 a1=9 src=model opp_splice=on
DEBUG:websockets.client:> TEXT 'battle-gen9championsvgc2026regma-1498|/choose move encore 1, move icywind' [73 bytes]
DEBUG:websockets.client:< TEXT '>battle-gen9championsvgc2026regma-1498\n|\n|t:|... Whimsicott\n|\n|upkeep' [614 bytes]
DEBUG:websockets.client:< TEXT '>battle-gen9championsvgc2026regma-1498\n|\n|t:|... Whimsicott\n|\n|upkeep' [615 bytes]
DEBUG:websockets.client:< TEXT '>battle-gen9championsvgc2026regma-1498\n|reques...Cancel":true,"rqid":20}' [1421 bytes]
DEBUG:websockets.client:< TEXT '>battle-gen9championsvgc2026regma-1498\n|reques...ng":false}]},"rqid":21}' [1382 bytes]
DEBUG:live_vgc_base:forceSwitch forced_switch_model [battle-gen9championsvgc2026regma-1498] turn 6 a0=13 a1=None opp_splice=on
DEBUG:websockets.client:> TEXT 'battle-gen9championsvgc2026regma-1498|/choose switch Ditto, pass' [64 bytes]
DEBUG:websockets.client:< TEXT '>battle-gen9championsvgc2026regma-1498\n|\n|t:|...o, L50|155/155\n|turn|7' [101 bytes]
DEBUG:websockets.client:< TEXT '>battle-gen9championsvgc2026regma-1498\n|\n|t:|...o, L50|100/100\n|turn|7' [101 bytes]
DEBUG:websockets.client:< TEXT '>battle-gen9championsvgc2026regma-1498\n|reques...ng":false}]},"rqid":22}' [1886 bytes]
DEBUG:websockets.client:< TEXT '>battle-gen9championsvgc2026regma-1498\n|reques...ng":false}]},"rqid":23}' [2130 bytes]
DEBUG:live_vgc_base:Turn 7 [battle-gen9championsvgc2026regma-1498] a0=3 a1=0 src=random opp_splice=on
DEBUG:vgc_base:_safe_order: action 0 slot 1 \u2192 None, scanning legal actions.
DEBUG:vgc_base:_safe_order: slot 1 has no decodable legal action — sending Pass.
DEBUG:websockets.client:> TEXT 'battle-gen9championsvgc2026regma-1498|/choose move wavecrash 1, pass' [68 bytes]
INFO:player:Turn 7 [battle-gen9championsvgc2026regma-1498] value head win-prob: 0.985  (winning)
DEBUG:live_vgc_base:Turn 7 [battle-gen9championsvgc2026regma-1498] a0=0 a1=0 src=model opp_splice=on
DEBUG:websockets.client:> TEXT 'battle-gen9championsvgc2026regma-1498|/choose m...form 1, move hypervoice' [79 bytes]
DEBUG:websockets.client:< TEXT '>battle-gen9championsvgc2026regma-1498\n|\n|t:|...il\n|\n|upkeep\n|turn|8' [374 bytes]
DEBUG:websockets.client:< TEXT '>battle-gen9championsvgc2026regma-1498\n|\n|t:|...il\n|\n|upkeep\n|turn|8' [375 bytes]
DEBUG:websockets.client:< TEXT '>battle-gen9championsvgc2026regma-1498\n|reques...ng":false}]},"rqid":24}' [2194 bytes]
DEBUG:websockets.client:< TEXT '>battle-gen9championsvgc2026regma-1498\n|reques...ng":false}]},"rqid":25}' [2130 bytes]
DEBUG:live_vgc_base:Turn 8 [battle-gen9championsvgc2026regma-1498] a0=9 a1=0 src=random opp_splice=on
DEBUG:vgc_base:_safe_order: action 0 slot 1 \u2192 None, scanning legal actions.
DEBUG:vgc_base:_safe_order: slot 1 has no decodable legal action — sending Pass.
DEBUG:websockets.client:> TEXT 'battle-gen9championsvgc2026regma-1498|/choose move lastrespects 1, pass' [71 bytes]
INFO:player:Turn 8 [battle-gen9championsvgc2026regma-1498] value head win-prob: 0.985  (winning)
DEBUG:live_vgc_base:Turn 8 [battle-gen9championsvgc2026regma-1498] a0=12 a1=9 src=model opp_splice=on
DEBUG:websockets.client:> TEXT 'battle-gen9championsvgc2026regma-1498|/choose s...Charizard, move icywind' [76 bytes]
DEBUG:websockets.client:< TEXT '>battle-gen9championsvgc2026regma-1498\n|\n|t:|...: Charizard\n|\n|upkeep' [359 bytes]
DEBUG:websockets.client:< TEXT '>battle-gen9championsvgc2026regma-1498\n|\n|t:|...: Charizard\n|\n|upkeep' [360 bytes]
DEBUG:websockets.client:< TEXT '>battle-gen9championsvgc2026regma-1498\n|reques...Cancel":true,"rqid":26}' [1418 bytes]
DEBUG:websockets.client:< TEXT '>battle-gen9championsvgc2026regma-1498\n|reques...ng":false}]},"rqid":27}' [1382 bytes]
DEBUG:live_vgc_base:forceSwitch forced_switch_model [battle-gen9championsvgc2026regma-1498] turn 8 a0=12 a1=None opp_splice=on
DEBUG:websockets.client:> TEXT 'battle-gen9championsvgc2026regma-1498|/choose switch Ditto, pass' [64 bytes]
DEBUG:websockets.client:< TEXT '>battle-gen9championsvgc2026regma-1498\n|\n|t:|...to, L50|35/155\n|turn|9' [100 bytes]
DEBUG:websockets.client:< TEXT '>battle-gen9championsvgc2026regma-1498\n|\n|t:|...to, L50|22/100\n|turn|9' [100 bytes]
DEBUG:websockets.client:< TEXT '>battle-gen9championsvgc2026regma-1498\n|reques...ng":false}]},"rqid":28}' [1882 bytes]
DEBUG:websockets.client:< TEXT '>battle-gen9championsvgc2026regma-1498\n|reques...ng":false}]},"rqid":29}' [2130 bytes]
INFO:player:Turn 9 [battle-gen9championsvgc2026regma-1498] value head win-prob: 0.932  (winning)
DEBUG:live_vgc_base:Turn 9 [battle-gen9championsvgc2026regma-1498] a0=0 a1=0 src=model opp_splice=on
DEBUG:websockets.client:> TEXT 'battle-gen9championsvgc2026regma-1498|/choose m...form 1, move hypervoice' [79 bytes]
DEBUG:live_vgc_base:Turn 9 [battle-gen9championsvgc2026regma-1498] a0=3 a1=0 src=random opp_splice=on
DEBUG:vgc_base:_safe_order: action 0 slot 1 \u2192 None, scanning legal actions.
DEBUG:vgc_base:_safe_order: slot 1 has no decodable legal action — sending Pass.
DEBUG:websockets.client:> TEXT 'battle-gen9championsvgc2026regma-1498|/choose move wavecrash 1, pass' [68 bytes]
DEBUG:websockets.client:< TEXT '>battle-gen9championsvgc2026regma-1498\n|\n|t:|...l\n|\n|upkeep\n|turn|10' [392 bytes]
DEBUG:websockets.client:< TEXT '>battle-gen9championsvgc2026regma-1498\n|\n|t:|...l\n|\n|upkeep\n|turn|10' [392 bytes]
DEBUG:websockets.client:< TEXT '>battle-gen9championsvgc2026regma-1498\n|reques...ng":false}]},"rqid":31}' [2129 bytes]
DEBUG:websockets.client:< TEXT '>battle-gen9championsvgc2026regma-1498\n|reques...ng":false}]},"rqid":30}' [1881 bytes]
DEBUG:live_vgc_base:Turn 10 [battle-gen9championsvgc2026regma-1498] a0=6 a1=0 src=random opp_splice=on
DEBUG:vgc_base:_safe_order: action 0 slot 1 \u2192 None, scanning legal actions.
DEBUG:vgc_base:_safe_order: slot 1 has no decodable legal action — sending Pass.
DEBUG:websockets.client:> TEXT 'battle-gen9championsvgc2026regma-1498|/choose move protect, pass' [64 bytes]
INFO:player:Turn 10 [battle-gen9championsvgc2026regma-1498] value head win-prob: 0.895  (winning)
DEBUG:live_vgc_base:Turn 10 [battle-gen9championsvgc2026regma-1498] a0=0 a1=0 src=model opp_splice=on
DEBUG:vgc_base:_safe_order: action 0 slot 0 \u2192 None, scanning legal actions.
DEBUG:vgc_base:_safe_order: slot 0 has no decodable legal action — sending Pass.
DEBUG:websockets.client:> TEXT 'battle-gen9championsvgc2026regma-1498|/choose pass, move hypervoice' [67 bytes]
DEBUG:websockets.client:< TEXT '>battle-gen9championsvgc2026regma-1498\n|\n|t:|...t\n|\n|upkeep\n|turn|11' [250 bytes]
DEBUG:websockets.client:< TEXT '>battle-gen9championsvgc2026regma-1498\n|\n|t:|...t\n|\n|upkeep\n|turn|11' [250 bytes]
DEBUG:websockets.client:< TEXT '>battle-gen9championsvgc2026regma-1498\n|reques...ng":false}]},"rqid":32}' [1880 bytes]
DEBUG:websockets.client:< TEXT '>battle-gen9championsvgc2026regma-1498\n|reques...ng":false}]},"rqid":33}' [2129 bytes]
INFO:player:Turn 11 [battle-gen9championsvgc2026regma-1498] value head win-prob: 0.880  (winning)
DEBUG:live_vgc_base:Turn 11 [battle-gen9championsvgc2026regma-1498] a0=0 a1=0 src=model opp_splice=on
DEBUG:vgc_base:_safe_order: action 0 slot 0 \u2192 None, scanning legal actions.
DEBUG:vgc_base:_safe_order: slot 0 has no decodable legal action — sending Pass.
DEBUG:websockets.client:> TEXT 'battle-gen9championsvgc2026regma-1498|/choose pass, move hypervoice' [67 bytes]
DEBUG:live_vgc_base:Turn 11 [battle-gen9championsvgc2026regma-1498] a0=10 a1=0 src=random opp_splice=on
DEBUG:vgc_base:_safe_order: action 0 slot 1 \u2192 None, scanning legal actions.
DEBUG:vgc_base:_safe_order: slot 1 has no decodable legal action — sending Pass.
DEBUG:websockets.client:> TEXT 'battle-gen9championsvgc2026regma-1498|/choose move lastrespects 2, pass' [71 bytes]
DEBUG:websockets.client:< TEXT '>battle-gen9championsvgc2026regma-1498\n|\n|t:|...k\n|\n|upkeep\n|turn|12' [220 bytes]
DEBUG:websockets.client:< TEXT '>battle-gen9championsvgc2026regma-1498\n|\n|t:|...k\n|\n|upkeep\n|turn|12' [220 bytes]
DEBUG:websockets.client:< TEXT '>battle-gen9championsvgc2026regma-1498\n|reques...ng":false}]},"rqid":34}' [1880 bytes]
DEBUG:websockets.client:< TEXT '>battle-gen9championsvgc2026regma-1498\n|reques...ng":false}]},"rqid":35}' [2128 bytes]
INFO:player:Turn 12 [battle-gen9championsvgc2026regma-1498] value head win-prob: 0.877  (winning)
DEBUG:live_vgc_base:Turn 12 [battle-gen9championsvgc2026regma-1498] a0=0 a1=0 src=model opp_splice=on
DEBUG:vgc_base:_safe_order: action 0 slot 0 \u2192 None, scanning legal actions.
DEBUG:vgc_base:_safe_order: slot 0 has no decodable legal action — sending Pass.
DEBUG:websockets.client:> TEXT 'battle-gen9championsvgc2026regma-1498|/choose pass, move hypervoice' [67 bytes]
DEBUG:live_vgc_base:Turn 12 [battle-gen9championsvgc2026regma-1498] a0=1 a1=0 src=random opp_splice=on
DEBUG:vgc_base:_safe_order: action 0 slot 1 \u2192 None, scanning legal actions.
DEBUG:vgc_base:_safe_order: slot 1 has no decodable legal action — sending Pass.
DEBUG:websockets.client:> TEXT 'battle-gen9championsvgc2026regma-1498|/choose move flipturn 2, pass' [67 bytes]
DEBUG:websockets.client:< TEXT '>battle-gen9championsvgc2026regma-1498\n|\n|t:|...oroark\n|\n|win|OPrand1' [238 bytes]
DEBUG:websockets.client:< TEXT '>battle-gen9championsvgc2026regma-1498\n|\n|t:|...oroark\n|\n|win|OPrand1' [238 bytes]
INFO:vgc_base:Battle battle-gen9championsvgc2026regma-1498 finished — outcome: LOSS  (W/L/D so far: 0/1/0)
DEBUG:websockets.client:> TEXT '|/leave battle-gen9championsvgc2026regma-1498' [45 bytes]
DEBUG:websockets.client:< TEXT '|updatesearch|{"searching":[],"games":{"battle-... 2026 Reg M-A Battle"}}' [124 bytes]
DEBUG:websockets.client:< TEXT '|updatesearch|{"searching":[],"games":{"battle-... 2026 Reg M-A Battle"}}' [124 bytes]
DEBUG:websockets.client:> TEXT 'battle-gen9championsvgc2026regma-1499|/rejectopenteamsheets' [59 bytes]
INFO:vgc_base:Battle battle-gen9championsvgc2026regma-1498 finished — outcome: WIN  (W/L/D so far: 1/0/0)
DEBUG:websockets.client:> TEXT '|/leave battle-gen9championsvgc2026regma-1498' [45 bytes]
DEBUG:websockets.client:> TEXT '|/utm Sneasler||whiteherb|unburden|fakeout,dire...Naive|32,2,,,,32||||50|' [550 bytes]
DEBUG:websockets.client:> TEXT '|/challenge oprand1, gen9championsvgc2026regma' [46 bytes]
DEBUG:websockets.client:> TEXT 'battle-gen9championsvgc2026regma-1499|/rejectopenteamsheets' [59 bytes]
DEBUG:websockets.client:< TEXT '>battle-gen9championsvgc2026regma-1498\n|deinit' [46 bytes]
DEBUG:websockets.client:< TEXT '>battle-gen9championsvgc2026regma-1498\n|l|\u2606BC1' [48 bytes]
DEBUG:websockets.client:< TEXT '>battle-gen9championsvgc2026regma-1499\n|uhtmlchange|otsrequest|' [63 bytes]
DEBUG:websockets.client:< TEXT '>battle-gen9championsvgc2026regma-1499\nBC1 rejected open team sheets.' [69 bytes]
DEBUG:websockets.client:< TEXT '>battle-gen9championsvgc2026regma-1499\n|uhtmlchange|otsrequest|' [63 bytes]
DEBUG:websockets.client:< TEXT '>battle-gen9championsvgc2026regma-1499\nBC1 rejected open team sheets.' [69 bytes]
DEBUG:websockets.client:< TEXT '>battle-gen9championsvgc2026regma-1498\n|deinit' [46 bytes]
DEBUG:websockets.client:< TEXT '>battle-gen9championsvgc2026regma-1499\n|uhtmlchange|otsrequest|' [63 bytes]
DEBUG:websockets.client:< TEXT '>battle-gen9championsvgc2026regma-1499\n|uhtmlchange|otsrequest|' [63 bytes]
DEBUG:websockets.client:< TEXT '>battle-gen9championsvgc2026regma-1499\nOPrand1...ected open team sheets.' [73 bytes]
DEBUG:websockets.client:< TEXT '>battle-gen9championsvgc2026regma-1499\nOPrand1...ected open team sheets.' [73 bytes]
INFO:player:Team-preview [battle-gen9championsvgc2026regma-1499] NET drove: bring=['whimsicott', 'zoroarkhisui', 'ditto', 'charizardmegay'] leads=['whimsicott', 'zoroarkhisui'] (vs opp ['sneasler', 'charizard', 'whimsicott', 'basculegion', 'zoroarkhisui', 'ditto'])
INFO:vgc_base:Teampreview [battle-gen9championsvgc2026regma-1499] \u2192 /team 3562  (whimsicott, zoroarkhisui, ditto, charizardmegay)
DEBUG:websockets.client:> TEXT 'battle-gen9championsvgc2026regma-1499|/team 3562' [48 bytes]
INFO:vgc_base:Teampreview [battle-gen9championsvgc2026regma-1499] \u2192 /team 1534  (sneasler, zoroarkhisui, whimsicott, basculegion)
DEBUG:websockets.client:> TEXT 'battle-gen9championsvgc2026regma-1499|/team 1534' [48 bytes]
DEBUG:websockets.client:< TEXT '|pm| BC1| OPrand1|/challenge gen9championsvgc20...hampionsvgc2026regma|||' [83 bytes]
DEBUG:websockets.client:< TEXT '|pm| BC1| OPrand1|/challenge gen9championsvgc20...hampionsvgc2026regma|||' [83 bytes]
DEBUG:websockets.client:< TEXT '|pm| BC1| OPrand1|/log BC1 wants to battle!' [43 bytes]
DEBUG:websockets.client:< TEXT '|pm| BC1| OPrand1|/log BC1 wants to battle!' [43 bytes]
DEBUG:websockets.client:> TEXT '|/utm Sneasler||whiteherb|unburden|fakeout,dire...Naive|32,2,,,,32||||50|' [550 bytes]
DEBUG:websockets.client:> TEXT '|/accept bc1' [12 bytes]
DEBUG:websockets.client:< TEXT '>battle-gen9championsvgc2026regma-1499\n|\n|t:|...L50, M|100/100\n|turn|1' [325 bytes]
DEBUG:websockets.client:< TEXT '>battle-gen9championsvgc2026regma-1499\n|\n|t:|...L50, M|132/132\n|turn|1' [325 bytes]
DEBUG:websockets.client:< TEXT '>battle-gen9championsvgc2026regma-1499\n|reques...ing":false}]},"rqid":5}' [2217 bytes]
DEBUG:websockets.client:< TEXT '>battle-gen9championsvgc2026regma-1499\n|reques...ing":false}]},"rqid":4}' [2167 bytes]
DEBUG:live_vgc_base:Turn 1 [battle-gen9championsvgc2026regma-1499] a0=3 a1=6 src=random opp_splice=on
DEBUG:websockets.client:> TEXT 'battle-gen9championsvgc2026regma-1499|/choose m...ireclaw 1, move protect' [75 bytes]
DEBUG:websockets.client:< TEXT '|pm| OPrand1| BC1|/challenge' [28 bytes]
DEBUG:websockets.client:< TEXT '|pm| OPrand1| BC1|/challenge' [28 bytes]
INFO:player:Turn 1 [battle-gen9championsvgc2026regma-1499] value head win-prob: 0.350  (losing)
DEBUG:live_vgc_base:Turn 1 [battle-gen9championsvgc2026regma-1499] a0=0 a1=9 src=model opp_splice=on
DEBUG:websockets.client:> TEXT 'battle-gen9championsvgc2026regma-1499|/choose move encore 1, move icywind' [73 bytes]
DEBUG:websockets.client:< TEXT '|updatesearch|{"searching":[],"games":{"battle-... 2026 Reg M-A Battle"}}' [124 bytes]
DEBUG:websockets.client:< TEXT '|updatesearch|{"searching":[],"games":{"battle-... 2026 Reg M-A Battle"}}' [208 bytes]
DEBUG:websockets.client:< TEXT '|updatesearch|{"searching":[],"games":{"battle-... 2026 Reg M-A Battle"}}' [208 bytes]
DEBUG:websockets.client:< TEXT '>battle-gen9championsvgc2026regma-1500\n|init|b...n|j|\u2606BC1\n|j|\u2606OPrand1\n' [99 bytes]
DEBUG:websockets.client:< TEXT '|pm| OPrand1| BC1|/nonotify OPrand1 accepted th...26regma-1500</a>&raquo;' [173 bytes]
DEBUG:websockets.client:< TEXT '>battle-gen9championsvgc2026regma-1500\n|t:|1781641906\n|gametype|doubles' [71 bytes]
DEBUG:websockets.client:< TEXT '>battle-gen9championsvgc2026regma-1500\n|player|p1|BC1|266|' [58 bytes]
DEBUG:websockets.client:< TEXT '>battle-gen9championsvgc2026regma-1500\n|player...heets</strong></button>' [857 bytes]
DEBUG:websockets.client:< TEXT '>battle-gen9championsvgc2026regma-1500\n|reques...ing":false}]},"rqid":3}' [2097 bytes]
DEBUG:websockets.client:< TEXT '|updatesearch|{"searching":[],"games":{"battle-... 2026 Reg M-A Battle"}}' [124 bytes]
DEBUG:websockets.client:< TEXT '|updatesearch|{"searching":[],"games":{"battle-... 2026 Reg M-A Battle"}}' [208 bytes]
DEBUG:websockets.client:< TEXT '|updatesearch|{"searching":[],"games":{"battle-... 2026 Reg M-A Battle"}}' [208 bytes]
DEBUG:websockets.client:< TEXT '>battle-gen9championsvgc2026regma-1500\n|init|b... vs. OPrand1\n|j|\u2606BC1\n' [85 bytes]
DEBUG:websockets.client:< TEXT '>battle-gen9championsvgc2026regma-1500\n|j|\u2606OPrand1' [52 bytes]
DEBUG:websockets.client:< TEXT '|pm| OPrand1| BC1|/nonotify OPrand1 accepted th...26regma-1500</a>&raquo;' [173 bytes]
DEBUG:websockets.client:< TEXT '>battle-gen9championsvgc2026regma-1500\n|t:|1781641906\n|gametype|doubles' [71 bytes]
DEBUG:websockets.client:< TEXT '>battle-gen9championsvgc2026regma-1500\n|player|p1|BC1|266|' [58 bytes]
DEBUG:websockets.client:< TEXT '>battle-gen9championsvgc2026regma-1500\n|player...heets</strong></button>' [857 bytes]
DEBUG:websockets.client:< TEXT '>battle-gen9championsvgc2026regma-1500\n|reques...ing":false}]},"rqid":2}' [2093 bytes]
DEBUG:websockets.client:< TEXT '>battle-gen9championsvgc2026regma-1499\n|\n|t:|...er|[silent]\n|\n|upkeep' [585 bytes]
DEBUG:websockets.client:< TEXT '>battle-gen9championsvgc2026regma-1499\n|\n|t:|...er|[silent]\n|\n|upkeep' [586 bytes]
DEBUG:websockets.client:< TEXT '>battle-gen9championsvgc2026regma-1499\n|reques...oCancel":true,"rqid":6}' [1421 bytes]
DEBUG:websockets.client:< TEXT '>battle-gen9championsvgc2026regma-1499\n|reques...ing":false}]},"rqid":7}' [1445 bytes]
DEBUG:live_vgc_base:forceSwitch forced_switch_model [battle-gen9championsvgc2026regma-1499] turn 1 a0=13 a1=None opp_splice=on
DEBUG:websockets.client:> TEXT 'battle-gen9championsvgc2026regma-1499|/choose switch Ditto, pass' [64 bytes]
DEBUG:websockets.client:< TEXT '>battle-gen9championsvgc2026regma-1499\n|\n|t:|...o, L50|155/155\n|turn|2' [101 bytes]
DEBUG:websockets.client:< TEXT '>battle-gen9championsvgc2026regma-1499\n|\n|t:|...o, L50|100/100\n|turn|2' [101 bytes]
DEBUG:websockets.client:< TEXT '>battle-gen9championsvgc2026regma-1499\n|reques...ing":false}]},"rqid":8}' [1886 bytes]
DEBUG:websockets.client:< TEXT '>battle-gen9championsvgc2026regma-1499\n|reques...ing":false}]},"rqid":9}' [2207 bytes]
DEBUG:live_vgc_base:Turn 2 [battle-gen9championsvgc2026regma-1499] a0=9 a1=3 src=random opp_splice=on
DEBUG:websockets.client:> TEXT 'battle-gen9championsvgc2026regma-1499|/choose m...at 1, move shadowball 1' [83 bytes]
INFO:player:Turn 2 [battle-gen9championsvgc2026regma-1499] value head win-prob: 0.153  (losing)
DEBUG:live_vgc_base:Turn 2 [battle-gen9championsvgc2026regma-1499] a0=0 a1=9 src=model opp_splice=on
DEBUG:websockets.client:> TEXT 'battle-gen9championsvgc2026regma-1499|/choose m...ansform 1, move icywind' [76 bytes]
DEBUG:websockets.client:< TEXT '>battle-gen9championsvgc2026regma-1499\n|\n|t:|...: Charizard\n|\n|upkeep' [572 bytes]
DEBUG:websockets.client:< TEXT '>battle-gen9championsvgc2026regma-1499\n|\n|t:|...: Charizard\n|\n|upkeep' [572 bytes]
DEBUG:websockets.client:< TEXT '>battle-gen9championsvgc2026regma-1499\n|reques...Cancel":true,"rqid":10}' [1420 bytes]
DEBUG:websockets.client:< TEXT '>battle-gen9championsvgc2026regma-1499\n|reques...ng":false}]},"rqid":11}' [1444 bytes]
DEBUG:live_vgc_base:forceSwitch forced_switch_model [battle-gen9championsvgc2026regma-1499] turn 2 a0=12 a1=None opp_splice=on
DEBUG:websockets.client:> TEXT 'battle-gen9championsvgc2026regma-1499|/choose switch Charizard, pass' [68 bytes]
DEBUG:websockets.client:< TEXT '>battle-gen9championsvgc2026regma-1499\n|\n|t:|...L50, F|168/168\n|turn|3' [112 bytes]
DEBUG:websockets.client:< TEXT '>battle-gen9championsvgc2026regma-1499\n|\n|t:|...L50, F|100/100\n|turn|3' [112 bytes]
DEBUG:websockets.client:< TEXT '>battle-gen9championsvgc2026regma-1499\n|reques...ng":false}]},"rqid":12}' [2185 bytes]
DEBUG:websockets.client:< TEXT '>battle-gen9championsvgc2026regma-1499\n|reques...ng":false}]},"rqid":13}' [2206 bytes]
DEBUG:live_vgc_base:Turn 3 [battle-gen9championsvgc2026regma-1499] a0=11 a1=9 src=random opp_splice=on
DEBUG:websockets.client:> TEXT 'battle-gen9championsvgc2026regma-1499|/choose m...combat -2, move icywind' [79 bytes]
INFO:player:Turn 3 [battle-gen9championsvgc2026regma-1499] value head win-prob: 0.168  (losing)
DEBUG:live_vgc_base:Turn 3 [battle-gen9championsvgc2026regma-1499] a0=0 a1=9 src=model opp_splice=on
DEBUG:websockets.client:> TEXT 'battle-gen9championsvgc2026regma-1499|/choose m...wave mega, move icywind' [78 bytes]
DEBUG:websockets.client:< TEXT '>battle-gen9championsvgc2026regma-1499\n|\n|t:|...nyDay|[upkeep]\n|upkeep' [664 bytes]
DEBUG:websockets.client:< TEXT '>battle-gen9championsvgc2026regma-1499\n|\n|t:|...nyDay|[upkeep]\n|upkeep' [664 bytes]
DEBUG:websockets.client:< TEXT '>battle-gen9championsvgc2026regma-1499\n|reques...ng":false}]},"rqid":14}' [1391 bytes]
DEBUG:websockets.client:< TEXT '>battle-gen9championsvgc2026regma-1499\n|reques...Cancel":true,"rqid":15}' [1472 bytes]
DEBUG:vgc_base:forceSwitch [battle-gen9championsvgc2026regma-1499] force=[True, True] \u2192 /choose switch Basculegion / /choose switch Whimsicott
DEBUG:websockets.client:> TEXT 'battle-gen9championsvgc2026regma-1499|/choose s...gion, switch Whimsicott' [83 bytes]
DEBUG:websockets.client:< TEXT '>battle-gen9championsvgc2026regma-1499\n|\n|t:|...L50, F|100/100\n|turn|4' [167 bytes]
DEBUG:websockets.client:< TEXT '>battle-gen9championsvgc2026regma-1499\n|\n|t:|...L50, F|137/137\n|turn|4' [167 bytes]
DEBUG:websockets.client:< TEXT '>battle-gen9championsvgc2026regma-1499\n|reques...ng":false}]},"rqid":16}' [2169 bytes]
DEBUG:websockets.client:< TEXT '>battle-gen9championsvgc2026regma-1499\n|reques...ng":false}]},"rqid":17}' [2203 bytes]
INFO:player:Turn 4 [battle-gen9championsvgc2026regma-1499] value head win-prob: 0.216  (losing)
DEBUG:live_vgc_base:Turn 4 [battle-gen9championsvgc2026regma-1499] a0=0 a1=9 src=model opp_splice=on
DEBUG:websockets.client:> TEXT 'battle-gen9championsvgc2026regma-1499|/choose move heatwave, move icywind' [73 bytes]
DEBUG:live_vgc_base:Turn 4 [battle-gen9championsvgc2026regma-1499] a0=0 a1=1 src=random opp_splice=on
DEBUG:websockets.client:> TEXT 'battle-gen9championsvgc2026regma-1499|/choose m...ipturn 1, move encore 1' [76 bytes]
DEBUG:websockets.client:< TEXT '>battle-gen9championsvgc2026regma-1499\n|\n|t:|...keep]\n|upkeep\n|turn|5' [851 bytes]
DEBUG:websockets.client:< TEXT '>battle-gen9championsvgc2026regma-1499\n|\n|t:|...keep]\n|upkeep\n|turn|5' [853 bytes]
DEBUG:websockets.client:< TEXT '>battle-gen9championsvgc2026regma-1499\n|reques...ng":false}]},"rqid":18}' [2165 bytes]
DEBUG:websockets.client:< TEXT '>battle-gen9championsvgc2026regma-1499\n|reques...ng":false}]},"rqid":19}' [2192 bytes]
DEBUG:live_vgc_base:Turn 5 [battle-gen9championsvgc2026regma-1499] a0=9 a1=0 src=random opp_splice=on
DEBUG:vgc_base:_safe_order: action 0 slot 1 \u2192 None, scanning legal actions.
DEBUG:vgc_base:_safe_order: slot 1 has no decodable legal action — sending Pass.
DEBUG:websockets.client:> TEXT 'battle-gen9championsvgc2026regma-1499|/choose move lastrespects 1, pass' [71 bytes]
INFO:player:Turn 5 [battle-gen9championsvgc2026regma-1499] value head win-prob: 0.975  (winning)
DEBUG:live_vgc_base:Turn 5 [battle-gen9championsvgc2026regma-1499] a0=0 a1=0 src=model opp_splice=on
DEBUG:websockets.client:> TEXT 'battle-gen9championsvgc2026regma-1499|/choose m...atwave, move hypervoice' [76 bytes]
DEBUG:websockets.client:< TEXT '>battle-gen9championsvgc2026regma-1499\n|\n|t:|...asculegion\n|\n|win|BC1' [300 bytes]
DEBUG:websockets.client:< TEXT '>battle-gen9championsvgc2026regma-1499\n|\n|t:|...asculegion\n|\n|win|BC1' [300 bytes]
DEBUG:websockets.client:< TEXT '|updatesearch|{"searching":[],"games":{"battle-... 2026 Reg M-A Battle"}}' [124 bytes]
INFO:vgc_base:Battle battle-gen9championsvgc2026regma-1499 finished — outcome: WIN  (W/L/D so far: 1/1/0)
DEBUG:websockets.client:> TEXT '|/leave battle-gen9championsvgc2026regma-1499' [45 bytes]
DEBUG:websockets.client:< TEXT '|updatesearch|{"searching":[],"games":{"battle-... 2026 Reg M-A Battle"}}' [124 bytes]
DEBUG:websockets.client:> TEXT 'battle-gen9championsvgc2026regma-1500|/rejectopenteamsheets' [59 bytes]
INFO:vgc_base:Battle battle-gen9championsvgc2026regma-1499 finished — outcome: LOSS  (W/L/D so far: 1/1/0)
DEBUG:websockets.client:> TEXT '|/leave battle-gen9championsvgc2026regma-1499' [45 bytes]
DEBUG:websockets.client:> TEXT '|/utm Sneasler||whiteherb|unburden|fakeout,dire...Naive|32,2,,,,32||||50|' [550 bytes]
DEBUG:websockets.client:> TEXT '|/challenge oprand1, gen9championsvgc2026regma' [46 bytes]
DEBUG:websockets.client:> TEXT 'battle-gen9championsvgc2026regma-1500|/rejectopenteamsheets' [59 bytes]
DEBUG:websockets.client:< TEXT '>battle-gen9championsvgc2026regma-1499\n|deinit' [46 bytes]
DEBUG:websockets.client:< TEXT '>battle-gen9championsvgc2026regma-1499\n|l|\u2606BC1' [48 bytes]
DEBUG:websockets.client:< TEXT '>battle-gen9championsvgc2026regma-1500\n|uhtmlchange|otsrequest|' [63 bytes]
DEBUG:websockets.client:< TEXT '>battle-gen9championsvgc2026regma-1500\nBC1 rejected open team sheets.' [69 bytes]
DEBUG:websockets.client:< TEXT '>battle-gen9championsvgc2026regma-1500\n|uhtmlchange|otsrequest|' [63 bytes]
DEBUG:websockets.client:< TEXT '>battle-gen9championsvgc2026regma-1500\nBC1 rejected open team sheets.' [69 bytes]
DEBUG:websockets.client:< TEXT '>battle-gen9championsvgc2026regma-1499\n|deinit' [46 bytes]
DEBUG:websockets.client:< TEXT '>battle-gen9championsvgc2026regma-1500\n|uhtmlchange|otsrequest|' [63 bytes]
DEBUG:websockets.client:< TEXT '>battle-gen9championsvgc2026regma-1500\n|uhtmlchange|otsrequest|' [63 bytes]
DEBUG:websockets.client:< TEXT '>battle-gen9championsvgc2026regma-1500\nOPrand1...ected open team sheets.' [73 bytes]
INFO:player:Team-preview [battle-gen9championsvgc2026regma-1500] NET drove: bring=['whimsicott', 'zoroarkhisui', 'ditto', 'charizardmegay'] leads=['whimsicott', 'zoroarkhisui'] (vs opp ['sneasler', 'charizard', 'whimsicott', 'basculegion', 'zoroarkhisui', 'ditto'])
INFO:vgc_base:Teampreview [battle-gen9championsvgc2026regma-1500] \u2192 /team 3562  (whimsicott, zoroarkhisui, ditto, charizardmegay)
DEBUG:websockets.client:> TEXT 'battle-gen9championsvgc2026regma-1500|/team 3562' [48 bytes]
INFO:vgc_base:Teampreview [battle-gen9championsvgc2026regma-1500] \u2192 /team 2341  (charizardmegay, whimsicott, basculegion, sneasler)
DEBUG:websockets.client:> TEXT 'battle-gen9championsvgc2026regma-1500|/team 2341' [48 bytes]
DEBUG:websockets.client:< TEXT '>battle-gen9championsvgc2026regma-1500\nOPrand1...ected open team sheets.' [73 bytes]
DEBUG:websockets.client:< TEXT '|pm| BC1| OPrand1|/challenge gen9championsvgc20...hampionsvgc2026regma|||' [83 bytes]
DEBUG:websockets.client:< TEXT '|pm| BC1| OPrand1|/log BC1 wants to battle!' [43 bytes]
DEBUG:websockets.client:< TEXT '|pm| BC1| OPrand1|/challenge gen9championsvgc20...hampionsvgc2026regma|||' [83 bytes]
DEBUG:websockets.client:< TEXT '|pm| BC1| OPrand1|/log BC1 wants to battle!' [43 bytes]
DEBUG:websockets.client:> TEXT '|/utm Sneasler||whiteherb|unburden|fakeout,dire...Naive|32,2,,,,32||||50|' [550 bytes]
DEBUG:websockets.client:> TEXT '|/accept bc1' [12 bytes]
DEBUG:websockets.client:< TEXT '>battle-gen9championsvgc2026regma-1500\n|\n|t:|...L50, M|100/100\n|turn|1' [325 bytes]
DEBUG:websockets.client:< TEXT '>battle-gen9championsvgc2026regma-1500\n|\n|t:|...L50, M|137/137\n|turn|1' [325 bytes]
DEBUG:websockets.client:< TEXT '>battle-gen9championsvgc2026regma-1500\n|reques...ing":false}]},"rqid":4}' [2167 bytes]
DEBUG:websockets.client:< TEXT '>battle-gen9championsvgc2026regma-1500\n|reques...ing":false}]},"rqid":5}' [2248 bytes]
INFO:player:Turn 1 [battle-gen9championsvgc2026regma-1500] value head win-prob: 0.604  (winning)
DEBUG:live_vgc_base:Turn 1 [battle-gen9championsvgc2026regma-1500] a0=0 a1=9 src=model opp_splice=on
DEBUG:websockets.client:> TEXT 'battle-gen9championsvgc2026regma-1500|/choose move encore 1, move icywind' [73 bytes]
DEBUG:live_vgc_base:Turn 1 [battle-gen9championsvgc2026regma-1500] a0=9 a1=6 src=random opp_splice=on
DEBUG:websockets.client:> TEXT 'battle-gen9championsvgc2026regma-1500|/choose m...eam 1, move moonblast 1' [80 bytes]
DEBUG:websockets.client:< TEXT '|pm| OPrand1| BC1|/challenge' [28 bytes]
DEBUG:websockets.client:< TEXT '|pm| OPrand1| BC1|/challenge' [28 bytes]
DEBUG:websockets.client:< TEXT '|updatesearch|{"searching":[],"games":{"battle-... 2026 Reg M-A Battle"}}' [124 bytes]
DEBUG:websockets.client:< TEXT '|updatesearch|{"searching":[],"games":{"battle-... 2026 Reg M-A Battle"}}' [208 bytes]
DEBUG:websockets.client:< TEXT '|updatesearch|{"searching":[],"games":{"battle-... 2026 Reg M-A Battle"}}' [208 bytes]
DEBUG:websockets.client:< TEXT '>battle-gen9championsvgc2026regma-1501\n|init|b...n|j|\u2606BC1\n|j|\u2606OPrand1\n' [99 bytes]
DEBUG:websockets.client:< TEXT '|pm| OPrand1| BC1|/nonotify OPrand1 accepted th...26regma-1501</a>&raquo;' [173 bytes]
DEBUG:websockets.client:< TEXT '>battle-gen9championsvgc2026regma-1501\n|t:|1781641906\n|gametype|doubles' [71 bytes]
DEBUG:websockets.client:< TEXT '>battle-gen9championsvgc2026regma-1501\n|player|p1|BC1|266|' [58 bytes]
DEBUG:websockets.client:< TEXT '>battle-gen9championsvgc2026regma-1501\n|player...heets</strong></button>' [857 bytes]
DEBUG:websockets.client:< TEXT '>battle-gen9championsvgc2026regma-1501\n|reques...ing":false}]},"rqid":3}' [2097 bytes]
DEBUG:websockets.client:< TEXT '|updatesearch|{"searching":[],"games":{"battle-... 2026 Reg M-A Battle"}}' [124 bytes]
DEBUG:websockets.client:< TEXT '|updatesearch|{"searching":[],"games":{"battle-... 2026 Reg M-A Battle"}}' [208 bytes]
DEBUG:websockets.client:< TEXT '|updatesearch|{"searching":[],"games":{"battle-... 2026 Reg M-A Battle"}}' [208 bytes]
DEBUG:websockets.client:< TEXT '>battle-gen9championsvgc2026regma-1501\n|init|b... vs. OPrand1\n|j|\u2606BC1\n' [85 bytes]
DEBUG:websockets.client:< TEXT '>battle-gen9championsvgc2026regma-1501\n|j|\u2606OPrand1' [52 bytes]
DEBUG:websockets.client:< TEXT '|pm| OPrand1| BC1|/nonotify OPrand1 accepted th...26regma-1501</a>&raquo;' [173 bytes]
DEBUG:websockets.client:< TEXT '>battle-gen9championsvgc2026regma-1501\n|t:|1781641906\n|gametype|doubles' [71 bytes]
DEBUG:websockets.client:< TEXT '>battle-gen9championsvgc2026regma-1501\n|player|p1|BC1|266|' [58 bytes]
DEBUG:websockets.client:< TEXT '>battle-gen9championsvgc2026regma-1501\n|player...heets</strong></button>' [857 bytes]
DEBUG:websockets.client:< TEXT '>battle-gen9championsvgc2026regma-1501\n|reques...ing":false}]},"rqid":2}' [2093 bytes]
DEBUG:websockets.client:< TEXT '>battle-gen9championsvgc2026regma-1500\n|\n|t:|...am\n|\n|upkeep\n|turn|2' [515 bytes]
DEBUG:websockets.client:< TEXT '>battle-gen9championsvgc2026regma-1500\n|\n|t:|...am\n|\n|upkeep\n|turn|2' [516 bytes]
DEBUG:websockets.client:< TEXT '>battle-gen9championsvgc2026regma-1500\n|reques...ing":false}]},"rqid":6}' [2166 bytes]
DEBUG:websockets.client:< TEXT '>battle-gen9championsvgc2026regma-1500\n|reques...ing":false}]},"rqid":7}' [1909 bytes]
DEBUG:live_vgc_base:Turn 2 [battle-gen9championsvgc2026regma-1500] a0=9 a1=0 src=random opp_splice=on
DEBUG:websockets.client:> TEXT 'battle-gen9championsvgc2026regma-1500|/choose m...arbeam 1, move encore 1' [77 bytes]
INFO:player:Turn 2 [battle-gen9championsvgc2026regma-1500] value head win-prob: 0.534  (even)
DEBUG:live_vgc_base:Turn 2 [battle-gen9championsvgc2026regma-1500] a0=0 a1=9 src=model opp_splice=on
DEBUG:websockets.client:> TEXT 'battle-gen9championsvgc2026regma-1500|/choose move encore 1, move icywind' [73 bytes]
DEBUG:websockets.client:< TEXT '>battle-gen9championsvgc2026regma-1500\n|\n|t:|...37\n|\n|upkeep\n|turn|3' [557 bytes]
DEBUG:websockets.client:< TEXT '>battle-gen9championsvgc2026regma-1500\n|\n|t:|...00\n|\n|upkeep\n|turn|3' [559 bytes]
DEBUG:websockets.client:< TEXT '>battle-gen9championsvgc2026regma-1500\n|reques...ing":false}]},"rqid":8}' [2166 bytes]
DEBUG:websockets.client:< TEXT '>battle-gen9championsvgc2026regma-1500\n|reques...ing":false}]},"rqid":9}' [2244 bytes]
INFO:player:Turn 3 [battle-gen9championsvgc2026regma-1500] value head win-prob: 0.674  (winning)
DEBUG:live_vgc_base:Turn 3 [battle-gen9championsvgc2026regma-1500] a0=0 a1=9 src=model opp_splice=on
DEBUG:websockets.client:> TEXT 'battle-gen9championsvgc2026regma-1500|/choose move encore 1, move icywind' [73 bytes]
DEBUG:live_vgc_base:Turn 3 [battle-gen9championsvgc2026regma-1500] a0=11 a1=2 src=random opp_splice=on
DEBUG:websockets.client:> TEXT 'battle-gen9championsvgc2026regma-1500|/choose m...beam -2, move encore -1' [79 bytes]
DEBUG:websockets.client:< TEXT '>battle-gen9championsvgc2026regma-1500\n|\n|t:|...|Solar Beam\n|\n|upkeep' [478 bytes]
DEBUG:websockets.client:< TEXT '>battle-gen9championsvgc2026regma-1500\n|\n|t:|...|Solar Beam\n|\n|upkeep' [477 bytes]
DEBUG:websockets.client:< TEXT '>battle-gen9championsvgc2026regma-1500\n|reques...ng":false}]},"rqid":10}' [1392 bytes]
DEBUG:websockets.client:< TEXT '>battle-gen9championsvgc2026regma-1500\n|reques...Cancel":true,"rqid":11}' [1491 bytes]
DEBUG:vgc_base:forceSwitch [battle-gen9championsvgc2026regma-1500] force=[False, True] \u2192 /choose pass / /choose switch Basculegion
DEBUG:websockets.client:> TEXT 'battle-gen9championsvgc2026regma-1500|/choose pass, switch Basculegion' [70 bytes]
DEBUG:websockets.client:< TEXT '>battle-gen9championsvgc2026regma-1500\n|\n|t:|...L50, M|100/100\n|turn|4' [116 bytes]
DEBUG:websockets.client:< TEXT '>battle-gen9championsvgc2026regma-1500\n|\n|t:|...L50, M|197/197\n|turn|4' [116 bytes]
DEBUG:websockets.client:< TEXT '>battle-gen9championsvgc2026regma-1500\n|reques...ng":false}]},"rqid":12}' [2167 bytes]
DEBUG:websockets.client:< TEXT '>battle-gen9championsvgc2026regma-1500\n|reques...ng":false}]},"rqid":13}' [1904 bytes]
DEBUG:live_vgc_base:Turn 4 [battle-gen9championsvgc2026regma-1500] a0=9 a1=11 src=random opp_splice=on
DEBUG:websockets.client:> TEXT 'battle-gen9championsvgc2026regma-1500|/choose m...1, move lastrespects -1' [84 bytes]
INFO:player:Turn 4 [battle-gen9championsvgc2026regma-1500] value head win-prob: 0.586  (winning)
DEBUG:live_vgc_base:Turn 4 [battle-gen9championsvgc2026regma-1500] a0=0 a1=9 src=model opp_splice=on
DEBUG:websockets.client:> TEXT 'battle-gen9championsvgc2026regma-1500|/choose move encore 1, move icywind' [73 bytes]
DEBUG:websockets.client:< TEXT '>battle-gen9championsvgc2026regma-1500\n|\n|t:|...: Charizard\n|\n|upkeep' [450 bytes]
DEBUG:websockets.client:< TEXT '>battle-gen9championsvgc2026regma-1500\n|\n|t:|...: Charizard\n|\n|upkeep' [451 bytes]
DEBUG:websockets.client:< TEXT '>battle-gen9championsvgc2026regma-1500\n|reques...Cancel":true,"rqid":15}' [1490 bytes]
DEBUG:websockets.client:< TEXT '>battle-gen9championsvgc2026regma-1500\n|reques...ng":false}]},"rqid":14}' [1392 bytes]
DEBUG:vgc_base:forceSwitch [battle-gen9championsvgc2026regma-1500] force=[True, False] \u2192 /choose switch Sneasler / /choose pass
DEBUG:websockets.client:> TEXT 'battle-gen9championsvgc2026regma-1500|/choose switch Sneasler, pass' [67 bytes]
DEBUG:websockets.client:< TEXT '>battle-gen9championsvgc2026regma-1500\n|\n|t:|...L50, M|100/100\n|turn|5' [110 bytes]
DEBUG:websockets.client:< TEXT '>battle-gen9championsvgc2026regma-1500\n|\n|t:|...L50, M|157/157\n|turn|5' [110 bytes]
DEBUG:websockets.client:< TEXT '>battle-gen9championsvgc2026regma-1500\n|reques...ng":false}]},"rqid":16}' [2167 bytes]
DEBUG:websockets.client:< TEXT '>battle-gen9championsvgc2026regma-1500\n|reques...ng":false}]},"rqid":17}' [2208 bytes]
INFO:player:Turn 5 [battle-gen9championsvgc2026regma-1500] value head win-prob: 0.816  (winning)
DEBUG:live_vgc_base:Turn 5 [battle-gen9championsvgc2026regma-1500] a0=0 a1=9 src=model opp_splice=on
DEBUG:websockets.client:> TEXT 'battle-gen9championsvgc2026regma-1500|/choose move encore 1, move icywind' [73 bytes]
DEBUG:live_vgc_base:Turn 5 [battle-gen9championsvgc2026regma-1500] a0=1 a1=10 src=random opp_splice=on
DEBUG:websockets.client:> TEXT 'battle-gen9championsvgc2026regma-1500|/choose m... 2, move lastrespects 2' [81 bytes]
DEBUG:websockets.client:< TEXT '>battle-gen9championsvgc2026regma-1500\n|\n|t:|...rd\n|\n|upkeep\n|turn|6' [585 bytes]
DEBUG:websockets.client:< TEXT '>battle-gen9championsvgc2026regma-1500\n|\n|t:|...rd\n|\n|upkeep\n|turn|6' [587 bytes]
DEBUG:websockets.client:< TEXT '>battle-gen9championsvgc2026regma-1500\n|reques...ng":false}]},"rqid":18}' [2167 bytes]
DEBUG:websockets.client:< TEXT '>battle-gen9championsvgc2026regma-1500\n|reques...ng":false}]},"rqid":19}' [1917 bytes]
INFO:player:Turn 6 [battle-gen9championsvgc2026regma-1500] value head win-prob: 0.937  (winning)
DEBUG:live_vgc_base:Turn 6 [battle-gen9championsvgc2026regma-1500] a0=1 a1=9 src=model opp_splice=on
DEBUG:websockets.client:> TEXT 'battle-gen9championsvgc2026regma-1500|/choose move encore 2, move icywind' [73 bytes]
DEBUG:live_vgc_base:Turn 6 [battle-gen9championsvgc2026regma-1500] a0=0 a1=10 src=random opp_splice=on
DEBUG:vgc_base:_safe_order: action 0 slot 0 \u2192 None, scanning legal actions.
DEBUG:vgc_base:_safe_order: slot 0 has no decodable legal action — sending Pass.
DEBUG:websockets.client:> TEXT 'battle-gen9championsvgc2026regma-1500|/choose pass, move lastrespects 2' [71 bytes]
DEBUG:websockets.client:< TEXT ">battle-gen9championsvgc2026regma-1500\n|error|...make a move (or switch)" [117 bytes]
DEBUG:live_vgc_base:Turn 6 [battle-gen9championsvgc2026regma-1500] a0=0 a1=0 src=random opp_splice=on
DEBUG:vgc_base:_safe_order: action 0 slot 0 \u2192 None, scanning legal actions.
DEBUG:vgc_base:_safe_order: slot 0 has no decodable legal action — sending Pass.
DEBUG:websockets.client:> TEXT 'battle-gen9championsvgc2026regma-1500|/choose pass, move flipturn 1' [67 bytes]
DEBUG:websockets.client:< TEXT ">battle-gen9championsvgc2026regma-1500\n|error|...make a move (or switch)" [117 bytes]
DEBUG:live_vgc_base:Turn 6 [battle-gen9championsvgc2026regma-1500] a0=0 a1=3 src=random opp_splice=on
DEBUG:vgc_base:_safe_order: action 0 slot 0 \u2192 None, scanning legal actions.
DEBUG:vgc_base:_safe_order: slot 0 has no decodable legal action — sending Pass.
DEBUG:websockets.client:> TEXT 'battle-gen9championsvgc2026regma-1500|/choose pass, move wavecrash 1' [68 bytes]
DEBUG:websockets.client:< TEXT ">battle-gen9championsvgc2026regma-1500\n|error|...make a move (or switch)" [117 bytes]
DEBUG:live_vgc_base:Turn 6 [battle-gen9championsvgc2026regma-1500] a0=0 a1=1 src=random opp_splice=on
DEBUG:vgc_base:_safe_order: action 0 slot 0 \u2192 None, scanning legal actions.
DEBUG:vgc_base:_safe_order: slot 0 has no decodable legal action — sending Pass.
DEBUG:websockets.client:> TEXT 'battle-gen9championsvgc2026regma-1500|/choose pass, move flipturn 2' [67 bytes]
DEBUG:websockets.client:< TEXT ">battle-gen9championsvgc2026regma-1500\n|error|...make a move (or switch)" [117 bytes]
WARNING:live_vgc_base:Turn 6 [battle-gen9championsvgc2026regma-1500] order REJECTED by Showdown — perturbing to a fresh legal action (src=retry). The model did NOT drive this slot.
DEBUG:live_vgc_base:Turn 6 [battle-gen9championsvgc2026regma-1500] a0=0 a1=11 src=retry opp_splice=on
DEBUG:vgc_base:_safe_order: action 0 slot 0 \u2192 None, scanning legal actions.
DEBUG:vgc_base:_safe_order: slot 0 has no decodable legal action — sending Pass.
DEBUG:websockets.client:> TEXT 'battle-gen9championsvgc2026regma-1500|/choose pass, move lastrespects -1' [72 bytes]
DEBUG:websockets.client:< TEXT ">battle-gen9championsvgc2026regma-1500\n|error|...make a move (or switch)" [117 bytes]
WARNING:live_vgc_base:Turn 6 [battle-gen9championsvgc2026regma-1500] order REJECTED by Showdown — perturbing to a fresh legal action (src=retry). The model did NOT drive this slot.
DEBUG:live_vgc_base:Turn 6 [battle-gen9championsvgc2026regma-1500] a0=0 a1=6 src=retry opp_splice=on
DEBUG:vgc_base:_safe_order: action 0 slot 0 \u2192 None, scanning legal actions.
DEBUG:vgc_base:_safe_order: slot 0 has no decodable legal action — sending Pass.
DEBUG:websockets.client:> TEXT 'battle-gen9championsvgc2026regma-1500|/choose pass, move protect' [64 bytes]
DEBUG:websockets.client:< TEXT ">battle-gen9championsvgc2026regma-1500\n|error|...make a move (or switch)" [117 bytes]
WARNING:live_vgc_base:Turn 6 [battle-gen9championsvgc2026regma-1500] order REJECTED by Showdown — perturbing to a fresh legal action (src=retry). The model did NOT drive this slot.
DEBUG:live_vgc_base:Turn 6 [battle-gen9championsvgc2026regma-1500] a0=0 a1=2 src=retry opp_splice=on
DEBUG:vgc_base:_safe_order: action 0 slot 0 \u2192 None, scanning legal actions.
DEBUG:vgc_base:_safe_order: slot 0 has no decodable legal action — sending Pass.
DEBUG:websockets.client:> TEXT 'battle-gen9championsvgc2026regma-1500|/choose pass, move flipturn -1' [68 bytes]
DEBUG:websockets.client:< TEXT ">battle-gen9championsvgc2026regma-1500\n|error|...make a move (or switch)" [117 bytes]
WARNING:live_vgc_base:Turn 6 [battle-gen9championsvgc2026regma-1500] order REJECTED by Showdown — perturbing to a fresh legal action (src=retry). The model did NOT drive this slot.
DEBUG:live_vgc_base:Turn 6 [battle-gen9championsvgc2026regma-1500] a0=0 a1=9 src=retry opp_splice=on
DEBUG:vgc_base:_safe_order: action 0 slot 0 \u2192 None, scanning legal actions.
DEBUG:vgc_base:_safe_order: slot 0 has no decodable legal action — sending Pass.
DEBUG:websockets.client:> TEXT 'battle-gen9championsvgc2026regma-1500|/choose pass, move lastrespects 1' [71 bytes]
DEBUG:websockets.client:< TEXT ">battle-gen9championsvgc2026regma-1500\n|error|...make a move (or switch)" [117 bytes]
WARNING:live_vgc_base:Turn 6 [battle-gen9championsvgc2026regma-1500] order REJECTED by Showdown — perturbing to a fresh legal action (src=retry). The model did NOT drive this slot.
DEBUG:live_vgc_base:Turn 6 [battle-gen9championsvgc2026regma-1500] a0=0 a1=4 src=retry opp_splice=on
DEBUG:vgc_base:_safe_order: action 0 slot 0 \u2192 None, scanning legal actions.
DEBUG:vgc_base:_safe_order: slot 0 has no decodable legal action — sending Pass.
DEBUG:websockets.client:> TEXT 'battle-gen9championsvgc2026regma-1500|/choose pass, move wavecrash 2' [68 bytes]
DEBUG:websockets.client:< TEXT ">battle-gen9championsvgc2026regma-1500\n|error|...make a move (or switch)" [117 bytes]
WARNING:live_vgc_base:Turn 6 [battle-gen9championsvgc2026regma-1500] order REJECTED by Showdown — perturbing to a fresh legal action (src=retry). The model did NOT drive this slot.
DEBUG:live_vgc_base:Turn 6 [battle-gen9championsvgc2026regma-1500] a0=0 a1=5 src=retry opp_splice=on
DEBUG:vgc_base:_safe_order: action 0 slot 0 \u2192 None, scanning legal actions.
DEBUG:vgc_base:_safe_order: slot 0 has no decodable legal action — sending Pass.
DEBUG:websockets.client:> TEXT 'battle-gen9championsvgc2026regma-1500|/choose pass, move wavecrash -1' [69 bytes]
DEBUG:websockets.client:< TEXT ">battle-gen9championsvgc2026regma-1500\n|error|...make a move (or switch)" [117 bytes]
WARNING:live_vgc_base:Turn 6 [battle-gen9championsvgc2026regma-1500] order rejected 7× / legal actions exhausted — '/choose default' (mask desync; model not driving).
DEBUG:websockets.client:> TEXT 'battle-gen9championsvgc2026regma-1500|/choose default' [53 bytes]
DEBUG:websockets.client:< TEXT '>battle-gen9championsvgc2026regma-1500\n|\n|t:|...rk\n|\n|upkeep\n|turn|7' [672 bytes]
DEBUG:websockets.client:< TEXT '>battle-gen9championsvgc2026regma-1500\n|\n|t:|...rk\n|\n|upkeep\n|turn|7' [673 bytes]
DEBUG:websockets.client:< TEXT '>battle-gen9championsvgc2026regma-1500\n|reques...ng":false}]},"rqid":21}' [1912 bytes]
DEBUG:websockets.client:< TEXT '>battle-gen9championsvgc2026regma-1500\n|reques...ng":false}]},"rqid":20}' [2166 bytes]
DEBUG:live_vgc_base:Turn 7 [battle-gen9championsvgc2026regma-1500] a0=0 a1=9 src=random opp_splice=on
DEBUG:vgc_base:_safe_order: action 0 slot 0 \u2192 None, scanning legal actions.
DEBUG:vgc_base:_safe_order: slot 0 has no decodable legal action — sending Pass.
DEBUG:websockets.client:> TEXT 'battle-gen9championsvgc2026regma-1500|/choose pass, move lastrespects 1' [71 bytes]
INFO:player:Turn 7 [battle-gen9championsvgc2026regma-1500] value head win-prob: 0.955  (winning)
DEBUG:live_vgc_base:Turn 7 [battle-gen9championsvgc2026regma-1500] a0=0 a1=9 src=model opp_splice=on
DEBUG:websockets.client:> TEXT 'battle-gen9championsvgc2026regma-1500|/choose move encore 1, move icywind' [73 bytes]
DEBUG:websockets.client:< TEXT ">battle-gen9championsvgc2026regma-1500\n|error|...make a move (or switch)" [117 bytes]
WARNING:live_vgc_base:Turn 7 [battle-gen9championsvgc2026regma-1500] order REJECTED by Showdown — perturbing to a fresh legal action (src=retry). The model did NOT drive this slot.
DEBUG:live_vgc_base:Turn 7 [battle-gen9championsvgc2026regma-1500] a0=0 a1=10 src=retry opp_splice=on
DEBUG:vgc_base:_safe_order: action 0 slot 0 \u2192 None, scanning legal actions.
DEBUG:vgc_base:_safe_order: slot 0 has no decodable legal action — sending Pass.
DEBUG:websockets.client:> TEXT 'battle-gen9championsvgc2026regma-1500|/choose pass, move lastrespects 2' [71 bytes]
DEBUG:websockets.client:< TEXT ">battle-gen9championsvgc2026regma-1500\n|error|...make a move (or switch)" [117 bytes]
WARNING:live_vgc_base:Turn 7 [battle-gen9championsvgc2026regma-1500] order REJECTED by Showdown — perturbing to a fresh legal action (src=retry). The model did NOT drive this slot.
DEBUG:live_vgc_base:Turn 7 [battle-gen9championsvgc2026regma-1500] a0=0 a1=11 src=retry opp_splice=on
DEBUG:vgc_base:_safe_order: action 0 slot 0 \u2192 None, scanning legal actions.
DEBUG:vgc_base:_safe_order: slot 0 has no decodable legal action — sending Pass.
DEBUG:websockets.client:> TEXT 'battle-gen9championsvgc2026regma-1500|/choose pass, move lastrespects -1' [72 bytes]
DEBUG:websockets.client:< TEXT ">battle-gen9championsvgc2026regma-1500\n|error|...make a move (or switch)" [117 bytes]
WARNING:live_vgc_base:Turn 7 [battle-gen9championsvgc2026regma-1500] order rejected 3× / legal actions exhausted — '/choose default' (mask desync; model not driving).
DEBUG:websockets.client:> TEXT 'battle-gen9championsvgc2026regma-1500|/choose default' [53 bytes]
DEBUG:websockets.client:< TEXT '>battle-gen9championsvgc2026regma-1500\n|\n|t:|...rk\n|\n|upkeep\n|turn|8' [566 bytes]
DEBUG:websockets.client:< TEXT '>battle-gen9championsvgc2026regma-1500\n|\n|t:|...rk\n|\n|upkeep\n|turn|8' [567 bytes]
DEBUG:websockets.client:< TEXT '>battle-gen9championsvgc2026regma-1500\n|reques...ng":false}]},"rqid":22}' [2165 bytes]
DEBUG:websockets.client:< TEXT '>battle-gen9championsvgc2026regma-1500\n|reques...ng":false}]},"rqid":23}' [2192 bytes]
DEBUG:live_vgc_base:Turn 8 [battle-gen9championsvgc2026regma-1500] a0=0 a1=9 src=random opp_splice=on
DEBUG:vgc_base:_safe_order: action 0 slot 0 \u2192 None, scanning legal actions.
DEBUG:vgc_base:_safe_order: slot 0 has no decodable legal action — sending Pass.
DEBUG:websockets.client:> TEXT 'battle-gen9championsvgc2026regma-1500|/choose pass, move lastrespects 1' [71 bytes]
INFO:player:Turn 8 [battle-gen9championsvgc2026regma-1500] value head win-prob: 0.977  (winning)
DEBUG:live_vgc_base:Turn 8 [battle-gen9championsvgc2026regma-1500] a0=13 a1=9 src=model opp_splice=on
DEBUG:websockets.client:> TEXT 'battle-gen9championsvgc2026regma-1500|/choose switch Ditto, move icywind' [72 bytes]
DEBUG:websockets.client:< TEXT '>battle-gen9championsvgc2026regma-1500\n|\n|t:|...ulegion|Encore\n|upkeep' [461 bytes]
DEBUG:websockets.client:< TEXT '>battle-gen9championsvgc2026regma-1500\n|\n|t:|...ulegion|Encore\n|upkeep' [462 bytes]
DEBUG:websockets.client:< TEXT '>battle-gen9championsvgc2026regma-1500\n|reques...Cancel":true,"rqid":24}' [1420 bytes]
DEBUG:websockets.client:< TEXT '>battle-gen9championsvgc2026regma-1500\n|reques...ng":false}]},"rqid":25}' [1448 bytes]
DEBUG:live_vgc_base:forceSwitch forced_switch_model [battle-gen9championsvgc2026regma-1500] turn 8 a0=13 a1=None opp_splice=on
DEBUG:websockets.client:> TEXT 'battle-gen9championsvgc2026regma-1500|/choose switch Whimsicott, pass' [69 bytes]
DEBUG:websockets.client:< TEXT '>battle-gen9championsvgc2026regma-1500\n|\n|t:|... L50, M|19/137\n|turn|9' [113 bytes]
DEBUG:websockets.client:< TEXT '>battle-gen9championsvgc2026regma-1500\n|\n|t:|... L50, M|13/100\n|turn|9' [113 bytes]
DEBUG:websockets.client:< TEXT '>battle-gen9championsvgc2026regma-1500\n|reques...ng":false}]},"rqid":26}' [2163 bytes]
DEBUG:websockets.client:< TEXT '>battle-gen9championsvgc2026regma-1500\n|reques...ng":false}]},"rqid":27}' [2195 bytes]
INFO:player:Turn 9 [battle-gen9championsvgc2026regma-1500] value head win-prob: 0.942  (winning)
DEBUG:live_vgc_base:Turn 9 [battle-gen9championsvgc2026regma-1500] a0=1 a1=9 src=model opp_splice=on
DEBUG:websockets.client:> TEXT 'battle-gen9championsvgc2026regma-1500|/choose move encore 2, move icywind' [73 bytes]
DEBUG:live_vgc_base:Turn 9 [battle-gen9championsvgc2026regma-1500] a0=0 a1=3 src=random opp_splice=on
DEBUG:vgc_base:_safe_order: action 0 slot 0 \u2192 None, scanning legal actions.
DEBUG:vgc_base:_safe_order: slot 0 has no decodable legal action — sending Pass.
DEBUG:websockets.client:> TEXT 'battle-gen9championsvgc2026regma-1500|/choose pass, move wavecrash 1' [68 bytes]
DEBUG:websockets.client:< TEXT '>battle-gen9championsvgc2026regma-1500\n|\n|t:|...k\n|\n|upkeep\n|turn|10' [365 bytes]
DEBUG:websockets.client:< TEXT '>battle-gen9championsvgc2026regma-1500\n|\n|t:|...k\n|\n|upkeep\n|turn|10' [365 bytes]
DEBUG:websockets.client:< TEXT '>battle-gen9championsvgc2026regma-1500\n|reques...ng":false}]},"rqid":28}' [2162 bytes]
DEBUG:websockets.client:< TEXT '>battle-gen9championsvgc2026regma-1500\n|reques...ng":false}]},"rqid":29}' [2191 bytes]
DEBUG:live_vgc_base:Turn 10 [battle-gen9championsvgc2026regma-1500] a0=0 a1=10 src=random opp_splice=on
DEBUG:vgc_base:_safe_order: action 0 slot 0 \u2192 None, scanning legal actions.
DEBUG:vgc_base:_safe_order: slot 0 has no decodable legal action — sending Pass.
DEBUG:websockets.client:> TEXT 'battle-gen9championsvgc2026regma-1500|/choose pass, move lastrespects 2' [71 bytes]
INFO:player:Turn 10 [battle-gen9championsvgc2026regma-1500] value head win-prob: 0.962  (winning)
DEBUG:live_vgc_base:Turn 10 [battle-gen9championsvgc2026regma-1500] a0=7 a1=9 src=model opp_splice=on
DEBUG:websockets.client:> TEXT 'battle-gen9championsvgc2026regma-1500|/choose m...onblast 2, move icywind' [76 bytes]
DEBUG:websockets.client:< TEXT '>battle-gen9championsvgc2026regma-1500\n|\n|t:|...asculegion\n|\n|win|BC1' [278 bytes]
DEBUG:websockets.client:< TEXT '>battle-gen9championsvgc2026regma-1500\n|\n|t:|...asculegion\n|\n|win|BC1' [279 bytes]
INFO:vgc_base:Battle battle-gen9championsvgc2026regma-1500 finished — outcome: WIN  (W/L/D so far: 2/1/0)
DEBUG:websockets.client:> TEXT '|/leave battle-gen9championsvgc2026regma-1500' [45 bytes]
DEBUG:websockets.client:< TEXT '|updatesearch|{"searching":[],"games":{"battle-... 2026 Reg M-A Battle"}}' [124 bytes]
DEBUG:websockets.client:< TEXT '|updatesearch|{"searching":[],"games":{"battle-... 2026 Reg M-A Battle"}}' [124 bytes]
DEBUG:websockets.client:> TEXT 'battle-gen9championsvgc2026regma-1501|/rejectopenteamsheets' [59 bytes]
INFO:vgc_base:Battle battle-gen9championsvgc2026regma-1500 finished — outcome: LOSS  (W/L/D so far: 1/2/0)
DEBUG:websockets.client:> TEXT '|/leave battle-gen9championsvgc2026regma-1500' [45 bytes]
DEBUG:websockets.client:> TEXT '|/utm Sneasler||whiteherb|unburden|fakeout,dire...Naive|32,2,,,,32||||50|' [550 bytes]
DEBUG:websockets.client:> TEXT '|/challenge oprand1, gen9championsvgc2026regma' [46 bytes]
DEBUG:websockets.client:> TEXT 'battle-gen9championsvgc2026regma-1501|/rejectopenteamsheets' [59 bytes]
DEBUG:websockets.client:< TEXT '>battle-gen9championsvgc2026regma-1500\n|deinit' [46 bytes]
DEBUG:websockets.client:< TEXT '>battle-gen9championsvgc2026regma-1500\n|l|\u2606BC1' [48 bytes]
DEBUG:websockets.client:< TEXT '>battle-gen9championsvgc2026regma-1501\n|uhtmlchange|otsrequest|' [63 bytes]
DEBUG:websockets.client:< TEXT '>battle-gen9championsvgc2026regma-1501\nBC1 rejected open team sheets.' [69 bytes]
DEBUG:websockets.client:< TEXT '>battle-gen9championsvgc2026regma-1501\n|uhtmlchange|otsrequest|' [63 bytes]
DEBUG:websockets.client:< TEXT '>battle-gen9championsvgc2026regma-1501\nBC1 rejected open team sheets.' [69 bytes]
DEBUG:websockets.client:< TEXT '>battle-gen9championsvgc2026regma-1500\n|deinit' [46 bytes]
DEBUG:websockets.client:< TEXT '>battle-gen9championsvgc2026regma-1501\n|uhtmlchange|otsrequest|' [63 bytes]
DEBUG:websockets.client:< TEXT '>battle-gen9championsvgc2026regma-1501\n|uhtmlchange|otsrequest|' [63 bytes]
DEBUG:websockets.client:< TEXT '>battle-gen9championsvgc2026regma-1501\nOPrand1...ected open team sheets.' [73 bytes]
DEBUG:websockets.client:< TEXT '>battle-gen9championsvgc2026regma-1501\nOPrand1...ected open team sheets.' [73 bytes]
INFO:player:Team-preview [battle-gen9championsvgc2026regma-1501] NET drove: bring=['whimsicott', 'zoroarkhisui', 'ditto', 'charizardmegay'] leads=['whimsicott', 'zoroarkhisui'] (vs opp ['sneasler', 'charizard', 'whimsicott', 'basculegion', 'zoroarkhisui', 'ditto'])
INFO:vgc_base:Teampreview [battle-gen9championsvgc2026regma-1501] \u2192 /team 3562  (whimsicott, zoroarkhisui, ditto, charizardmegay)
DEBUG:websockets.client:> TEXT 'battle-gen9championsvgc2026regma-1501|/team 3562' [48 bytes]
INFO:vgc_base:Teampreview [battle-gen9championsvgc2026regma-1501] \u2192 /team 2163  (charizardmegay, sneasler, ditto, whimsicott)
DEBUG:websockets.client:> TEXT 'battle-gen9championsvgc2026regma-1501|/team 2163' [48 bytes]
DEBUG:websockets.client:< TEXT '|pm| BC1| OPrand1|/challenge gen9championsvgc20...hampionsvgc2026regma|||' [83 bytes]
DEBUG:websockets.client:< TEXT '|pm| BC1| OPrand1|/challenge gen9championsvgc20...hampionsvgc2026regma|||' [83 bytes]
DEBUG:websockets.client:< TEXT '|pm| BC1| OPrand1|/log BC1 wants to battle!' [43 bytes]
DEBUG:websockets.client:< TEXT '|pm| BC1| OPrand1|/log BC1 wants to battle!' [43 bytes]
DEBUG:websockets.client:> TEXT '|/utm Sneasler||whiteherb|unburden|fakeout,dire...Naive|32,2,,,,32||||50|' [550 bytes]
DEBUG:websockets.client:> TEXT '|/accept bc1' [12 bytes]
DEBUG:websockets.client:< TEXT '>battle-gen9championsvgc2026regma-1501\n|\n|t:|...L50, M|100/100\n|turn|1' [321 bytes]
DEBUG:websockets.client:< TEXT '>battle-gen9championsvgc2026regma-1501\n|\n|t:|...L50, M|157/157\n|turn|1' [321 bytes]
DEBUG:websockets.client:< TEXT '>battle-gen9championsvgc2026regma-1501\n|reques...ing":false}]},"rqid":4}' [2167 bytes]
DEBUG:websockets.client:< TEXT '>battle-gen9championsvgc2026regma-1501\n|reques...ing":false}]},"rqid":5}' [2165 bytes]
DEBUG:websockets.client:< TEXT '|pm| OPrand1| BC1|/challenge' [28 bytes]
INFO:player:Turn 1 [battle-gen9championsvgc2026regma-1501] value head win-prob: 0.492  (even)
DEBUG:live_vgc_base:Turn 1 [battle-gen9championsvgc2026regma-1501] a0=0 a1=9 src=model opp_splice=on
DEBUG:websockets.client:> TEXT 'battle-gen9championsvgc2026regma-1501|/choose move encore 1, move icywind' [73 bytes]
DEBUG:websockets.client:< TEXT '|pm| OPrand1| BC1|/challenge' [28 bytes]
DEBUG:websockets.client:< TEXT '|updatesearch|{"searching":[],"games":{"battle-... 2026 Reg M-A Battle"}}' [124 bytes]
DEBUG:websockets.client:< TEXT '|updatesearch|{"searching":[],"games":{"battle-... 2026 Reg M-A Battle"}}' [208 bytes]
DEBUG:websockets.client:< TEXT '|updatesearch|{"searching":[],"games":{"battle-... 2026 Reg M-A Battle"}}' [208 bytes]
DEBUG:websockets.client:< TEXT '|updatesearch|{"searching":[],"games":{"battle-... 2026 Reg M-A Battle"}}' [124 bytes]
DEBUG:websockets.client:< TEXT '|updatesearch|{"searching":[],"games":{"battle-... 2026 Reg M-A Battle"}}' [208 bytes]
DEBUG:websockets.client:< TEXT '|updatesearch|{"searching":[],"games":{"battle-... 2026 Reg M-A Battle"}}' [208 bytes]
DEBUG:websockets.client:< TEXT '>battle-gen9championsvgc2026regma-1502\n|init|b... vs. OPrand1\n|j|\u2606BC1\n' [85 bytes]
DEBUG:websockets.client:< TEXT '>battle-gen9championsvgc2026regma-1502\n|j|\u2606OPrand1' [52 bytes]
DEBUG:websockets.client:< TEXT '>battle-gen9championsvgc2026regma-1502\n|init|b...n|j|\u2606BC1\n|j|\u2606OPrand1\n' [99 bytes]
DEBUG:websockets.client:< TEXT '|pm| OPrand1| BC1|/nonotify OPrand1 accepted th...26regma-1502</a>&raquo;' [173 bytes]
DEBUG:websockets.client:< TEXT '>battle-gen9championsvgc2026regma-1502\n|t:|1781641906\n|gametype|doubles' [71 bytes]
DEBUG:websockets.client:< TEXT '>battle-gen9championsvgc2026regma-1502\n|player|p1|BC1|266|' [58 bytes]
DEBUG:websockets.client:< TEXT '>battle-gen9championsvgc2026regma-1502\n|player...heets</strong></button>' [857 bytes]
DEBUG:websockets.client:< TEXT '>battle-gen9championsvgc2026regma-1502\n|reques...ing":false}]},"rqid":3}' [2097 bytes]
DEBUG:live_vgc_base:Turn 1 [battle-gen9championsvgc2026regma-1501] a0=6 a1=0 src=random opp_splice=on
DEBUG:websockets.client:> TEXT 'battle-gen9championsvgc2026regma-1501|/choose m...protect, move fakeout 1' [74 bytes]
DEBUG:websockets.client:< TEXT '|pm| OPrand1| BC1|/nonotify OPrand1 accepted th...26regma-1502</a>&raquo;' [173 bytes]
DEBUG:websockets.client:< TEXT '>battle-gen9championsvgc2026regma-1502\n|t:|1781641906\n|gametype|doubles' [71 bytes]
DEBUG:websockets.client:< TEXT '>battle-gen9championsvgc2026regma-1502\n|player|p1|BC1|266|' [58 bytes]
DEBUG:websockets.client:< TEXT '>battle-gen9championsvgc2026regma-1502\n|player...heets</strong></button>' [857 bytes]
DEBUG:websockets.client:< TEXT '>battle-gen9championsvgc2026regma-1502\n|reques...ing":false}]},"rqid":2}' [2093 bytes]
DEBUG:websockets.client:< TEXT '>battle-gen9championsvgc2026regma-1501\n|\n|t:|...t]\n|\n|upkeep\n|turn|2' [497 bytes]
DEBUG:websockets.client:< TEXT '>battle-gen9championsvgc2026regma-1501\n|\n|t:|...t]\n|\n|upkeep\n|turn|2' [497 bytes]
DEBUG:websockets.client:< TEXT '>battle-gen9championsvgc2026regma-1501\n|reques...ing":false}]},"rqid":6}' [2167 bytes]
DEBUG:websockets.client:< TEXT '>battle-gen9championsvgc2026regma-1501\n|reques...ing":false}]},"rqid":7}' [2155 bytes]
INFO:player:Turn 2 [battle-gen9championsvgc2026regma-1501] value head win-prob: 0.648  (winning)
DEBUG:live_vgc_base:Turn 2 [battle-gen9championsvgc2026regma-1501] a0=0 a1=9 src=model opp_splice=on
DEBUG:websockets.client:> TEXT 'battle-gen9championsvgc2026regma-1501|/choose move encore 1, move icywind' [73 bytes]
DEBUG:live_vgc_base:Turn 2 [battle-gen9championsvgc2026regma-1501] a0=5 a1=3 src=random opp_splice=on
DEBUG:websockets.client:> TEXT 'battle-gen9championsvgc2026regma-1501|/choose m...all -2, move direclaw 1' [82 bytes]
DEBUG:websockets.client:< TEXT '>battle-gen9championsvgc2026regma-1501\n|\n|t:|...asler|spe|1\n|\n|upkeep' [518 bytes]
DEBUG:websockets.client:< TEXT '>battle-gen9championsvgc2026regma-1501\n|\n|t:|...asler|spe|1\n|\n|upkeep' [519 bytes]
DEBUG:websockets.client:< TEXT '>battle-gen9championsvgc2026regma-1501\n|reques...ing":false}]},"rqid":9}' [1381 bytes]
DEBUG:websockets.client:< TEXT '>battle-gen9championsvgc2026regma-1501\n|reques...oCancel":true,"rqid":8}' [1421 bytes]
DEBUG:live_vgc_base:forceSwitch forced_switch_model [battle-gen9championsvgc2026regma-1501] turn 2 a0=13 a1=None opp_splice=on
DEBUG:websockets.client:> TEXT 'battle-gen9championsvgc2026regma-1501|/choose switch Ditto, pass' [64 bytes]
DEBUG:websockets.client:< TEXT '>battle-gen9championsvgc2026regma-1501\n|\n|t:|...lity: Imposter\n|turn|3' [163 bytes]
DEBUG:websockets.client:< TEXT '>battle-gen9championsvgc2026regma-1501\n|\n|t:|...lity: Imposter\n|turn|3' [163 bytes]
DEBUG:websockets.client:< TEXT '>battle-gen9championsvgc2026regma-1501\n|reques...ng":false}]},"rqid":10}' [2183 bytes]
DEBUG:websockets.client:< TEXT '>battle-gen9championsvgc2026regma-1501\n|reques...ng":false}]},"rqid":11}' [2152 bytes]
INFO:player:Turn 3 [battle-gen9championsvgc2026regma-1501] value head win-prob: 0.683  (winning)
DEBUG:live_vgc_base:Turn 3 [battle-gen9championsvgc2026regma-1501] a0=0 a1=9 src=model opp_splice=on
DEBUG:websockets.client:> TEXT 'battle-gen9championsvgc2026regma-1501|/choose m...fakeout 1, move icywind' [74 bytes]
DEBUG:live_vgc_base:Turn 3 [battle-gen9championsvgc2026regma-1501] a0=13 a1=13 src=random opp_splice=on
DEBUG:websockets.client:> TEXT 'battle-gen9championsvgc2026regma-1501|/choose switch Ditto, switch Ditto' [72 bytes]
DEBUG:websockets.client:< TEXT ">battle-gen9championsvgc2026regma-1501\n|error|...can only switch in once" [123 bytes]
DEBUG:live_vgc_base:Turn 3 [battle-gen9championsvgc2026regma-1501] a0=6 a1=10 src=random opp_splice=on
DEBUG:websockets.client:> TEXT 'battle-gen9championsvgc2026regma-1501|/choose m...ect, move closecombat 2' [78 bytes]
DEBUG:websockets.client:< TEXT '>battle-gen9championsvgc2026regma-1501\n|\n|t:|...|1\n|\n|upkeep\n|turn|4' [485 bytes]
DEBUG:websockets.client:< TEXT '>battle-gen9championsvgc2026regma-1501\n|\n|t:|...|1\n|\n|upkeep\n|turn|4' [485 bytes]
DEBUG:websockets.client:< TEXT '>battle-gen9championsvgc2026regma-1501\n|reques...ng":false}]},"rqid":12}' [2182 bytes]
DEBUG:websockets.client:< TEXT '>battle-gen9championsvgc2026regma-1501\n|reques...ng":false}]},"rqid":13}' [2152 bytes]
INFO:player:Turn 4 [battle-gen9championsvgc2026regma-1501] value head win-prob: 0.822  (winning)
DEBUG:live_vgc_base:Turn 4 [battle-gen9championsvgc2026regma-1501] a0=6 a1=9 src=model opp_splice=on
DEBUG:websockets.client:> TEXT 'battle-gen9championsvgc2026regma-1501|/choose move protect, move icywind' [72 bytes]
DEBUG:live_vgc_base:Turn 4 [battle-gen9championsvgc2026regma-1501] a0=12 a1=9 src=random opp_splice=on
DEBUG:websockets.client:> TEXT 'battle-gen9championsvgc2026regma-1501|/choose s...ott, move closecombat 1' [83 bytes]
DEBUG:websockets.client:< TEXT '>battle-gen9championsvgc2026regma-1501\n|\n|t:|...|1\n|\n|upkeep\n|turn|5' [494 bytes]
DEBUG:websockets.client:< TEXT '>battle-gen9championsvgc2026regma-1501\n|\n|t:|...|1\n|\n|upkeep\n|turn|5' [494 bytes]
DEBUG:websockets.client:< TEXT '>battle-gen9championsvgc2026regma-1501\n|reques...ng":false}]},"rqid":14}' [2182 bytes]
DEBUG:websockets.client:< TEXT '>battle-gen9championsvgc2026regma-1501\n|reques...ng":false}]},"rqid":15}' [2133 bytes]
DEBUG:live_vgc_base:Turn 5 [battle-gen9championsvgc2026regma-1501] a0=6 a1=12 src=random opp_splice=on
DEBUG:websockets.client:> TEXT 'battle-gen9championsvgc2026regma-1501|/choose m...ast 1, switch Charizard' [80 bytes]
INFO:player:Turn 5 [battle-gen9championsvgc2026regma-1501] value head win-prob: 0.637  (winning)
DEBUG:live_vgc_base:Turn 5 [battle-gen9championsvgc2026regma-1501] a0=6 a1=9 src=model opp_splice=on
DEBUG:websockets.client:> TEXT 'battle-gen9championsvgc2026regma-1501|/choose move protect, move icywind' [72 bytes]
DEBUG:websockets.client:< TEXT '>battle-gen9championsvgc2026regma-1501\n|\n|t:|...55\n|\n|upkeep\n|turn|6' [465 bytes]
DEBUG:websockets.client:< TEXT '>battle-gen9championsvgc2026regma-1501\n|\n|t:|...00\n|\n|upkeep\n|turn|6' [468 bytes]
DEBUG:websockets.client:< TEXT '>battle-gen9championsvgc2026regma-1501\n|reques...ng":false}]},"rqid":16}' [2181 bytes]
DEBUG:websockets.client:< TEXT '>battle-gen9championsvgc2026regma-1501\n|reques...ng":false}]},"rqid":17}' [2167 bytes]
DEBUG:live_vgc_base:Turn 6 [battle-gen9championsvgc2026regma-1501] a0=0 a1=0 src=random opp_splice=on
DEBUG:websockets.client:> TEXT 'battle-gen9championsvgc2026regma-1501|/choose m...encore 1, move heatwave' [74 bytes]
INFO:player:Turn 6 [battle-gen9championsvgc2026regma-1501] value head win-prob: 0.266  (losing)
DEBUG:live_vgc_base:Turn 6 [battle-gen9championsvgc2026regma-1501] a0=12 a1=9 src=model opp_splice=on
DEBUG:websockets.client:> TEXT 'battle-gen9championsvgc2026regma-1501|/choose s...Charizard, move icywind' [76 bytes]
DEBUG:websockets.client:< TEXT '>battle-gen9championsvgc2026regma-1501\n|\n|t:|...brn|[from] brn\n|upkeep' [686 bytes]
DEBUG:websockets.client:< TEXT '>battle-gen9championsvgc2026regma-1501\n|\n|t:|...brn|[from] brn\n|upkeep' [685 bytes]
DEBUG:websockets.client:< TEXT '>battle-gen9championsvgc2026regma-1501\n|reques...ng":false}]},"rqid":18}' [1393 bytes]
DEBUG:websockets.client:< TEXT '>battle-gen9championsvgc2026regma-1501\n|reques...Cancel":true,"rqid":19}' [1410 bytes]
DEBUG:vgc_base:forceSwitch [battle-gen9championsvgc2026regma-1501] force=[True, False] \u2192 /choose switch Sneasler / /choose pass
DEBUG:websockets.client:> TEXT 'battle-gen9championsvgc2026regma-1501|/choose switch Sneasler, pass' [67 bytes]
DEBUG:websockets.client:< TEXT '>battle-gen9championsvgc2026regma-1501\n|\n|t:|... L50, M|12/100\n|turn|7' [109 bytes]
DEBUG:websockets.client:< TEXT '>battle-gen9championsvgc2026regma-1501\n|\n|t:|... L50, M|19/157\n|turn|7' [109 bytes]
DEBUG:websockets.client:< TEXT '>battle-gen9championsvgc2026regma-1501\n|reques...ng":false}]},"rqid":20}' [2189 bytes]
DEBUG:websockets.client:< TEXT '>battle-gen9championsvgc2026regma-1501\n|reques...ng":false}]},"rqid":21}' [2153 bytes]
INFO:player:Turn 7 [battle-gen9championsvgc2026regma-1501] value head win-prob: 0.641  (winning)
DEBUG:live_vgc_base:Turn 7 [battle-gen9championsvgc2026regma-1501] a0=0 a1=12 src=model opp_splice=on
DEBUG:websockets.client:> TEXT 'battle-gen9championsvgc2026regma-1501|/choose m...wave mega, switch Ditto' [78 bytes]
DEBUG:live_vgc_base:Turn 7 [battle-gen9championsvgc2026regma-1501] a0=11 a1=5 src=random opp_splice=on
DEBUG:websockets.client:> TEXT 'battle-gen9championsvgc2026regma-1501|/choose m...-2, move weatherball -1' [86 bytes]
DEBUG:websockets.client:< TEXT '>battle-gen9championsvgc2026regma-1501\n|\n|t:|...nyDay|[upkeep]\n|upkeep' [717 bytes]
DEBUG:websockets.client:< TEXT '>battle-gen9championsvgc2026regma-1501\n|\n|t:|...nyDay|[upkeep]\n|upkeep' [716 bytes]
DEBUG:websockets.client:< TEXT '>battle-gen9championsvgc2026regma-1501\n|reques...ng":false}]},"rqid":22}' [1428 bytes]
DEBUG:websockets.client:< TEXT '>battle-gen9championsvgc2026regma-1501\n|reques...Cancel":true,"rqid":23}' [1407 bytes]
DEBUG:vgc_base:forceSwitch slot 1: no available switch — '/choose default' (handled poke-env desync).
DEBUG:vgc_base:forceSwitch DIAG [battle-gen9championsvgc2026regma-1501] turn=7 slot=1 force=[True, True] available_switches=[['ditto'], ['ditto']] team=[sneasler(act=True,fnt=True,hp=0), charizard(act=True,fnt=True,hp=0), whimsicott(act=False,fnt=True,hp=0), basculegion(act=False,fnt=False,hp=1.0), zoroarkhisui(act=False,fnt=False,hp=1.0), ditto(act=False,fnt=False,hp=1.0)]
DEBUG:websockets.client:> TEXT 'battle-gen9championsvgc2026regma-1501|/choose default' [53 bytes]
DEBUG:websockets.client:< TEXT '>battle-gen9championsvgc2026regma-1501\n|\n|t:|...o, L50|100/100\n|turn|8' [101 bytes]
DEBUG:websockets.client:< TEXT '>battle-gen9championsvgc2026regma-1501\n|\n|t:|...o, L50|155/155\n|turn|8' [101 bytes]
DEBUG:websockets.client:< TEXT '>battle-gen9championsvgc2026regma-1501\n|reques...ng":false}]},"rqid":24}' [2180 bytes]
DEBUG:websockets.client:< TEXT '>battle-gen9championsvgc2026regma-1501\n|reques...ng":false}]},"rqid":25}' [1884 bytes]
DEBUG:live_vgc_base:Turn 8 [battle-gen9championsvgc2026regma-1501] a0=1 a1=0 src=random opp_splice=on
DEBUG:vgc_base:_safe_order: action 0 slot 1 \u2192 None, scanning legal actions.
DEBUG:vgc_base:_safe_order: slot 1 has no decodable legal action — sending Pass.
DEBUG:websockets.client:> TEXT 'battle-gen9championsvgc2026regma-1501|/choose move transform 2, pass' [68 bytes]
INFO:player:Turn 8 [battle-gen9championsvgc2026regma-1501] value head win-prob: 0.897  (winning)
DEBUG:live_vgc_base:Turn 8 [battle-gen9championsvgc2026regma-1501] a0=0 a1=3 src=model opp_splice=on
DEBUG:websockets.client:> TEXT 'battle-gen9championsvgc2026regma-1501|/choose m...atwave, move direclaw 1' [76 bytes]
DEBUG:websockets.client:< TEXT '>battle-gen9championsvgc2026regma-1501\n|\n|t:|...p2a: Ditto\n|\n|win|BC1' [166 bytes]
DEBUG:websockets.client:< TEXT '>battle-gen9championsvgc2026regma-1501\n|\n|t:|...p2a: Ditto\n|\n|win|BC1' [166 bytes]
DEBUG:websockets.client:< TEXT '|updatesearch|{"searching":[],"games":{"battle-... 2026 Reg M-A Battle"}}' [124 bytes]
INFO:vgc_base:Battle battle-gen9championsvgc2026regma-1501 finished — outcome: WIN  (W/L/D so far: 3/1/0)
DEBUG:websockets.client:> TEXT '|/leave battle-gen9championsvgc2026regma-1501' [45 bytes]
DEBUG:websockets.client:< TEXT '|updatesearch|{"searching":[],"games":{"battle-... 2026 Reg M-A Battle"}}' [124 bytes]
DEBUG:websockets.client:> TEXT 'battle-gen9championsvgc2026regma-1502|/rejectopenteamsheets' [59 bytes]
INFO:vgc_base:Battle battle-gen9championsvgc2026regma-1501 finished — outcome: LOSS  (W/L/D so far: 1/3/0)
DEBUG:websockets.client:> TEXT '|/leave battle-gen9championsvgc2026regma-1501' [45 bytes]
DEBUG:websockets.client:> TEXT '|/utm Sneasler||whiteherb|unburden|fakeout,dire...Naive|32,2,,,,32||||50|' [550 bytes]
DEBUG:websockets.client:> TEXT '|/challenge oprand1, gen9championsvgc2026regma' [46 bytes]
DEBUG:websockets.client:> TEXT 'battle-gen9championsvgc2026regma-1502|/rejectopenteamsheets' [59 bytes]
DEBUG:websockets.client:< TEXT '>battle-gen9championsvgc2026regma-1501\n|deinit' [46 bytes]
DEBUG:websockets.client:< TEXT '>battle-gen9championsvgc2026regma-1501\n|l|\u2606BC1' [48 bytes]
DEBUG:websockets.client:< TEXT '>battle-gen9championsvgc2026regma-1502\n|uhtmlchange|otsrequest|' [63 bytes]
DEBUG:websockets.client:< TEXT '>battle-gen9championsvgc2026regma-1502\nBC1 rejected open team sheets.' [69 bytes]
DEBUG:websockets.client:< TEXT '>battle-gen9championsvgc2026regma-1502\n|uhtmlchange|otsrequest|' [63 bytes]
DEBUG:websockets.client:< TEXT '>battle-gen9championsvgc2026regma-1502\nBC1 rejected open team sheets.' [69 bytes]
DEBUG:websockets.client:< TEXT '>battle-gen9championsvgc2026regma-1501\n|deinit' [46 bytes]
DEBUG:websockets.client:< TEXT '>battle-gen9championsvgc2026regma-1502\n|uhtmlchange|otsrequest|' [63 bytes]
DEBUG:websockets.client:< TEXT '>battle-gen9championsvgc2026regma-1502\n|uhtmlchange|otsrequest|' [63 bytes]
DEBUG:websockets.client:< TEXT '>battle-gen9championsvgc2026regma-1502\nOPrand1...ected open team sheets.' [73 bytes]
DEBUG:websockets.client:< TEXT '>battle-gen9championsvgc2026regma-1502\nOPrand1...ected open team sheets.' [73 bytes]
INFO:player:Team-preview [battle-gen9championsvgc2026regma-1502] NET drove: bring=['whimsicott', 'zoroarkhisui', 'ditto', 'charizardmegay'] leads=['whimsicott', 'zoroarkhisui'] (vs opp ['sneasler', 'charizard', 'whimsicott', 'basculegion', 'zoroarkhisui', 'ditto'])
INFO:vgc_base:Teampreview [battle-gen9championsvgc2026regma-1502] \u2192 /team 3562  (whimsicott, zoroarkhisui, ditto, charizardmegay)
DEBUG:websockets.client:> TEXT 'battle-gen9championsvgc2026regma-1502|/team 3562' [48 bytes]
INFO:vgc_base:Teampreview [battle-gen9championsvgc2026regma-1502] \u2192 /team 2156  (charizardmegay, sneasler, zoroarkhisui, ditto)
DEBUG:websockets.client:> TEXT 'battle-gen9championsvgc2026regma-1502|/team 2156' [48 bytes]
DEBUG:websockets.client:< TEXT '|pm| BC1| OPrand1|/challenge gen9championsvgc20...hampionsvgc2026regma|||' [83 bytes]
DEBUG:websockets.client:< TEXT '|pm| BC1| OPrand1|/challenge gen9championsvgc20...hampionsvgc2026regma|||' [83 bytes]
DEBUG:websockets.client:< TEXT '|pm| BC1| OPrand1|/log BC1 wants to battle!' [43 bytes]
DEBUG:websockets.client:< TEXT '|pm| BC1| OPrand1|/log BC1 wants to battle!' [43 bytes]
DEBUG:websockets.client:> TEXT '|/utm Sneasler||whiteherb|unburden|fakeout,dire...Naive|32,2,,,,32||||50|' [550 bytes]
DEBUG:websockets.client:> TEXT '|/accept bc1' [12 bytes]
DEBUG:websockets.client:< TEXT '>battle-gen9championsvgc2026regma-1502\n|\n|t:|...L50, M|100/100\n|turn|1' [321 bytes]
DEBUG:websockets.client:< TEXT '>battle-gen9championsvgc2026regma-1502\n|\n|t:|...L50, M|157/157\n|turn|1' [321 bytes]
DEBUG:websockets.client:< TEXT '>battle-gen9championsvgc2026regma-1502\n|reques...ing":false}]},"rqid":4}' [2167 bytes]
DEBUG:websockets.client:< TEXT '>battle-gen9championsvgc2026regma-1502\n|reques...ing":false}]},"rqid":5}' [2163 bytes]
DEBUG:websockets.client:< TEXT '|pm| OPrand1| BC1|/challenge' [28 bytes]
INFO:player:Turn 1 [battle-gen9championsvgc2026regma-1502] value head win-prob: 0.492  (even)
DEBUG:live_vgc_base:Turn 1 [battle-gen9championsvgc2026regma-1502] a0=0 a1=9 src=model opp_splice=on
DEBUG:websockets.client:> TEXT 'battle-gen9championsvgc2026regma-1502|/choose move encore 1, move icywind' [73 bytes]
DEBUG:websockets.client:< TEXT '|pm| OPrand1| BC1|/challenge' [28 bytes]
DEBUG:websockets.client:< TEXT '|updatesearch|{"searching":[],"games":{"battle-... 2026 Reg M-A Battle"}}' [124 bytes]
DEBUG:websockets.client:< TEXT '|updatesearch|{"searching":[],"games":{"battle-... 2026 Reg M-A Battle"}}' [124 bytes]
DEBUG:websockets.client:< TEXT '|updatesearch|{"searching":[],"games":{"battle-... 2026 Reg M-A Battle"}}' [208 bytes]
DEBUG:websockets.client:< TEXT '|updatesearch|{"searching":[],"games":{"battle-... 2026 Reg M-A Battle"}}' [208 bytes]
DEBUG:websockets.client:< TEXT '|updatesearch|{"searching":[],"games":{"battle-... 2026 Reg M-A Battle"}}' [208 bytes]
DEBUG:websockets.client:< TEXT '|updatesearch|{"searching":[],"games":{"battle-... 2026 Reg M-A Battle"}}' [208 bytes]
DEBUG:websockets.client:< TEXT '>battle-gen9championsvgc2026regma-1503\n|init|b...n|j|\u2606BC1\n|j|\u2606OPrand1\n' [99 bytes]
DEBUG:websockets.client:< TEXT '|pm| OPrand1| BC1|/nonotify OPrand1 accepted th...26regma-1503</a>&raquo;' [173 bytes]
DEBUG:websockets.client:< TEXT '>battle-gen9championsvgc2026regma-1503\n|t:|1781641906\n|gametype|doubles' [71 bytes]
DEBUG:websockets.client:< TEXT '>battle-gen9championsvgc2026regma-1503\n|player|p1|BC1|266|' [58 bytes]
DEBUG:websockets.client:< TEXT '>battle-gen9championsvgc2026regma-1503\n|player...heets</strong></button>' [857 bytes]
DEBUG:websockets.client:< TEXT '>battle-gen9championsvgc2026regma-1503\n|reques...ing":false}]},"rqid":3}' [2097 bytes]
DEBUG:live_vgc_base:Turn 1 [battle-gen9championsvgc2026regma-1502] a0=11 a1=9 src=random opp_splice=on
DEBUG:websockets.client:> TEXT 'battle-gen9championsvgc2026regma-1502|/choose m... -2, move closecombat 1' [83 bytes]
DEBUG:websockets.client:< TEXT '>battle-gen9championsvgc2026regma-1503\n|init|b... vs. OPrand1\n|j|\u2606BC1\n' [85 bytes]
DEBUG:websockets.client:< TEXT '>battle-gen9championsvgc2026regma-1503\n|j|\u2606OPrand1' [52 bytes]
DEBUG:websockets.client:< TEXT '|pm| OPrand1| BC1|/nonotify OPrand1 accepted th...26regma-1503</a>&raquo;' [173 bytes]
DEBUG:websockets.client:< TEXT '>battle-gen9championsvgc2026regma-1503\n|t:|1781641906\n|gametype|doubles' [71 bytes]
DEBUG:websockets.client:< TEXT '>battle-gen9championsvgc2026regma-1503\n|player|p1|BC1|266|' [58 bytes]
DEBUG:websockets.client:< TEXT '>battle-gen9championsvgc2026regma-1503\n|player...heets</strong></button>' [857 bytes]
DEBUG:websockets.client:< TEXT '>battle-gen9championsvgc2026regma-1503\n|reques...ing":false}]},"rqid":2}' [2093 bytes]
DEBUG:websockets.client:< TEXT '>battle-gen9championsvgc2026regma-1502\n|\n|t:|...am\n|\n|upkeep\n|turn|2' [644 bytes]
DEBUG:websockets.client:< TEXT '>battle-gen9championsvgc2026regma-1502\n|\n|t:|...am\n|\n|upkeep\n|turn|2' [646 bytes]
DEBUG:websockets.client:< TEXT '>battle-gen9championsvgc2026regma-1502\n|reques...ing":false}]},"rqid":7}' [1815 bytes]
DEBUG:websockets.client:< TEXT '>battle-gen9championsvgc2026regma-1502\n|reques...ing":false}]},"rqid":6}' [2166 bytes]
DEBUG:live_vgc_base:Turn 2 [battle-gen9championsvgc2026regma-1502] a0=9 a1=9 src=random opp_splice=on
DEBUG:websockets.client:> TEXT 'battle-gen9championsvgc2026regma-1502|/choose m...m 1, move closecombat 1' [82 bytes]
INFO:player:Turn 2 [battle-gen9championsvgc2026regma-1502] value head win-prob: 0.470  (even)
DEBUG:live_vgc_base:Turn 2 [battle-gen9championsvgc2026regma-1502] a0=0 a1=9 src=model opp_splice=on
DEBUG:websockets.client:> TEXT 'battle-gen9championsvgc2026regma-1502|/choose move encore 1, move icywind' [73 bytes]
DEBUG:websockets.client:< TEXT '>battle-gen9championsvgc2026regma-1502\n|\n|t:|...00\n|\n|upkeep\n|turn|3' [621 bytes]
DEBUG:websockets.client:< TEXT '>battle-gen9championsvgc2026regma-1502\n|\n|t:|...57\n|\n|upkeep\n|turn|3' [622 bytes]
DEBUG:websockets.client:< TEXT '>battle-gen9championsvgc2026regma-1502\n|reques...ing":false}]},"rqid":8}' [2165 bytes]
DEBUG:websockets.client:< TEXT '>battle-gen9championsvgc2026regma-1502\n|reques...ing":false}]},"rqid":9}' [2149 bytes]
INFO:player:Turn 3 [battle-gen9championsvgc2026regma-1502] value head win-prob: 0.758  (winning)
DEBUG:live_vgc_base:Turn 3 [battle-gen9championsvgc2026regma-1502] a0=0 a1=9 src=model opp_splice=on
DEBUG:websockets.client:> TEXT 'battle-gen9championsvgc2026regma-1502|/choose move encore 1, move icywind' [73 bytes]
DEBUG:live_vgc_base:Turn 3 [battle-gen9championsvgc2026regma-1502] a0=9 a1=5 src=random opp_splice=on
DEBUG:websockets.client:> TEXT 'battle-gen9championsvgc2026regma-1502|/choose m...eam 1, move direclaw -1' [80 bytes]
DEBUG:websockets.client:< TEXT '>battle-gen9championsvgc2026regma-1502\n|\n|t:|...p2a: Charizard\n|upkeep' [546 bytes]
DEBUG:websockets.client:< TEXT '>battle-gen9championsvgc2026regma-1502\n|\n|t:|...p2a: Charizard\n|upkeep' [546 bytes]
DEBUG:websockets.client:< TEXT '>battle-gen9championsvgc2026regma-1502\n|reques...ng":false}]},"rqid":10}' [1391 bytes]
DEBUG:websockets.client:< TEXT '>battle-gen9championsvgc2026regma-1502\n|reques...Cancel":true,"rqid":11}' [1407 bytes]
DEBUG:vgc_base:forceSwitch [battle-gen9championsvgc2026regma-1502] force=[True, True] \u2192 /choose switch Zoroark / /choose switch Ditto
DEBUG:websockets.client:> TEXT 'battle-gen9championsvgc2026regma-1502|/choose s...h Zoroark, switch Ditto' [74 bytes]
DEBUG:websockets.client:< TEXT '>battle-gen9championsvgc2026regma-1502\n|\n|t:|...lity: Imposter\n|turn|4' [203 bytes]
DEBUG:websockets.client:< TEXT '>battle-gen9championsvgc2026regma-1502\n|\n|t:|...lity: Imposter\n|turn|4' [203 bytes]
DEBUG:websockets.client:< TEXT '>battle-gen9championsvgc2026regma-1502\n|reques...ng":false}]},"rqid":12}' [2166 bytes]
DEBUG:websockets.client:< TEXT '>battle-gen9championsvgc2026regma-1502\n|reques...ng":false}]},"rqid":13}' [2181 bytes]
DEBUG:live_vgc_base:Turn 4 [battle-gen9championsvgc2026regma-1502] a0=5 a1=6 src=random opp_splice=on
DEBUG:websockets.client:> TEXT 'battle-gen9championsvgc2026regma-1502|/choose m...ll -2, move moonblast 1' [82 bytes]
INFO:player:Turn 4 [battle-gen9championsvgc2026regma-1502] value head win-prob: 0.212  (losing)
DEBUG:live_vgc_base:Turn 4 [battle-gen9championsvgc2026regma-1502] a0=13 a1=6 src=model opp_splice=on
DEBUG:websockets.client:> TEXT 'battle-gen9championsvgc2026regma-1502|/choose switch Ditto, move protect' [72 bytes]
DEBUG:websockets.client:< TEXT '>battle-gen9championsvgc2026regma-1502\n|\n|t:|...00\n|\n|upkeep\n|turn|5' [323 bytes]
DEBUG:websockets.client:< TEXT '>battle-gen9championsvgc2026regma-1502\n|\n|t:|...55\n|\n|upkeep\n|turn|5' [323 bytes]
DEBUG:websockets.client:< TEXT '>battle-gen9championsvgc2026regma-1502\n|reques...ng":false}]},"rqid":14}' [1886 bytes]
DEBUG:websockets.client:< TEXT '>battle-gen9championsvgc2026regma-1502\n|reques...ng":false}]},"rqid":15}' [2180 bytes]
DEBUG:live_vgc_base:Turn 5 [battle-gen9championsvgc2026regma-1502] a0=5 a1=6 src=random opp_splice=on
DEBUG:websockets.client:> TEXT 'battle-gen9championsvgc2026regma-1502|/choose m...ll -2, move moonblast 1' [82 bytes]
INFO:player:Turn 5 [battle-gen9championsvgc2026regma-1502] value head win-prob: 0.533  (even)
DEBUG:live_vgc_base:Turn 5 [battle-gen9championsvgc2026regma-1502] a0=1 a1=9 src=model opp_splice=on
DEBUG:websockets.client:> TEXT 'battle-gen9championsvgc2026regma-1502|/choose m...ansform 1, move icywind' [76 bytes]
DEBUG:websockets.client:< TEXT '>battle-gen9championsvgc2026regma-1502\n|\n|t:|...2a: Zoroark\n|\n|upkeep' [477 bytes]
DEBUG:websockets.client:< TEXT '>battle-gen9championsvgc2026regma-1502\n|\n|t:|...2a: Zoroark\n|\n|upkeep' [477 bytes]
DEBUG:websockets.client:< TEXT '>battle-gen9championsvgc2026regma-1502\n|reques...Cancel":true,"rqid":16}' [1420 bytes]
DEBUG:websockets.client:< TEXT '>battle-gen9championsvgc2026regma-1502\n|reques...ng":false}]},"rqid":17}' [1374 bytes]
DEBUG:live_vgc_base:forceSwitch forced_switch_model [battle-gen9championsvgc2026regma-1502] turn 5 a0=13 a1=None opp_splice=on
DEBUG:websockets.client:> TEXT 'battle-gen9championsvgc2026regma-1502|/choose switch Whimsicott, pass' [69 bytes]
DEBUG:websockets.client:< TEXT '>battle-gen9championsvgc2026regma-1502\n|\n|t:|..., L50, F|4/137\n|turn|6' [112 bytes]
DEBUG:websockets.client:< TEXT '>battle-gen9championsvgc2026regma-1502\n|\n|t:|..., L50, F|2/100\n|turn|6' [112 bytes]
DEBUG:websockets.client:< TEXT '>battle-gen9championsvgc2026regma-1502\n|reques...ng":false}]},"rqid":18}' [2164 bytes]
DEBUG:websockets.client:< TEXT '>battle-gen9championsvgc2026regma-1502\n|reques...ng":false}]},"rqid":19}' [1870 bytes]
INFO:player:Turn 6 [battle-gen9championsvgc2026regma-1502] value head win-prob: 0.957  (winning)
DEBUG:live_vgc_base:Turn 6 [battle-gen9championsvgc2026regma-1502] a0=6 a1=0 src=model opp_splice=on
DEBUG:websockets.client:> TEXT 'battle-gen9championsvgc2026regma-1502|/choose m...last 1, move hypervoice' [79 bytes]
DEBUG:live_vgc_base:Turn 6 [battle-gen9championsvgc2026regma-1502] a0=3 a1=0 src=random opp_splice=on
DEBUG:vgc_base:_safe_order: action 0 slot 1 \u2192 None, scanning legal actions.
DEBUG:vgc_base:_safe_order: slot 1 has no decodable legal action — sending Pass.
DEBUG:websockets.client:> TEXT 'battle-gen9championsvgc2026regma-1502|/choose move shadowball 1, pass' [69 bytes]
DEBUG:websockets.client:< TEXT '>battle-gen9championsvgc2026regma-1502\n|\n|t:|... Whimsicott\n|\n|upkeep' [307 bytes]
DEBUG:websockets.client:< TEXT '>battle-gen9championsvgc2026regma-1502\n|\n|t:|... Whimsicott\n|\n|upkeep' [307 bytes]
DEBUG:websockets.client:< TEXT '>battle-gen9championsvgc2026regma-1502\n|reques...Cancel":true,"rqid":20}' [1420 bytes]
DEBUG:websockets.client:< TEXT '>battle-gen9championsvgc2026regma-1502\n|reques...ng":false}]},"rqid":21}' [1373 bytes]
DEBUG:live_vgc_base:forceSwitch forced_switch_model [battle-gen9championsvgc2026regma-1502] turn 6 a0=12 a1=None opp_splice=on
DEBUG:websockets.client:> TEXT 'battle-gen9championsvgc2026regma-1502|/choose switch Charizard, pass' [68 bytes]
DEBUG:websockets.client:< TEXT '>battle-gen9championsvgc2026regma-1502\n|\n|t:|...L50, F|168/168\n|turn|7' [112 bytes]
DEBUG:websockets.client:< TEXT '>battle-gen9championsvgc2026regma-1502\n|\n|t:|...L50, F|100/100\n|turn|7' [112 bytes]
DEBUG:websockets.client:< TEXT '>battle-gen9championsvgc2026regma-1502\n|reques...ng":false}]},"rqid":22}' [2185 bytes]
DEBUG:websockets.client:< TEXT '>battle-gen9championsvgc2026regma-1502\n|reques...ng":false}]},"rqid":23}' [1869 bytes]
DEBUG:live_vgc_base:Turn 7 [battle-gen9championsvgc2026regma-1502] a0=6 a1=0 src=random opp_splice=on
DEBUG:vgc_base:_safe_order: action 0 slot 1 \u2192 None, scanning legal actions.
DEBUG:vgc_base:_safe_order: slot 1 has no decodable legal action — sending Pass.
DEBUG:websockets.client:> TEXT 'battle-gen9championsvgc2026regma-1502|/choose move protect, pass' [64 bytes]
INFO:player:Turn 7 [battle-gen9championsvgc2026regma-1502] value head win-prob: 0.948  (winning)
DEBUG:live_vgc_base:Turn 7 [battle-gen9championsvgc2026regma-1502] a0=0 a1=0 src=model opp_splice=on
DEBUG:websockets.client:> TEXT 'battle-gen9championsvgc2026regma-1502|/choose m...e mega, move hypervoice' [81 bytes]
DEBUG:websockets.client:< TEXT '>battle-gen9championsvgc2026regma-1502\n|\n|t:|...keep]\n|upkeep\n|turn|8' [506 bytes]
DEBUG:websockets.client:< TEXT '>battle-gen9championsvgc2026regma-1502\n|\n|t:|...keep]\n|upkeep\n|turn|8' [506 bytes]
DEBUG:websockets.client:< TEXT '>battle-gen9championsvgc2026regma-1502\n|reques...ng":false}]},"rqid":24}' [2169 bytes]
DEBUG:websockets.client:< TEXT '>battle-gen9championsvgc2026regma-1502\n|reques...ng":false}]},"rqid":25}' [1869 bytes]
DEBUG:live_vgc_base:Turn 8 [battle-gen9championsvgc2026regma-1502] a0=0 a1=0 src=random opp_splice=on
DEBUG:vgc_base:_safe_order: action 0 slot 1 \u2192 None, scanning legal actions.
DEBUG:vgc_base:_safe_order: slot 1 has no decodable legal action — sending Pass.
DEBUG:websockets.client:> TEXT 'battle-gen9championsvgc2026regma-1502|/choose move hypervoice, pass' [67 bytes]
INFO:player:Turn 8 [battle-gen9championsvgc2026regma-1502] value head win-prob: 0.953  (winning)
DEBUG:live_vgc_base:Turn 8 [battle-gen9championsvgc2026regma-1502] a0=0 a1=0 src=model opp_splice=on
DEBUG:websockets.client:> TEXT 'battle-gen9championsvgc2026regma-1502|/choose m...atwave, move hypervoice' [76 bytes]
DEBUG:websockets.client:< TEXT '>battle-gen9championsvgc2026regma-1502\n|\n|t:|...a: Zoroark\n|\n|win|BC1' [226 bytes]
DEBUG:websockets.client:< TEXT '>battle-gen9championsvgc2026regma-1502\n|\n|t:|...a: Zoroark\n|\n|win|BC1' [226 bytes]
DEBUG:websockets.client:< TEXT '|updatesearch|{"searching":[],"games":{"battle-... 2026 Reg M-A Battle"}}' [124 bytes]
INFO:vgc_base:Battle battle-gen9championsvgc2026regma-1502 finished — outcome: WIN  (W/L/D so far: 4/1/0)
DEBUG:websockets.client:> TEXT '|/leave battle-gen9championsvgc2026regma-1502' [45 bytes]
DEBUG:websockets.client:< TEXT '|updatesearch|{"searching":[],"games":{"battle-... 2026 Reg M-A Battle"}}' [124 bytes]
DEBUG:websockets.client:> TEXT 'battle-gen9championsvgc2026regma-1503|/rejectopenteamsheets' [59 bytes]
INFO:vgc_base:Battle battle-gen9championsvgc2026regma-1502 finished — outcome: LOSS  (W/L/D so far: 1/4/0)
DEBUG:websockets.client:> TEXT '|/leave battle-gen9championsvgc2026regma-1502' [45 bytes]
DEBUG:websockets.client:> TEXT '|/utm Sneasler||whiteherb|unburden|fakeout,dire...Naive|32,2,,,,32||||50|' [550 bytes]
DEBUG:websockets.client:> TEXT '|/challenge oprand1, gen9championsvgc2026regma' [46 bytes]
DEBUG:websockets.client:> TEXT 'battle-gen9championsvgc2026regma-1503|/rejectopenteamsheets' [59 bytes]
DEBUG:websockets.client:< TEXT '>battle-gen9championsvgc2026regma-1502\n|deinit' [46 bytes]
DEBUG:websockets.client:< TEXT '>battle-gen9championsvgc2026regma-1502\n|l|\u2606BC1' [48 bytes]
DEBUG:websockets.client:< TEXT '>battle-gen9championsvgc2026regma-1503\n|uhtmlchange|otsrequest|' [63 bytes]
DEBUG:websockets.client:< TEXT '>battle-gen9championsvgc2026regma-1503\nBC1 rejected open team sheets.' [69 bytes]
DEBUG:websockets.client:< TEXT '>battle-gen9championsvgc2026regma-1503\n|uhtmlchange|otsrequest|' [63 bytes]
DEBUG:websockets.client:< TEXT '>battle-gen9championsvgc2026regma-1503\nBC1 rejected open team sheets.' [69 bytes]
DEBUG:websockets.client:< TEXT '>battle-gen9championsvgc2026regma-1502\n|deinit' [46 bytes]
DEBUG:websockets.client:< TEXT '>battle-gen9championsvgc2026regma-1503\n|uhtmlchange|otsrequest|' [63 bytes]
DEBUG:websockets.client:< TEXT '>battle-gen9championsvgc2026regma-1503\nOPrand1...ected open team sheets.' [73 bytes]
DEBUG:websockets.client:< TEXT '>battle-gen9championsvgc2026regma-1503\n|uhtmlchange|otsrequest|' [63 bytes]
DEBUG:websockets.client:< TEXT '>battle-gen9championsvgc2026regma-1503\nOPrand1...ected open team sheets.' [73 bytes]
INFO:player:Team-preview [battle-gen9championsvgc2026regma-1503] NET drove: bring=['whimsicott', 'zoroarkhisui', 'ditto', 'charizardmegay'] leads=['whimsicott', 'zoroarkhisui'] (vs opp ['sneasler', 'charizard', 'whimsicott', 'basculegion', 'zoroarkhisui', 'ditto'])
INFO:vgc_base:Teampreview [battle-gen9championsvgc2026regma-1503] \u2192 /team 3562  (whimsicott, zoroarkhisui, ditto, charizardmegay)
DEBUG:websockets.client:> TEXT 'battle-gen9championsvgc2026regma-1503|/team 3562' [48 bytes]
INFO:vgc_base:Teampreview [battle-gen9championsvgc2026regma-1503] \u2192 /team 4365  (basculegion, whimsicott, ditto, zoroarkhisui)
DEBUG:websockets.client:> TEXT 'battle-gen9championsvgc2026regma-1503|/team 4365' [48 bytes]
DEBUG:websockets.client:< TEXT '|pm| BC1| OPrand1|/challenge gen9championsvgc20...hampionsvgc2026regma|||' [83 bytes]
DEBUG:websockets.client:< TEXT '|pm| BC1| OPrand1|/challenge gen9championsvgc20...hampionsvgc2026regma|||' [83 bytes]
DEBUG:websockets.client:< TEXT '|pm| BC1| OPrand1|/log BC1 wants to battle!' [43 bytes]
DEBUG:websockets.client:< TEXT '|pm| BC1| OPrand1|/log BC1 wants to battle!' [43 bytes]
DEBUG:websockets.client:> TEXT '|/utm Sneasler||whiteherb|unburden|fakeout,dire...Naive|32,2,,,,32||||50|' [550 bytes]
DEBUG:websockets.client:> TEXT '|/accept bc1' [12 bytes]
DEBUG:websockets.client:< TEXT '>battle-gen9championsvgc2026regma-1503\n|\n|t:|...L50, M|100/100\n|turn|1' [329 bytes]
DEBUG:websockets.client:< TEXT '>battle-gen9championsvgc2026regma-1503\n|\n|t:|...L50, M|137/137\n|turn|1' [329 bytes]
DEBUG:websockets.client:< TEXT '>battle-gen9championsvgc2026regma-1503\n|reques...ing":false}]},"rqid":4}' [2167 bytes]
DEBUG:websockets.client:< TEXT '|pm| OPrand1| BC1|/challenge' [28 bytes]
DEBUG:websockets.client:< TEXT '>battle-gen9championsvgc2026regma-1503\n|reques...ing":false}]},"rqid":5}' [2162 bytes]
DEBUG:websockets.client:< TEXT '|updatesearch|{"searching":[],"games":{"battle-... 2026 Reg M-A Battle"}}' [124 bytes]
DEBUG:websockets.client:< TEXT '|updatesearch|{"searching":[],"games":{"battle-... 2026 Reg M-A Battle"}}' [208 bytes]
DEBUG:websockets.client:< TEXT '|updatesearch|{"searching":[],"games":{"battle-... 2026 Reg M-A Battle"}}' [208 bytes]
INFO:player:Turn 1 [battle-gen9championsvgc2026regma-1503] value head win-prob: 0.323  (losing)
DEBUG:live_vgc_base:Turn 1 [battle-gen9championsvgc2026regma-1503] a0=1 a1=6 src=model opp_splice=on
DEBUG:websockets.client:> TEXT 'battle-gen9championsvgc2026regma-1503|/choose move encore 2, move protect' [73 bytes]
DEBUG:websockets.client:< TEXT '|pm| OPrand1| BC1|/challenge' [28 bytes]
DEBUG:websockets.client:< TEXT '|updatesearch|{"searching":[],"games":{"battle-... 2026 Reg M-A Battle"}}' [124 bytes]
DEBUG:websockets.client:< TEXT '|updatesearch|{"searching":[],"games":{"battle-... 2026 Reg M-A Battle"}}' [208 bytes]
DEBUG:websockets.client:< TEXT '|updatesearch|{"searching":[],"games":{"battle-... 2026 Reg M-A Battle"}}' [208 bytes]
DEBUG:websockets.client:< TEXT '>battle-gen9championsvgc2026regma-1504\n|init|b... vs. OPrand1\n|j|\u2606BC1\n' [85 bytes]
DEBUG:websockets.client:< TEXT '>battle-gen9championsvgc2026regma-1504\n|j|\u2606OPrand1' [52 bytes]
DEBUG:websockets.client:< TEXT '>battle-gen9championsvgc2026regma-1504\n|init|b...n|j|\u2606BC1\n|j|\u2606OPrand1\n' [99 bytes]
DEBUG:websockets.client:< TEXT '|pm| OPrand1| BC1|/nonotify OPrand1 accepted th...26regma-1504</a>&raquo;' [173 bytes]
DEBUG:websockets.client:< TEXT '>battle-gen9championsvgc2026regma-1504\n|t:|1781641907\n|gametype|doubles' [71 bytes]
DEBUG:websockets.client:< TEXT '>battle-gen9championsvgc2026regma-1504\n|player|p1|BC1|266|' [58 bytes]
DEBUG:websockets.client:< TEXT '>battle-gen9championsvgc2026regma-1504\n|player...heets</strong></button>' [857 bytes]
DEBUG:websockets.client:< TEXT '>battle-gen9championsvgc2026regma-1504\n|reques...ing":false}]},"rqid":3}' [2097 bytes]
DEBUG:live_vgc_base:Turn 1 [battle-gen9championsvgc2026regma-1503] a0=4 a1=13 src=random opp_splice=on
DEBUG:websockets.client:> TEXT 'battle-gen9championsvgc2026regma-1503|/choose m...vecrash 2, switch Ditto' [76 bytes]
DEBUG:websockets.client:< TEXT '|pm| OPrand1| BC1|/nonotify OPrand1 accepted th...26regma-1504</a>&raquo;' [173 bytes]
DEBUG:websockets.client:< TEXT '>battle-gen9championsvgc2026regma-1504\n|t:|1781641907\n|gametype|doubles' [71 bytes]
DEBUG:websockets.client:< TEXT '>battle-gen9championsvgc2026regma-1504\n|player|p1|BC1|266|' [58 bytes]
DEBUG:websockets.client:< TEXT '>battle-gen9championsvgc2026regma-1504\n|player...heets</strong></button>' [857 bytes]
DEBUG:websockets.client:< TEXT '>battle-gen9championsvgc2026regma-1504\n|reques...ing":false}]},"rqid":2}' [2093 bytes]
DEBUG:websockets.client:< TEXT '>battle-gen9championsvgc2026regma-1503\n|\n|t:|...ct\n|\n|upkeep\n|turn|2' [405 bytes]
DEBUG:websockets.client:< TEXT '>battle-gen9championsvgc2026regma-1503\n|\n|t:|...ct\n|\n|upkeep\n|turn|2' [405 bytes]
DEBUG:websockets.client:< TEXT '>battle-gen9championsvgc2026regma-1503\n|reques...ing":false}]},"rqid":7}' [2191 bytes]
DEBUG:websockets.client:< TEXT '>battle-gen9championsvgc2026regma-1503\n|reques...ing":false}]},"rqid":6}' [2167 bytes]
DEBUG:live_vgc_base:Turn 2 [battle-gen9championsvgc2026regma-1503] a0=11 a1=12 src=random opp_splice=on
DEBUG:websockets.client:> TEXT 'battle-gen9championsvgc2026regma-1503|/choose m...s -2, switch Whimsicott' [85 bytes]
INFO:player:Turn 2 [battle-gen9championsvgc2026regma-1503] value head win-prob: 0.423  (losing)
DEBUG:live_vgc_base:Turn 2 [battle-gen9championsvgc2026regma-1503] a0=0 a1=9 src=model opp_splice=on
DEBUG:websockets.client:> TEXT 'battle-gen9championsvgc2026regma-1503|/choose move encore 1, move icywind' [73 bytes]
DEBUG:websockets.client:< TEXT ">battle-gen9championsvgc2026regma-1503\n|error|...ch to an active Pokémon" [115 bytes]
DEBUG:live_vgc_base:Turn 2 [battle-gen9championsvgc2026regma-1503] a0=11 a1=13 src=random opp_splice=on
DEBUG:websockets.client:> TEXT 'battle-gen9championsvgc2026regma-1503|/choose m...ects -2, switch Zoroark' [82 bytes]
DEBUG:websockets.client:< TEXT '>battle-gen9championsvgc2026regma-1503\n|\n|t:|...il\n|\n|upkeep\n|turn|3' [633 bytes]
DEBUG:websockets.client:< TEXT '>battle-gen9championsvgc2026regma-1503\n|\n|t:|...il\n|\n|upkeep\n|turn|3' [635 bytes]
DEBUG:websockets.client:< TEXT '>battle-gen9championsvgc2026regma-1503\n|reques...ing":false}]},"rqid":8}' [2166 bytes]
DEBUG:websockets.client:< TEXT '>battle-gen9championsvgc2026regma-1503\n|reques...ing":false}]},"rqid":9}' [2168 bytes]
DEBUG:live_vgc_base:Turn 3 [battle-gen9championsvgc2026regma-1503] a0=12 a1=12 src=random opp_splice=on
DEBUG:websockets.client:> TEXT 'battle-gen9championsvgc2026regma-1503|/choose s...cott, switch Whimsicott' [82 bytes]
INFO:player:Turn 3 [battle-gen9championsvgc2026regma-1503] value head win-prob: 0.310  (losing)
DEBUG:live_vgc_base:Turn 3 [battle-gen9championsvgc2026regma-1503] a0=0 a1=9 src=model opp_splice=on
DEBUG:websockets.client:> TEXT 'battle-gen9championsvgc2026regma-1503|/choose move encore 1, move icywind' [73 bytes]
DEBUG:websockets.client:< TEXT ">battle-gen9championsvgc2026regma-1503\n|error|...can only switch in once" [123 bytes]
DEBUG:live_vgc_base:Turn 3 [battle-gen9championsvgc2026regma-1503] a0=13 a1=4 src=random opp_splice=on
DEBUG:websockets.client:> TEXT 'battle-gen9championsvgc2026regma-1503|/choose s...itto, move shadowball 2' [77 bytes]
DEBUG:websockets.client:< TEXT '>battle-gen9championsvgc2026regma-1503\n|\n|t:|...rd\n|\n|upkeep\n|turn|4' [414 bytes]
DEBUG:websockets.client:< TEXT '>battle-gen9championsvgc2026regma-1503\n|\n|t:|...rd\n|\n|upkeep\n|turn|4' [415 bytes]
DEBUG:websockets.client:< TEXT '>battle-gen9championsvgc2026regma-1503\n|reques...ng":false}]},"rqid":10}' [2167 bytes]
DEBUG:websockets.client:< TEXT '>battle-gen9championsvgc2026regma-1503\n|reques...ng":false}]},"rqid":11}' [1897 bytes]
DEBUG:live_vgc_base:Turn 4 [battle-gen9championsvgc2026regma-1503] a0=12 a1=3 src=random opp_splice=on
DEBUG:websockets.client:> TEXT 'battle-gen9championsvgc2026regma-1503|/choose s...cott, move shadowball 1' [82 bytes]
INFO:player:Turn 4 [battle-gen9championsvgc2026regma-1503] value head win-prob: 0.173  (losing)
DEBUG:live_vgc_base:Turn 4 [battle-gen9championsvgc2026regma-1503] a0=0 a1=9 src=model opp_splice=on
DEBUG:websockets.client:> TEXT 'battle-gen9championsvgc2026regma-1503|/choose move encore 1, move icywind' [73 bytes]
DEBUG:websockets.client:< TEXT '>battle-gen9championsvgc2026regma-1503\n|\n|t:|... Whimsicott\n|\n|upkeep' [498 bytes]
DEBUG:websockets.client:< TEXT '>battle-gen9championsvgc2026regma-1503\n|\n|t:|... Whimsicott\n|\n|upkeep' [498 bytes]
DEBUG:websockets.client:< TEXT '>battle-gen9championsvgc2026regma-1503\n|reques...Cancel":true,"rqid":12}' [1422 bytes]
DEBUG:websockets.client:< TEXT '>battle-gen9championsvgc2026regma-1503\n|reques...ng":false}]},"rqid":13}' [1400 bytes]
DEBUG:live_vgc_base:forceSwitch forced_switch_model [battle-gen9championsvgc2026regma-1503] turn 4 a0=13 a1=None opp_splice=on
DEBUG:websockets.client:> TEXT 'battle-gen9championsvgc2026regma-1503|/choose switch Ditto, pass' [64 bytes]
DEBUG:websockets.client:< TEXT '>battle-gen9championsvgc2026regma-1503\n|\n|t:|...lity: Imposter\n|turn|5' [162 bytes]
DEBUG:websockets.client:< TEXT '>battle-gen9championsvgc2026regma-1503\n|\n|t:|...lity: Imposter\n|turn|5' [162 bytes]
DEBUG:websockets.client:< TEXT '>battle-gen9championsvgc2026regma-1503\n|reques...ng":false}]},"rqid":14}' [2204 bytes]
DEBUG:websockets.client:< TEXT '>battle-gen9championsvgc2026regma-1503\n|reques...ng":false}]},"rqid":15}' [2175 bytes]
DEBUG:live_vgc_base:Turn 5 [battle-gen9championsvgc2026regma-1503] a0=6 a1=5 src=random opp_splice=on
DEBUG:websockets.client:> TEXT 'battle-gen9championsvgc2026regma-1503|/choose m...t 1, move shadowball -1' [82 bytes]
INFO:player:Turn 5 [battle-gen9championsvgc2026regma-1503] value head win-prob: 0.131  (losing)
DEBUG:live_vgc_base:Turn 5 [battle-gen9championsvgc2026regma-1503] a0=0 a1=9 src=model opp_splice=on
DEBUG:websockets.client:> TEXT 'battle-gen9championsvgc2026regma-1503|/choose m...dowball 1, move icywind' [77 bytes]
DEBUG:websockets.client:< TEXT '>battle-gen9championsvgc2026regma-1503\n|\n|t:|... Whimsicott\n|\n|upkeep' [440 bytes]
DEBUG:websockets.client:< TEXT '>battle-gen9championsvgc2026regma-1503\n|\n|t:|... Whimsicott\n|\n|upkeep' [441 bytes]
DEBUG:websockets.client:< TEXT '>battle-gen9championsvgc2026regma-1503\n|reques...ng":false}]},"rqid":16}' [1424 bytes]
DEBUG:websockets.client:< TEXT '>battle-gen9championsvgc2026regma-1503\n|reques...Cancel":true,"rqid":17}' [1428 bytes]
DEBUG:vgc_base:forceSwitch [battle-gen9championsvgc2026regma-1503] force=[True, True] \u2192 /choose switch Basculegion / /choose switch Ditto
DEBUG:websockets.client:> TEXT 'battle-gen9championsvgc2026regma-1503|/choose s...sculegion, switch Ditto' [78 bytes]
DEBUG:websockets.client:< TEXT '>battle-gen9championsvgc2026regma-1503\n|\n|t:|...to, L50|69/100\n|turn|6' [152 bytes]
DEBUG:websockets.client:< TEXT '>battle-gen9championsvgc2026regma-1503\n|\n|t:|...o, L50|108/155\n|turn|6' [154 bytes]
DEBUG:websockets.client:< TEXT '>battle-gen9championsvgc2026regma-1503\n|reques...ng":false}]},"rqid":18}' [2203 bytes]
DEBUG:websockets.client:< TEXT '>battle-gen9championsvgc2026regma-1503\n|reques...ng":false}]},"rqid":19}' [1880 bytes]
INFO:player:Turn 6 [battle-gen9championsvgc2026regma-1503] value head win-prob: 0.285  (losing)
DEBUG:live_vgc_base:Turn 6 [battle-gen9championsvgc2026regma-1503] a0=0 a1=9 src=model opp_splice=on
DEBUG:websockets.client:> TEXT 'battle-gen9championsvgc2026regma-1503|/choose m...dowball 1, move icywind' [77 bytes]
DEBUG:live_vgc_base:Turn 6 [battle-gen9championsvgc2026regma-1503] a0=3 a1=0 src=random opp_splice=on
DEBUG:websockets.client:> TEXT 'battle-gen9championsvgc2026regma-1503|/choose m...ash 1, move transform 1' [80 bytes]
DEBUG:websockets.client:< TEXT '>battle-gen9championsvgc2026regma-1503\n|\n|t:|...|p2b: Ditto\n|\n|upkeep' [463 bytes]
DEBUG:websockets.client:< TEXT '>battle-gen9championsvgc2026regma-1503\n|\n|t:|...|p2b: Ditto\n|\n|upkeep' [465 bytes]
DEBUG:websockets.client:< TEXT '>battle-gen9championsvgc2026regma-1503\n|reques...Cancel":true,"rqid":20}' [1420 bytes]
DEBUG:websockets.client:< TEXT '>battle-gen9championsvgc2026regma-1503\n|reques...ng":false}]},"rqid":21}' [1397 bytes]
DEBUG:live_vgc_base:forceSwitch forced_switch_model [battle-gen9championsvgc2026regma-1503] turn 6 a0=12 a1=None opp_splice=on
DEBUG:websockets.client:> TEXT 'battle-gen9championsvgc2026regma-1503|/choose switch Charizard, pass' [68 bytes]
DEBUG:websockets.client:< TEXT '>battle-gen9championsvgc2026regma-1503\n|\n|t:|...L50, M|168/168\n|turn|7' [112 bytes]
DEBUG:websockets.client:< TEXT '>battle-gen9championsvgc2026regma-1503\n|\n|t:|...L50, M|100/100\n|turn|7' [112 bytes]
DEBUG:websockets.client:< TEXT '>battle-gen9championsvgc2026regma-1503\n|reques...ng":false}]},"rqid":22}' [2185 bytes]
DEBUG:websockets.client:< TEXT '>battle-gen9championsvgc2026regma-1503\n|reques...ng":false}]},"rqid":23}' [1878 bytes]
DEBUG:live_vgc_base:Turn 7 [battle-gen9championsvgc2026regma-1503] a0=4 a1=0 src=random opp_splice=on
DEBUG:websockets.client:> TEXT 'battle-gen9championsvgc2026regma-1503|/choose m...ash 1, move transform 1' [80 bytes]
INFO:player:Turn 7 [battle-gen9championsvgc2026regma-1503] value head win-prob: 0.425  (losing)
DEBUG:live_vgc_base:Turn 7 [battle-gen9championsvgc2026regma-1503] a0=0 a1=9 src=model opp_splice=on
DEBUG:websockets.client:> TEXT 'battle-gen9championsvgc2026regma-1503|/choose m...wave mega, move icywind' [78 bytes]
DEBUG:websockets.client:< TEXT '>battle-gen9championsvgc2026regma-1503\n|\n|t:|...asculegion\n|\n|win|BC1' [896 bytes]
DEBUG:websockets.client:< TEXT '>battle-gen9championsvgc2026regma-1503\n|\n|t:|...asculegion\n|\n|win|BC1' [896 bytes]
DEBUG:websockets.client:< TEXT '|updatesearch|{"searching":[],"games":{"battle-... 2026 Reg M-A Battle"}}' [124 bytes]
INFO:vgc_base:Battle battle-gen9championsvgc2026regma-1503 finished — outcome: WIN  (W/L/D so far: 5/1/0)
DEBUG:websockets.client:> TEXT '|/leave battle-gen9championsvgc2026regma-1503' [45 bytes]
DEBUG:websockets.client:< TEXT '|updatesearch|{"searching":[],"games":{"battle-... 2026 Reg M-A Battle"}}' [124 bytes]
DEBUG:websockets.client:> TEXT 'battle-gen9championsvgc2026regma-1504|/rejectopenteamsheets' [59 bytes]
INFO:vgc_base:Battle battle-gen9championsvgc2026regma-1503 finished — outcome: LOSS  (W/L/D so far: 1/5/0)
DEBUG:websockets.client:> TEXT '|/leave battle-gen9championsvgc2026regma-1503' [45 bytes]
DEBUG:websockets.client:> TEXT '|/utm Sneasler||whiteherb|unburden|fakeout,dire...Naive|32,2,,,,32||||50|' [550 bytes]
DEBUG:websockets.client:> TEXT '|/challenge oprand1, gen9championsvgc2026regma' [46 bytes]
DEBUG:websockets.client:> TEXT 'battle-gen9championsvgc2026regma-1504|/rejectopenteamsheets' [59 bytes]
DEBUG:websockets.client:< TEXT '>battle-gen9championsvgc2026regma-1503\n|deinit' [46 bytes]
DEBUG:websockets.client:< TEXT '>battle-gen9championsvgc2026regma-1503\n|l|\u2606BC1' [48 bytes]
DEBUG:websockets.client:< TEXT '>battle-gen9championsvgc2026regma-1504\n|uhtmlchange|otsrequest|' [63 bytes]
DEBUG:websockets.client:< TEXT '>battle-gen9championsvgc2026regma-1504\nBC1 rejected open team sheets.' [69 bytes]
DEBUG:websockets.client:< TEXT '>battle-gen9championsvgc2026regma-1504\n|uhtmlchange|otsrequest|' [63 bytes]
DEBUG:websockets.client:< TEXT '>battle-gen9championsvgc2026regma-1504\nBC1 rejected open team sheets.' [69 bytes]
DEBUG:websockets.client:< TEXT '>battle-gen9championsvgc2026regma-1503\n|deinit' [46 bytes]
DEBUG:websockets.client:< TEXT '>battle-gen9championsvgc2026regma-1504\n|uhtmlchange|otsrequest|' [63 bytes]
DEBUG:websockets.client:< TEXT '>battle-gen9championsvgc2026regma-1504\n|uhtmlchange|otsrequest|' [63 bytes]
DEBUG:websockets.client:< TEXT '>battle-gen9championsvgc2026regma-1504\nOPrand1...ected open team sheets.' [73 bytes]
DEBUG:websockets.client:< TEXT '>battle-gen9championsvgc2026regma-1504\nOPrand1...ected open team sheets.' [73 bytes]
INFO:player:Team-preview [battle-gen9championsvgc2026regma-1504] NET drove: bring=['whimsicott', 'zoroarkhisui', 'ditto', 'charizardmegay'] leads=['whimsicott', 'zoroarkhisui'] (vs opp ['sneasler', 'charizard', 'whimsicott', 'basculegion', 'zoroarkhisui', 'ditto'])
INFO:vgc_base:Teampreview [battle-gen9championsvgc2026regma-1504] \u2192 /team 3562  (whimsicott, zoroarkhisui, ditto, charizardmegay)
DEBUG:websockets.client:> TEXT 'battle-gen9championsvgc2026regma-1504|/team 3562' [48 bytes]
INFO:vgc_base:Teampreview [battle-gen9championsvgc2026regma-1504] \u2192 /team 5461  (zoroarkhisui, basculegion, ditto, sneasler)
DEBUG:websockets.client:> TEXT 'battle-gen9championsvgc2026regma-1504|/team 5461' [48 bytes]
DEBUG:websockets.client:< TEXT '|pm| BC1| OPrand1|/challenge gen9championsvgc20...hampionsvgc2026regma|||' [83 bytes]
DEBUG:websockets.client:< TEXT '|pm| BC1| OPrand1|/challenge gen9championsvgc20...hampionsvgc2026regma|||' [83 bytes]
DEBUG:websockets.client:< TEXT '|pm| BC1| OPrand1|/log BC1 wants to battle!' [43 bytes]
DEBUG:websockets.client:< TEXT '|pm| BC1| OPrand1|/log BC1 wants to battle!' [43 bytes]
DEBUG:websockets.client:> TEXT '|/utm Sneasler||whiteherb|unburden|fakeout,dire...Naive|32,2,,,,32||||50|' [550 bytes]
DEBUG:websockets.client:> TEXT '|/accept bc1' [12 bytes]
DEBUG:websockets.client:< TEXT '>battle-gen9championsvgc2026regma-1504\n|\n|t:|...L50, M|100/100\n|turn|1' [325 bytes]
DEBUG:websockets.client:< TEXT '>battle-gen9championsvgc2026regma-1504\n|\n|t:|...L50, M|197/197\n|turn|1' [325 bytes]
DEBUG:websockets.client:< TEXT '>battle-gen9championsvgc2026regma-1504\n|reques...ing":false}]},"rqid":4}' [2167 bytes]
DEBUG:websockets.client:< TEXT '>battle-gen9championsvgc2026regma-1504\n|reques...ing":false}]},"rqid":5}' [2165 bytes]
INFO:player:Turn 1 [battle-gen9championsvgc2026regma-1504] value head win-prob: 0.350  (losing)
DEBUG:live_vgc_base:Turn 1 [battle-gen9championsvgc2026regma-1504] a0=0 a1=9 src=model opp_splice=on
DEBUG:websockets.client:> TEXT 'battle-gen9championsvgc2026regma-1504|/choose move encore 1, move icywind' [73 bytes]
DEBUG:websockets.client:< TEXT '|pm| OPrand1| BC1|/challenge' [28 bytes]
DEBUG:websockets.client:< TEXT '|pm| OPrand1| BC1|/challenge' [28 bytes]
DEBUG:websockets.client:< TEXT '|updatesearch|{"searching":[],"games":{"battle-... 2026 Reg M-A Battle"}}' [124 bytes]
DEBUG:websockets.client:< TEXT '|updatesearch|{"searching":[],"games":{"battle-... 2026 Reg M-A Battle"}}' [208 bytes]
DEBUG:websockets.client:< TEXT '|updatesearch|{"searching":[],"games":{"battle-... 2026 Reg M-A Battle"}}' [208 bytes]
DEBUG:websockets.client:< TEXT '>battle-gen9championsvgc2026regma-1505\n|init|b...n|j|\u2606BC1\n|j|\u2606OPrand1\n' [99 bytes]
DEBUG:websockets.client:< TEXT '|pm| OPrand1| BC1|/nonotify OPrand1 accepted th...26regma-1505</a>&raquo;' [173 bytes]
DEBUG:websockets.client:< TEXT '>battle-gen9championsvgc2026regma-1505\n|t:|1781641907\n|gametype|doubles' [71 bytes]
DEBUG:websockets.client:< TEXT '>battle-gen9championsvgc2026regma-1505\n|player|p1|BC1|266|' [58 bytes]
DEBUG:websockets.client:< TEXT '>battle-gen9championsvgc2026regma-1505\n|player...heets</strong></button>' [857 bytes]
DEBUG:websockets.client:< TEXT '>battle-gen9championsvgc2026regma-1505\n|reques...ing":false}]},"rqid":3}' [2097 bytes]
DEBUG:live_vgc_base:Turn 1 [battle-gen9championsvgc2026regma-1504] a0=9 a1=1 src=random opp_splice=on
DEBUG:websockets.client:> TEXT 'battle-gen9championsvgc2026regma-1504|/choose m...cywind, move flipturn 2' [75 bytes]
DEBUG:websockets.client:< TEXT '|updatesearch|{"searching":[],"games":{"battle-... 2026 Reg M-A Battle"}}' [124 bytes]
DEBUG:websockets.client:< TEXT '|updatesearch|{"searching":[],"games":{"battle-... 2026 Reg M-A Battle"}}' [208 bytes]
DEBUG:websockets.client:< TEXT '|updatesearch|{"searching":[],"games":{"battle-... 2026 Reg M-A Battle"}}' [208 bytes]
DEBUG:websockets.client:< TEXT '>battle-gen9championsvgc2026regma-1505\n|init|b... vs. OPrand1\n|j|\u2606BC1\n' [85 bytes]
DEBUG:websockets.client:< TEXT '>battle-gen9championsvgc2026regma-1505\n|j|\u2606OPrand1' [52 bytes]
DEBUG:websockets.client:< TEXT '|pm| OPrand1| BC1|/nonotify OPrand1 accepted th...26regma-1505</a>&raquo;' [173 bytes]
DEBUG:websockets.client:< TEXT '>battle-gen9championsvgc2026regma-1505\n|t:|1781641907\n|gametype|doubles' [71 bytes]
DEBUG:websockets.client:< TEXT '>battle-gen9championsvgc2026regma-1505\n|player|p1|BC1|266|' [58 bytes]
DEBUG:websockets.client:< TEXT '>battle-gen9championsvgc2026regma-1505\n|player...heets</strong></button>' [857 bytes]
DEBUG:websockets.client:< TEXT '>battle-gen9championsvgc2026regma-1505\n|reques...ing":false}]},"rqid":2}' [2093 bytes]
DEBUG:websockets.client:< TEXT '>battle-gen9championsvgc2026regma-1504\n|\n|t:|...nt\n|faint|p1b: Zoroark' [505 bytes]
DEBUG:websockets.client:< TEXT '>battle-gen9championsvgc2026regma-1504\n|\n|t:|...nt\n|faint|p1b: Zoroark' [506 bytes]
DEBUG:websockets.client:< TEXT '>battle-gen9championsvgc2026regma-1504\n|reques...ing":false}]},"rqid":6}' [1389 bytes]
DEBUG:websockets.client:< TEXT '>battle-gen9championsvgc2026regma-1504\n|reques...oCancel":true,"rqid":7}' [1425 bytes]
DEBUG:vgc_base:forceSwitch [battle-gen9championsvgc2026regma-1504] force=[False, True] \u2192 /choose pass / /choose switch Sneasler
DEBUG:websockets.client:> TEXT 'battle-gen9championsvgc2026regma-1504|/choose pass, switch Sneasler' [67 bytes]
DEBUG:websockets.client:< TEXT '>battle-gen9championsvgc2026regma-1504\n|\n|t:|...] Flip Turn\n|\n|upkeep' [129 bytes]
DEBUG:websockets.client:< TEXT '>battle-gen9championsvgc2026regma-1504\n|\n|t:|...] Flip Turn\n|\n|upkeep' [129 bytes]
DEBUG:websockets.client:< TEXT '>battle-gen9championsvgc2026regma-1504\n|reques...oCancel":true,"rqid":8}' [1420 bytes]
DEBUG:websockets.client:< TEXT '>battle-gen9championsvgc2026regma-1504\n|reques...ing":false}]},"rqid":9}' [1394 bytes]
DEBUG:live_vgc_base:forceSwitch forced_switch_model [battle-gen9championsvgc2026regma-1504] turn 1 a0=None a1=13 opp_splice=on
DEBUG:websockets.client:> TEXT 'battle-gen9championsvgc2026regma-1504|/choose pass, switch Ditto' [64 bytes]
DEBUG:websockets.client:< TEXT '>battle-gen9championsvgc2026regma-1504\n|\n|t:|...o, L50|155/155\n|turn|2' [101 bytes]
DEBUG:websockets.client:< TEXT '>battle-gen9championsvgc2026regma-1504\n|\n|t:|...o, L50|100/100\n|turn|2' [101 bytes]
DEBUG:websockets.client:< TEXT '>battle-gen9championsvgc2026regma-1504\n|reques...ng":false}]},"rqid":10}' [1876 bytes]
DEBUG:websockets.client:< TEXT '>battle-gen9championsvgc2026regma-1504\n|reques...ng":false}]},"rqid":11}' [2158 bytes]
INFO:player:Turn 2 [battle-gen9championsvgc2026regma-1504] value head win-prob: 0.187  (losing)
DEBUG:live_vgc_base:Turn 2 [battle-gen9championsvgc2026regma-1504] a0=0 a1=1 src=model opp_splice=on
DEBUG:websockets.client:> TEXT 'battle-gen9championsvgc2026regma-1504|/choose m...ore 1, move transform 1' [77 bytes]
DEBUG:live_vgc_base:Turn 2 [battle-gen9championsvgc2026regma-1504] a0=6 a1=5 src=random opp_splice=on
DEBUG:websockets.client:> TEXT 'battle-gen9championsvgc2026regma-1504|/choose m...otect, move direclaw -1' [76 bytes]
DEBUG:websockets.client:< TEXT '>battle-gen9championsvgc2026regma-1504\n|\n|t:|...to\n|\n|upkeep\n|turn|3' [369 bytes]
DEBUG:websockets.client:< TEXT '>battle-gen9championsvgc2026regma-1504\n|\n|t:|...to\n|\n|upkeep\n|turn|3' [369 bytes]
DEBUG:websockets.client:< TEXT '>battle-gen9championsvgc2026regma-1504\n|reques...ng":false}]},"rqid":12}' [1876 bytes]
DEBUG:websockets.client:< TEXT '>battle-gen9championsvgc2026regma-1504\n|reques...ng":false}]},"rqid":13}' [2157 bytes]
INFO:player:Turn 3 [battle-gen9championsvgc2026regma-1504] value head win-prob: 0.121  (losing)
DEBUG:live_vgc_base:Turn 3 [battle-gen9championsvgc2026regma-1504] a0=0 a1=1 src=model opp_splice=on
DEBUG:websockets.client:> TEXT 'battle-gen9championsvgc2026regma-1504|/choose m...ore 1, move transform 1' [77 bytes]
DEBUG:live_vgc_base:Turn 3 [battle-gen9championsvgc2026regma-1504] a0=5 a1=5 src=random opp_splice=on
DEBUG:websockets.client:> TEXT 'battle-gen9championsvgc2026regma-1504|/choose m...ll -2, move direclaw -1' [82 bytes]
DEBUG:websockets.client:< TEXT '>battle-gen9championsvgc2026regma-1504\n|\n|t:|...rk\n|\n|upkeep\n|turn|4' [452 bytes]
DEBUG:websockets.client:< TEXT '>battle-gen9championsvgc2026regma-1504\n|\n|t:|...rk\n|\n|upkeep\n|turn|4' [452 bytes]
DEBUG:websockets.client:< TEXT '>battle-gen9championsvgc2026regma-1504\n|reques...ng":false}]},"rqid":14}' [2193 bytes]
DEBUG:websockets.client:< TEXT '>battle-gen9championsvgc2026regma-1504\n|reques...ng":false}]},"rqid":15}' [2153 bytes]
INFO:player:Turn 4 [battle-gen9championsvgc2026regma-1504] value head win-prob: 0.091  (losing)
DEBUG:live_vgc_base:Turn 4 [battle-gen9championsvgc2026regma-1504] a0=0 a1=9 src=model opp_splice=on
DEBUG:websockets.client:> TEXT 'battle-gen9championsvgc2026regma-1504|/choose move encore 1, move icywind' [73 bytes]
DEBUG:live_vgc_base:Turn 4 [battle-gen9championsvgc2026regma-1504] a0=12 a1=4 src=random opp_splice=on
DEBUG:websockets.client:> TEXT 'battle-gen9championsvgc2026regma-1504|/choose s...legion, move direclaw 2' [81 bytes]
DEBUG:websockets.client:< TEXT '>battle-gen9championsvgc2026regma-1504\n|\n|t:|...] psn\n|upkeep\n|turn|5' [641 bytes]
DEBUG:websockets.client:< TEXT '>battle-gen9championsvgc2026regma-1504\n|\n|t:|...] psn\n|upkeep\n|turn|5' [642 bytes]
DEBUG:websockets.client:< TEXT '>battle-gen9championsvgc2026regma-1504\n|reques...ng":false}]},"rqid":16}' [2196 bytes]
DEBUG:websockets.client:< TEXT '>battle-gen9championsvgc2026regma-1504\n|reques...ng":false}]},"rqid":17}' [2133 bytes]
DEBUG:live_vgc_base:Turn 5 [battle-gen9championsvgc2026regma-1504] a0=11 a1=6 src=random opp_splice=on
DEBUG:websockets.client:> TEXT 'battle-gen9championsvgc2026regma-1504|/choose m...spects -2, move protect' [80 bytes]
INFO:player:Turn 5 [battle-gen9championsvgc2026regma-1504] value head win-prob: 0.101  (losing)
DEBUG:live_vgc_base:Turn 5 [battle-gen9championsvgc2026regma-1504] a0=0 a1=9 src=model opp_splice=on
DEBUG:websockets.client:> TEXT 'battle-gen9championsvgc2026regma-1504|/choose move encore 1, move icywind' [73 bytes]
DEBUG:websockets.client:< TEXT '>battle-gen9championsvgc2026regma-1504\n|\n|t:|...] psn\n|upkeep\n|turn|6' [531 bytes]
DEBUG:websockets.client:< TEXT '>battle-gen9championsvgc2026regma-1504\n|\n|t:|...] psn\n|upkeep\n|turn|6' [532 bytes]
DEBUG:websockets.client:< TEXT '>battle-gen9championsvgc2026regma-1504\n|reques...ng":false}]},"rqid":18}' [2196 bytes]
DEBUG:websockets.client:< TEXT '>battle-gen9championsvgc2026regma-1504\n|reques...ng":false}]},"rqid":19}' [2133 bytes]
DEBUG:live_vgc_base:Turn 6 [battle-gen9championsvgc2026regma-1504] a0=6 a1=5 src=random opp_splice=on
DEBUG:websockets.client:> TEXT 'battle-gen9championsvgc2026regma-1504|/choose m...otect, move direclaw -1' [76 bytes]
INFO:player:Turn 6 [battle-gen9championsvgc2026regma-1504] value head win-prob: 0.131  (losing)
DEBUG:live_vgc_base:Turn 6 [battle-gen9championsvgc2026regma-1504] a0=0 a1=9 src=model opp_splice=on
DEBUG:websockets.client:> TEXT 'battle-gen9championsvgc2026regma-1504|/choose move encore 1, move icywind' [73 bytes]
DEBUG:websockets.client:< TEXT '>battle-gen9championsvgc2026regma-1504\n|\n|t:|...] psn\n|upkeep\n|turn|7' [533 bytes]
DEBUG:websockets.client:< TEXT '>battle-gen9championsvgc2026regma-1504\n|\n|t:|...] psn\n|upkeep\n|turn|7' [533 bytes]
DEBUG:websockets.client:< TEXT '>battle-gen9championsvgc2026regma-1504\n|reques...ng":false}]},"rqid":20}' [2196 bytes]
DEBUG:websockets.client:< TEXT '>battle-gen9championsvgc2026regma-1504\n|reques...ng":false}]},"rqid":21}' [2132 bytes]
DEBUG:live_vgc_base:Turn 7 [battle-gen9championsvgc2026regma-1504] a0=13 a1=5 src=random opp_splice=on
DEBUG:websockets.client:> TEXT 'battle-gen9championsvgc2026regma-1504|/choose s...Ditto, move direclaw -1' [76 bytes]
INFO:player:Turn 7 [battle-gen9championsvgc2026regma-1504] value head win-prob: 0.072  (losing)
DEBUG:live_vgc_base:Turn 7 [battle-gen9championsvgc2026regma-1504] a0=0 a1=9 src=model opp_splice=on
DEBUG:websockets.client:> TEXT 'battle-gen9championsvgc2026regma-1504|/choose move encore 1, move icywind' [73 bytes]
DEBUG:websockets.client:< TEXT '>battle-gen9championsvgc2026regma-1504\n|\n|t:|...psn|[from] psn\n|upkeep' [435 bytes]
DEBUG:websockets.client:< TEXT '>battle-gen9championsvgc2026regma-1504\n|\n|t:|...psn|[from] psn\n|upkeep' [435 bytes]
DEBUG:websockets.client:< TEXT '>battle-gen9championsvgc2026regma-1504\n|reques...ng":false}]},"rqid":22}' [1427 bytes]
DEBUG:websockets.client:< TEXT '>battle-gen9championsvgc2026regma-1504\n|reques...Cancel":true,"rqid":23}' [1413 bytes]
DEBUG:vgc_base:forceSwitch [battle-gen9championsvgc2026regma-1504] force=[True, False] \u2192 /choose switch Basculegion / /choose pass
DEBUG:websockets.client:> TEXT 'battle-gen9championsvgc2026regma-1504|/choose switch Basculegion, pass' [70 bytes]
DEBUG:websockets.client:< TEXT '>battle-gen9championsvgc2026regma-1504\n|\n|t:|... L50, M|83/100\n|turn|8' [115 bytes]
DEBUG:websockets.client:< TEXT '>battle-gen9championsvgc2026regma-1504\n|\n|t:|...L50, M|165/197\n|turn|8' [116 bytes]
DEBUG:websockets.client:< TEXT '>battle-gen9championsvgc2026regma-1504\n|reques...ng":false}]},"rqid":24}' [2196 bytes]
DEBUG:websockets.client:< TEXT '>battle-gen9championsvgc2026regma-1504\n|reques...ng":false}]},"rqid":25}' [2130 bytes]
INFO:player:Turn 8 [battle-gen9championsvgc2026regma-1504] value head win-prob: 0.751  (winning)
DEBUG:live_vgc_base:Turn 8 [battle-gen9championsvgc2026regma-1504] a0=12 a1=9 src=model opp_splice=on
DEBUG:websockets.client:> TEXT 'battle-gen9championsvgc2026regma-1504|/choose s...Charizard, move icywind' [76 bytes]
DEBUG:live_vgc_base:Turn 8 [battle-gen9championsvgc2026regma-1504] a0=3 a1=9 src=random opp_splice=on
DEBUG:websockets.client:> TEXT 'battle-gen9championsvgc2026regma-1504|/choose m...h 1, move closecombat 1' [82 bytes]
DEBUG:websockets.client:< TEXT '>battle-gen9championsvgc2026regma-1504\n|\n|t:|...psn|[from] psn\n|upkeep' [718 bytes]
DEBUG:websockets.client:< TEXT '>battle-gen9championsvgc2026regma-1504\n|\n|t:|...psn|[from] psn\n|upkeep' [719 bytes]
DEBUG:websockets.client:< TEXT '>battle-gen9championsvgc2026regma-1504\n|reques...Cancel":true,"rqid":26}' [1455 bytes]
DEBUG:websockets.client:< TEXT '>battle-gen9championsvgc2026regma-1504\n|reques...ng":false}]},"rqid":27}' [1382 bytes]
DEBUG:live_vgc_base:forceSwitch forced_switch_model [battle-gen9championsvgc2026regma-1504] turn 8 a0=12 a1=None opp_splice=on
DEBUG:websockets.client:> TEXT 'battle-gen9championsvgc2026regma-1504|/choose switch Whimsicott, pass' [69 bytes]
DEBUG:websockets.client:< TEXT '>battle-gen9championsvgc2026regma-1504\n|\n|t:|... L50, M|69/137\n|turn|9' [113 bytes]
DEBUG:websockets.client:< TEXT '>battle-gen9championsvgc2026regma-1504\n|\n|t:|...L50, M|50/100g\n|turn|9' [114 bytes]
DEBUG:websockets.client:< TEXT '>battle-gen9championsvgc2026regma-1504\n|reques...ng":false}]},"rqid":28}' [2192 bytes]
DEBUG:websockets.client:< TEXT '>battle-gen9championsvgc2026regma-1504\n|reques...ng":false}]},"rqid":29}' [2130 bytes]
INFO:player:Turn 9 [battle-gen9championsvgc2026regma-1504] value head win-prob: 0.369  (losing)
DEBUG:live_vgc_base:Turn 9 [battle-gen9championsvgc2026regma-1504] a0=0 a1=0 src=model opp_splice=on
DEBUG:websockets.client:> TEXT 'battle-gen9championsvgc2026regma-1504|/choose m...core 1, move hypervoice' [76 bytes]
DEBUG:live_vgc_base:Turn 9 [battle-gen9championsvgc2026regma-1504] a0=2 a1=5 src=random opp_splice=on
DEBUG:websockets.client:> TEXT 'battle-gen9championsvgc2026regma-1504|/choose m...rn -2, move direclaw -1' [80 bytes]
DEBUG:websockets.client:< TEXT '>battle-gen9championsvgc2026regma-1504\n|\n|t:|... Ditto\n|\n|win|OPrand1' [520 bytes]
DEBUG:websockets.client:< TEXT '>battle-gen9championsvgc2026regma-1504\n|\n|t:|... Ditto\n|\n|win|OPrand1' [520 bytes]
DEBUG:websockets.client:< TEXT '|updatesearch|{"searching":[],"games":{"battle-... 2026 Reg M-A Battle"}}' [124 bytes]
INFO:vgc_base:Battle battle-gen9championsvgc2026regma-1504 finished — outcome: LOSS  (W/L/D so far: 5/2/0)
DEBUG:websockets.client:> TEXT '|/leave battle-gen9championsvgc2026regma-1504' [45 bytes]
DEBUG:websockets.client:< TEXT '|updatesearch|{"searching":[],"games":{"battle-... 2026 Reg M-A Battle"}}' [124 bytes]
DEBUG:websockets.client:> TEXT 'battle-gen9championsvgc2026regma-1505|/rejectopenteamsheets' [59 bytes]
INFO:vgc_base:Battle battle-gen9championsvgc2026regma-1504 finished — outcome: WIN  (W/L/D so far: 2/5/0)
DEBUG:websockets.client:> TEXT '|/leave battle-gen9championsvgc2026regma-1504' [45 bytes]
DEBUG:websockets.client:> TEXT '|/utm Sneasler||whiteherb|unburden|fakeout,dire...Naive|32,2,,,,32||||50|' [550 bytes]
DEBUG:websockets.client:> TEXT '|/challenge oprand1, gen9championsvgc2026regma' [46 bytes]
DEBUG:websockets.client:> TEXT 'battle-gen9championsvgc2026regma-1505|/rejectopenteamsheets' [59 bytes]
DEBUG:websockets.client:< TEXT '>battle-gen9championsvgc2026regma-1504\n|deinit' [46 bytes]
DEBUG:websockets.client:< TEXT '>battle-gen9championsvgc2026regma-1504\n|l|\u2606BC1' [48 bytes]
DEBUG:websockets.client:< TEXT '>battle-gen9championsvgc2026regma-1505\n|uhtmlchange|otsrequest|' [63 bytes]
DEBUG:websockets.client:< TEXT '>battle-gen9championsvgc2026regma-1505\nBC1 rejected open team sheets.' [69 bytes]
DEBUG:websockets.client:< TEXT '>battle-gen9championsvgc2026regma-1505\n|uhtmlchange|otsrequest|' [63 bytes]
DEBUG:websockets.client:< TEXT '>battle-gen9championsvgc2026regma-1505\nBC1 rejected open team sheets.' [69 bytes]
DEBUG:websockets.client:< TEXT '>battle-gen9championsvgc2026regma-1504\n|deinit' [46 bytes]
DEBUG:websockets.client:< TEXT '>battle-gen9championsvgc2026regma-1505\n|uhtmlchange|otsrequest|' [63 bytes]
DEBUG:websockets.client:< TEXT '>battle-gen9championsvgc2026regma-1505\n|uhtmlchange|otsrequest|' [63 bytes]
DEBUG:websockets.client:< TEXT '>battle-gen9championsvgc2026regma-1505\nOPrand1...ected open team sheets.' [73 bytes]
DEBUG:websockets.client:< TEXT '>battle-gen9championsvgc2026regma-1505\nOPrand1...ected open team sheets.' [73 bytes]
INFO:player:Team-preview [battle-gen9championsvgc2026regma-1505] NET drove: bring=['whimsicott', 'zoroarkhisui', 'ditto', 'charizardmegay'] leads=['whimsicott', 'zoroarkhisui'] (vs opp ['sneasler', 'charizard', 'whimsicott', 'basculegion', 'zoroarkhisui', 'ditto'])
INFO:vgc_base:Teampreview [battle-gen9championsvgc2026regma-1505] \u2192 /team 3562  (whimsicott, zoroarkhisui, ditto, charizardmegay)
DEBUG:websockets.client:> TEXT 'battle-gen9championsvgc2026regma-1505|/team 3562' [48 bytes]
INFO:vgc_base:Teampreview [battle-gen9championsvgc2026regma-1505] \u2192 /team 2145  (charizardmegay, sneasler, basculegion, zoroarkhisui)
DEBUG:websockets.client:> TEXT 'battle-gen9championsvgc2026regma-1505|/team 2145' [48 bytes]
DEBUG:websockets.client:< TEXT '|pm| BC1| OPrand1|/challenge gen9championsvgc20...hampionsvgc2026regma|||' [83 bytes]
DEBUG:websockets.client:< TEXT '|pm| BC1| OPrand1|/challenge gen9championsvgc20...hampionsvgc2026regma|||' [83 bytes]
DEBUG:websockets.client:< TEXT '|pm| BC1| OPrand1|/log BC1 wants to battle!' [43 bytes]
DEBUG:websockets.client:< TEXT '|pm| BC1| OPrand1|/log BC1 wants to battle!' [43 bytes]
DEBUG:websockets.client:> TEXT '|/utm Sneasler||whiteherb|unburden|fakeout,dire...Naive|32,2,,,,32||||50|' [550 bytes]
DEBUG:websockets.client:> TEXT '|/accept bc1' [12 bytes]
DEBUG:websockets.client:< TEXT '>battle-gen9championsvgc2026regma-1505\n|\n|t:|...L50, M|100/100\n|turn|1' [321 bytes]
DEBUG:websockets.client:< TEXT '>battle-gen9championsvgc2026regma-1505\n|\n|t:|...L50, M|157/157\n|turn|1' [321 bytes]
DEBUG:websockets.client:< TEXT '>battle-gen9championsvgc2026regma-1505\n|reques...ing":false}]},"rqid":4}' [2167 bytes]
DEBUG:websockets.client:< TEXT '>battle-gen9championsvgc2026regma-1505\n|reques...ing":false}]},"rqid":5}' [2234 bytes]
DEBUG:websockets.client:< TEXT '|pm| OPrand1| BC1|/challenge' [28 bytes]
DEBUG:websockets.client:< TEXT '|updatesearch|{"searching":[],"games":{"battle-... 2026 Reg M-A Battle"}}' [124 bytes]
DEBUG:websockets.client:< TEXT '|pm| OPrand1| BC1|/challenge' [28 bytes]
DEBUG:websockets.client:< TEXT '|updatesearch|{"searching":[],"games":{"battle-... 2026 Reg M-A Battle"}}' [124 bytes]
DEBUG:websockets.client:< TEXT '|updatesearch|{"searching":[],"games":{"battle-... 2026 Reg M-A Battle"}}' [208 bytes]
DEBUG:websockets.client:< TEXT '|updatesearch|{"searching":[],"games":{"battle-... 2026 Reg M-A Battle"}}' [208 bytes]
DEBUG:websockets.client:< TEXT '|updatesearch|{"searching":[],"games":{"battle-... 2026 Reg M-A Battle"}}' [208 bytes]
DEBUG:websockets.client:< TEXT '|updatesearch|{"searching":[],"games":{"battle-... 2026 Reg M-A Battle"}}' [208 bytes]
DEBUG:live_vgc_base:Turn 1 [battle-gen9championsvgc2026regma-1505] a0=3 a1=3 src=random opp_splice=on
DEBUG:websockets.client:> TEXT 'battle-gen9championsvgc2026regma-1505|/choose m...ball 1, move direclaw 1' [81 bytes]
DEBUG:websockets.client:< TEXT '>battle-gen9championsvgc2026regma-1506\n|init|b... vs. OPrand1\n|j|\u2606BC1\n' [85 bytes]
DEBUG:websockets.client:< TEXT '>battle-gen9championsvgc2026regma-1506\n|j|\u2606OPrand1' [52 bytes]
DEBUG:websockets.client:< TEXT '|pm| OPrand1| BC1|/nonotify OPrand1 accepted th...26regma-1506</a>&raquo;' [173 bytes]
INFO:player:Turn 1 [battle-gen9championsvgc2026regma-1505] value head win-prob: 0.492  (even)
DEBUG:live_vgc_base:Turn 1 [battle-gen9championsvgc2026regma-1505] a0=0 a1=9 src=model opp_splice=on
DEBUG:websockets.client:> TEXT 'battle-gen9championsvgc2026regma-1505|/choose move encore 1, move icywind' [73 bytes]
DEBUG:websockets.client:< TEXT '>battle-gen9championsvgc2026regma-1506\n|init|b...n|j|\u2606BC1\n|j|\u2606OPrand1\n' [99 bytes]
DEBUG:websockets.client:< TEXT '|pm| OPrand1| BC1|/nonotify OPrand1 accepted th...26regma-1506</a>&raquo;' [173 bytes]
DEBUG:websockets.client:< TEXT '>battle-gen9championsvgc2026regma-1506\n|t:|1781641907\n|gametype|doubles' [71 bytes]
DEBUG:websockets.client:< TEXT '>battle-gen9championsvgc2026regma-1506\n|t:|1781641907\n|gametype|doubles' [71 bytes]
DEBUG:websockets.client:< TEXT '>battle-gen9championsvgc2026regma-1506\n|player|p1|BC1|266|' [58 bytes]
DEBUG:websockets.client:< TEXT '>battle-gen9championsvgc2026regma-1506\n|player...heets</strong></button>' [857 bytes]
DEBUG:websockets.client:< TEXT '>battle-gen9championsvgc2026regma-1506\n|reques...ing":false}]},"rqid":2}' [2093 bytes]
DEBUG:websockets.client:< TEXT '>battle-gen9championsvgc2026regma-1506\n|player|p1|BC1|266|' [58 bytes]
DEBUG:websockets.client:< TEXT '>battle-gen9championsvgc2026regma-1506\n|player...heets</strong></button>' [857 bytes]
DEBUG:websockets.client:< TEXT '>battle-gen9championsvgc2026regma-1506\n|reques...ing":false}]},"rqid":3}' [2097 bytes]
DEBUG:websockets.client:< TEXT '>battle-gen9championsvgc2026regma-1505\n|\n|t:|...: Charizard\n|\n|upkeep' [596 bytes]
DEBUG:websockets.client:< TEXT '>battle-gen9championsvgc2026regma-1505\n|\n|t:|...: Charizard\n|\n|upkeep' [598 bytes]
DEBUG:websockets.client:< TEXT '>battle-gen9championsvgc2026regma-1505\n|reques...oCancel":true,"rqid":6}' [1421 bytes]
DEBUG:websockets.client:< TEXT '>battle-gen9championsvgc2026regma-1505\n|reques...ing":false}]},"rqid":7}' [1451 bytes]
DEBUG:live_vgc_base:forceSwitch forced_switch_model [battle-gen9championsvgc2026regma-1505] turn 1 a0=13 a1=None opp_splice=on
DEBUG:websockets.client:> TEXT 'battle-gen9championsvgc2026regma-1505|/choose switch Ditto, pass' [64 bytes]
DEBUG:websockets.client:< TEXT '>battle-gen9championsvgc2026regma-1505\n|\n|t:|...lity: Imposter\n|turn|2' [163 bytes]
DEBUG:websockets.client:< TEXT '>battle-gen9championsvgc2026regma-1505\n|\n|t:|...lity: Imposter\n|turn|2' [163 bytes]
DEBUG:websockets.client:< TEXT '>battle-gen9championsvgc2026regma-1505\n|reques...ing":false}]},"rqid":8}' [2182 bytes]
DEBUG:websockets.client:< TEXT '>battle-gen9championsvgc2026regma-1505\n|reques...ing":false}]},"rqid":9}' [2224 bytes]
DEBUG:live_vgc_base:Turn 2 [battle-gen9championsvgc2026regma-1505] a0=6 a1=4 src=random opp_splice=on
DEBUG:websockets.client:> TEXT 'battle-gen9championsvgc2026regma-1505|/choose m...rotect, move direclaw 2' [75 bytes]
INFO:player:Turn 2 [battle-gen9championsvgc2026regma-1505] value head win-prob: 0.350  (losing)
DEBUG:live_vgc_base:Turn 2 [battle-gen9championsvgc2026regma-1505] a0=6 a1=9 src=model opp_splice=on
DEBUG:websockets.client:> TEXT 'battle-gen9championsvgc2026regma-1505|/choose move protect, move icywind' [72 bytes]
DEBUG:websockets.client:< TEXT '>battle-gen9championsvgc2026regma-1505\n|\n|t:|...lp\n|\n|upkeep\n|turn|3' [470 bytes]
DEBUG:websockets.client:< TEXT '>battle-gen9championsvgc2026regma-1505\n|\n|t:|...lp\n|\n|upkeep\n|turn|3' [470 bytes]
DEBUG:websockets.client:< TEXT '>battle-gen9championsvgc2026regma-1505\n|reques...ng":false}]},"rqid":10}' [2185 bytes]
DEBUG:websockets.client:< TEXT '>battle-gen9championsvgc2026regma-1505\n|reques...ng":false}]},"rqid":11}' [2225 bytes]
INFO:player:Turn 3 [battle-gen9championsvgc2026regma-1505] value head win-prob: 0.210  (losing)
DEBUG:live_vgc_base:Turn 3 [battle-gen9championsvgc2026regma-1505] a0=0 a1=9 src=model opp_splice=on
DEBUG:websockets.client:> TEXT 'battle-gen9championsvgc2026regma-1505|/choose m...ireclaw 1, move icywind' [75 bytes]
DEBUG:live_vgc_base:Turn 3 [battle-gen9championsvgc2026regma-1505] a0=13 a1=3 src=random opp_splice=on
DEBUG:websockets.client:> TEXT 'battle-gen9championsvgc2026regma-1505|/choose s...oroark, move direclaw 1' [77 bytes]
DEBUG:websockets.client:< TEXT '>battle-gen9championsvgc2026regma-1505\n|\n|t:|...on\n|\n|upkeep\n|turn|4' [549 bytes]
DEBUG:websockets.client:< TEXT '>battle-gen9championsvgc2026regma-1505\n|\n|t:|...on\n|\n|upkeep\n|turn|4' [549 bytes]
DEBUG:websockets.client:< TEXT '>battle-gen9championsvgc2026regma-1505\n|reques...ng":false}]},"rqid":12}' [2184 bytes]
DEBUG:websockets.client:< TEXT '>battle-gen9championsvgc2026regma-1505\n|reques...ng":false}]},"rqid":13}' [2212 bytes]
DEBUG:live_vgc_base:Turn 4 [battle-gen9championsvgc2026regma-1505] a0=9 a1=6 src=random opp_splice=on
DEBUG:websockets.client:> TEXT 'battle-gen9championsvgc2026regma-1505|/choose move icywind, move protect' [72 bytes]
INFO:player:Turn 4 [battle-gen9championsvgc2026regma-1505] value head win-prob: 0.042  (losing)
DEBUG:live_vgc_base:Turn 4 [battle-gen9championsvgc2026regma-1505] a0=12 a1=9 src=model opp_splice=on
DEBUG:websockets.client:> TEXT 'battle-gen9championsvgc2026regma-1505|/choose s...Charizard, move icywind' [76 bytes]
DEBUG:websockets.client:< TEXT '>battle-gen9championsvgc2026regma-1505\n|\n|t:|...|1\n|\n|upkeep\n|turn|5' [532 bytes]
DEBUG:websockets.client:< TEXT '>battle-gen9championsvgc2026regma-1505\n|\n|t:|...|1\n|\n|upkeep\n|turn|5' [530 bytes]
DEBUG:websockets.client:< TEXT '>battle-gen9championsvgc2026regma-1505\n|reques...ng":false}]},"rqid":14}' [2189 bytes]
DEBUG:websockets.client:< TEXT '>battle-gen9championsvgc2026regma-1505\n|reques...ng":false}]},"rqid":15}' [2212 bytes]
DEBUG:live_vgc_base:Turn 5 [battle-gen9championsvgc2026regma-1505] a0=6 a1=13 src=random opp_splice=on
DEBUG:websockets.client:> TEXT 'battle-gen9championsvgc2026regma-1505|/choose m...ect, switch Basculegion' [78 bytes]
INFO:player:Turn 5 [battle-gen9championsvgc2026regma-1505] value head win-prob: 0.158  (losing)
DEBUG:live_vgc_base:Turn 5 [battle-gen9championsvgc2026regma-1505] a0=0 a1=12 src=model opp_splice=on
DEBUG:websockets.client:> TEXT 'battle-gen9championsvgc2026regma-1505|/choose m...wave mega, switch Ditto' [78 bytes]
DEBUG:websockets.client:< TEXT '>battle-gen9championsvgc2026regma-1505\n|\n|t:|...keep]\n|upkeep\n|turn|6' [653 bytes]
DEBUG:websockets.client:< TEXT '>battle-gen9championsvgc2026regma-1505\n|\n|t:|...keep]\n|upkeep\n|turn|6' [654 bytes]
DEBUG:websockets.client:< TEXT '>battle-gen9championsvgc2026regma-1505\n|reques...ng":false}]},"rqid":16}' [2201 bytes]
DEBUG:websockets.client:< TEXT '>battle-gen9championsvgc2026regma-1505\n|reques...ng":false}]},"rqid":17}' [2221 bytes]
DEBUG:live_vgc_base:Turn 6 [battle-gen9championsvgc2026regma-1505] a0=9 a1=11 src=random opp_splice=on
DEBUG:websockets.client:> TEXT 'battle-gen9championsvgc2026regma-1505|/choose m...d, move lastrespects -1' [80 bytes]
INFO:player:Turn 6 [battle-gen9championsvgc2026regma-1505] value head win-prob: 0.018  (losing)
DEBUG:live_vgc_base:Turn 6 [battle-gen9championsvgc2026regma-1505] a0=0 a1=12 src=model opp_splice=on
DEBUG:websockets.client:> TEXT 'battle-gen9championsvgc2026regma-1505|/choose m...eatwave, switch Zoroark' [75 bytes]
DEBUG:websockets.client:< TEXT '>battle-gen9championsvgc2026regma-1505\n|\n|t:|...nyDay|[upkeep]\n|upkeep' [374 bytes]
DEBUG:websockets.client:< TEXT '>battle-gen9championsvgc2026regma-1505\n|\n|t:|...nyDay|[upkeep]\n|upkeep' [373 bytes]
DEBUG:websockets.client:< TEXT '>battle-gen9championsvgc2026regma-1505\n|reques...ng":false}]},"rqid":18}' [1395 bytes]
DEBUG:websockets.client:< TEXT '>battle-gen9championsvgc2026regma-1505\n|reques...Cancel":true,"rqid":19}' [1479 bytes]
DEBUG:vgc_base:forceSwitch [battle-gen9championsvgc2026regma-1505] force=[True, False] \u2192 /choose switch Charizard / /choose pass
DEBUG:websockets.client:> TEXT 'battle-gen9championsvgc2026regma-1505|/choose switch Charizard, pass' [68 bytes]
DEBUG:websockets.client:< TEXT '>battle-gen9championsvgc2026regma-1505\n|\n|t:|... L50, M|83/100\n|turn|7' [111 bytes]
DEBUG:websockets.client:< TEXT '>battle-gen9championsvgc2026regma-1505\n|\n|t:|...L50, M|140/168\n|turn|7' [112 bytes]
DEBUG:websockets.client:< TEXT '>battle-gen9championsvgc2026regma-1505\n|reques...ng":false}]},"rqid":20}' [2173 bytes]
DEBUG:websockets.client:< TEXT '>battle-gen9championsvgc2026regma-1505\n|reques...ng":false}]},"rqid":21}' [2230 bytes]
INFO:player:Turn 7 [battle-gen9championsvgc2026regma-1505] value head win-prob: 0.164  (losing)
DEBUG:live_vgc_base:Turn 7 [battle-gen9championsvgc2026regma-1505] a0=0 a1=9 src=model opp_splice=on
DEBUG:websockets.client:> TEXT 'battle-gen9championsvgc2026regma-1505|/choose move heatwave, move icywind' [73 bytes]
DEBUG:live_vgc_base:Turn 7 [battle-gen9championsvgc2026regma-1505] a0=0 a1=5 src=random opp_splice=on
DEBUG:websockets.client:> TEXT 'battle-gen9championsvgc2026regma-1505|/choose m...wave, move wavecrash -1' [78 bytes]
DEBUG:websockets.client:< TEXT '>battle-gen9championsvgc2026regma-1505\n|\n|t:|...nyDay|[upkeep]\n|upkeep' [560 bytes]
DEBUG:websockets.client:< TEXT '>battle-gen9championsvgc2026regma-1505\n|\n|t:|...nyDay|[upkeep]\n|upkeep' [561 bytes]
DEBUG:websockets.client:< TEXT '>battle-gen9championsvgc2026regma-1505\n|reques...ng":false}]},"rqid":22}' [1395 bytes]
DEBUG:websockets.client:< TEXT '>battle-gen9championsvgc2026regma-1505\n|reques...Cancel":true,"rqid":23}' [1475 bytes]
DEBUG:vgc_base:forceSwitch slot 1: no available switch — '/choose default' (handled poke-env desync).
DEBUG:vgc_base:forceSwitch DIAG [battle-gen9championsvgc2026regma-1505] turn=7 slot=1 force=[True, True] available_switches=[['sneasler'], ['sneasler']] team=[sneasler(act=False,fnt=False,hp=0.6050955414012739), charizard(act=True,fnt=True,hp=0), whimsicott(act=False,fnt=False,hp=1.0), basculegion(act=True,fnt=True,hp=0), zoroarkhisui(act=False,fnt=True,hp=0), ditto(act=False,fnt=False,hp=1.0)]
DEBUG:websockets.client:> TEXT 'battle-gen9championsvgc2026regma-1505|/choose default' [53 bytes]
DEBUG:websockets.client:< TEXT '>battle-gen9championsvgc2026regma-1505\n|\n|t:|... L50, M|60/100\n|turn|8' [109 bytes]
DEBUG:websockets.client:< TEXT '>battle-gen9championsvgc2026regma-1505\n|\n|t:|... L50, M|95/157\n|turn|8' [109 bytes]
DEBUG:websockets.client:< TEXT '>battle-gen9championsvgc2026regma-1505\n|reques...ng":false}]},"rqid":24}' [2172 bytes]
DEBUG:websockets.client:< TEXT '>battle-gen9championsvgc2026regma-1505\n|reques...ng":false}]},"rqid":25}' [2194 bytes]
DEBUG:live_vgc_base:Turn 8 [battle-gen9championsvgc2026regma-1505] a0=9 a1=0 src=random opp_splice=on
DEBUG:vgc_base:_safe_order: action 0 slot 1 \u2192 None, scanning legal actions.
DEBUG:vgc_base:_safe_order: slot 1 has no decodable legal action — sending Pass.
DEBUG:websockets.client:> TEXT 'battle-gen9championsvgc2026regma-1505|/choose move closecombat 1, pass' [70 bytes]
INFO:player:Turn 8 [battle-gen9championsvgc2026regma-1505] value head win-prob: 0.987  (winning)
DEBUG:live_vgc_base:Turn 8 [battle-gen9championsvgc2026regma-1505] a0=0 a1=0 src=model opp_splice=on
DEBUG:websockets.client:> TEXT 'battle-gen9championsvgc2026regma-1505|/choose m...atwave, move hypervoice' [76 bytes]
DEBUG:websockets.client:< TEXT '>battle-gen9championsvgc2026regma-1505\n|\n|t:|...: Sneasler\n|\n|win|BC1' [326 bytes]
DEBUG:websockets.client:< TEXT '>battle-gen9championsvgc2026regma-1505\n|\n|t:|...: Sneasler\n|\n|win|BC1' [327 bytes]
DEBUG:websockets.client:< TEXT '|updatesearch|{"searching":[],"games":{"battle-... 2026 Reg M-A Battle"}}' [124 bytes]
INFO:vgc_base:Battle battle-gen9championsvgc2026regma-1505 finished — outcome: WIN  (W/L/D so far: 6/2/0)
DEBUG:websockets.client:> TEXT '|/leave battle-gen9championsvgc2026regma-1505' [45 bytes]
DEBUG:websockets.client:< TEXT '|updatesearch|{"searching":[],"games":{"battle-... 2026 Reg M-A Battle"}}' [124 bytes]
DEBUG:websockets.client:> TEXT 'battle-gen9championsvgc2026regma-1506|/rejectopenteamsheets' [59 bytes]
INFO:vgc_base:Battle battle-gen9championsvgc2026regma-1505 finished — outcome: LOSS  (W/L/D so far: 2/6/0)
DEBUG:websockets.client:> TEXT '|/leave battle-gen9championsvgc2026regma-1505' [45 bytes]
DEBUG:websockets.client:> TEXT '|/utm Sneasler||whiteherb|unburden|fakeout,dire...Naive|32,2,,,,32||||50|' [550 bytes]
DEBUG:websockets.client:> TEXT '|/challenge oprand1, gen9championsvgc2026regma' [46 bytes]
DEBUG:websockets.client:> TEXT 'battle-gen9championsvgc2026regma-1506|/rejectopenteamsheets' [59 bytes]
DEBUG:websockets.client:< TEXT '>battle-gen9championsvgc2026regma-1505\n|deinit' [46 bytes]
DEBUG:websockets.client:< TEXT '>battle-gen9championsvgc2026regma-1505\n|l|\u2606BC1' [48 bytes]
DEBUG:websockets.client:< TEXT '>battle-gen9championsvgc2026regma-1506\n|uhtmlchange|otsrequest|' [63 bytes]
DEBUG:websockets.client:< TEXT '>battle-gen9championsvgc2026regma-1506\nBC1 rejected open team sheets.' [69 bytes]
DEBUG:websockets.client:< TEXT '>battle-gen9championsvgc2026regma-1506\n|uhtmlchange|otsrequest|' [63 bytes]
DEBUG:websockets.client:< TEXT '>battle-gen9championsvgc2026regma-1506\nBC1 rejected open team sheets.' [69 bytes]
DEBUG:websockets.client:< TEXT '>battle-gen9championsvgc2026regma-1505\n|deinit' [46 bytes]
DEBUG:websockets.client:< TEXT '>battle-gen9championsvgc2026regma-1506\n|uhtmlchange|otsrequest|' [63 bytes]
DEBUG:websockets.client:< TEXT '>battle-gen9championsvgc2026regma-1506\n|uhtmlchange|otsrequest|' [63 bytes]
DEBUG:websockets.client:< TEXT '>battle-gen9championsvgc2026regma-1506\nOPrand1...ected open team sheets.' [73 bytes]
DEBUG:websockets.client:< TEXT '>battle-gen9championsvgc2026regma-1506\nOPrand1...ected open team sheets.' [73 bytes]
INFO:player:Team-preview [battle-gen9championsvgc2026regma-1506] NET drove: bring=['whimsicott', 'zoroarkhisui', 'ditto', 'charizardmegay'] leads=['whimsicott', 'zoroarkhisui'] (vs opp ['sneasler', 'charizard', 'whimsicott', 'basculegion', 'zoroarkhisui', 'ditto'])
INFO:vgc_base:Teampreview [battle-gen9championsvgc2026regma-1506] \u2192 /team 3562  (whimsicott, zoroarkhisui, ditto, charizardmegay)
DEBUG:websockets.client:> TEXT 'battle-gen9championsvgc2026regma-1506|/team 3562' [48 bytes]
INFO:vgc_base:Teampreview [battle-gen9championsvgc2026regma-1506] \u2192 /team 1624  (sneasler, ditto, charizardmegay, basculegion)
DEBUG:websockets.client:> TEXT 'battle-gen9championsvgc2026regma-1506|/team 1624' [48 bytes]
DEBUG:websockets.client:< TEXT '|pm| BC1| OPrand1|/challenge gen9championsvgc20...hampionsvgc2026regma|||' [83 bytes]
DEBUG:websockets.client:< TEXT '|pm| BC1| OPrand1|/challenge gen9championsvgc20...hampionsvgc2026regma|||' [83 bytes]
DEBUG:websockets.client:< TEXT '|pm| BC1| OPrand1|/log BC1 wants to battle!' [43 bytes]
DEBUG:websockets.client:< TEXT '|pm| BC1| OPrand1|/log BC1 wants to battle!' [43 bytes]
DEBUG:websockets.client:> TEXT '|/utm Sneasler||whiteherb|unburden|fakeout,dire...Naive|32,2,,,,32||||50|' [550 bytes]
DEBUG:websockets.client:> TEXT '|/accept bc1' [12 bytes]
DEBUG:websockets.client:< TEXT '>battle-gen9championsvgc2026regma-1506\n|\n|t:|...lity: Imposter\n|turn|1' [374 bytes]
DEBUG:websockets.client:< TEXT '>battle-gen9championsvgc2026regma-1506\n|\n|t:|...lity: Imposter\n|turn|1' [374 bytes]
DEBUG:websockets.client:< TEXT '>battle-gen9championsvgc2026regma-1506\n|reques...ing":false}]},"rqid":5}' [2184 bytes]
DEBUG:websockets.client:< TEXT '>battle-gen9championsvgc2026regma-1506\n|reques...ing":false}]},"rqid":4}' [2167 bytes]
DEBUG:live_vgc_base:Turn 1 [battle-gen9championsvgc2026regma-1506] a0=13 a1=7 src=random opp_splice=on
DEBUG:websockets.client:> TEXT 'battle-gen9championsvgc2026regma-1506|/choose s...egion, move moonblast 2' [82 bytes]
DEBUG:websockets.client:< TEXT '|pm| OPrand1| BC1|/challenge' [28 bytes]
INFO:player:Turn 1 [battle-gen9championsvgc2026regma-1506] value head win-prob: 0.517  (even)
DEBUG:live_vgc_base:Turn 1 [battle-gen9championsvgc2026regma-1506] a0=0 a1=9 src=model opp_splice=on
DEBUG:websockets.client:> TEXT 'battle-gen9championsvgc2026regma-1506|/choose move encore 1, move icywind' [73 bytes]
DEBUG:websockets.client:< TEXT '|updatesearch|{"searching":[],"games":{"battle-... 2026 Reg M-A Battle"}}' [124 bytes]
DEBUG:websockets.client:< TEXT '|updatesearch|{"searching":[],"games":{"battle-... 2026 Reg M-A Battle"}}' [208 bytes]
DEBUG:websockets.client:< TEXT '|updatesearch|{"searching":[],"games":{"battle-... 2026 Reg M-A Battle"}}' [208 bytes]
DEBUG:websockets.client:< TEXT '>battle-gen9championsvgc2026regma-1507\n|init|b...n|j|\u2606BC1\n|j|\u2606OPrand1\n' [99 bytes]
DEBUG:websockets.client:< TEXT '|pm| OPrand1| BC1|/nonotify OPrand1 accepted th...26regma-1507</a>&raquo;' [173 bytes]
DEBUG:websockets.client:< TEXT '>battle-gen9championsvgc2026regma-1507\n|t:|1781641908\n|gametype|doubles' [71 bytes]
DEBUG:websockets.client:< TEXT '>battle-gen9championsvgc2026regma-1507\n|player|p1|BC1|266|' [58 bytes]
DEBUG:websockets.client:< TEXT '>battle-gen9championsvgc2026regma-1507\n|player...heets</strong></button>' [857 bytes]
DEBUG:websockets.client:< TEXT '>battle-gen9championsvgc2026regma-1507\n|reques...ing":false}]},"rqid":3}' [2097 bytes]
DEBUG:websockets.client:< TEXT '|pm| OPrand1| BC1|/challenge' [28 bytes]
DEBUG:websockets.client:< TEXT '|updatesearch|{"searching":[],"games":{"battle-... 2026 Reg M-A Battle"}}' [124 bytes]
DEBUG:websockets.client:< TEXT '|updatesearch|{"searching":[],"games":{"battle-... 2026 Reg M-A Battle"}}' [208 bytes]
DEBUG:websockets.client:< TEXT '|updatesearch|{"searching":[],"games":{"battle-... 2026 Reg M-A Battle"}}' [208 bytes]
DEBUG:websockets.client:< TEXT '>battle-gen9championsvgc2026regma-1507\n|init|b... vs. OPrand1\n|j|\u2606BC1\n' [85 bytes]
DEBUG:websockets.client:< TEXT '>battle-gen9championsvgc2026regma-1507\n|j|\u2606OPrand1' [52 bytes]
DEBUG:websockets.client:< TEXT '|pm| OPrand1| BC1|/nonotify OPrand1 accepted th...26regma-1507</a>&raquo;' [173 bytes]
DEBUG:websockets.client:< TEXT '>battle-gen9championsvgc2026regma-1507\n|t:|1781641908\n|gametype|doubles' [71 bytes]
DEBUG:websockets.client:< TEXT '>battle-gen9championsvgc2026regma-1507\n|player|p1|BC1|266|' [58 bytes]
DEBUG:websockets.client:< TEXT '>battle-gen9championsvgc2026regma-1507\n|player...heets</strong></button>' [857 bytes]
DEBUG:websockets.client:< TEXT '>battle-gen9championsvgc2026regma-1507\n|reques...ing":false}]},"rqid":2}' [2093 bytes]
DEBUG:websockets.client:< TEXT '>battle-gen9championsvgc2026regma-1506\n|\n|t:|...|1\n|\n|upkeep\n|turn|2' [586 bytes]
DEBUG:websockets.client:< TEXT '>battle-gen9championsvgc2026regma-1506\n|\n|t:|...|1\n|\n|upkeep\n|turn|2' [587 bytes]
DEBUG:websockets.client:< TEXT '>battle-gen9championsvgc2026regma-1506\n|reques...ing":false}]},"rqid":6}' [2166 bytes]
DEBUG:websockets.client:< TEXT '>battle-gen9championsvgc2026regma-1506\n|reques...ing":false}]},"rqid":7}' [2191 bytes]
INFO:player:Turn 2 [battle-gen9championsvgc2026regma-1506] value head win-prob: 0.522  (even)
DEBUG:live_vgc_base:Turn 2 [battle-gen9championsvgc2026regma-1506] a0=0 a1=9 src=model opp_splice=on
DEBUG:websockets.client:> TEXT 'battle-gen9championsvgc2026regma-1506|/choose move encore 1, move icywind' [73 bytes]
DEBUG:live_vgc_base:Turn 2 [battle-gen9championsvgc2026regma-1506] a0=12 a1=8 src=random opp_splice=on
DEBUG:websockets.client:> TEXT 'battle-gen9championsvgc2026regma-1506|/choose s...sler, move moonblast -1' [80 bytes]
DEBUG:websockets.client:< TEXT '>battle-gen9championsvgc2026regma-1506\n|\n|t:|...er|[silent]\n|\n|upkeep' [445 bytes]
DEBUG:websockets.client:< TEXT '>battle-gen9championsvgc2026regma-1506\n|\n|t:|...er|[silent]\n|\n|upkeep' [446 bytes]
DEBUG:websockets.client:< TEXT '>battle-gen9championsvgc2026regma-1506\n|reques...ing":false}]},"rqid":8}' [1391 bytes]
DEBUG:websockets.client:< TEXT '>battle-gen9championsvgc2026regma-1506\n|reques...oCancel":true,"rqid":9}' [1422 bytes]
DEBUG:vgc_base:forceSwitch [battle-gen9championsvgc2026regma-1506] force=[False, True] \u2192 /choose pass / /choose switch Basculegion
DEBUG:websockets.client:> TEXT 'battle-gen9championsvgc2026regma-1506|/choose pass, switch Basculegion' [70 bytes]
DEBUG:websockets.client:< TEXT '>battle-gen9championsvgc2026regma-1506\n|\n|t:|... L50, M|91/100\n|turn|3' [115 bytes]
DEBUG:websockets.client:< TEXT '>battle-gen9championsvgc2026regma-1506\n|\n|t:|...L50, M|180/197\n|turn|3' [116 bytes]
DEBUG:websockets.client:< TEXT '>battle-gen9championsvgc2026regma-1506\n|reques...ng":false}]},"rqid":10}' [2167 bytes]
DEBUG:websockets.client:< TEXT '>battle-gen9championsvgc2026regma-1506\n|reques...ng":false}]},"rqid":11}' [2141 bytes]
INFO:player:Turn 3 [battle-gen9championsvgc2026regma-1506] value head win-prob: 0.604  (winning)
DEBUG:live_vgc_base:Turn 3 [battle-gen9championsvgc2026regma-1506] a0=0 a1=6 src=model opp_splice=on
DEBUG:websockets.client:> TEXT 'battle-gen9championsvgc2026regma-1506|/choose move encore 1, move protect' [73 bytes]
DEBUG:live_vgc_base:Turn 3 [battle-gen9championsvgc2026regma-1506] a0=5 a1=9 src=random opp_splice=on
DEBUG:websockets.client:> TEXT 'battle-gen9championsvgc2026regma-1506|/choose m...-2, move lastrespects 1' [83 bytes]
DEBUG:websockets.client:< TEXT '>battle-gen9championsvgc2026regma-1506\n|\n|t:|...37\n|\n|upkeep\n|turn|4' [433 bytes]
DEBUG:websockets.client:< TEXT '>battle-gen9championsvgc2026regma-1506\n|\n|t:|...00\n|\n|upkeep\n|turn|4' [434 bytes]
DEBUG:websockets.client:< TEXT '>battle-gen9championsvgc2026regma-1506\n|reques...ng":false}]},"rqid":12}' [2166 bytes]
DEBUG:websockets.client:< TEXT '>battle-gen9championsvgc2026regma-1506\n|reques...ng":false}]},"rqid":13}' [2144 bytes]
INFO:player:Turn 4 [battle-gen9championsvgc2026regma-1506] value head win-prob: 0.661  (winning)
DEBUG:live_vgc_base:Turn 4 [battle-gen9championsvgc2026regma-1506] a0=0 a1=6 src=model opp_splice=on
DEBUG:websockets.client:> TEXT 'battle-gen9championsvgc2026regma-1506|/choose move encore 1, move protect' [73 bytes]
DEBUG:live_vgc_base:Turn 4 [battle-gen9championsvgc2026regma-1506] a0=4 a1=11 src=random opp_splice=on
DEBUG:websockets.client:> TEXT 'battle-gen9championsvgc2026regma-1506|/choose m...2, move lastrespects -1' [83 bytes]
DEBUG:websockets.client:< TEXT '>battle-gen9championsvgc2026regma-1506\n|\n|t:|...a: Sneasler\n|\n|upkeep' [393 bytes]
DEBUG:websockets.client:< TEXT '>battle-gen9championsvgc2026regma-1506\n|\n|t:|...a: Sneasler\n|\n|upkeep' [393 bytes]
DEBUG:websockets.client:< TEXT '>battle-gen9championsvgc2026regma-1506\n|reques...ng":false}]},"rqid":14}' [1391 bytes]
DEBUG:websockets.client:< TEXT '>battle-gen9championsvgc2026regma-1506\n|reques...Cancel":true,"rqid":15}' [1425 bytes]
DEBUG:vgc_base:forceSwitch [battle-gen9championsvgc2026regma-1506] force=[True, False] \u2192 /choose switch Charizard / /choose pass
DEBUG:websockets.client:> TEXT 'battle-gen9championsvgc2026regma-1506|/choose switch Charizard, pass' [68 bytes]
DEBUG:websockets.client:< TEXT '>battle-gen9championsvgc2026regma-1506\n|\n|t:|...L50, F|100/100\n|turn|5' [112 bytes]
DEBUG:websockets.client:< TEXT '>battle-gen9championsvgc2026regma-1506\n|\n|t:|...L50, F|168/168\n|turn|5' [112 bytes]
DEBUG:websockets.client:< TEXT '>battle-gen9championsvgc2026regma-1506\n|reques...ng":false}]},"rqid":16}' [2166 bytes]
DEBUG:websockets.client:< TEXT '>battle-gen9championsvgc2026regma-1506\n|reques...ng":false}]},"rqid":17}' [2176 bytes]
INFO:player:Turn 5 [battle-gen9championsvgc2026regma-1506] value head win-prob: 0.950  (winning)
DEBUG:live_vgc_base:Turn 5 [battle-gen9championsvgc2026regma-1506] a0=13 a1=9 src=model opp_splice=on
DEBUG:websockets.client:> TEXT 'battle-gen9championsvgc2026regma-1506|/choose switch Ditto, move icywind' [72 bytes]
DEBUG:live_vgc_base:Turn 5 [battle-gen9championsvgc2026regma-1506] a0=3 a1=9 src=random opp_splice=on
DEBUG:websockets.client:> TEXT 'battle-gen9championsvgc2026regma-1506|/choose m... 1, move lastrespects 1' [85 bytes]
DEBUG:websockets.client:< TEXT '>battle-gen9championsvgc2026regma-1506\n|\n|t:|...|p1a: Ditto\n|\n|upkeep' [573 bytes]
DEBUG:websockets.client:< TEXT '>battle-gen9championsvgc2026regma-1506\n|\n|t:|...|p1a: Ditto\n|\n|upkeep' [572 bytes]
DEBUG:websockets.client:< TEXT '>battle-gen9championsvgc2026regma-1506\n|reques...Cancel":true,"rqid":18}' [1420 bytes]
DEBUG:websockets.client:< TEXT '>battle-gen9championsvgc2026regma-1506\n|reques...ng":false}]},"rqid":19}' [1393 bytes]
DEBUG:live_vgc_base:forceSwitch forced_switch_model [battle-gen9championsvgc2026regma-1506] turn 5 a0=13 a1=None opp_splice=on
DEBUG:websockets.client:> TEXT 'battle-gen9championsvgc2026regma-1506|/choose switch Whimsicott, pass' [69 bytes]
DEBUG:websockets.client:< TEXT '>battle-gen9championsvgc2026regma-1506\n|\n|t:|... L50, M|19/137\n|turn|6' [113 bytes]
DEBUG:websockets.client:< TEXT '>battle-gen9championsvgc2026regma-1506\n|\n|t:|... L50, M|13/100\n|turn|6' [113 bytes]
DEBUG:websockets.client:< TEXT '>battle-gen9championsvgc2026regma-1506\n|reques...ng":false}]},"rqid":20}' [2164 bytes]
DEBUG:websockets.client:< TEXT '>battle-gen9championsvgc2026regma-1506\n|reques...ng":false}]},"rqid":21}' [2174 bytes]
INFO:player:Turn 6 [battle-gen9championsvgc2026regma-1506] value head win-prob: 0.758  (winning)
DEBUG:live_vgc_base:Turn 6 [battle-gen9championsvgc2026regma-1506] a0=0 a1=9 src=model opp_splice=on
DEBUG:websockets.client:> TEXT 'battle-gen9championsvgc2026regma-1506|/choose move encore 1, move icywind' [73 bytes]
DEBUG:live_vgc_base:Turn 6 [battle-gen9championsvgc2026regma-1506] a0=10 a1=5 src=random opp_splice=on
DEBUG:websockets.client:> TEXT 'battle-gen9championsvgc2026regma-1506|/choose m...am 2, move wavecrash -1' [81 bytes]
DEBUG:websockets.client:< TEXT '>battle-gen9championsvgc2026regma-1506\n|\n|t:|...il\n|\n|upkeep\n|turn|7' [626 bytes]
DEBUG:websockets.client:< TEXT '>battle-gen9championsvgc2026regma-1506\n|\n|t:|...il\n|\n|upkeep\n|turn|7' [627 bytes]
DEBUG:websockets.client:< TEXT '>battle-gen9championsvgc2026regma-1506\n|reques...ng":false}]},"rqid":22}' [2164 bytes]
DEBUG:websockets.client:< TEXT '>battle-gen9championsvgc2026regma-1506\n|reques...ng":false}]},"rqid":23}' [2172 bytes]
INFO:player:Turn 7 [battle-gen9championsvgc2026regma-1506] value head win-prob: 0.991  (winning)
DEBUG:live_vgc_base:Turn 7 [battle-gen9championsvgc2026regma-1506] a0=1 a1=0 src=model opp_splice=on
DEBUG:websockets.client:> TEXT 'battle-gen9championsvgc2026regma-1506|/choose m...core 2, move hypervoice' [76 bytes]
DEBUG:live_vgc_base:Turn 7 [battle-gen9championsvgc2026regma-1506] a0=0 a1=3 src=random opp_splice=on
DEBUG:vgc_base:_safe_order: action 0 slot 0 \u2192 None, scanning legal actions.
DEBUG:vgc_base:_safe_order: slot 0 has no decodable legal action — sending Pass.
DEBUG:websockets.client:> TEXT 'battle-gen9championsvgc2026regma-1506|/choose pass, move wavecrash 1' [68 bytes]
DEBUG:websockets.client:< TEXT '>battle-gen9championsvgc2026regma-1506\n|\n|t:|...rom] Recoil\n|\n|upkeep' [401 bytes]
DEBUG:websockets.client:< TEXT '>battle-gen9championsvgc2026regma-1506\n|\n|t:|...rom] Recoil\n|\n|upkeep' [401 bytes]
DEBUG:websockets.client:< TEXT '>battle-gen9championsvgc2026regma-1506\n|reques...Cancel":true,"rqid":24}' [1419 bytes]
DEBUG:websockets.client:< TEXT '>battle-gen9championsvgc2026regma-1506\n|reques...ng":false}]},"rqid":25}' [1391 bytes]
DEBUG:live_vgc_base:forceSwitch forced_switch_model [battle-gen9championsvgc2026regma-1506] turn 7 a0=12 a1=None opp_splice=on
DEBUG:websockets.client:> TEXT 'battle-gen9championsvgc2026regma-1506|/choose switch Charizard, pass' [68 bytes]
DEBUG:websockets.client:< TEXT '>battle-gen9championsvgc2026regma-1506\n|\n|t:|...L50, F|168/168\n|turn|8' [112 bytes]
DEBUG:websockets.client:< TEXT '>battle-gen9championsvgc2026regma-1506\n|\n|t:|...L50, F|100/100\n|turn|8' [112 bytes]
DEBUG:websockets.client:< TEXT '>battle-gen9championsvgc2026regma-1506\n|reques...ng":false}]},"rqid":26}' [2184 bytes]
DEBUG:websockets.client:< TEXT '>battle-gen9championsvgc2026regma-1506\n|reques...ng":false}]},"rqid":27}' [2169 bytes]
DEBUG:live_vgc_base:Turn 8 [battle-gen9championsvgc2026regma-1506] a0=0 a1=4 src=random opp_splice=on
DEBUG:vgc_base:_safe_order: action 0 slot 0 \u2192 None, scanning legal actions.
DEBUG:vgc_base:_safe_order: slot 0 has no decodable legal action — sending Pass.
DEBUG:websockets.client:> TEXT 'battle-gen9championsvgc2026regma-1506|/choose pass, move wavecrash 2' [68 bytes]
INFO:player:Turn 8 [battle-gen9championsvgc2026regma-1506] value head win-prob: 0.964  (winning)
DEBUG:live_vgc_base:Turn 8 [battle-gen9championsvgc2026regma-1506] a0=0 a1=0 src=model opp_splice=on
DEBUG:websockets.client:> TEXT 'battle-gen9championsvgc2026regma-1506|/choose m...e mega, move hypervoice' [81 bytes]
DEBUG:websockets.client:< TEXT '>battle-gen9championsvgc2026regma-1506\n|\n|t:|...asculegion\n|\n|win|BC1' [439 bytes]
DEBUG:websockets.client:< TEXT '>battle-gen9championsvgc2026regma-1506\n|\n|t:|...asculegion\n|\n|win|BC1' [439 bytes]
DEBUG:websockets.client:< TEXT '|updatesearch|{"searching":[],"games":{"battle-... 2026 Reg M-A Battle"}}' [124 bytes]
INFO:vgc_base:Battle battle-gen9championsvgc2026regma-1506 finished — outcome: WIN  (W/L/D so far: 7/2/0)
DEBUG:websockets.client:> TEXT '|/leave battle-gen9championsvgc2026regma-1506' [45 bytes]
DEBUG:websockets.client:< TEXT '|updatesearch|{"searching":[],"games":{"battle-... 2026 Reg M-A Battle"}}' [124 bytes]
DEBUG:websockets.client:> TEXT 'battle-gen9championsvgc2026regma-1507|/rejectopenteamsheets' [59 bytes]
INFO:vgc_base:Battle battle-gen9championsvgc2026regma-1506 finished — outcome: LOSS  (W/L/D so far: 2/7/0)
DEBUG:websockets.client:> TEXT '|/leave battle-gen9championsvgc2026regma-1506' [45 bytes]
DEBUG:websockets.client:> TEXT 'battle-gen9championsvgc2026regma-1507|/rejectopenteamsheets' [59 bytes]
DEBUG:websockets.client:< TEXT '>battle-gen9championsvgc2026regma-1506\n|deinit' [46 bytes]
DEBUG:websockets.client:< TEXT '>battle-gen9championsvgc2026regma-1506\n|l|\u2606BC1' [48 bytes]
DEBUG:websockets.client:< TEXT '>battle-gen9championsvgc2026regma-1507\n|uhtmlchange|otsrequest|' [63 bytes]
DEBUG:websockets.client:< TEXT '>battle-gen9championsvgc2026regma-1507\nBC1 rejected open team sheets.' [69 bytes]
DEBUG:websockets.client:< TEXT '>battle-gen9championsvgc2026regma-1507\n|uhtmlchange|otsrequest|' [63 bytes]
DEBUG:websockets.client:< TEXT '>battle-gen9championsvgc2026regma-1507\nBC1 rejected open team sheets.' [69 bytes]
DEBUG:websockets.client:< TEXT '>battle-gen9championsvgc2026regma-1506\n|deinit' [46 bytes]
DEBUG:websockets.client:< TEXT '>battle-gen9championsvgc2026regma-1507\n|uhtmlchange|otsrequest|' [63 bytes]
DEBUG:websockets.client:< TEXT '>battle-gen9championsvgc2026regma-1507\n|uhtmlchange|otsrequest|' [63 bytes]
DEBUG:websockets.client:< TEXT '>battle-gen9championsvgc2026regma-1507\nOPrand1...ected open team sheets.' [73 bytes]
DEBUG:websockets.client:< TEXT '>battle-gen9championsvgc2026regma-1507\nOPrand1...ected open team sheets.' [73 bytes]
INFO:player:Team-preview [battle-gen9championsvgc2026regma-1507] NET drove: bring=['whimsicott', 'zoroarkhisui', 'ditto', 'charizardmegay'] leads=['whimsicott', 'zoroarkhisui'] (vs opp ['sneasler', 'charizard', 'whimsicott', 'basculegion', 'zoroarkhisui', 'ditto'])
INFO:vgc_base:Teampreview [battle-gen9championsvgc2026regma-1507] \u2192 /team 3562  (whimsicott, zoroarkhisui, ditto, charizardmegay)
DEBUG:websockets.client:> TEXT 'battle-gen9championsvgc2026regma-1507|/team 3562' [48 bytes]
INFO:vgc_base:Teampreview [battle-gen9championsvgc2026regma-1507] \u2192 /team 6125  (ditto, sneasler, charizardmegay, zoroarkhisui)
DEBUG:websockets.client:> TEXT 'battle-gen9championsvgc2026regma-1507|/team 6125' [48 bytes]
DEBUG:websockets.client:< TEXT '>battle-gen9championsvgc2026regma-1507\n|\n|t:|...L50, F|100/100\n|turn|1' [310 bytes]
DEBUG:websockets.client:< TEXT '>battle-gen9championsvgc2026regma-1507\n|\n|t:|...L50, F|157/157\n|turn|1' [310 bytes]
DEBUG:websockets.client:< TEXT '>battle-gen9championsvgc2026regma-1507\n|reques...ing":false}]},"rqid":4}' [2167 bytes]
DEBUG:websockets.client:< TEXT '>battle-gen9championsvgc2026regma-1507\n|reques...ing":false}]},"rqid":5}' [1863 bytes]
DEBUG:live_vgc_base:Turn 1 [battle-gen9championsvgc2026regma-1507] a0=12 a1=11 src=random opp_splice=on
DEBUG:websockets.client:> TEXT 'battle-gen9championsvgc2026regma-1507|/choose s...rd, move closecombat -1' [83 bytes]
INFO:player:Turn 1 [battle-gen9championsvgc2026regma-1507] value head win-prob: 0.351  (losing)
DEBUG:live_vgc_base:Turn 1 [battle-gen9championsvgc2026regma-1507] a0=0 a1=9 src=model opp_splice=on
DEBUG:websockets.client:> TEXT 'battle-gen9championsvgc2026regma-1507|/choose move encore 1, move icywind' [73 bytes]
DEBUG:websockets.client:< TEXT '>battle-gen9championsvgc2026regma-1507\n|\n|t:|...|1\n|\n|upkeep\n|turn|2' [613 bytes]
DEBUG:websockets.client:< TEXT '>battle-gen9championsvgc2026regma-1507\n|\n|t:|...|1\n|\n|upkeep\n|turn|2' [615 bytes]
DEBUG:websockets.client:< TEXT '>battle-gen9championsvgc2026regma-1507\n|reques...ing":false}]},"rqid":6}' [2167 bytes]
DEBUG:websockets.client:< TEXT '>battle-gen9championsvgc2026regma-1507\n|reques...ing":false}]},"rqid":7}' [2152 bytes]
DEBUG:live_vgc_base:Turn 2 [battle-gen9championsvgc2026regma-1507] a0=5 a1=6 src=random opp_splice=on
DEBUG:websockets.client:> TEXT 'battle-gen9championsvgc2026regma-1507|/choose m...erball -2, move protect' [79 bytes]
INFO:player:Turn 2 [battle-gen9championsvgc2026regma-1507] value head win-prob: 0.592  (winning)
DEBUG:live_vgc_base:Turn 2 [battle-gen9championsvgc2026regma-1507] a0=0 a1=9 src=model opp_splice=on
DEBUG:websockets.client:> TEXT 'battle-gen9championsvgc2026regma-1507|/choose move encore 1, move icywind' [73 bytes]
DEBUG:websockets.client:< TEXT '>battle-gen9championsvgc2026regma-1507\n|\n|t:|...ct\n|\n|upkeep\n|turn|3' [456 bytes]
DEBUG:websockets.client:< TEXT '>battle-gen9championsvgc2026regma-1507\n|\n|t:|...ct\n|\n|upkeep\n|turn|3' [456 bytes]
DEBUG:websockets.client:< TEXT '>battle-gen9championsvgc2026regma-1507\n|reques...ing":false}]},"rqid":8}' [2167 bytes]
DEBUG:websockets.client:< TEXT '>battle-gen9championsvgc2026regma-1507\n|reques...ing":false}]},"rqid":9}' [2152 bytes]
DEBUG:live_vgc_base:Turn 3 [battle-gen9championsvgc2026regma-1507] a0=4 a1=13 src=random opp_splice=on
DEBUG:websockets.client:> TEXT 'battle-gen9championsvgc2026regma-1507|/choose m...herball 2, switch Ditto' [78 bytes]
INFO:player:Turn 3 [battle-gen9championsvgc2026regma-1507] value head win-prob: 0.749  (winning)
DEBUG:live_vgc_base:Turn 3 [battle-gen9championsvgc2026regma-1507] a0=0 a1=9 src=model opp_splice=on
DEBUG:websockets.client:> TEXT 'battle-gen9championsvgc2026regma-1507|/choose move encore 1, move icywind' [73 bytes]
DEBUG:websockets.client:< TEXT '>battle-gen9championsvgc2026regma-1507\n|\n|t:|...rd\n|\n|upkeep\n|turn|4' [530 bytes]
DEBUG:websockets.client:< TEXT '>battle-gen9championsvgc2026regma-1507\n|\n|t:|...rd\n|\n|upkeep\n|turn|4' [530 bytes]
DEBUG:websockets.client:< TEXT '>battle-gen9championsvgc2026regma-1507\n|reques...ng":false}]},"rqid":10}' [2168 bytes]
DEBUG:websockets.client:< TEXT '>battle-gen9championsvgc2026regma-1507\n|reques...ng":false}]},"rqid":11}' [2191 bytes]
DEBUG:live_vgc_base:Turn 4 [battle-gen9championsvgc2026regma-1507] a0=12 a1=6 src=random opp_splice=on
DEBUG:websockets.client:> TEXT 'battle-gen9championsvgc2026regma-1507|/choose s...asler, move moonblast 1' [79 bytes]
INFO:player:Turn 4 [battle-gen9championsvgc2026regma-1507] value head win-prob: 0.512  (even)
DEBUG:live_vgc_base:Turn 4 [battle-gen9championsvgc2026regma-1507] a0=0 a1=9 src=model opp_splice=on
DEBUG:websockets.client:> TEXT 'battle-gen9championsvgc2026regma-1507|/choose move encore 1, move icywind' [73 bytes]
DEBUG:websockets.client:< TEXT '>battle-gen9championsvgc2026regma-1507\n|\n|t:|...37\n|\n|upkeep\n|turn|5' [480 bytes]
DEBUG:websockets.client:< TEXT '>battle-gen9championsvgc2026regma-1507\n|\n|t:|...00\n|\n|upkeep\n|turn|5' [481 bytes]
DEBUG:websockets.client:< TEXT '>battle-gen9championsvgc2026regma-1507\n|reques...ng":false}]},"rqid":12}' [2167 bytes]
DEBUG:websockets.client:< TEXT '>battle-gen9championsvgc2026regma-1507\n|reques...ng":false}]},"rqid":13}' [2160 bytes]
INFO:player:Turn 5 [battle-gen9championsvgc2026regma-1507] value head win-prob: 0.644  (winning)
DEBUG:live_vgc_base:Turn 5 [battle-gen9championsvgc2026regma-1507] a0=0 a1=9 src=model opp_splice=on
DEBUG:websockets.client:> TEXT 'battle-gen9championsvgc2026regma-1507|/choose move encore 1, move icywind' [73 bytes]
DEBUG:live_vgc_base:Turn 5 [battle-gen9championsvgc2026regma-1507] a0=5 a1=6 src=random opp_splice=on
DEBUG:websockets.client:> TEXT 'battle-gen9championsvgc2026regma-1507|/choose m...aw -2, move moonblast 1' [80 bytes]
DEBUG:websockets.client:< TEXT '>battle-gen9championsvgc2026regma-1507\n|\n|t:|...a: Sneasler\n|\n|upkeep' [393 bytes]
DEBUG:websockets.client:< TEXT '>battle-gen9championsvgc2026regma-1507\n|\n|t:|...a: Sneasler\n|\n|upkeep' [393 bytes]
DEBUG:websockets.client:< TEXT '>battle-gen9championsvgc2026regma-1507\n|reques...ng":false}]},"rqid":14}' [1392 bytes]
DEBUG:websockets.client:< TEXT '>battle-gen9championsvgc2026regma-1507\n|reques...Cancel":true,"rqid":15}' [1408 bytes]
DEBUG:vgc_base:forceSwitch [battle-gen9championsvgc2026regma-1507] force=[False, True] \u2192 /choose pass / /choose switch Charizard
DEBUG:websockets.client:> TEXT 'battle-gen9championsvgc2026regma-1507|/choose pass, switch Charizard' [68 bytes]
DEBUG:websockets.client:< TEXT '>battle-gen9championsvgc2026regma-1507\n|\n|t:|... L50, F|16/100\n|turn|6' [111 bytes]
DEBUG:websockets.client:< TEXT '>battle-gen9championsvgc2026regma-1507\n|\n|t:|... L50, F|27/168\n|turn|6' [111 bytes]
DEBUG:websockets.client:< TEXT '>battle-gen9championsvgc2026regma-1507\n|reques...ng":false}]},"rqid":16}' [2167 bytes]
DEBUG:websockets.client:< TEXT '>battle-gen9championsvgc2026regma-1507\n|reques...ng":false}]},"rqid":17}' [2150 bytes]
DEBUG:live_vgc_base:Turn 6 [battle-gen9championsvgc2026regma-1507] a0=5 a1=12 src=random opp_splice=on
DEBUG:websockets.client:> TEXT 'battle-gen9championsvgc2026regma-1507|/choose m...claw -2, switch Zoroark' [78 bytes]
INFO:player:Turn 6 [battle-gen9championsvgc2026regma-1507] value head win-prob: 0.407  (losing)
DEBUG:live_vgc_base:Turn 6 [battle-gen9championsvgc2026regma-1507] a0=0 a1=9 src=model opp_splice=on
DEBUG:websockets.client:> TEXT 'battle-gen9championsvgc2026regma-1507|/choose move encore 1, move icywind' [73 bytes]
DEBUG:websockets.client:< TEXT '>battle-gen9championsvgc2026regma-1507\n|\n|t:|...00\n|\n|upkeep\n|turn|7' [547 bytes]
DEBUG:websockets.client:< TEXT '>battle-gen9championsvgc2026regma-1507\n|\n|t:|...32\n|\n|upkeep\n|turn|7' [547 bytes]
DEBUG:websockets.client:< TEXT '>battle-gen9championsvgc2026regma-1507\n|reques...ng":false}]},"rqid":18}' [2167 bytes]
DEBUG:websockets.client:< TEXT '>battle-gen9championsvgc2026regma-1507\n|reques...ng":false}]},"rqid":19}' [2136 bytes]
DEBUG:live_vgc_base:Turn 7 [battle-gen9championsvgc2026regma-1507] a0=12 a1=6 src=random opp_splice=on
DEBUG:websockets.client:> TEXT 'battle-gen9championsvgc2026regma-1507|/choose s...Charizard, move protect' [76 bytes]
INFO:player:Turn 7 [battle-gen9championsvgc2026regma-1507] value head win-prob: 0.951  (winning)
DEBUG:live_vgc_base:Turn 7 [battle-gen9championsvgc2026regma-1507] a0=0 a1=6 src=model opp_splice=on
DEBUG:websockets.client:> TEXT 'battle-gen9championsvgc2026regma-1507|/choose move encore 1, move protect' [73 bytes]
DEBUG:websockets.client:< TEXT '>battle-gen9championsvgc2026regma-1507\n|\n|t:|...tt\n|\n|upkeep\n|turn|8' [336 bytes]
DEBUG:websockets.client:< TEXT '>battle-gen9championsvgc2026regma-1507\n|\n|t:|...tt\n|\n|upkeep\n|turn|8' [336 bytes]
DEBUG:websockets.client:< TEXT '>battle-gen9championsvgc2026regma-1507\n|reques...ng":false}]},"rqid":20}' [2167 bytes]
DEBUG:websockets.client:< TEXT '>battle-gen9championsvgc2026regma-1507\n|reques...ng":false}]},"rqid":21}' [2172 bytes]
DEBUG:live_vgc_base:Turn 8 [battle-gen9championsvgc2026regma-1507] a0=12 a1=4 src=random opp_splice=on
DEBUG:websockets.client:> TEXT 'battle-gen9championsvgc2026regma-1507|/choose s...sler, move shadowball 2' [80 bytes]
INFO:player:Turn 8 [battle-gen9championsvgc2026regma-1507] value head win-prob: 0.633  (winning)
DEBUG:live_vgc_base:Turn 8 [battle-gen9championsvgc2026regma-1507] a0=0 a1=6 src=model opp_splice=on
DEBUG:websockets.client:> TEXT 'battle-gen9championsvgc2026regma-1507|/choose move encore 1, move protect' [73 bytes]
DEBUG:websockets.client:< TEXT '>battle-gen9championsvgc2026regma-1507\n|\n|t:|...rd\n|\n|upkeep\n|turn|9' [310 bytes]
DEBUG:websockets.client:< TEXT '>battle-gen9championsvgc2026regma-1507\n|\n|t:|...rd\n|\n|upkeep\n|turn|9' [310 bytes]
DEBUG:websockets.client:< TEXT '>battle-gen9championsvgc2026regma-1507\n|reques...ng":false}]},"rqid":22}' [2166 bytes]
DEBUG:websockets.client:< TEXT '>battle-gen9championsvgc2026regma-1507\n|reques...ng":false}]},"rqid":23}' [2139 bytes]
DEBUG:live_vgc_base:Turn 9 [battle-gen9championsvgc2026regma-1507] a0=1 a1=4 src=random opp_splice=on
DEBUG:websockets.client:> TEXT 'battle-gen9championsvgc2026regma-1507|/choose m...ut 2, move shadowball 2' [79 bytes]
INFO:player:Turn 9 [battle-gen9championsvgc2026regma-1507] value head win-prob: 0.980  (winning)
DEBUG:live_vgc_base:Turn 9 [battle-gen9championsvgc2026regma-1507] a0=6 a1=6 src=model opp_splice=on
DEBUG:websockets.client:> TEXT 'battle-gen9championsvgc2026regma-1507|/choose m...onblast 1, move protect' [76 bytes]
DEBUG:websockets.client:< TEXT '>battle-gen9championsvgc2026regma-1507\n|\n|t:|...ve: Protect\n|\n|upkeep' [411 bytes]
DEBUG:websockets.client:< TEXT '>battle-gen9championsvgc2026regma-1507\n|\n|t:|...ve: Protect\n|\n|upkeep' [411 bytes]
DEBUG:websockets.client:< TEXT '>battle-gen9championsvgc2026regma-1507\n|reques...ng":false}]},"rqid":24}' [1392 bytes]
DEBUG:websockets.client:< TEXT '>battle-gen9championsvgc2026regma-1507\n|reques...Cancel":true,"rqid":25}' [1406 bytes]
DEBUG:vgc_base:forceSwitch [battle-gen9championsvgc2026regma-1507] force=[True, False] \u2192 /choose switch Charizard / /choose pass
DEBUG:websockets.client:> TEXT 'battle-gen9championsvgc2026regma-1507|/choose switch Charizard, pass' [68 bytes]
DEBUG:websockets.client:< TEXT '>battle-gen9championsvgc2026regma-1507\n|\n|t:|...L50, F|16/100\n|turn|10' [112 bytes]
DEBUG:websockets.client:< TEXT '>battle-gen9championsvgc2026regma-1507\n|\n|t:|...L50, F|27/168\n|turn|10' [112 bytes]
DEBUG:websockets.client:< TEXT '>battle-gen9championsvgc2026regma-1507\n|reques...ng":false}]},"rqid":26}' [2166 bytes]
DEBUG:websockets.client:< TEXT '>battle-gen9championsvgc2026regma-1507\n|reques...ng":false}]},"rqid":27}' [2171 bytes]
DEBUG:live_vgc_base:Turn 10 [battle-gen9championsvgc2026regma-1507] a0=10 a1=4 src=random opp_splice=on
DEBUG:websockets.client:> TEXT 'battle-gen9championsvgc2026regma-1507|/choose m...am 2, move shadowball 2' [81 bytes]
INFO:player:Turn 10 [battle-gen9championsvgc2026regma-1507] value head win-prob: 0.974  (winning)
DEBUG:live_vgc_base:Turn 10 [battle-gen9championsvgc2026regma-1507] a0=13 a1=6 src=model opp_splice=on
DEBUG:websockets.client:> TEXT 'battle-gen9championsvgc2026regma-1507|/choose switch Ditto, move protect' [72 bytes]
DEBUG:websockets.client:< TEXT '>battle-gen9championsvgc2026regma-1507\n|\n|t:|...d\n|\n|upkeep\n|turn|11' [380 bytes]
DEBUG:websockets.client:< TEXT '>battle-gen9championsvgc2026regma-1507\n|\n|t:|...d\n|\n|upkeep\n|turn|11' [380 bytes]
DEBUG:websockets.client:< TEXT '>battle-gen9championsvgc2026regma-1507\n|reques...ng":false}]},"rqid":28}' [2205 bytes]
DEBUG:websockets.client:< TEXT '>battle-gen9championsvgc2026regma-1507\n|reques...ng":false}]},"rqid":29}' [1833 bytes]
DEBUG:live_vgc_base:Turn 11 [battle-gen9championsvgc2026regma-1507] a0=10 a1=6 src=random opp_splice=on
DEBUG:websockets.client:> TEXT 'battle-gen9championsvgc2026regma-1507|/choose m...larbeam 2, move protect' [76 bytes]
INFO:player:Turn 11 [battle-gen9championsvgc2026regma-1507] value head win-prob: 0.998  (winning)
DEBUG:live_vgc_base:Turn 11 [battle-gen9championsvgc2026regma-1507] a0=6 a1=6 src=model opp_splice=on
DEBUG:websockets.client:> TEXT 'battle-gen9championsvgc2026regma-1507|/choose m...ypervoice, move protect' [75 bytes]
DEBUG:websockets.client:< TEXT '>battle-gen9championsvgc2026regma-1507\n|\n|t:|...d\n|\n|upkeep\n|turn|12' [478 bytes]
DEBUG:websockets.client:< TEXT '>battle-gen9championsvgc2026regma-1507\n|\n|t:|...d\n|\n|upkeep\n|turn|12' [478 bytes]
DEBUG:websockets.client:< TEXT '>battle-gen9championsvgc2026regma-1507\n|reques...ng":false}]},"rqid":30}' [2205 bytes]
DEBUG:websockets.client:< TEXT '>battle-gen9championsvgc2026regma-1507\n|reques...ng":false}]},"rqid":31}' [2170 bytes]
DEBUG:live_vgc_base:Turn 12 [battle-gen9championsvgc2026regma-1507] a0=0 a1=9 src=random opp_splice=on
DEBUG:vgc_base:_safe_order: action 0 slot 0 \u2192 None, scanning legal actions.
DEBUG:vgc_base:_safe_order: slot 0 has no decodable legal action — sending Pass.
DEBUG:websockets.client:> TEXT 'battle-gen9championsvgc2026regma-1507|/choose pass, move icywind' [64 bytes]
INFO:player:Turn 12 [battle-gen9championsvgc2026regma-1507] value head win-prob: 1.000  (winning)
DEBUG:live_vgc_base:Turn 12 [battle-gen9championsvgc2026regma-1507] a0=4 a1=6 src=model opp_splice=on
DEBUG:websockets.client:> TEXT 'battle-gen9championsvgc2026regma-1507|/choose m...dowball 2, move protect' [77 bytes]
DEBUG:websockets.client:< TEXT '>battle-gen9championsvgc2026regma-1507\n|\n|t:|...k\n|\n|upkeep\n|turn|13' [443 bytes]
DEBUG:websockets.client:< TEXT '>battle-gen9championsvgc2026regma-1507\n|\n|t:|...k\n|\n|upkeep\n|turn|13' [442 bytes]
DEBUG:websockets.client:< TEXT '>battle-gen9championsvgc2026regma-1507\n|reques...ng":false}]},"rqid":32}' [2204 bytes]
DEBUG:websockets.client:< TEXT '>battle-gen9championsvgc2026regma-1507\n|reques...ng":false}]},"rqid":33}' [2170 bytes]
INFO:player:Turn 13 [battle-gen9championsvgc2026regma-1507] value head win-prob: 0.999  (winning)
DEBUG:live_vgc_base:Turn 13 [battle-gen9championsvgc2026regma-1507] a0=4 a1=6 src=model opp_splice=on
DEBUG:websockets.client:> TEXT 'battle-gen9championsvgc2026regma-1507|/choose m...dowball 2, move protect' [77 bytes]
DEBUG:live_vgc_base:Turn 13 [battle-gen9championsvgc2026regma-1507] a0=0 a1=9 src=random opp_splice=on
DEBUG:vgc_base:_safe_order: action 0 slot 0 \u2192 None, scanning legal actions.
DEBUG:vgc_base:_safe_order: slot 0 has no decodable legal action — sending Pass.
DEBUG:websockets.client:> TEXT 'battle-gen9championsvgc2026regma-1507|/choose pass, move icywind' [64 bytes]
DEBUG:websockets.client:< TEXT '>battle-gen9championsvgc2026regma-1507\n|\n|t:|...k\n|\n|upkeep\n|turn|14' [356 bytes]
DEBUG:websockets.client:< TEXT '>battle-gen9championsvgc2026regma-1507\n|\n|t:|...k\n|\n|upkeep\n|turn|14' [356 bytes]
DEBUG:websockets.client:< TEXT '>battle-gen9championsvgc2026regma-1507\n|reques...ng":false}]},"rqid":34}' [2203 bytes]
DEBUG:websockets.client:< TEXT '>battle-gen9championsvgc2026regma-1507\n|reques...ng":false}]},"rqid":35}' [2170 bytes]
INFO:player:Turn 14 [battle-gen9championsvgc2026regma-1507] value head win-prob: 0.999  (winning)
DEBUG:live_vgc_base:Turn 14 [battle-gen9championsvgc2026regma-1507] a0=4 a1=6 src=model opp_splice=on
DEBUG:websockets.client:> TEXT 'battle-gen9championsvgc2026regma-1507|/choose m...dowball 2, move protect' [77 bytes]
DEBUG:live_vgc_base:Turn 14 [battle-gen9championsvgc2026regma-1507] a0=0 a1=9 src=random opp_splice=on
DEBUG:vgc_base:_safe_order: action 0 slot 0 \u2192 None, scanning legal actions.
DEBUG:vgc_base:_safe_order: slot 0 has no decodable legal action — sending Pass.
DEBUG:websockets.client:> TEXT 'battle-gen9championsvgc2026regma-1507|/choose pass, move icywind' [64 bytes]
DEBUG:websockets.client:< TEXT '>battle-gen9championsvgc2026regma-1507\n|\n|t:|...k\n|\n|upkeep\n|turn|15' [364 bytes]
DEBUG:websockets.client:< TEXT '>battle-gen9championsvgc2026regma-1507\n|\n|t:|...k\n|\n|upkeep\n|turn|15' [364 bytes]
DEBUG:websockets.client:< TEXT '>battle-gen9championsvgc2026regma-1507\n|reques...ng":false}]},"rqid":36}' [2202 bytes]
DEBUG:websockets.client:< TEXT '>battle-gen9championsvgc2026regma-1507\n|reques...ng":false}]},"rqid":37}' [2170 bytes]
INFO:player:Turn 15 [battle-gen9championsvgc2026regma-1507] value head win-prob: 0.997  (winning)
DEBUG:live_vgc_base:Turn 15 [battle-gen9championsvgc2026regma-1507] a0=4 a1=0 src=model opp_splice=on
DEBUG:websockets.client:> TEXT 'battle-gen9championsvgc2026regma-1507|/choose m...ball 2, move hypervoice' [80 bytes]
DEBUG:live_vgc_base:Turn 15 [battle-gen9championsvgc2026regma-1507] a0=0 a1=0 src=random opp_splice=on
DEBUG:vgc_base:_safe_order: action 0 slot 0 \u2192 None, scanning legal actions.
DEBUG:vgc_base:_safe_order: slot 0 has no decodable legal action — sending Pass.
DEBUG:websockets.client:> TEXT 'battle-gen9championsvgc2026regma-1507|/choose pass, move hypervoice' [67 bytes]
DEBUG:websockets.client:< TEXT '>battle-gen9championsvgc2026regma-1507\n|\n|t:|...k\n|\n|upkeep\n|turn|16' [300 bytes]
DEBUG:websockets.client:< TEXT '>battle-gen9championsvgc2026regma-1507\n|\n|t:|...k\n|\n|upkeep\n|turn|16' [300 bytes]
DEBUG:websockets.client:< TEXT '>battle-gen9championsvgc2026regma-1507\n|reques...ng":false}]},"rqid":38}' [2202 bytes]
DEBUG:websockets.client:< TEXT '>battle-gen9championsvgc2026regma-1507\n|reques...ng":false}]},"rqid":39}' [2170 bytes]
INFO:player:Turn 16 [battle-gen9championsvgc2026regma-1507] value head win-prob: 0.997  (winning)
DEBUG:live_vgc_base:Turn 16 [battle-gen9championsvgc2026regma-1507] a0=4 a1=0 src=model opp_splice=on
DEBUG:websockets.client:> TEXT 'battle-gen9championsvgc2026regma-1507|/choose m...ball 2, move hypervoice' [80 bytes]
DEBUG:live_vgc_base:Turn 16 [battle-gen9championsvgc2026regma-1507] a0=0 a1=0 src=random opp_splice=on
DEBUG:vgc_base:_safe_order: action 0 slot 0 \u2192 None, scanning legal actions.
DEBUG:vgc_base:_safe_order: slot 0 has no decodable legal action — sending Pass.
DEBUG:websockets.client:> TEXT 'battle-gen9championsvgc2026regma-1507|/choose pass, move hypervoice' [67 bytes]
DEBUG:websockets.client:< TEXT '>battle-gen9championsvgc2026regma-1507\n|\n|t:|...k\n|\n|upkeep\n|turn|17' [300 bytes]
DEBUG:websockets.client:< TEXT '>battle-gen9championsvgc2026regma-1507\n|\n|t:|...k\n|\n|upkeep\n|turn|17' [300 bytes]
DEBUG:websockets.client:< TEXT '>battle-gen9championsvgc2026regma-1507\n|reques...ng":false}]},"rqid":40}' [2201 bytes]
DEBUG:websockets.client:< TEXT '>battle-gen9championsvgc2026regma-1507\n|reques...ng":false}]},"rqid":41}' [2170 bytes]
DEBUG:live_vgc_base:Turn 17 [battle-gen9championsvgc2026regma-1507] a0=0 a1=4 src=random opp_splice=on
DEBUG:vgc_base:_safe_order: action 0 slot 0 \u2192 None, scanning legal actions.
DEBUG:vgc_base:_safe_order: slot 0 has no decodable legal action — sending Pass.
DEBUG:websockets.client:> TEXT 'battle-gen9championsvgc2026regma-1507|/choose pass, move shadowball 2' [69 bytes]
INFO:player:Turn 17 [battle-gen9championsvgc2026regma-1507] value head win-prob: 0.997  (winning)
DEBUG:live_vgc_base:Turn 17 [battle-gen9championsvgc2026regma-1507] a0=12 a1=0 src=model opp_splice=on
DEBUG:websockets.client:> TEXT 'battle-gen9championsvgc2026regma-1507|/choose s...rizard, move hypervoice' [79 bytes]
DEBUG:websockets.client:< TEXT '>battle-gen9championsvgc2026regma-1507\n|\n|t:|...k\n|\n|upkeep\n|turn|18' [255 bytes]
DEBUG:websockets.client:< TEXT '>battle-gen9championsvgc2026regma-1507\n|\n|t:|...k\n|\n|upkeep\n|turn|18' [255 bytes]
DEBUG:websockets.client:< TEXT '>battle-gen9championsvgc2026regma-1507\n|reques...ng":false}]},"rqid":42}' [2184 bytes]
INFO:player:Turn 18 [battle-gen9championsvgc2026regma-1507] value head win-prob: 0.983  (winning)
DEBUG:live_vgc_base:Turn 18 [battle-gen9championsvgc2026regma-1507] a0=0 a1=0 src=model opp_splice=on
DEBUG:websockets.client:> TEXT 'battle-gen9championsvgc2026regma-1507|/choose m...e mega, move hypervoice' [81 bytes]
DEBUG:websockets.client:< TEXT '>battle-gen9championsvgc2026regma-1507\n|reques...ng":false}]},"rqid":43}' [2170 bytes]
DEBUG:live_vgc_base:Turn 18 [battle-gen9championsvgc2026regma-1507] a0=0 a1=9 src=random opp_splice=on
DEBUG:vgc_base:_safe_order: action 0 slot 0 \u2192 None, scanning legal actions.
DEBUG:vgc_base:_safe_order: slot 0 has no decodable legal action — sending Pass.
DEBUG:websockets.client:> TEXT 'battle-gen9championsvgc2026regma-1507|/choose pass, move icywind' [64 bytes]
DEBUG:websockets.client:< TEXT '>battle-gen9championsvgc2026regma-1507\n|\n|t:|...b: Zoroark\n|\n|win|BC1' [323 bytes]
DEBUG:websockets.client:< TEXT '>battle-gen9championsvgc2026regma-1507\n|\n|t:|...b: Zoroark\n|\n|win|BC1' [323 bytes]
DEBUG:websockets.client:< TEXT '|updatesearch|{"searching":[],"games":null}' [43 bytes]
INFO:vgc_base:Battle battle-gen9championsvgc2026regma-1507 finished — outcome: WIN  (W/L/D so far: 8/2/0)
DEBUG:websockets.client:> TEXT '|/leave battle-gen9championsvgc2026regma-1507' [45 bytes]
DEBUG:websockets.client:< TEXT '|updatesearch|{"searching":[],"games":null}' [43 bytes]
INFO:vgc_base:Battle battle-gen9championsvgc2026regma-1507 finished — outcome: LOSS  (W/L/D so far: 2/8/0)
DEBUG:websockets.client:> TEXT '|/leave battle-gen9championsvgc2026regma-1507' [45 bytes]
DEBUG:websockets.client:< TEXT '>battle-gen9championsvgc2026regma-1507\n|deinit' [46 bytes]
DEBUG:websockets.client:< TEXT '>battle-gen9championsvgc2026regma-1507\n|l|\u2606BC1' [48 bytes]
DEBUG:websockets.client:< TEXT '>battle-gen9championsvgc2026regma-1507\n|deinit' [46 bytes]
DEBUG:websockets.client:> CLOSE 1000 (OK) [2 bytes]
DEBUG:websockets.client:= connection is CLOSING
DEBUG:websockets.client:< CLOSE 1000 (OK) [2 bytes]
DEBUG:websockets.client:< EOF
DEBUG:websockets.client:> EOF
DEBUG:websockets.client:= connection is CLOSED
DEBUG:websockets.client:x half-closing TCP connection
DEBUG:websockets.client:> CLOSE 1000 (OK) [2 bytes]
DEBUG:websockets.client:= connection is CLOSING
DEBUG:websockets.client:< CLOSE 1000 (OK) [2 bytes]
DEBUG:websockets.client:< EOF
DEBUG:websockets.client:> EOF
DEBUG:websockets.client:= connection is CLOSED
DEBUG:websockets.client:x half-closing TCP connection
INFO:__main__:vs random: 8/10
INFO:run_local_battle:Loaded team from D:\ShowdownProject\Victory-Dance\teams\M-A\Trickery
INFO:run_local_battle:Loaded team from D:\ShowdownProject\Victory-Dance\teams\M-A\Trickery
INFO:player:VGCPlayer: loaded battle model from ai_train_scripts\BC_model\checkpoints_v3\bc_best.pt (heads=('our_a', 'our_b'))
INFO:player:VGCPlayer: loaded team-chooser from D:\ShowdownProject\Victory-Dance\ai_train_scripts\teamPreview_model\checkpoints\teampreview_best.pt (vocab=190)
INFO:player:VGCPlayer ready (gap-#6 splice) | battle_model=loaded (ai_train_scripts\BC_model\checkpoints_v3\bc_best.pt) | team_chooser=loaded (D:\ShowdownProject\Victory-Dance\ai_train_scripts\teamPreview_model\checkpoints\teampreview_best.pt) | replay=D:\ShowdownProject\Victory-Dance\replay_buffer\BC2.jsonl
DEBUG:websockets.client:= connection is CONNECTING
DEBUG:websockets.client:> GET /showdown/websocket HTTP/1.1
DEBUG:websockets.client:> Host: localhost:8000
DEBUG:websockets.client:> Upgrade: websocket
DEBUG:websockets.client:> Connection: Upgrade
DEBUG:websockets.client:> Sec-WebSocket-Key: tMVfpZpr6s/Y8aIJC+j2ww==
DEBUG:websockets.client:> Sec-WebSocket-Version: 13
DEBUG:websockets.client:> Sec-WebSocket-Extensions: permessage-deflate; client_max_window_bits
DEBUG:websockets.client:> User-Agent: Python/3.12 websockets/16.0
DEBUG:websockets.client:< HTTP/1.1 101 Switching Protocols
DEBUG:websockets.client:< Upgrade: websocket
DEBUG:websockets.client:< Connection: Upgrade
DEBUG:websockets.client:< Sec-WebSocket-Accept: W+PgczXvrHxAIEVds0MG51SwSvU=
DEBUG:websockets.client:= connection is OPEN
DEBUG:websockets.client:< TEXT '|updateuser| Guest 931|0|101|{"blockChallenges"...c|[Gen 1] Custom Game,c' [8617 bytes]
DEBUG:websockets.client:< TEXT '|challstr|4|b285ccad4faed219fc0b66ce03887b19ace...4aa2a0b4144cdd5c3b0eef2' [268 bytes]
DEBUG:websockets.client:> TEXT '|/trn BC2,0,' [12 bytes]
DEBUG:websockets.client:< TEXT '|updatesearch|{"searching":[],"games":null}' [43 bytes]
DEBUG:websockets.client:< TEXT '|updateuser| BC2|1|102|{"blockChallenges":false...:false,"language":null}' [346 bytes]
DEBUG:websockets.client:< TEXT '|updatesearch|{"searching":[],"games":null}' [43 bytes]
DEBUG:websockets.client:= connection is CONNECTING
DEBUG:websockets.client:> GET /showdown/websocket HTTP/1.1
DEBUG:websockets.client:> Host: localhost:8000
DEBUG:websockets.client:> Upgrade: websocket
DEBUG:websockets.client:> Connection: Upgrade
DEBUG:websockets.client:> Sec-WebSocket-Key: S8Y6MctU5FW6Uu1I/0ogOg==
DEBUG:websockets.client:> Sec-WebSocket-Version: 13
DEBUG:websockets.client:> Sec-WebSocket-Extensions: permessage-deflate; client_max_window_bits
DEBUG:websockets.client:> User-Agent: Python/3.12 websockets/16.0
DEBUG:websockets.client:< HTTP/1.1 101 Switching Protocols
DEBUG:websockets.client:< Upgrade: websocket
DEBUG:websockets.client:< Connection: Upgrade
DEBUG:websockets.client:< Sec-WebSocket-Accept: 3Hy5RFI1fiGNLVunYTFYvvhGKNQ=
DEBUG:websockets.client:= connection is OPEN
DEBUG:websockets.client:< TEXT '|updateuser| Guest 932|0|1|{"blockChallenges":f...c|[Gen 1] Custom Game,c' [8615 bytes]
DEBUG:websockets.client:< TEXT '|challstr|4|cb93c16cfba1eed02d700da208ff0e636f9...d8f98cc551a390d4fd00136' [268 bytes]
DEBUG:websockets.client:> TEXT '|/trn OPmax_2,0,' [16 bytes]
DEBUG:websockets.client:< TEXT '|updatesearch|{"searching":[],"games":null}' [43 bytes]
DEBUG:websockets.client:< TEXT '|updateuser| OPmax_2|1|1|{"blockChallenges":fal...:false,"language":null}' [348 bytes]
DEBUG:websockets.client:> TEXT '|/utm Sneasler||whiteherb|unburden|fakeout,dire...Naive|32,2,,,,32||||50|' [550 bytes]
DEBUG:websockets.client:> TEXT '|/challenge opmax2, gen9championsvgc2026regma' [45 bytes]
DEBUG:websockets.client:< TEXT '|pm| BC2| OPmax_2|/challenge gen9championsvgc20...hampionsvgc2026regma|||' [83 bytes]
DEBUG:websockets.client:< TEXT '|pm| BC2| OPmax_2|/challenge gen9championsvgc20...hampionsvgc2026regma|||' [83 bytes]
DEBUG:websockets.client:< TEXT '|pm| BC2| OPmax_2|/log BC2 wants to battle!' [43 bytes]
DEBUG:websockets.client:< TEXT '|pm| BC2| OPmax_2|/log BC2 wants to battle!' [43 bytes]
DEBUG:websockets.client:> TEXT '|/utm Sneasler||whiteherb|unburden|fakeout,dire...Naive|32,2,,,,32||||50|' [550 bytes]
DEBUG:websockets.client:> TEXT '|/accept bc2' [12 bytes]
DEBUG:websockets.client:< TEXT '|pm| OPmax_2| BC2|/challenge' [28 bytes]
DEBUG:websockets.client:< TEXT '|pm| OPmax_2| BC2|/challenge' [28 bytes]
DEBUG:websockets.client:< TEXT '|updatesearch|{"searching":[],"games":null}' [43 bytes]
DEBUG:websockets.client:< TEXT '|updatesearch|{"searching":[],"games":null}' [43 bytes]
DEBUG:websockets.client:< TEXT '|updatesearch|{"searching":[],"games":{"battle-... 2026 Reg M-A Battle"}}' [124 bytes]
DEBUG:websockets.client:< TEXT '|updatesearch|{"searching":[],"games":{"battle-... 2026 Reg M-A Battle"}}' [124 bytes]
DEBUG:websockets.client:< TEXT '|updatesearch|{"searching":[],"games":{"battle-... 2026 Reg M-A Battle"}}' [124 bytes]
DEBUG:websockets.client:< TEXT '|updatesearch|{"searching":[],"games":{"battle-... 2026 Reg M-A Battle"}}' [124 bytes]
DEBUG:websockets.client:< TEXT '>battle-gen9championsvgc2026regma-1508\n|init|b... vs. OPmax_2\n|j|\u2606BC2\n' [85 bytes]
DEBUG:websockets.client:< TEXT '>battle-gen9championsvgc2026regma-1508\n|init|b...n|j|\u2606BC2\n|j|\u2606OPmax_2\n' [99 bytes]
DEBUG:websockets.client:< TEXT '>battle-gen9championsvgc2026regma-1508\n|j|\u2606OPmax_2' [52 bytes]
DEBUG:websockets.client:< TEXT '|pm| OPmax_2| BC2|/nonotify OPmax_2 accepted th...26regma-1508</a>&raquo;' [173 bytes]
DEBUG:websockets.client:< TEXT '|pm| OPmax_2| BC2|/nonotify OPmax_2 accepted th...26regma-1508</a>&raquo;' [173 bytes]
DEBUG:websockets.client:< TEXT '>battle-gen9championsvgc2026regma-1508\n|t:|1781641910\n|gametype|doubles' [71 bytes]
DEBUG:websockets.client:> TEXT 'battle-gen9championsvgc2026regma-1508|/rejectopenteamsheets' [59 bytes]
DEBUG:websockets.client:< TEXT '>battle-gen9championsvgc2026regma-1508\n|t:|1781641910\n|gametype|doubles' [71 bytes]
DEBUG:websockets.client:> TEXT 'battle-gen9championsvgc2026regma-1508|/rejectopenteamsheets' [59 bytes]
DEBUG:websockets.client:> TEXT '|/utm Sneasler||whiteherb|unburden|fakeout,dire...Naive|32,2,,,,32||||50|' [550 bytes]
DEBUG:websockets.client:> TEXT '|/challenge opmax2, gen9championsvgc2026regma' [45 bytes]
DEBUG:websockets.client:< TEXT '>battle-gen9championsvgc2026regma-1508\n|player|p1|BC2|102|' [58 bytes]
DEBUG:websockets.client:< TEXT '>battle-gen9championsvgc2026regma-1508\n|player|p1|BC2|102|' [58 bytes]
DEBUG:websockets.client:< TEXT '>battle-gen9championsvgc2026regma-1508\n|uhtmlchange|otsrequest|' [63 bytes]
DEBUG:websockets.client:< TEXT '>battle-gen9championsvgc2026regma-1508\nBC2 rejected open team sheets.' [69 bytes]
DEBUG:websockets.client:< TEXT '>battle-gen9championsvgc2026regma-1508\n|player...heets</strong></button>' [855 bytes]
DEBUG:websockets.client:< TEXT '>battle-gen9championsvgc2026regma-1508\n|reques...ing":false}]},"rqid":3}' [2097 bytes]
DEBUG:websockets.client:< TEXT '>battle-gen9championsvgc2026regma-1508\n|uhtmlchange|otsrequest|' [63 bytes]
DEBUG:websockets.client:< TEXT '>battle-gen9championsvgc2026regma-1508\n|uhtmlchange|otsrequest|' [63 bytes]
DEBUG:websockets.client:< TEXT '>battle-gen9championsvgc2026regma-1508\nBC2 rejected open team sheets.' [69 bytes]
DEBUG:websockets.client:< TEXT '>battle-gen9championsvgc2026regma-1508\n|player...heets</strong></button>' [855 bytes]
DEBUG:websockets.client:< TEXT '>battle-gen9championsvgc2026regma-1508\n|reques...ing":false}]},"rqid":2}' [2093 bytes]
DEBUG:websockets.client:< TEXT '>battle-gen9championsvgc2026regma-1508\n|uhtmlchange|otsrequest|' [63 bytes]
DEBUG:websockets.client:< TEXT '>battle-gen9championsvgc2026regma-1508\nOPmax_2...ected open team sheets.' [73 bytes]
DEBUG:websockets.client:< TEXT '>battle-gen9championsvgc2026regma-1508\nOPmax_2...ected open team sheets.' [73 bytes]
INFO:player:Team-preview [battle-gen9championsvgc2026regma-1508] NET drove: bring=['whimsicott', 'zoroarkhisui', 'ditto', 'charizardmegay'] leads=['whimsicott', 'zoroarkhisui'] (vs opp ['sneasler', 'charizard', 'whimsicott', 'basculegion', 'zoroarkhisui', 'ditto'])
INFO:vgc_base:Teampreview [battle-gen9championsvgc2026regma-1508] \u2192 /team 3562  (whimsicott, zoroarkhisui, ditto, charizardmegay)
DEBUG:websockets.client:> TEXT 'battle-gen9championsvgc2026regma-1508|/team 3562' [48 bytes]
DEBUG:vgc_base:Teampreview: first-4 roster order \u2192 ['sneasler', 'charizardmegay', 'whimsicott', 'basculegion']
INFO:vgc_base:Teampreview [battle-gen9championsvgc2026regma-1508] \u2192 /team 1234  (sneasler, charizardmegay, whimsicott, basculegion)
DEBUG:websockets.client:> TEXT 'battle-gen9championsvgc2026regma-1508|/team 1234' [48 bytes]
DEBUG:websockets.client:< TEXT '|pm| BC2| OPmax_2|/challenge gen9championsvgc20...hampionsvgc2026regma|||' [83 bytes]
DEBUG:websockets.client:< TEXT '|pm| BC2| OPmax_2|/challenge gen9championsvgc20...hampionsvgc2026regma|||' [83 bytes]
DEBUG:websockets.client:< TEXT '|pm| BC2| OPmax_2|/log BC2 wants to battle!' [43 bytes]
DEBUG:websockets.client:< TEXT '|pm| BC2| OPmax_2|/log BC2 wants to battle!' [43 bytes]
DEBUG:websockets.client:> TEXT '|/utm Sneasler||whiteherb|unburden|fakeout,dire...Naive|32,2,,,,32||||50|' [550 bytes]
DEBUG:websockets.client:> TEXT '|/accept bc2' [12 bytes]
DEBUG:websockets.client:< TEXT '>battle-gen9championsvgc2026regma-1508\n|\n|t:|...L50, F|100/100\n|turn|1' [321 bytes]
DEBUG:websockets.client:< TEXT '>battle-gen9championsvgc2026regma-1508\n|\n|t:|...L50, F|168/168\n|turn|1' [321 bytes]
DEBUG:websockets.client:< TEXT '>battle-gen9championsvgc2026regma-1508\n|reques...ing":false}]},"rqid":4}' [2167 bytes]
DEBUG:websockets.client:< TEXT '>battle-gen9championsvgc2026regma-1508\n|reques...ing":false}]},"rqid":5}' [2236 bytes]
DEBUG:websockets.client:< TEXT '|pm| OPmax_2| BC2|/challenge' [28 bytes]
DEBUG:websockets.client:< TEXT '|pm| OPmax_2| BC2|/challenge' [28 bytes]
INFO:player:Turn 1 [battle-gen9championsvgc2026regma-1508] value head win-prob: 0.351  (losing)
DEBUG:live_vgc_base:Turn 1 [battle-gen9championsvgc2026regma-1508] a0=0 a1=9 src=model opp_splice=on
DEBUG:websockets.client:> TEXT 'battle-gen9championsvgc2026regma-1508|/choose move encore 1, move icywind' [73 bytes]
DEBUG:vgc_base:Turn 1 [battle-gen9championsvgc2026regma-1508] a0=9 a1=9 src=max_damage g0=0 g1=0
DEBUG:websockets.client:> TEXT 'battle-gen9championsvgc2026regma-1508|/choose m...bat 1, move solarbeam 1' [82 bytes]
DEBUG:websockets.client:< TEXT '|updatesearch|{"searching":[],"games":{"battle-... 2026 Reg M-A Battle"}}' [124 bytes]
DEBUG:websockets.client:< TEXT '|updatesearch|{"searching":[],"games":{"battle-... 2026 Reg M-A Battle"}}' [124 bytes]
DEBUG:websockets.client:< TEXT '|updatesearch|{"searching":[],"games":{"battle-... 2026 Reg M-A Battle"}}' [208 bytes]
DEBUG:websockets.client:< TEXT '|updatesearch|{"searching":[],"games":{"battle-... 2026 Reg M-A Battle"}}' [208 bytes]
DEBUG:websockets.client:< TEXT '|updatesearch|{"searching":[],"games":{"battle-... 2026 Reg M-A Battle"}}' [208 bytes]
DEBUG:websockets.client:< TEXT '|updatesearch|{"searching":[],"games":{"battle-... 2026 Reg M-A Battle"}}' [208 bytes]
DEBUG:websockets.client:< TEXT '>battle-gen9championsvgc2026regma-1509\n|init|b...n|j|\u2606BC2\n|j|\u2606OPmax_2\n' [99 bytes]
DEBUG:websockets.client:< TEXT '|pm| OPmax_2| BC2|/nonotify OPmax_2 accepted th...26regma-1509</a>&raquo;' [173 bytes]
DEBUG:websockets.client:< TEXT '>battle-gen9championsvgc2026regma-1509\n|t:|1781641910\n|gametype|doubles' [71 bytes]
DEBUG:websockets.client:< TEXT '>battle-gen9championsvgc2026regma-1509\n|player|p1|BC2|102|' [58 bytes]
DEBUG:websockets.client:< TEXT '>battle-gen9championsvgc2026regma-1509\n|player...heets</strong></button>' [855 bytes]
DEBUG:websockets.client:< TEXT '>battle-gen9championsvgc2026regma-1509\n|reques...ing":false}]},"rqid":3}' [2097 bytes]
DEBUG:websockets.client:< TEXT '>battle-gen9championsvgc2026regma-1509\n|init|b... vs. OPmax_2\n|j|\u2606BC2\n' [85 bytes]
DEBUG:websockets.client:< TEXT '>battle-gen9championsvgc2026regma-1509\n|j|\u2606OPmax_2' [52 bytes]
DEBUG:websockets.client:< TEXT '|pm| OPmax_2| BC2|/nonotify OPmax_2 accepted th...26regma-1509</a>&raquo;' [173 bytes]
DEBUG:websockets.client:< TEXT '>battle-gen9championsvgc2026regma-1509\n|t:|1781641910\n|gametype|doubles' [71 bytes]
DEBUG:websockets.client:< TEXT '>battle-gen9championsvgc2026regma-1509\n|player|p1|BC2|102|' [58 bytes]
DEBUG:websockets.client:< TEXT '>battle-gen9championsvgc2026regma-1509\n|player...heets</strong></button>' [855 bytes]
DEBUG:websockets.client:< TEXT '>battle-gen9championsvgc2026regma-1509\n|reques...ing":false}]},"rqid":2}' [2093 bytes]
DEBUG:websockets.client:< TEXT '>battle-gen9championsvgc2026regma-1508\n|\n|t:|...am\n|\n|upkeep\n|turn|2' [643 bytes]
DEBUG:websockets.client:< TEXT '>battle-gen9championsvgc2026regma-1508\n|\n|t:|...am\n|\n|upkeep\n|turn|2' [645 bytes]
DEBUG:websockets.client:< TEXT '>battle-gen9championsvgc2026regma-1508\n|reques...ing":false}]},"rqid":7}' [1888 bytes]
DEBUG:websockets.client:< TEXT '>battle-gen9championsvgc2026regma-1508\n|reques...ing":false}]},"rqid":6}' [2166 bytes]
DEBUG:vgc_base:Turn 2 [battle-gen9championsvgc2026regma-1508] a0=9 a1=9 src=max_damage g0=0 g1=0
DEBUG:websockets.client:> TEXT 'battle-gen9championsvgc2026regma-1508|/choose m...bat 1, move solarbeam 1' [82 bytes]
INFO:player:Turn 2 [battle-gen9championsvgc2026regma-1508] value head win-prob: 0.276  (losing)
DEBUG:live_vgc_base:Turn 2 [battle-gen9championsvgc2026regma-1508] a0=0 a1=9 src=model opp_splice=on
DEBUG:websockets.client:> TEXT 'battle-gen9championsvgc2026regma-1508|/choose move encore 1, move icywind' [73 bytes]
DEBUG:websockets.client:< TEXT '>battle-gen9championsvgc2026regma-1508\n|\n|t:|... Whimsicott\n|\n|upkeep' [639 bytes]
DEBUG:websockets.client:< TEXT '>battle-gen9championsvgc2026regma-1508\n|\n|t:|... Whimsicott\n|\n|upkeep' [640 bytes]
DEBUG:websockets.client:< TEXT '>battle-gen9championsvgc2026regma-1508\n|reques...oCancel":true,"rqid":8}' [1421 bytes]
DEBUG:websockets.client:< TEXT '>battle-gen9championsvgc2026regma-1508\n|reques...ing":false}]},"rqid":9}' [1452 bytes]
DEBUG:live_vgc_base:forceSwitch forced_switch_model [battle-gen9championsvgc2026regma-1508] turn 2 a0=13 a1=None opp_splice=on
DEBUG:websockets.client:> TEXT 'battle-gen9championsvgc2026regma-1508|/choose switch Ditto, pass' [64 bytes]
DEBUG:websockets.client:< TEXT '>battle-gen9championsvgc2026regma-1508\n|\n|t:|...lity: Imposter\n|turn|3' [164 bytes]
DEBUG:websockets.client:< TEXT '>battle-gen9championsvgc2026regma-1508\n|\n|t:|...lity: Imposter\n|turn|3' [164 bytes]
DEBUG:websockets.client:< TEXT '>battle-gen9championsvgc2026regma-1508\n|reques...ng":false}]},"rqid":11}' [2224 bytes]
DEBUG:websockets.client:< TEXT '>battle-gen9championsvgc2026regma-1508\n|reques...ng":false}]},"rqid":10}' [2200 bytes]
DEBUG:vgc_base:Turn 3 [battle-gen9championsvgc2026regma-1508] a0=9 a1=9 src=max_damage g0=0 g1=0
DEBUG:websockets.client:> TEXT 'battle-gen9championsvgc2026regma-1508|/choose m...bat 1, move solarbeam 1' [82 bytes]
INFO:player:Turn 3 [battle-gen9championsvgc2026regma-1508] value head win-prob: 0.517  (even)
DEBUG:live_vgc_base:Turn 3 [battle-gen9championsvgc2026regma-1508] a0=3 a1=9 src=model opp_splice=on
DEBUG:websockets.client:> TEXT 'battle-gen9championsvgc2026regma-1508|/choose move heatwave, move icywind' [73 bytes]
DEBUG:websockets.client:< TEXT '>battle-gen9championsvgc2026regma-1508\n|\n|t:|...|Solar Beam\n|\n|upkeep' [618 bytes]
DEBUG:websockets.client:< TEXT '>battle-gen9championsvgc2026regma-1508\n|\n|t:|...|Solar Beam\n|\n|upkeep' [617 bytes]
DEBUG:websockets.client:< TEXT '>battle-gen9championsvgc2026regma-1508\n|reques...Cancel":true,"rqid":13}' [1482 bytes]
DEBUG:websockets.client:< TEXT '>battle-gen9championsvgc2026regma-1508\n|reques...ng":false}]},"rqid":12}' [1427 bytes]
DEBUG:vgc_base:forceSwitch [battle-gen9championsvgc2026regma-1508] force=[True, False] \u2192 /choose switch Basculegion / /choose pass
DEBUG:websockets.client:> TEXT 'battle-gen9championsvgc2026regma-1508|/choose switch Basculegion, pass' [70 bytes]
DEBUG:websockets.client:< TEXT '>battle-gen9championsvgc2026regma-1508\n|\n|t:|...L50, M|100/100\n|turn|4' [116 bytes]
DEBUG:websockets.client:< TEXT '>battle-gen9championsvgc2026regma-1508\n|\n|t:|...L50, M|197/197\n|turn|4' [116 bytes]
DEBUG:websockets.client:< TEXT '>battle-gen9championsvgc2026regma-1508\n|reques...ng":false}]},"rqid":14}' [2199 bytes]
DEBUG:websockets.client:< TEXT '>battle-gen9championsvgc2026regma-1508\n|reques...ng":false}]},"rqid":15}' [1895 bytes]
DEBUG:vgc_base:Turn 4 [battle-gen9championsvgc2026regma-1508] a0=3 a1=9 src=max_damage g0=0 g1=0
DEBUG:websockets.client:> TEXT 'battle-gen9championsvgc2026regma-1508|/choose m...ash 1, move solarbeam 1' [80 bytes]
INFO:player:Turn 4 [battle-gen9championsvgc2026regma-1508] value head win-prob: 0.112  (losing)
DEBUG:live_vgc_base:Turn 4 [battle-gen9championsvgc2026regma-1508] a0=3 a1=0 src=model opp_splice=on
DEBUG:websockets.client:> TEXT 'battle-gen9championsvgc2026regma-1508|/choose m...atwave, move hypervoice' [76 bytes]
DEBUG:websockets.client:< TEXT '>battle-gen9championsvgc2026regma-1508\n|\n|t:|...rk|Illusion\n|\n|upkeep' [539 bytes]
DEBUG:websockets.client:< TEXT '>battle-gen9championsvgc2026regma-1508\n|\n|t:|...rk|Illusion\n|\n|upkeep' [541 bytes]
DEBUG:websockets.client:< TEXT '>battle-gen9championsvgc2026regma-1508\n|reques...Cancel":true,"rqid":16}' [1418 bytes]
DEBUG:websockets.client:< TEXT '>battle-gen9championsvgc2026regma-1508\n|reques...ng":false}]},"rqid":17}' [1451 bytes]
DEBUG:live_vgc_base:forceSwitch forced_switch_model [battle-gen9championsvgc2026regma-1508] turn 4 a0=12 a1=None opp_splice=on
DEBUG:websockets.client:> TEXT 'battle-gen9championsvgc2026regma-1508|/choose switch Charizard, pass' [68 bytes]
DEBUG:websockets.client:< TEXT '>battle-gen9championsvgc2026regma-1508\n|\n|t:|...L50, F|168/168\n|turn|5' [112 bytes]
DEBUG:websockets.client:< TEXT '>battle-gen9championsvgc2026regma-1508\n|\n|t:|...L50, F|100/100\n|turn|5' [112 bytes]
DEBUG:websockets.client:< TEXT '>battle-gen9championsvgc2026regma-1508\n|reques...ng":false}]},"rqid":18}' [2183 bytes]
DEBUG:websockets.client:< TEXT '>battle-gen9championsvgc2026regma-1508\n|reques...ng":false}]},"rqid":19}' [2233 bytes]
DEBUG:vgc_base:Turn 5 [battle-gen9championsvgc2026regma-1508] a0=3 a1=9 src=max_damage g0=0 g1=0
DEBUG:websockets.client:> TEXT 'battle-gen9championsvgc2026regma-1508|/choose m...ash 1, move solarbeam 1' [80 bytes]
INFO:player:Turn 5 [battle-gen9championsvgc2026regma-1508] value head win-prob: 0.042  (losing)
DEBUG:live_vgc_base:Turn 5 [battle-gen9championsvgc2026regma-1508] a0=0 a1=0 src=model opp_splice=on
DEBUG:websockets.client:> TEXT 'battle-gen9championsvgc2026regma-1508|/choose m...e mega, move hypervoice' [81 bytes]
DEBUG:websockets.client:< TEXT '>battle-gen9championsvgc2026regma-1508\n|\n|t:|...nyDay|[upkeep]\n|upkeep' [669 bytes]
DEBUG:websockets.client:< TEXT '>battle-gen9championsvgc2026regma-1508\n|\n|t:|...nyDay|[upkeep]\n|upkeep' [668 bytes]
DEBUG:websockets.client:< TEXT '>battle-gen9championsvgc2026regma-1508\n|reques...ng":false}]},"rqid":20}' [1388 bytes]
DEBUG:websockets.client:< TEXT '>battle-gen9championsvgc2026regma-1508\n|reques...Cancel":true,"rqid":21}' [1480 bytes]
DEBUG:vgc_base:forceSwitch [battle-gen9championsvgc2026regma-1508] force=[False, True] \u2192 /choose pass / /choose switch Whimsicott
DEBUG:websockets.client:> TEXT 'battle-gen9championsvgc2026regma-1508|/choose pass, switch Whimsicott' [69 bytes]
DEBUG:websockets.client:< TEXT '>battle-gen9championsvgc2026regma-1508\n|\n|t:|...L50, F|100/100\n|turn|6' [114 bytes]
DEBUG:websockets.client:< TEXT '>battle-gen9championsvgc2026regma-1508\n|\n|t:|...L50, F|137/137\n|turn|6' [114 bytes]
DEBUG:websockets.client:< TEXT '>battle-gen9championsvgc2026regma-1508\n|reques...ng":false}]},"rqid":22}' [2166 bytes]
DEBUG:websockets.client:< TEXT '>battle-gen9championsvgc2026regma-1508\n|reques...ng":false}]},"rqid":23}' [2210 bytes]
INFO:player:Turn 6 [battle-gen9championsvgc2026regma-1508] value head win-prob: 0.008  (losing)
DEBUG:live_vgc_base:Turn 6 [battle-gen9championsvgc2026regma-1508] a0=0 a1=0 src=model opp_splice=on
DEBUG:websockets.client:> TEXT 'battle-gen9championsvgc2026regma-1508|/choose m...atwave, move hypervoice' [76 bytes]
DEBUG:vgc_base:Turn 6 [battle-gen9championsvgc2026regma-1508] a0=3 a1=6 src=max_damage g0=0 g1=0
DEBUG:websockets.client:> TEXT 'battle-gen9championsvgc2026regma-1508|/choose m...ash 1, move moonblast 1' [80 bytes]
DEBUG:websockets.client:< TEXT '>battle-gen9championsvgc2026regma-1508\n|\n|t:|...Recoil\n|\n|win|OPmax_2' [457 bytes]
DEBUG:websockets.client:< TEXT '>battle-gen9championsvgc2026regma-1508\n|\n|t:|...Recoil\n|\n|win|OPmax_2' [457 bytes]
INFO:vgc_base:Battle battle-gen9championsvgc2026regma-1508 finished — outcome: LOSS  (W/L/D so far: 0/1/0)
DEBUG:websockets.client:> TEXT '|/leave battle-gen9championsvgc2026regma-1508' [45 bytes]
DEBUG:websockets.client:< TEXT '|updatesearch|{"searching":[],"games":{"battle-... 2026 Reg M-A Battle"}}' [124 bytes]
DEBUG:websockets.client:< TEXT '|updatesearch|{"searching":[],"games":{"battle-... 2026 Reg M-A Battle"}}' [124 bytes]
DEBUG:websockets.client:> TEXT 'battle-gen9championsvgc2026regma-1509|/rejectopenteamsheets' [59 bytes]
INFO:vgc_base:Battle battle-gen9championsvgc2026regma-1508 finished — outcome: WIN  (W/L/D so far: 1/0/0)
DEBUG:websockets.client:> TEXT '|/leave battle-gen9championsvgc2026regma-1508' [45 bytes]
DEBUG:websockets.client:> TEXT '|/utm Sneasler||whiteherb|unburden|fakeout,dire...Naive|32,2,,,,32||||50|' [550 bytes]
DEBUG:websockets.client:> TEXT '|/challenge opmax2, gen9championsvgc2026regma' [45 bytes]
DEBUG:websockets.client:> TEXT 'battle-gen9championsvgc2026regma-1509|/rejectopenteamsheets' [59 bytes]
DEBUG:websockets.client:< TEXT '>battle-gen9championsvgc2026regma-1508\n|deinit' [46 bytes]
DEBUG:websockets.client:< TEXT '>battle-gen9championsvgc2026regma-1508\n|l|\u2606BC2' [48 bytes]
DEBUG:websockets.client:< TEXT '>battle-gen9championsvgc2026regma-1509\n|uhtmlchange|otsrequest|' [63 bytes]
DEBUG:websockets.client:< TEXT '>battle-gen9championsvgc2026regma-1509\nBC2 rejected open team sheets.' [69 bytes]
DEBUG:websockets.client:< TEXT '>battle-gen9championsvgc2026regma-1509\n|uhtmlchange|otsrequest|' [63 bytes]
DEBUG:websockets.client:< TEXT '>battle-gen9championsvgc2026regma-1509\nBC2 rejected open team sheets.' [69 bytes]
DEBUG:websockets.client:< TEXT '>battle-gen9championsvgc2026regma-1508\n|deinit' [46 bytes]
DEBUG:websockets.client:< TEXT '>battle-gen9championsvgc2026regma-1509\n|uhtmlchange|otsrequest|' [63 bytes]
DEBUG:websockets.client:< TEXT '>battle-gen9championsvgc2026regma-1509\n|uhtmlchange|otsrequest|' [63 bytes]
DEBUG:websockets.client:< TEXT '>battle-gen9championsvgc2026regma-1509\nOPmax_2...ected open team sheets.' [73 bytes]
DEBUG:websockets.client:< TEXT '>battle-gen9championsvgc2026regma-1509\nOPmax_2...ected open team sheets.' [73 bytes]
INFO:player:Team-preview [battle-gen9championsvgc2026regma-1509] NET drove: bring=['whimsicott', 'zoroarkhisui', 'ditto', 'charizardmegay'] leads=['whimsicott', 'zoroarkhisui'] (vs opp ['sneasler', 'charizard', 'whimsicott', 'basculegion', 'zoroarkhisui', 'ditto'])
INFO:vgc_base:Teampreview [battle-gen9championsvgc2026regma-1509] \u2192 /team 3562  (whimsicott, zoroarkhisui, ditto, charizardmegay)
DEBUG:websockets.client:> TEXT 'battle-gen9championsvgc2026regma-1509|/team 3562' [48 bytes]
DEBUG:vgc_base:Teampreview: first-4 roster order \u2192 ['sneasler', 'charizardmegay', 'whimsicott', 'basculegion']
INFO:vgc_base:Teampreview [battle-gen9championsvgc2026regma-1509] \u2192 /team 1234  (sneasler, charizardmegay, whimsicott, basculegion)
DEBUG:websockets.client:> TEXT 'battle-gen9championsvgc2026regma-1509|/team 1234' [48 bytes]
DEBUG:websockets.client:< TEXT '|pm| BC2| OPmax_2|/challenge gen9championsvgc20...hampionsvgc2026regma|||' [83 bytes]
DEBUG:websockets.client:< TEXT '|pm| BC2| OPmax_2|/challenge gen9championsvgc20...hampionsvgc2026regma|||' [83 bytes]
DEBUG:websockets.client:< TEXT '|pm| BC2| OPmax_2|/log BC2 wants to battle!' [43 bytes]
DEBUG:websockets.client:< TEXT '|pm| BC2| OPmax_2|/log BC2 wants to battle!' [43 bytes]
DEBUG:websockets.client:> TEXT '|/utm Sneasler||whiteherb|unburden|fakeout,dire...Naive|32,2,,,,32||||50|' [550 bytes]
DEBUG:websockets.client:> TEXT '|/accept bc2' [12 bytes]
DEBUG:websockets.client:< TEXT '>battle-gen9championsvgc2026regma-1509\n|\n|t:|...L50, F|100/100\n|turn|1' [321 bytes]
DEBUG:websockets.client:< TEXT '>battle-gen9championsvgc2026regma-1509\n|\n|t:|...L50, F|168/168\n|turn|1' [321 bytes]
DEBUG:websockets.client:< TEXT '>battle-gen9championsvgc2026regma-1509\n|reques...ing":false}]},"rqid":5}' [2236 bytes]
DEBUG:websockets.client:< TEXT '>battle-gen9championsvgc2026regma-1509\n|reques...ing":false}]},"rqid":4}' [2167 bytes]
DEBUG:vgc_base:Turn 1 [battle-gen9championsvgc2026regma-1509] a0=9 a1=9 src=max_damage g0=0 g1=0
DEBUG:websockets.client:> TEXT 'battle-gen9championsvgc2026regma-1509|/choose m...bat 1, move solarbeam 1' [82 bytes]
DEBUG:websockets.client:< TEXT '|pm| OPmax_2| BC2|/challenge' [28 bytes]
INFO:player:Turn 1 [battle-gen9championsvgc2026regma-1509] value head win-prob: 0.351  (losing)
DEBUG:live_vgc_base:Turn 1 [battle-gen9championsvgc2026regma-1509] a0=0 a1=9 src=model opp_splice=on
DEBUG:websockets.client:> TEXT 'battle-gen9championsvgc2026regma-1509|/choose move encore 1, move icywind' [73 bytes]
DEBUG:websockets.client:< TEXT '|updatesearch|{"searching":[],"games":{"battle-... 2026 Reg M-A Battle"}}' [124 bytes]
DEBUG:websockets.client:< TEXT '|updatesearch|{"searching":[],"games":{"battle-... 2026 Reg M-A Battle"}}' [208 bytes]
DEBUG:websockets.client:< TEXT '|updatesearch|{"searching":[],"games":{"battle-... 2026 Reg M-A Battle"}}' [208 bytes]
DEBUG:websockets.client:< TEXT '>battle-gen9championsvgc2026regma-1510\n|init|b...n|j|\u2606BC2\n|j|\u2606OPmax_2\n' [99 bytes]
DEBUG:websockets.client:< TEXT '|pm| OPmax_2| BC2|/nonotify OPmax_2 accepted th...26regma-1510</a>&raquo;' [173 bytes]
DEBUG:websockets.client:< TEXT '>battle-gen9championsvgc2026regma-1510\n|t:|1781641911\n|gametype|doubles' [71 bytes]
DEBUG:websockets.client:< TEXT '>battle-gen9championsvgc2026regma-1510\n|player|p1|BC2|102|' [58 bytes]
DEBUG:websockets.client:< TEXT '>battle-gen9championsvgc2026regma-1510\n|player...heets</strong></button>' [855 bytes]
DEBUG:websockets.client:< TEXT '>battle-gen9championsvgc2026regma-1510\n|reques...ing":false}]},"rqid":3}' [2097 bytes]
DEBUG:websockets.client:< TEXT '|pm| OPmax_2| BC2|/challenge' [28 bytes]
DEBUG:websockets.client:< TEXT '|updatesearch|{"searching":[],"games":{"battle-... 2026 Reg M-A Battle"}}' [124 bytes]
DEBUG:websockets.client:< TEXT '|updatesearch|{"searching":[],"games":{"battle-... 2026 Reg M-A Battle"}}' [208 bytes]
DEBUG:websockets.client:< TEXT '|updatesearch|{"searching":[],"games":{"battle-... 2026 Reg M-A Battle"}}' [208 bytes]
DEBUG:websockets.client:< TEXT '>battle-gen9championsvgc2026regma-1510\n|init|b... vs. OPmax_2\n|j|\u2606BC2\n' [85 bytes]
DEBUG:websockets.client:< TEXT '>battle-gen9championsvgc2026regma-1510\n|j|\u2606OPmax_2' [52 bytes]
DEBUG:websockets.client:< TEXT '|pm| OPmax_2| BC2|/nonotify OPmax_2 accepted th...26regma-1510</a>&raquo;' [173 bytes]
DEBUG:websockets.client:< TEXT '>battle-gen9championsvgc2026regma-1510\n|t:|1781641911\n|gametype|doubles' [71 bytes]
DEBUG:websockets.client:< TEXT '>battle-gen9championsvgc2026regma-1510\n|player|p1|BC2|102|' [58 bytes]
DEBUG:websockets.client:< TEXT '>battle-gen9championsvgc2026regma-1510\n|player...heets</strong></button>' [855 bytes]
DEBUG:websockets.client:< TEXT '>battle-gen9championsvgc2026regma-1510\n|reques...ing":false}]},"rqid":2}' [2093 bytes]
DEBUG:websockets.client:< TEXT '>battle-gen9championsvgc2026regma-1509\n|\n|t:|...am\n|\n|upkeep\n|turn|2' [666 bytes]
DEBUG:websockets.client:< TEXT '>battle-gen9championsvgc2026regma-1509\n|\n|t:|...am\n|\n|upkeep\n|turn|2' [668 bytes]
DEBUG:websockets.client:< TEXT '>battle-gen9championsvgc2026regma-1509\n|reques...ing":false}]},"rqid":6}' [2166 bytes]
DEBUG:websockets.client:< TEXT '>battle-gen9championsvgc2026regma-1509\n|reques...ing":false}]},"rqid":7}' [1888 bytes]
DEBUG:vgc_base:Turn 2 [battle-gen9championsvgc2026regma-1509] a0=9 a1=9 src=max_damage g0=0 g1=0
DEBUG:websockets.client:> TEXT 'battle-gen9championsvgc2026regma-1509|/choose m...bat 1, move solarbeam 1' [82 bytes]
INFO:player:Turn 2 [battle-gen9championsvgc2026regma-1509] value head win-prob: 0.226  (losing)
DEBUG:live_vgc_base:Turn 2 [battle-gen9championsvgc2026regma-1509] a0=0 a1=9 src=model opp_splice=on
DEBUG:websockets.client:> TEXT 'battle-gen9championsvgc2026regma-1509|/choose move encore 1, move icywind' [73 bytes]
DEBUG:websockets.client:< TEXT '>battle-gen9championsvgc2026regma-1509\n|\n|t:|...rk|Illusion\n|\n|upkeep' [681 bytes]
DEBUG:websockets.client:< TEXT '>battle-gen9championsvgc2026regma-1509\n|\n|t:|...rk|Illusion\n|\n|upkeep' [681 bytes]
DEBUG:websockets.client:< TEXT '>battle-gen9championsvgc2026regma-1509\n|reques...oCancel":true,"rqid":8}' [1420 bytes]
DEBUG:websockets.client:< TEXT '>battle-gen9championsvgc2026regma-1509\n|reques...ing":false}]},"rqid":9}' [1452 bytes]
DEBUG:live_vgc_base:forceSwitch forced_switch_model [battle-gen9championsvgc2026regma-1509] turn 2 a0=13 a1=None opp_splice=on
DEBUG:websockets.client:> TEXT 'battle-gen9championsvgc2026regma-1509|/choose switch Ditto, pass' [64 bytes]
DEBUG:websockets.client:< TEXT '>battle-gen9championsvgc2026regma-1509\n|\n|t:|...lity: Imposter\n|turn|3' [164 bytes]
DEBUG:websockets.client:< TEXT '>battle-gen9championsvgc2026regma-1509\n|\n|t:|...lity: Imposter\n|turn|3' [164 bytes]
DEBUG:websockets.client:< TEXT '>battle-gen9championsvgc2026regma-1509\n|reques...ng":false}]},"rqid":10}' [2199 bytes]
DEBUG:websockets.client:< TEXT '>battle-gen9championsvgc2026regma-1509\n|reques...ng":false}]},"rqid":11}' [2224 bytes]
DEBUG:vgc_base:Turn 3 [battle-gen9championsvgc2026regma-1509] a0=9 a1=9 src=max_damage g0=0 g1=0
DEBUG:websockets.client:> TEXT 'battle-gen9championsvgc2026regma-1509|/choose m...bat 1, move solarbeam 1' [82 bytes]
INFO:player:Turn 3 [battle-gen9championsvgc2026regma-1509] value head win-prob: 0.345  (losing)
DEBUG:live_vgc_base:Turn 3 [battle-gen9championsvgc2026regma-1509] a0=3 a1=9 src=model opp_splice=on
DEBUG:websockets.client:> TEXT 'battle-gen9championsvgc2026regma-1509|/choose move heatwave, move icywind' [73 bytes]
DEBUG:websockets.client:< TEXT '>battle-gen9championsvgc2026regma-1509\n|\n|t:|...|Solar Beam\n|\n|upkeep' [587 bytes]
DEBUG:websockets.client:< TEXT '>battle-gen9championsvgc2026regma-1509\n|\n|t:|...|Solar Beam\n|\n|upkeep' [587 bytes]
DEBUG:websockets.client:< TEXT '>battle-gen9championsvgc2026regma-1509\n|reques...ng":false}]},"rqid":12}' [1426 bytes]
DEBUG:websockets.client:< TEXT '>battle-gen9championsvgc2026regma-1509\n|reques...Cancel":true,"rqid":13}' [1482 bytes]
DEBUG:vgc_base:forceSwitch [battle-gen9championsvgc2026regma-1509] force=[True, False] \u2192 /choose switch Whimsicott / /choose pass
DEBUG:websockets.client:> TEXT 'battle-gen9championsvgc2026regma-1509|/choose switch Whimsicott, pass' [69 bytes]
DEBUG:websockets.client:< TEXT '>battle-gen9championsvgc2026regma-1509\n|\n|t:|...L50, F|100/100\n|turn|4' [114 bytes]
DEBUG:websockets.client:< TEXT '>battle-gen9championsvgc2026regma-1509\n|\n|t:|...L50, F|137/137\n|turn|4' [114 bytes]
DEBUG:websockets.client:< TEXT '>battle-gen9championsvgc2026regma-1509\n|reques...ng":false}]},"rqid":14}' [2198 bytes]
INFO:player:Turn 4 [battle-gen9championsvgc2026regma-1509] value head win-prob: 0.073  (losing)
DEBUG:live_vgc_base:Turn 4 [battle-gen9championsvgc2026regma-1509] a0=3 a1=9 src=model opp_splice=on
DEBUG:websockets.client:> TEXT 'battle-gen9championsvgc2026regma-1509|/choose move heatwave, move icywind' [73 bytes]
DEBUG:websockets.client:< TEXT '>battle-gen9championsvgc2026regma-1509\n|reques...ng":false}]},"rqid":15}' [1899 bytes]
DEBUG:vgc_base:Turn 4 [battle-gen9championsvgc2026regma-1509] a0=6 a1=9 src=max_damage g0=0 g1=0
DEBUG:websockets.client:> TEXT 'battle-gen9championsvgc2026regma-1509|/choose m...ast 1, move solarbeam 1' [80 bytes]
DEBUG:websockets.client:< TEXT '>battle-gen9championsvgc2026regma-1509\n|\n|t:|...itto|41/155\n|\n|upkeep' [839 bytes]
DEBUG:websockets.client:< TEXT '>battle-gen9championsvgc2026regma-1509\n|\n|t:|...itto|26/100\n|\n|upkeep' [839 bytes]
DEBUG:websockets.client:< TEXT '>battle-gen9championsvgc2026regma-1509\n|reques...ng":false}]},"rqid":16}' [1426 bytes]
DEBUG:websockets.client:< TEXT '>battle-gen9championsvgc2026regma-1509\n|reques...Cancel":true,"rqid":17}' [1471 bytes]
DEBUG:vgc_base:forceSwitch [battle-gen9championsvgc2026regma-1509] force=[True, False] \u2192 /choose switch Basculegion / /choose pass
DEBUG:websockets.client:> TEXT 'battle-gen9championsvgc2026regma-1509|/choose switch Basculegion, pass' [70 bytes]
DEBUG:websockets.client:< TEXT '>battle-gen9championsvgc2026regma-1509\n|\n|t:|...L50, M|100/100\n|turn|5' [116 bytes]
DEBUG:websockets.client:< TEXT '>battle-gen9championsvgc2026regma-1509\n|\n|t:|...L50, M|197/197\n|turn|5' [116 bytes]
DEBUG:websockets.client:< TEXT '>battle-gen9championsvgc2026regma-1509\n|reques...ng":false}]},"rqid":18}' [2198 bytes]
DEBUG:websockets.client:< TEXT '>battle-gen9championsvgc2026regma-1509\n|reques...ng":false}]},"rqid":19}' [2222 bytes]
DEBUG:vgc_base:Turn 5 [battle-gen9championsvgc2026regma-1509] a0=3 a1=9 src=max_damage g0=0 g1=0
DEBUG:websockets.client:> TEXT 'battle-gen9championsvgc2026regma-1509|/choose m...ash 1, move solarbeam 1' [80 bytes]
INFO:player:Turn 5 [battle-gen9championsvgc2026regma-1509] value head win-prob: 0.299  (losing)
DEBUG:live_vgc_base:Turn 5 [battle-gen9championsvgc2026regma-1509] a0=12 a1=0 src=model opp_splice=on
DEBUG:websockets.client:> TEXT 'battle-gen9championsvgc2026regma-1509|/choose s...rizard, move hypervoice' [79 bytes]
DEBUG:websockets.client:< TEXT ">battle-gen9championsvgc2026regma-1509\n|error|...ch to an active Pokémon" [115 bytes]
INFO:player:Turn 5 [battle-gen9championsvgc2026regma-1509] value head win-prob: 0.299  (losing)
WARNING:live_vgc_base:Turn 5 [battle-gen9championsvgc2026regma-1509] order REJECTED by Showdown — perturbing to a fresh legal action (src=retry). The model did NOT drive this slot.
DEBUG:live_vgc_base:Turn 5 [battle-gen9championsvgc2026regma-1509] a0=9 a1=4 src=retry opp_splice=on
DEBUG:websockets.client:> TEXT 'battle-gen9championsvgc2026regma-1509|/choose m...tect, move shadowball 2' [77 bytes]
DEBUG:websockets.client:< TEXT '>battle-gen9championsvgc2026regma-1509\n|\n|t:|...ct\n|\n|upkeep\n|turn|6' [320 bytes]
DEBUG:websockets.client:< TEXT '>battle-gen9championsvgc2026regma-1509\n|\n|t:|...ct\n|\n|upkeep\n|turn|6' [320 bytes]
DEBUG:websockets.client:< TEXT '>battle-gen9championsvgc2026regma-1509\n|reques...ng":false}]},"rqid":20}' [2198 bytes]
DEBUG:websockets.client:< TEXT '>battle-gen9championsvgc2026regma-1509\n|reques...ng":false}]},"rqid":21}' [2221 bytes]
INFO:player:Turn 6 [battle-gen9championsvgc2026regma-1509] value head win-prob: 0.953  (winning)
DEBUG:live_vgc_base:Turn 6 [battle-gen9championsvgc2026regma-1509] a0=0 a1=9 src=model opp_splice=on
DEBUG:websockets.client:> TEXT 'battle-gen9championsvgc2026regma-1509|/choose m...larbeam 1, move icywind' [76 bytes]
DEBUG:vgc_base:Turn 6 [battle-gen9championsvgc2026regma-1509] a0=3 a1=0 src=max_damage g0=0 g1=0
DEBUG:vgc_base:_safe_order: action 0 slot 1 \u2192 None, scanning legal actions.
DEBUG:vgc_base:_safe_order: slot 1 has no decodable legal action — sending Pass.
DEBUG:websockets.client:> TEXT 'battle-gen9championsvgc2026regma-1509|/choose move wavecrash 1, pass' [68 bytes]
DEBUG:websockets.client:< TEXT '>battle-gen9championsvgc2026regma-1509\n|\n|t:|...rom] Recoil\n|\n|upkeep' [390 bytes]
DEBUG:websockets.client:< TEXT '>battle-gen9championsvgc2026regma-1509\n|\n|t:|...rom] Recoil\n|\n|upkeep' [392 bytes]
DEBUG:websockets.client:< TEXT '>battle-gen9championsvgc2026regma-1509\n|reques...Cancel":true,"rqid":22}' [1419 bytes]
DEBUG:websockets.client:< TEXT '>battle-gen9championsvgc2026regma-1509\n|reques...ng":false}]},"rqid":23}' [1439 bytes]
DEBUG:live_vgc_base:forceSwitch forced_switch_model [battle-gen9championsvgc2026regma-1509] turn 6 a0=12 a1=None opp_splice=on
DEBUG:websockets.client:> TEXT 'battle-gen9championsvgc2026regma-1509|/choose switch Charizard, pass' [68 bytes]
DEBUG:websockets.client:< TEXT '>battle-gen9championsvgc2026regma-1509\n|\n|t:|...L50, F|168/168\n|turn|7' [112 bytes]
DEBUG:websockets.client:< TEXT '>battle-gen9championsvgc2026regma-1509\n|\n|t:|...L50, F|100/100\n|turn|7' [112 bytes]
DEBUG:websockets.client:< TEXT '>battle-gen9championsvgc2026regma-1509\n|reques...ng":false}]},"rqid":24}' [2184 bytes]
DEBUG:websockets.client:< TEXT '>battle-gen9championsvgc2026regma-1509\n|reques...ng":false}]},"rqid":25}' [2221 bytes]
DEBUG:vgc_base:Turn 7 [battle-gen9championsvgc2026regma-1509] a0=3 a1=0 src=max_damage g0=0 g1=0
DEBUG:vgc_base:_safe_order: action 0 slot 1 \u2192 None, scanning legal actions.
DEBUG:vgc_base:_safe_order: slot 1 has no decodable legal action — sending Pass.
DEBUG:websockets.client:> TEXT 'battle-gen9championsvgc2026regma-1509|/choose move wavecrash 1, pass' [68 bytes]
INFO:player:Turn 7 [battle-gen9championsvgc2026regma-1509] value head win-prob: 0.932  (winning)
DEBUG:live_vgc_base:Turn 7 [battle-gen9championsvgc2026regma-1509] a0=0 a1=0 src=model opp_splice=on
DEBUG:websockets.client:> TEXT 'battle-gen9championsvgc2026regma-1509|/choose m...e mega, move hypervoice' [81 bytes]
DEBUG:websockets.client:< TEXT '>battle-gen9championsvgc2026regma-1509\n|\n|t:|...keep]\n|upkeep\n|turn|8' [633 bytes]
DEBUG:websockets.client:< TEXT '>battle-gen9championsvgc2026regma-1509\n|\n|t:|...keep]\n|upkeep\n|turn|8' [633 bytes]
DEBUG:websockets.client:< TEXT '>battle-gen9championsvgc2026regma-1509\n|reques...ng":false}]},"rqid":26}' [2166 bytes]
DEBUG:websockets.client:< TEXT '>battle-gen9championsvgc2026regma-1509\n|reques...ng":false}]},"rqid":27}' [2219 bytes]
DEBUG:vgc_base:Turn 8 [battle-gen9championsvgc2026regma-1509] a0=4 a1=0 src=max_damage g0=0 g1=0
DEBUG:vgc_base:_safe_order: action 0 slot 1 \u2192 None, scanning legal actions.
DEBUG:vgc_base:_safe_order: slot 1 has no decodable legal action — sending Pass.
DEBUG:websockets.client:> TEXT 'battle-gen9championsvgc2026regma-1509|/choose move wavecrash 2, pass' [68 bytes]
INFO:player:Turn 8 [battle-gen9championsvgc2026regma-1509] value head win-prob: 0.981  (winning)
DEBUG:live_vgc_base:Turn 8 [battle-gen9championsvgc2026regma-1509] a0=0 a1=9 src=model opp_splice=on
DEBUG:vgc_base:_safe_order: action 0 slot 0 \u2192 None, scanning legal actions.
DEBUG:vgc_base:_safe_order: slot 0 has no decodable legal action — sending Pass.
DEBUG:websockets.client:> TEXT 'battle-gen9championsvgc2026regma-1509|/choose pass, move icywind' [64 bytes]
DEBUG:websockets.client:< TEXT '>battle-gen9championsvgc2026regma-1509\n|\n|t:|...asculegion\n|\n|win|BC2' [197 bytes]
DEBUG:websockets.client:< TEXT '>battle-gen9championsvgc2026regma-1509\n|\n|t:|...asculegion\n|\n|win|BC2' [197 bytes]
INFO:vgc_base:Battle battle-gen9championsvgc2026regma-1509 finished — outcome: WIN  (W/L/D so far: 1/1/0)
DEBUG:websockets.client:> TEXT '|/leave battle-gen9championsvgc2026regma-1509' [45 bytes]
DEBUG:websockets.client:< TEXT '|updatesearch|{"searching":[],"games":{"battle-... 2026 Reg M-A Battle"}}' [124 bytes]
DEBUG:websockets.client:< TEXT '|updatesearch|{"searching":[],"games":{"battle-... 2026 Reg M-A Battle"}}' [124 bytes]
DEBUG:websockets.client:> TEXT 'battle-gen9championsvgc2026regma-1510|/rejectopenteamsheets' [59 bytes]
INFO:vgc_base:Battle battle-gen9championsvgc2026regma-1509 finished — outcome: LOSS  (W/L/D so far: 1/1/0)
DEBUG:websockets.client:> TEXT '|/leave battle-gen9championsvgc2026regma-1509' [45 bytes]
DEBUG:websockets.client:> TEXT '|/utm Sneasler||whiteherb|unburden|fakeout,dire...Naive|32,2,,,,32||||50|' [550 bytes]
DEBUG:websockets.client:> TEXT '|/challenge opmax2, gen9championsvgc2026regma' [45 bytes]
DEBUG:websockets.client:> TEXT 'battle-gen9championsvgc2026regma-1510|/rejectopenteamsheets' [59 bytes]
DEBUG:websockets.client:< TEXT '>battle-gen9championsvgc2026regma-1509\n|deinit' [46 bytes]
DEBUG:websockets.client:< TEXT '>battle-gen9championsvgc2026regma-1509\n|l|\u2606BC2' [48 bytes]
DEBUG:websockets.client:< TEXT '>battle-gen9championsvgc2026regma-1510\n|uhtmlchange|otsrequest|' [63 bytes]
DEBUG:websockets.client:< TEXT '>battle-gen9championsvgc2026regma-1510\nBC2 rejected open team sheets.' [69 bytes]
DEBUG:websockets.client:< TEXT '>battle-gen9championsvgc2026regma-1510\n|uhtmlchange|otsrequest|' [63 bytes]
DEBUG:websockets.client:< TEXT '>battle-gen9championsvgc2026regma-1510\nBC2 rejected open team sheets.' [69 bytes]
DEBUG:websockets.client:< TEXT '>battle-gen9championsvgc2026regma-1509\n|deinit' [46 bytes]
DEBUG:websockets.client:< TEXT '>battle-gen9championsvgc2026regma-1510\n|uhtmlchange|otsrequest|' [63 bytes]
DEBUG:websockets.client:< TEXT '>battle-gen9championsvgc2026regma-1510\n|uhtmlchange|otsrequest|' [63 bytes]
DEBUG:websockets.client:< TEXT '>battle-gen9championsvgc2026regma-1510\nOPmax_2...ected open team sheets.' [73 bytes]
DEBUG:websockets.client:< TEXT '>battle-gen9championsvgc2026regma-1510\nOPmax_2...ected open team sheets.' [73 bytes]
INFO:player:Team-preview [battle-gen9championsvgc2026regma-1510] NET drove: bring=['whimsicott', 'zoroarkhisui', 'ditto', 'charizardmegay'] leads=['whimsicott', 'zoroarkhisui'] (vs opp ['sneasler', 'charizard', 'whimsicott', 'basculegion', 'zoroarkhisui', 'ditto'])
INFO:vgc_base:Teampreview [battle-gen9championsvgc2026regma-1510] \u2192 /team 3562  (whimsicott, zoroarkhisui, ditto, charizardmegay)
DEBUG:websockets.client:> TEXT 'battle-gen9championsvgc2026regma-1510|/team 3562' [48 bytes]
DEBUG:vgc_base:Teampreview: first-4 roster order \u2192 ['sneasler', 'charizardmegay', 'whimsicott', 'basculegion']
INFO:vgc_base:Teampreview [battle-gen9championsvgc2026regma-1510] \u2192 /team 1234  (sneasler, charizardmegay, whimsicott, basculegion)
DEBUG:websockets.client:> TEXT 'battle-gen9championsvgc2026regma-1510|/team 1234' [48 bytes]
DEBUG:websockets.client:< TEXT '|pm| BC2| OPmax_2|/challenge gen9championsvgc20...hampionsvgc2026regma|||' [83 bytes]
DEBUG:websockets.client:< TEXT '|pm| BC2| OPmax_2|/challenge gen9championsvgc20...hampionsvgc2026regma|||' [83 bytes]
DEBUG:websockets.client:< TEXT '|pm| BC2| OPmax_2|/log BC2 wants to battle!' [43 bytes]
DEBUG:websockets.client:< TEXT '|pm| BC2| OPmax_2|/log BC2 wants to battle!' [43 bytes]
DEBUG:websockets.client:> TEXT '|/utm Sneasler||whiteherb|unburden|fakeout,dire...Naive|32,2,,,,32||||50|' [550 bytes]
DEBUG:websockets.client:> TEXT '|/accept bc2' [12 bytes]
DEBUG:websockets.client:< TEXT '>battle-gen9championsvgc2026regma-1510\n|\n|t:|...L50, F|100/100\n|turn|1' [321 bytes]
DEBUG:websockets.client:< TEXT '>battle-gen9championsvgc2026regma-1510\n|\n|t:|...L50, F|168/168\n|turn|1' [321 bytes]
DEBUG:websockets.client:< TEXT '>battle-gen9championsvgc2026regma-1510\n|reques...ing":false}]},"rqid":4}' [2167 bytes]
DEBUG:websockets.client:< TEXT '>battle-gen9championsvgc2026regma-1510\n|reques...ing":false}]},"rqid":5}' [2236 bytes]
INFO:player:Turn 1 [battle-gen9championsvgc2026regma-1510] value head win-prob: 0.351  (losing)
DEBUG:live_vgc_base:Turn 1 [battle-gen9championsvgc2026regma-1510] a0=0 a1=9 src=model opp_splice=on
DEBUG:websockets.client:> TEXT 'battle-gen9championsvgc2026regma-1510|/choose move encore 1, move icywind' [73 bytes]
DEBUG:vgc_base:Turn 1 [battle-gen9championsvgc2026regma-1510] a0=9 a1=9 src=max_damage g0=0 g1=0
DEBUG:websockets.client:> TEXT 'battle-gen9championsvgc2026regma-1510|/choose m...bat 1, move solarbeam 1' [82 bytes]
DEBUG:websockets.client:< TEXT '|pm| OPmax_2| BC2|/challenge' [28 bytes]
DEBUG:websockets.client:< TEXT '|pm| OPmax_2| BC2|/challenge' [28 bytes]
DEBUG:websockets.client:< TEXT '|updatesearch|{"searching":[],"games":{"battle-... 2026 Reg M-A Battle"}}' [124 bytes]
DEBUG:websockets.client:< TEXT '|updatesearch|{"searching":[],"games":{"battle-... 2026 Reg M-A Battle"}}' [208 bytes]
DEBUG:websockets.client:< TEXT '|updatesearch|{"searching":[],"games":{"battle-... 2026 Reg M-A Battle"}}' [208 bytes]
DEBUG:websockets.client:< TEXT '>battle-gen9championsvgc2026regma-1511\n|init|b...n|j|\u2606BC2\n|j|\u2606OPmax_2\n' [99 bytes]
DEBUG:websockets.client:< TEXT '|pm| OPmax_2| BC2|/nonotify OPmax_2 accepted th...26regma-1511</a>&raquo;' [173 bytes]
DEBUG:websockets.client:< TEXT '>battle-gen9championsvgc2026regma-1511\n|t:|1781641911\n|gametype|doubles' [71 bytes]
DEBUG:websockets.client:< TEXT '>battle-gen9championsvgc2026regma-1511\n|player|p1|BC2|102|' [58 bytes]
DEBUG:websockets.client:< TEXT '>battle-gen9championsvgc2026regma-1511\n|player...heets</strong></button>' [855 bytes]
DEBUG:websockets.client:< TEXT '>battle-gen9championsvgc2026regma-1511\n|reques...ing":false}]},"rqid":3}' [2097 bytes]
DEBUG:websockets.client:< TEXT '|updatesearch|{"searching":[],"games":{"battle-... 2026 Reg M-A Battle"}}' [124 bytes]
DEBUG:websockets.client:< TEXT '|updatesearch|{"searching":[],"games":{"battle-... 2026 Reg M-A Battle"}}' [208 bytes]
DEBUG:websockets.client:< TEXT '|updatesearch|{"searching":[],"games":{"battle-... 2026 Reg M-A Battle"}}' [208 bytes]
DEBUG:websockets.client:< TEXT '>battle-gen9championsvgc2026regma-1511\n|init|b... vs. OPmax_2\n|j|\u2606BC2\n' [85 bytes]
DEBUG:websockets.client:< TEXT '>battle-gen9championsvgc2026regma-1511\n|j|\u2606OPmax_2' [52 bytes]
DEBUG:websockets.client:< TEXT '|pm| OPmax_2| BC2|/nonotify OPmax_2 accepted th...26regma-1511</a>&raquo;' [173 bytes]
DEBUG:websockets.client:< TEXT '>battle-gen9championsvgc2026regma-1511\n|t:|1781641911\n|gametype|doubles' [71 bytes]
DEBUG:websockets.client:< TEXT '>battle-gen9championsvgc2026regma-1511\n|player|p1|BC2|102|' [58 bytes]
DEBUG:websockets.client:< TEXT '>battle-gen9championsvgc2026regma-1511\n|player...heets</strong></button>' [855 bytes]
DEBUG:websockets.client:< TEXT '>battle-gen9championsvgc2026regma-1511\n|reques...ing":false}]},"rqid":2}' [2093 bytes]
DEBUG:websockets.client:< TEXT '>battle-gen9championsvgc2026regma-1510\n|\n|t:|...am\n|\n|upkeep\n|turn|2' [664 bytes]
DEBUG:websockets.client:< TEXT '>battle-gen9championsvgc2026regma-1510\n|\n|t:|...am\n|\n|upkeep\n|turn|2' [666 bytes]
DEBUG:websockets.client:< TEXT '>battle-gen9championsvgc2026regma-1510\n|reques...ing":false}]},"rqid":7}' [1888 bytes]
DEBUG:websockets.client:< TEXT '>battle-gen9championsvgc2026regma-1510\n|reques...ing":false}]},"rqid":6}' [2166 bytes]
DEBUG:vgc_base:Turn 2 [battle-gen9championsvgc2026regma-1510] a0=9 a1=9 src=max_damage g0=0 g1=0
DEBUG:websockets.client:> TEXT 'battle-gen9championsvgc2026regma-1510|/choose m...bat 1, move solarbeam 1' [82 bytes]
INFO:player:Turn 2 [battle-gen9championsvgc2026regma-1510] value head win-prob: 0.300  (losing)
DEBUG:live_vgc_base:Turn 2 [battle-gen9championsvgc2026regma-1510] a0=0 a1=9 src=model opp_splice=on
DEBUG:websockets.client:> TEXT 'battle-gen9championsvgc2026regma-1510|/choose move encore 1, move icywind' [73 bytes]
DEBUG:websockets.client:< TEXT '>battle-gen9championsvgc2026regma-1510\n|\n|t:|... Whimsicott\n|\n|upkeep' [611 bytes]
DEBUG:websockets.client:< TEXT '>battle-gen9championsvgc2026regma-1510\n|\n|t:|... Whimsicott\n|\n|upkeep' [612 bytes]
DEBUG:websockets.client:< TEXT '>battle-gen9championsvgc2026regma-1510\n|reques...oCancel":true,"rqid":8}' [1421 bytes]
DEBUG:websockets.client:< TEXT '>battle-gen9championsvgc2026regma-1510\n|reques...ing":false}]},"rqid":9}' [1453 bytes]
DEBUG:live_vgc_base:forceSwitch forced_switch_model [battle-gen9championsvgc2026regma-1510] turn 2 a0=13 a1=None opp_splice=on
DEBUG:websockets.client:> TEXT 'battle-gen9championsvgc2026regma-1510|/choose switch Ditto, pass' [64 bytes]
DEBUG:websockets.client:< TEXT '>battle-gen9championsvgc2026regma-1510\n|\n|t:|...lity: Imposter\n|turn|3' [164 bytes]
DEBUG:websockets.client:< TEXT '>battle-gen9championsvgc2026regma-1510\n|\n|t:|...lity: Imposter\n|turn|3' [164 bytes]
DEBUG:websockets.client:< TEXT '>battle-gen9championsvgc2026regma-1510\n|reques...ng":false}]},"rqid":10}' [2200 bytes]
DEBUG:websockets.client:< TEXT '>battle-gen9championsvgc2026regma-1510\n|reques...ng":false}]},"rqid":11}' [2225 bytes]
INFO:player:Turn 3 [battle-gen9championsvgc2026regma-1510] value head win-prob: 0.418  (losing)
DEBUG:live_vgc_base:Turn 3 [battle-gen9championsvgc2026regma-1510] a0=3 a1=9 src=model opp_splice=on
DEBUG:websockets.client:> TEXT 'battle-gen9championsvgc2026regma-1510|/choose move heatwave, move icywind' [73 bytes]
DEBUG:vgc_base:Turn 3 [battle-gen9championsvgc2026regma-1510] a0=9 a1=9 src=max_damage g0=0 g1=0
DEBUG:websockets.client:> TEXT 'battle-gen9championsvgc2026regma-1510|/choose m...bat 1, move solarbeam 1' [82 bytes]
DEBUG:websockets.client:< TEXT '>battle-gen9championsvgc2026regma-1510\n|\n|t:|...|Solar Beam\n|\n|upkeep' [666 bytes]
DEBUG:websockets.client:< TEXT '>battle-gen9championsvgc2026regma-1510\n|\n|t:|...|Solar Beam\n|\n|upkeep' [666 bytes]
DEBUG:websockets.client:< TEXT '>battle-gen9championsvgc2026regma-1510\n|reques...ng":false}]},"rqid":12}' [1427 bytes]
DEBUG:websockets.client:< TEXT '>battle-gen9championsvgc2026regma-1510\n|reques...Cancel":true,"rqid":13}' [1482 bytes]
DEBUG:vgc_base:forceSwitch [battle-gen9championsvgc2026regma-1510] force=[True, False] \u2192 /choose switch Whimsicott / /choose pass
DEBUG:websockets.client:> TEXT 'battle-gen9championsvgc2026regma-1510|/choose switch Whimsicott, pass' [69 bytes]
DEBUG:websockets.client:< TEXT '>battle-gen9championsvgc2026regma-1510\n|\n|t:|...L50, F|100/100\n|turn|4' [114 bytes]
DEBUG:websockets.client:< TEXT '>battle-gen9championsvgc2026regma-1510\n|\n|t:|...L50, F|137/137\n|turn|4' [114 bytes]
DEBUG:websockets.client:< TEXT '>battle-gen9championsvgc2026regma-1510\n|reques...ng":false}]},"rqid":14}' [2199 bytes]
DEBUG:websockets.client:< TEXT '>battle-gen9championsvgc2026regma-1510\n|reques...ng":false}]},"rqid":15}' [1899 bytes]
INFO:player:Turn 4 [battle-gen9championsvgc2026regma-1510] value head win-prob: 0.138  (losing)
DEBUG:live_vgc_base:Turn 4 [battle-gen9championsvgc2026regma-1510] a0=3 a1=9 src=model opp_splice=on
DEBUG:websockets.client:> TEXT 'battle-gen9championsvgc2026regma-1510|/choose move heatwave, move icywind' [73 bytes]
DEBUG:vgc_base:Turn 4 [battle-gen9championsvgc2026regma-1510] a0=6 a1=9 src=max_damage g0=0 g1=0
DEBUG:websockets.client:> TEXT 'battle-gen9championsvgc2026regma-1510|/choose m...ast 1, move solarbeam 1' [80 bytes]
DEBUG:websockets.client:< TEXT '>battle-gen9championsvgc2026regma-1510\n|\n|t:|...55\n|\n|upkeep\n|turn|5' [748 bytes]
DEBUG:websockets.client:< TEXT '>battle-gen9championsvgc2026regma-1510\n|\n|t:|...00\n|\n|upkeep\n|turn|5' [747 bytes]
DEBUG:websockets.client:< TEXT '>battle-gen9championsvgc2026regma-1510\n|reques...ng":false}]},"rqid":16}' [2199 bytes]
DEBUG:websockets.client:< TEXT '>battle-gen9championsvgc2026regma-1510\n|reques...ng":false}]},"rqid":17}' [2226 bytes]
INFO:player:Turn 5 [battle-gen9championsvgc2026regma-1510] value head win-prob: 0.540  (even)
DEBUG:live_vgc_base:Turn 5 [battle-gen9championsvgc2026regma-1510] a0=3 a1=9 src=model opp_splice=on
DEBUG:websockets.client:> TEXT 'battle-gen9championsvgc2026regma-1510|/choose move heatwave, move icywind' [73 bytes]
DEBUG:vgc_base:Turn 5 [battle-gen9championsvgc2026regma-1510] a0=6 a1=9 src=max_damage g0=0 g1=0
DEBUG:websockets.client:> TEXT 'battle-gen9championsvgc2026regma-1510|/choose m...ast 1, move solarbeam 1' [80 bytes]
DEBUG:websockets.client:< TEXT '>battle-gen9championsvgc2026regma-1510\n|\n|t:|...|p1a: Ditto\n|\n|upkeep' [340 bytes]
DEBUG:websockets.client:< TEXT '>battle-gen9championsvgc2026regma-1510\n|\n|t:|...|p1a: Ditto\n|\n|upkeep' [340 bytes]
DEBUG:websockets.client:< TEXT '>battle-gen9championsvgc2026regma-1510\n|reques...ng":false}]},"rqid":18}' [1427 bytes]
DEBUG:websockets.client:< TEXT '>battle-gen9championsvgc2026regma-1510\n|reques...Cancel":true,"rqid":19}' [1469 bytes]
DEBUG:vgc_base:forceSwitch slot 1: no available switch — '/choose default' (handled poke-env desync).
DEBUG:vgc_base:forceSwitch DIAG [battle-gen9championsvgc2026regma-1510] turn=5 slot=1 force=[True, True] available_switches=[['basculegion'], ['basculegion']] team=[sneasler(act=False,fnt=True,hp=0), charizard(act=True,fnt=True,hp=0), whimsicott(act=True,fnt=True,hp=0), basculegion(act=False,fnt=False,hp=1.0), zoroarkhisui(act=False,fnt=False,hp=1.0), ditto(act=False,fnt=False,hp=1.0)]
DEBUG:websockets.client:> TEXT 'battle-gen9championsvgc2026regma-1510|/choose default' [53 bytes]
DEBUG:websockets.client:< TEXT '>battle-gen9championsvgc2026regma-1510\n|\n|t:|...L50, M|100/100\n|turn|6' [116 bytes]
DEBUG:websockets.client:< TEXT '>battle-gen9championsvgc2026regma-1510\n|\n|t:|...L50, M|197/197\n|turn|6' [116 bytes]
DEBUG:websockets.client:< TEXT '>battle-gen9championsvgc2026regma-1510\n|reques...ng":false}]},"rqid":20}' [2199 bytes]
DEBUG:websockets.client:< TEXT '>battle-gen9championsvgc2026regma-1510\n|reques...ng":false}]},"rqid":21}' [2221 bytes]
INFO:player:Turn 6 [battle-gen9championsvgc2026regma-1510] value head win-prob: 0.969  (winning)
DEBUG:live_vgc_base:Turn 6 [battle-gen9championsvgc2026regma-1510] a0=0 a1=9 src=model opp_splice=on
DEBUG:websockets.client:> TEXT 'battle-gen9championsvgc2026regma-1510|/choose m...larbeam 1, move icywind' [76 bytes]
DEBUG:vgc_base:Turn 6 [battle-gen9championsvgc2026regma-1510] a0=3 a1=0 src=max_damage g0=0 g1=0
DEBUG:vgc_base:_safe_order: action 0 slot 1 \u2192 None, scanning legal actions.
DEBUG:vgc_base:_safe_order: slot 1 has no decodable legal action — sending Pass.
DEBUG:websockets.client:> TEXT 'battle-gen9championsvgc2026regma-1510|/choose move wavecrash 1, pass' [68 bytes]
DEBUG:websockets.client:< TEXT '>battle-gen9championsvgc2026regma-1510\n|\n|t:|...rom] Recoil\n|\n|upkeep' [374 bytes]
DEBUG:websockets.client:< TEXT '>battle-gen9championsvgc2026regma-1510\n|\n|t:|...rom] Recoil\n|\n|upkeep' [376 bytes]
DEBUG:websockets.client:< TEXT '>battle-gen9championsvgc2026regma-1510\n|reques...Cancel":true,"rqid":22}' [1420 bytes]
DEBUG:websockets.client:< TEXT '>battle-gen9championsvgc2026regma-1510\n|reques...ng":false}]},"rqid":23}' [1439 bytes]
DEBUG:live_vgc_base:forceSwitch forced_switch_model [battle-gen9championsvgc2026regma-1510] turn 6 a0=12 a1=None opp_splice=on
DEBUG:websockets.client:> TEXT 'battle-gen9championsvgc2026regma-1510|/choose switch Charizard, pass' [68 bytes]
DEBUG:websockets.client:< TEXT '>battle-gen9championsvgc2026regma-1510\n|\n|t:|...L50, M|168/168\n|turn|7' [112 bytes]
DEBUG:websockets.client:< TEXT '>battle-gen9championsvgc2026regma-1510\n|\n|t:|...L50, M|100/100\n|turn|7' [112 bytes]
DEBUG:websockets.client:< TEXT '>battle-gen9championsvgc2026regma-1510\n|reques...ng":false}]},"rqid":24}' [2185 bytes]
DEBUG:websockets.client:< TEXT '>battle-gen9championsvgc2026regma-1510\n|reques...ng":false}]},"rqid":25}' [2221 bytes]
DEBUG:vgc_base:Turn 7 [battle-gen9championsvgc2026regma-1510] a0=3 a1=0 src=max_damage g0=0 g1=0
DEBUG:vgc_base:_safe_order: action 0 slot 1 \u2192 None, scanning legal actions.
DEBUG:vgc_base:_safe_order: slot 1 has no decodable legal action — sending Pass.
DEBUG:websockets.client:> TEXT 'battle-gen9championsvgc2026regma-1510|/choose move wavecrash 1, pass' [68 bytes]
INFO:player:Turn 7 [battle-gen9championsvgc2026regma-1510] value head win-prob: 0.967  (winning)
DEBUG:live_vgc_base:Turn 7 [battle-gen9championsvgc2026regma-1510] a0=0 a1=0 src=model opp_splice=on
DEBUG:websockets.client:> TEXT 'battle-gen9championsvgc2026regma-1510|/choose m...e mega, move hypervoice' [81 bytes]
DEBUG:websockets.client:< TEXT '>battle-gen9championsvgc2026regma-1510\n|\n|t:|...keep]\n|upkeep\n|turn|8' [613 bytes]
DEBUG:websockets.client:< TEXT '>battle-gen9championsvgc2026regma-1510\n|\n|t:|...keep]\n|upkeep\n|turn|8' [613 bytes]
DEBUG:websockets.client:< TEXT '>battle-gen9championsvgc2026regma-1510\n|reques...ng":false}]},"rqid":26}' [2167 bytes]
DEBUG:websockets.client:< TEXT '>battle-gen9championsvgc2026regma-1510\n|reques...ng":false}]},"rqid":27}' [2220 bytes]
DEBUG:vgc_base:Turn 8 [battle-gen9championsvgc2026regma-1510] a0=3 a1=0 src=max_damage g0=0 g1=0
DEBUG:vgc_base:_safe_order: action 0 slot 1 \u2192 None, scanning legal actions.
DEBUG:vgc_base:_safe_order: slot 1 has no decodable legal action — sending Pass.
DEBUG:websockets.client:> TEXT 'battle-gen9championsvgc2026regma-1510|/choose move wavecrash 1, pass' [68 bytes]
INFO:player:Turn 8 [battle-gen9championsvgc2026regma-1510] value head win-prob: 0.977  (winning)
DEBUG:live_vgc_base:Turn 8 [battle-gen9championsvgc2026regma-1510] a0=0 a1=9 src=model opp_splice=on
DEBUG:websockets.client:> TEXT 'battle-gen9championsvgc2026regma-1510|/choose move heatwave, move icywind' [73 bytes]
DEBUG:websockets.client:< TEXT '>battle-gen9championsvgc2026regma-1510\n|\n|t:|...asculegion\n|\n|win|BC2' [342 bytes]
DEBUG:websockets.client:< TEXT '>battle-gen9championsvgc2026regma-1510\n|\n|t:|...asculegion\n|\n|win|BC2' [342 bytes]
DEBUG:websockets.client:< TEXT '|updatesearch|{"searching":[],"games":{"battle-... 2026 Reg M-A Battle"}}' [124 bytes]
INFO:vgc_base:Battle battle-gen9championsvgc2026regma-1510 finished — outcome: WIN  (W/L/D so far: 2/1/0)
DEBUG:websockets.client:> TEXT '|/leave battle-gen9championsvgc2026regma-1510' [45 bytes]
DEBUG:websockets.client:< TEXT '|updatesearch|{"searching":[],"games":{"battle-... 2026 Reg M-A Battle"}}' [124 bytes]
DEBUG:websockets.client:> TEXT 'battle-gen9championsvgc2026regma-1511|/rejectopenteamsheets' [59 bytes]
INFO:vgc_base:Battle battle-gen9championsvgc2026regma-1510 finished — outcome: LOSS  (W/L/D so far: 1/2/0)
DEBUG:websockets.client:> TEXT '|/leave battle-gen9championsvgc2026regma-1510' [45 bytes]
DEBUG:websockets.client:> TEXT '|/utm Sneasler||whiteherb|unburden|fakeout,dire...Naive|32,2,,,,32||||50|' [550 bytes]
DEBUG:websockets.client:> TEXT '|/challenge opmax2, gen9championsvgc2026regma' [45 bytes]
DEBUG:websockets.client:> TEXT 'battle-gen9championsvgc2026regma-1511|/rejectopenteamsheets' [59 bytes]
DEBUG:websockets.client:< TEXT '>battle-gen9championsvgc2026regma-1510\n|deinit' [46 bytes]
DEBUG:websockets.client:< TEXT '>battle-gen9championsvgc2026regma-1510\n|l|\u2606BC2' [48 bytes]
DEBUG:websockets.client:< TEXT '>battle-gen9championsvgc2026regma-1511\n|uhtmlchange|otsrequest|' [63 bytes]
DEBUG:websockets.client:< TEXT '>battle-gen9championsvgc2026regma-1511\nBC2 rejected open team sheets.' [69 bytes]
DEBUG:websockets.client:< TEXT '>battle-gen9championsvgc2026regma-1511\n|uhtmlchange|otsrequest|' [63 bytes]
DEBUG:websockets.client:< TEXT '>battle-gen9championsvgc2026regma-1511\nBC2 rejected open team sheets.' [69 bytes]
DEBUG:websockets.client:< TEXT '>battle-gen9championsvgc2026regma-1510\n|deinit' [46 bytes]
DEBUG:websockets.client:< TEXT '>battle-gen9championsvgc2026regma-1511\n|uhtmlchange|otsrequest|' [63 bytes]
DEBUG:websockets.client:< TEXT '>battle-gen9championsvgc2026regma-1511\n|uhtmlchange|otsrequest|' [63 bytes]
DEBUG:websockets.client:< TEXT '>battle-gen9championsvgc2026regma-1511\nOPmax_2...ected open team sheets.' [73 bytes]
DEBUG:websockets.client:< TEXT '>battle-gen9championsvgc2026regma-1511\nOPmax_2...ected open team sheets.' [73 bytes]
INFO:player:Team-preview [battle-gen9championsvgc2026regma-1511] NET drove: bring=['whimsicott', 'zoroarkhisui', 'ditto', 'charizardmegay'] leads=['whimsicott', 'zoroarkhisui'] (vs opp ['sneasler', 'charizard', 'whimsicott', 'basculegion', 'zoroarkhisui', 'ditto'])
INFO:vgc_base:Teampreview [battle-gen9championsvgc2026regma-1511] \u2192 /team 3562  (whimsicott, zoroarkhisui, ditto, charizardmegay)
DEBUG:websockets.client:> TEXT 'battle-gen9championsvgc2026regma-1511|/team 3562' [48 bytes]
DEBUG:vgc_base:Teampreview: first-4 roster order \u2192 ['sneasler', 'charizardmegay', 'whimsicott', 'basculegion']
INFO:vgc_base:Teampreview [battle-gen9championsvgc2026regma-1511] \u2192 /team 1234  (sneasler, charizardmegay, whimsicott, basculegion)
DEBUG:websockets.client:> TEXT 'battle-gen9championsvgc2026regma-1511|/team 1234' [48 bytes]
DEBUG:websockets.client:< TEXT '|pm| BC2| OPmax_2|/challenge gen9championsvgc20...hampionsvgc2026regma|||' [83 bytes]
DEBUG:websockets.client:< TEXT '|pm| BC2| OPmax_2|/challenge gen9championsvgc20...hampionsvgc2026regma|||' [83 bytes]
DEBUG:websockets.client:< TEXT '|pm| BC2| OPmax_2|/log BC2 wants to battle!' [43 bytes]
DEBUG:websockets.client:< TEXT '|pm| BC2| OPmax_2|/log BC2 wants to battle!' [43 bytes]
DEBUG:websockets.client:> TEXT '|/utm Sneasler||whiteherb|unburden|fakeout,dire...Naive|32,2,,,,32||||50|' [550 bytes]
DEBUG:websockets.client:> TEXT '|/accept bc2' [12 bytes]
DEBUG:websockets.client:< TEXT '>battle-gen9championsvgc2026regma-1511\n|\n|t:|...L50, M|100/100\n|turn|1' [321 bytes]
DEBUG:websockets.client:< TEXT '>battle-gen9championsvgc2026regma-1511\n|\n|t:|...L50, M|168/168\n|turn|1' [321 bytes]
DEBUG:websockets.client:< TEXT '>battle-gen9championsvgc2026regma-1511\n|reques...ing":false}]},"rqid":4}' [2167 bytes]
DEBUG:websockets.client:< TEXT '>battle-gen9championsvgc2026regma-1511\n|reques...ing":false}]},"rqid":5}' [2236 bytes]
INFO:player:Turn 1 [battle-gen9championsvgc2026regma-1511] value head win-prob: 0.351  (losing)
DEBUG:live_vgc_base:Turn 1 [battle-gen9championsvgc2026regma-1511] a0=0 a1=9 src=model opp_splice=on
DEBUG:websockets.client:> TEXT 'battle-gen9championsvgc2026regma-1511|/choose move encore 1, move icywind' [73 bytes]
DEBUG:vgc_base:Turn 1 [battle-gen9championsvgc2026regma-1511] a0=9 a1=9 src=max_damage g0=0 g1=0
DEBUG:websockets.client:> TEXT 'battle-gen9championsvgc2026regma-1511|/choose m...bat 1, move solarbeam 1' [82 bytes]
DEBUG:websockets.client:< TEXT '|pm| OPmax_2| BC2|/challenge' [28 bytes]
DEBUG:websockets.client:< TEXT '|pm| OPmax_2| BC2|/challenge' [28 bytes]
DEBUG:websockets.client:< TEXT '|updatesearch|{"searching":[],"games":{"battle-... 2026 Reg M-A Battle"}}' [124 bytes]
DEBUG:websockets.client:< TEXT '|updatesearch|{"searching":[],"games":{"battle-... 2026 Reg M-A Battle"}}' [208 bytes]
DEBUG:websockets.client:< TEXT '|updatesearch|{"searching":[],"games":{"battle-... 2026 Reg M-A Battle"}}' [208 bytes]
DEBUG:websockets.client:< TEXT '>battle-gen9championsvgc2026regma-1512\n|init|b...n|j|\u2606BC2\n|j|\u2606OPmax_2\n' [99 bytes]
DEBUG:websockets.client:< TEXT '|pm| OPmax_2| BC2|/nonotify OPmax_2 accepted th...26regma-1512</a>&raquo;' [173 bytes]
DEBUG:websockets.client:< TEXT '>battle-gen9championsvgc2026regma-1512\n|t:|1781641911\n|gametype|doubles' [71 bytes]
DEBUG:websockets.client:< TEXT '>battle-gen9championsvgc2026regma-1512\n|player|p1|BC2|102|' [58 bytes]
DEBUG:websockets.client:< TEXT '>battle-gen9championsvgc2026regma-1512\n|player...heets</strong></button>' [855 bytes]
DEBUG:websockets.client:< TEXT '>battle-gen9championsvgc2026regma-1512\n|reques...ing":false}]},"rqid":3}' [2097 bytes]
DEBUG:websockets.client:< TEXT '|updatesearch|{"searching":[],"games":{"battle-... 2026 Reg M-A Battle"}}' [124 bytes]
DEBUG:websockets.client:< TEXT '|updatesearch|{"searching":[],"games":{"battle-... 2026 Reg M-A Battle"}}' [208 bytes]
DEBUG:websockets.client:< TEXT '|updatesearch|{"searching":[],"games":{"battle-... 2026 Reg M-A Battle"}}' [208 bytes]
DEBUG:websockets.client:< TEXT '>battle-gen9championsvgc2026regma-1512\n|init|b... vs. OPmax_2\n|j|\u2606BC2\n' [85 bytes]
DEBUG:websockets.client:< TEXT '>battle-gen9championsvgc2026regma-1512\n|j|\u2606OPmax_2' [52 bytes]
DEBUG:websockets.client:< TEXT '|pm| OPmax_2| BC2|/nonotify OPmax_2 accepted th...26regma-1512</a>&raquo;' [173 bytes]
DEBUG:websockets.client:< TEXT '>battle-gen9championsvgc2026regma-1512\n|t:|1781641911\n|gametype|doubles' [71 bytes]
DEBUG:websockets.client:< TEXT '>battle-gen9championsvgc2026regma-1512\n|player|p1|BC2|102|' [58 bytes]
DEBUG:websockets.client:< TEXT '>battle-gen9championsvgc2026regma-1512\n|player...heets</strong></button>' [855 bytes]
DEBUG:websockets.client:< TEXT '>battle-gen9championsvgc2026regma-1512\n|reques...ing":false}]},"rqid":2}' [2093 bytes]
DEBUG:websockets.client:< TEXT '>battle-gen9championsvgc2026regma-1511\n|\n|t:|...am\n|\n|upkeep\n|turn|2' [644 bytes]
DEBUG:websockets.client:< TEXT '>battle-gen9championsvgc2026regma-1511\n|\n|t:|...am\n|\n|upkeep\n|turn|2' [646 bytes]
DEBUG:websockets.client:< TEXT '>battle-gen9championsvgc2026regma-1511\n|reques...ing":false}]},"rqid":7}' [1888 bytes]
DEBUG:websockets.client:< TEXT '>battle-gen9championsvgc2026regma-1511\n|reques...ing":false}]},"rqid":6}' [2166 bytes]
DEBUG:vgc_base:Turn 2 [battle-gen9championsvgc2026regma-1511] a0=9 a1=9 src=max_damage g0=0 g1=0
DEBUG:websockets.client:> TEXT 'battle-gen9championsvgc2026regma-1511|/choose m...bat 1, move solarbeam 1' [82 bytes]
INFO:player:Turn 2 [battle-gen9championsvgc2026regma-1511] value head win-prob: 0.263  (losing)
DEBUG:live_vgc_base:Turn 2 [battle-gen9championsvgc2026regma-1511] a0=0 a1=9 src=model opp_splice=on
DEBUG:websockets.client:> TEXT 'battle-gen9championsvgc2026regma-1511|/choose move encore 1, move icywind' [73 bytes]
DEBUG:websockets.client:< TEXT '>battle-gen9championsvgc2026regma-1511\n|\n|t:|... Whimsicott\n|\n|upkeep' [639 bytes]
DEBUG:websockets.client:< TEXT '>battle-gen9championsvgc2026regma-1511\n|\n|t:|... Whimsicott\n|\n|upkeep' [639 bytes]
DEBUG:websockets.client:< TEXT '>battle-gen9championsvgc2026regma-1511\n|reques...oCancel":true,"rqid":8}' [1421 bytes]
DEBUG:websockets.client:< TEXT '>battle-gen9championsvgc2026regma-1511\n|reques...ing":false}]},"rqid":9}' [1452 bytes]
DEBUG:live_vgc_base:forceSwitch forced_switch_model [battle-gen9championsvgc2026regma-1511] turn 2 a0=13 a1=None opp_splice=on
DEBUG:websockets.client:> TEXT 'battle-gen9championsvgc2026regma-1511|/choose switch Ditto, pass' [64 bytes]
DEBUG:websockets.client:< TEXT '>battle-gen9championsvgc2026regma-1511\n|\n|t:|...lity: Imposter\n|turn|3' [164 bytes]
DEBUG:websockets.client:< TEXT '>battle-gen9championsvgc2026regma-1511\n|\n|t:|...lity: Imposter\n|turn|3' [164 bytes]
DEBUG:websockets.client:< TEXT '>battle-gen9championsvgc2026regma-1511\n|reques...ng":false}]},"rqid":10}' [2200 bytes]
DEBUG:websockets.client:< TEXT '>battle-gen9championsvgc2026regma-1511\n|reques...ng":false}]},"rqid":11}' [2224 bytes]
INFO:player:Turn 3 [battle-gen9championsvgc2026regma-1511] value head win-prob: 0.513  (even)
DEBUG:live_vgc_base:Turn 3 [battle-gen9championsvgc2026regma-1511] a0=3 a1=9 src=model opp_splice=on
DEBUG:websockets.client:> TEXT 'battle-gen9championsvgc2026regma-1511|/choose move heatwave, move icywind' [73 bytes]
DEBUG:vgc_base:Turn 3 [battle-gen9championsvgc2026regma-1511] a0=9 a1=9 src=max_damage g0=0 g1=0
DEBUG:websockets.client:> TEXT 'battle-gen9championsvgc2026regma-1511|/choose m...bat 1, move solarbeam 1' [82 bytes]
DEBUG:websockets.client:< TEXT '>battle-gen9championsvgc2026regma-1511\n|\n|t:|...|Solar Beam\n|\n|upkeep' [619 bytes]
DEBUG:websockets.client:< TEXT '>battle-gen9championsvgc2026regma-1511\n|\n|t:|...|Solar Beam\n|\n|upkeep' [619 bytes]
DEBUG:websockets.client:< TEXT '>battle-gen9championsvgc2026regma-1511\n|reques...ng":false}]},"rqid":12}' [1427 bytes]
DEBUG:websockets.client:< TEXT '>battle-gen9championsvgc2026regma-1511\n|reques...Cancel":true,"rqid":13}' [1482 bytes]
DEBUG:vgc_base:forceSwitch [battle-gen9championsvgc2026regma-1511] force=[True, False] \u2192 /choose switch Basculegion / /choose pass
DEBUG:websockets.client:> TEXT 'battle-gen9championsvgc2026regma-1511|/choose switch Basculegion, pass' [70 bytes]
DEBUG:websockets.client:< TEXT '>battle-gen9championsvgc2026regma-1511\n|\n|t:|...L50, M|100/100\n|turn|4' [116 bytes]
DEBUG:websockets.client:< TEXT '>battle-gen9championsvgc2026regma-1511\n|\n|t:|...L50, M|197/197\n|turn|4' [116 bytes]
DEBUG:websockets.client:< TEXT '>battle-gen9championsvgc2026regma-1511\n|reques...ng":false}]},"rqid":14}' [2199 bytes]
DEBUG:websockets.client:< TEXT '>battle-gen9championsvgc2026regma-1511\n|reques...ng":false}]},"rqid":15}' [1895 bytes]
INFO:player:Turn 4 [battle-gen9championsvgc2026regma-1511] value head win-prob: 0.113  (losing)
DEBUG:live_vgc_base:Turn 4 [battle-gen9championsvgc2026regma-1511] a0=3 a1=0 src=model opp_splice=on
DEBUG:websockets.client:> TEXT 'battle-gen9championsvgc2026regma-1511|/choose m...atwave, move hypervoice' [76 bytes]
DEBUG:vgc_base:Turn 4 [battle-gen9championsvgc2026regma-1511] a0=3 a1=9 src=max_damage g0=0 g1=0
DEBUG:websockets.client:> TEXT 'battle-gen9championsvgc2026regma-1511|/choose m...ash 1, move solarbeam 1' [80 bytes]
DEBUG:websockets.client:< TEXT '>battle-gen9championsvgc2026regma-1511\n|\n|t:|...rk|Illusion\n|\n|upkeep' [516 bytes]
DEBUG:websockets.client:< TEXT '>battle-gen9championsvgc2026regma-1511\n|\n|t:|...rk|Illusion\n|\n|upkeep' [518 bytes]
DEBUG:websockets.client:< TEXT '>battle-gen9championsvgc2026regma-1511\n|reques...Cancel":true,"rqid":16}' [1419 bytes]
DEBUG:websockets.client:< TEXT '>battle-gen9championsvgc2026regma-1511\n|reques...ng":false}]},"rqid":17}' [1451 bytes]
DEBUG:live_vgc_base:forceSwitch forced_switch_model [battle-gen9championsvgc2026regma-1511] turn 4 a0=12 a1=None opp_splice=on
DEBUG:websockets.client:> TEXT 'battle-gen9championsvgc2026regma-1511|/choose switch Charizard, pass' [68 bytes]
DEBUG:websockets.client:< TEXT '>battle-gen9championsvgc2026regma-1511\n|\n|t:|...L50, M|168/168\n|turn|5' [112 bytes]
DEBUG:websockets.client:< TEXT '>battle-gen9championsvgc2026regma-1511\n|\n|t:|...L50, M|100/100\n|turn|5' [112 bytes]
DEBUG:websockets.client:< TEXT '>battle-gen9championsvgc2026regma-1511\n|reques...ng":false}]},"rqid":18}' [2184 bytes]
DEBUG:websockets.client:< TEXT '>battle-gen9championsvgc2026regma-1511\n|reques...ng":false}]},"rqid":19}' [2233 bytes]
INFO:player:Turn 5 [battle-gen9championsvgc2026regma-1511] value head win-prob: 0.055  (losing)
DEBUG:live_vgc_base:Turn 5 [battle-gen9championsvgc2026regma-1511] a0=0 a1=0 src=model opp_splice=on
DEBUG:websockets.client:> TEXT 'battle-gen9championsvgc2026regma-1511|/choose m...e mega, move hypervoice' [81 bytes]
DEBUG:vgc_base:Turn 5 [battle-gen9championsvgc2026regma-1511] a0=3 a1=9 src=max_damage g0=0 g1=0
DEBUG:websockets.client:> TEXT 'battle-gen9championsvgc2026regma-1511|/choose m...ash 1, move solarbeam 1' [80 bytes]
DEBUG:websockets.client:< TEXT '>battle-gen9championsvgc2026regma-1511\n|\n|t:|...nyDay|[upkeep]\n|upkeep' [687 bytes]
DEBUG:websockets.client:< TEXT '>battle-gen9championsvgc2026regma-1511\n|\n|t:|...nyDay|[upkeep]\n|upkeep' [688 bytes]
DEBUG:websockets.client:< TEXT '>battle-gen9championsvgc2026regma-1511\n|reques...ng":false}]},"rqid":20}' [1388 bytes]
DEBUG:websockets.client:< TEXT '>battle-gen9championsvgc2026regma-1511\n|reques...Cancel":true,"rqid":21}' [1480 bytes]
DEBUG:vgc_base:forceSwitch [battle-gen9championsvgc2026regma-1511] force=[False, True] \u2192 /choose pass / /choose switch Whimsicott
DEBUG:websockets.client:> TEXT 'battle-gen9championsvgc2026regma-1511|/choose pass, switch Whimsicott' [69 bytes]
DEBUG:websockets.client:< TEXT '>battle-gen9championsvgc2026regma-1511\n|\n|t:|...L50, M|100/100\n|turn|6' [114 bytes]
DEBUG:websockets.client:< TEXT '>battle-gen9championsvgc2026regma-1511\n|\n|t:|...L50, M|137/137\n|turn|6' [114 bytes]
DEBUG:websockets.client:< TEXT '>battle-gen9championsvgc2026regma-1511\n|reques...ng":false}]},"rqid":22}' [2166 bytes]
DEBUG:websockets.client:< TEXT '>battle-gen9championsvgc2026regma-1511\n|reques...ng":false}]},"rqid":23}' [2210 bytes]
DEBUG:vgc_base:Turn 6 [battle-gen9championsvgc2026regma-1511] a0=4 a1=7 src=max_damage g0=0 g1=0
DEBUG:websockets.client:> TEXT 'battle-gen9championsvgc2026regma-1511|/choose m...ash 2, move moonblast 2' [80 bytes]
INFO:player:Turn 6 [battle-gen9championsvgc2026regma-1511] value head win-prob: 0.002  (losing)
DEBUG:live_vgc_base:Turn 6 [battle-gen9championsvgc2026regma-1511] a0=0 a1=0 src=model opp_splice=on
DEBUG:vgc_base:_safe_order: action 0 slot 0 \u2192 None, scanning legal actions.
DEBUG:vgc_base:_safe_order: slot 0 has no decodable legal action — sending Pass.
DEBUG:websockets.client:> TEXT 'battle-gen9championsvgc2026regma-1511|/choose pass, move hypervoice' [67 bytes]
DEBUG:websockets.client:< TEXT '>battle-gen9championsvgc2026regma-1511\n|\n|t:|...oroark\n|\n|win|OPmax_2' [163 bytes]
DEBUG:websockets.client:< TEXT '>battle-gen9championsvgc2026regma-1511\n|\n|t:|...oroark\n|\n|win|OPmax_2' [163 bytes]
INFO:vgc_base:Battle battle-gen9championsvgc2026regma-1511 finished — outcome: LOSS  (W/L/D so far: 2/2/0)
DEBUG:websockets.client:> TEXT '|/leave battle-gen9championsvgc2026regma-1511' [45 bytes]
DEBUG:websockets.client:< TEXT '|updatesearch|{"searching":[],"games":{"battle-... 2026 Reg M-A Battle"}}' [124 bytes]
DEBUG:websockets.client:< TEXT '|updatesearch|{"searching":[],"games":{"battle-... 2026 Reg M-A Battle"}}' [124 bytes]
DEBUG:websockets.client:> TEXT 'battle-gen9championsvgc2026regma-1512|/rejectopenteamsheets' [59 bytes]
INFO:vgc_base:Battle battle-gen9championsvgc2026regma-1511 finished — outcome: WIN  (W/L/D so far: 2/2/0)
DEBUG:websockets.client:> TEXT '|/leave battle-gen9championsvgc2026regma-1511' [45 bytes]
DEBUG:websockets.client:< TEXT '>battle-gen9championsvgc2026regma-1511\n|deinit' [46 bytes]
DEBUG:websockets.client:> TEXT '|/utm Sneasler||whiteherb|unburden|fakeout,dire...Naive|32,2,,,,32||||50|' [550 bytes]
DEBUG:websockets.client:> TEXT '|/challenge opmax2, gen9championsvgc2026regma' [45 bytes]
DEBUG:websockets.client:> TEXT 'battle-gen9championsvgc2026regma-1512|/rejectopenteamsheets' [59 bytes]
DEBUG:websockets.client:< TEXT '>battle-gen9championsvgc2026regma-1512\n|uhtmlchange|otsrequest|' [63 bytes]
DEBUG:websockets.client:< TEXT '>battle-gen9championsvgc2026regma-1512\nBC2 rejected open team sheets.' [69 bytes]
DEBUG:websockets.client:< TEXT '>battle-gen9championsvgc2026regma-1511\n|l|\u2606BC2' [48 bytes]
DEBUG:websockets.client:< TEXT '>battle-gen9championsvgc2026regma-1512\n|uhtmlchange|otsrequest|' [63 bytes]
DEBUG:websockets.client:< TEXT '>battle-gen9championsvgc2026regma-1512\nBC2 rejected open team sheets.' [69 bytes]
DEBUG:websockets.client:< TEXT '>battle-gen9championsvgc2026regma-1511\n|deinit' [46 bytes]
DEBUG:websockets.client:< TEXT '>battle-gen9championsvgc2026regma-1512\n|uhtmlchange|otsrequest|' [63 bytes]
DEBUG:websockets.client:< TEXT '>battle-gen9championsvgc2026regma-1512\n|uhtmlchange|otsrequest|' [63 bytes]
DEBUG:websockets.client:< TEXT '>battle-gen9championsvgc2026regma-1512\nOPmax_2...ected open team sheets.' [73 bytes]
DEBUG:websockets.client:< TEXT '>battle-gen9championsvgc2026regma-1512\nOPmax_2...ected open team sheets.' [73 bytes]
INFO:player:Team-preview [battle-gen9championsvgc2026regma-1512] NET drove: bring=['whimsicott', 'zoroarkhisui', 'ditto', 'charizardmegay'] leads=['whimsicott', 'zoroarkhisui'] (vs opp ['sneasler', 'charizard', 'whimsicott', 'basculegion', 'zoroarkhisui', 'ditto'])
INFO:vgc_base:Teampreview [battle-gen9championsvgc2026regma-1512] \u2192 /team 3562  (whimsicott, zoroarkhisui, ditto, charizardmegay)
DEBUG:websockets.client:> TEXT 'battle-gen9championsvgc2026regma-1512|/team 3562' [48 bytes]
DEBUG:vgc_base:Teampreview: first-4 roster order \u2192 ['sneasler', 'charizardmegay', 'whimsicott', 'basculegion']
INFO:vgc_base:Teampreview [battle-gen9championsvgc2026regma-1512] \u2192 /team 1234  (sneasler, charizardmegay, whimsicott, basculegion)
DEBUG:websockets.client:> TEXT 'battle-gen9championsvgc2026regma-1512|/team 1234' [48 bytes]
DEBUG:websockets.client:< TEXT '|pm| BC2| OPmax_2|/challenge gen9championsvgc20...hampionsvgc2026regma|||' [83 bytes]
DEBUG:websockets.client:< TEXT '|pm| BC2| OPmax_2|/challenge gen9championsvgc20...hampionsvgc2026regma|||' [83 bytes]
DEBUG:websockets.client:< TEXT '|pm| BC2| OPmax_2|/log BC2 wants to battle!' [43 bytes]
DEBUG:websockets.client:< TEXT '|pm| BC2| OPmax_2|/log BC2 wants to battle!' [43 bytes]
DEBUG:websockets.client:> TEXT '|/utm Sneasler||whiteherb|unburden|fakeout,dire...Naive|32,2,,,,32||||50|' [550 bytes]
DEBUG:websockets.client:> TEXT '|/accept bc2' [12 bytes]
DEBUG:websockets.client:< TEXT '>battle-gen9championsvgc2026regma-1512\n|\n|t:|...L50, M|100/100\n|turn|1' [321 bytes]
DEBUG:websockets.client:< TEXT '>battle-gen9championsvgc2026regma-1512\n|\n|t:|...L50, M|168/168\n|turn|1' [321 bytes]
DEBUG:websockets.client:< TEXT '>battle-gen9championsvgc2026regma-1512\n|reques...ing":false}]},"rqid":4}' [2167 bytes]
DEBUG:websockets.client:< TEXT '>battle-gen9championsvgc2026regma-1512\n|reques...ing":false}]},"rqid":5}' [2236 bytes]
INFO:player:Turn 1 [battle-gen9championsvgc2026regma-1512] value head win-prob: 0.351  (losing)
DEBUG:live_vgc_base:Turn 1 [battle-gen9championsvgc2026regma-1512] a0=0 a1=9 src=model opp_splice=on
DEBUG:websockets.client:> TEXT 'battle-gen9championsvgc2026regma-1512|/choose move encore 1, move icywind' [73 bytes]
DEBUG:websockets.client:< TEXT '|pm| OPmax_2| BC2|/challenge' [28 bytes]
DEBUG:websockets.client:< TEXT '|updatesearch|{"searching":[],"games":{"battle-... 2026 Reg M-A Battle"}}' [124 bytes]
DEBUG:websockets.client:< TEXT '|pm| OPmax_2| BC2|/challenge' [28 bytes]
DEBUG:websockets.client:< TEXT '|updatesearch|{"searching":[],"games":{"battle-... 2026 Reg M-A Battle"}}' [208 bytes]
DEBUG:websockets.client:< TEXT '|updatesearch|{"searching":[],"games":{"battle-... 2026 Reg M-A Battle"}}' [208 bytes]
DEBUG:websockets.client:< TEXT '>battle-gen9championsvgc2026regma-1513\n|init|b...n|j|\u2606BC2\n|j|\u2606OPmax_2\n' [99 bytes]
DEBUG:websockets.client:< TEXT '|pm| OPmax_2| BC2|/nonotify OPmax_2 accepted th...26regma-1513</a>&raquo;' [173 bytes]
DEBUG:websockets.client:< TEXT '>battle-gen9championsvgc2026regma-1513\n|t:|1781641911\n|gametype|doubles' [71 bytes]
DEBUG:websockets.client:< TEXT '>battle-gen9championsvgc2026regma-1513\n|player|p1|BC2|102|' [58 bytes]
DEBUG:websockets.client:< TEXT '>battle-gen9championsvgc2026regma-1513\n|player...heets</strong></button>' [855 bytes]
DEBUG:websockets.client:< TEXT '>battle-gen9championsvgc2026regma-1513\n|reques...ing":false}]},"rqid":3}' [2097 bytes]
DEBUG:vgc_base:Turn 1 [battle-gen9championsvgc2026regma-1512] a0=9 a1=9 src=max_damage g0=0 g1=0
DEBUG:websockets.client:> TEXT 'battle-gen9championsvgc2026regma-1512|/choose m...bat 1, move solarbeam 1' [82 bytes]
DEBUG:websockets.client:< TEXT '|updatesearch|{"searching":[],"games":{"battle-... 2026 Reg M-A Battle"}}' [124 bytes]
DEBUG:websockets.client:< TEXT '|updatesearch|{"searching":[],"games":{"battle-... 2026 Reg M-A Battle"}}' [208 bytes]
DEBUG:websockets.client:< TEXT '|updatesearch|{"searching":[],"games":{"battle-... 2026 Reg M-A Battle"}}' [208 bytes]
DEBUG:websockets.client:< TEXT '>battle-gen9championsvgc2026regma-1513\n|init|b... vs. OPmax_2\n|j|\u2606BC2\n' [85 bytes]
DEBUG:websockets.client:< TEXT '>battle-gen9championsvgc2026regma-1513\n|j|\u2606OPmax_2' [52 bytes]
DEBUG:websockets.client:< TEXT '|pm| OPmax_2| BC2|/nonotify OPmax_2 accepted th...26regma-1513</a>&raquo;' [173 bytes]
DEBUG:websockets.client:< TEXT '>battle-gen9championsvgc2026regma-1513\n|t:|1781641911\n|gametype|doubles' [71 bytes]
DEBUG:websockets.client:< TEXT '>battle-gen9championsvgc2026regma-1513\n|player|p1|BC2|102|' [58 bytes]
DEBUG:websockets.client:< TEXT '>battle-gen9championsvgc2026regma-1513\n|player...heets</strong></button>' [855 bytes]
DEBUG:websockets.client:< TEXT '>battle-gen9championsvgc2026regma-1513\n|reques...ing":false}]},"rqid":2}' [2093 bytes]
DEBUG:websockets.client:< TEXT '>battle-gen9championsvgc2026regma-1512\n|\n|t:|...am\n|\n|upkeep\n|turn|2' [644 bytes]
DEBUG:websockets.client:< TEXT '>battle-gen9championsvgc2026regma-1512\n|\n|t:|...am\n|\n|upkeep\n|turn|2' [646 bytes]
DEBUG:websockets.client:< TEXT '>battle-gen9championsvgc2026regma-1512\n|reques...ing":false}]},"rqid":6}' [2166 bytes]
DEBUG:websockets.client:< TEXT '>battle-gen9championsvgc2026regma-1512\n|reques...ing":false}]},"rqid":7}' [1888 bytes]
DEBUG:vgc_base:Turn 2 [battle-gen9championsvgc2026regma-1512] a0=9 a1=9 src=max_damage g0=0 g1=0
DEBUG:websockets.client:> TEXT 'battle-gen9championsvgc2026regma-1512|/choose m...bat 1, move solarbeam 1' [82 bytes]
INFO:player:Turn 2 [battle-gen9championsvgc2026regma-1512] value head win-prob: 0.272  (losing)
DEBUG:live_vgc_base:Turn 2 [battle-gen9championsvgc2026regma-1512] a0=0 a1=9 src=model opp_splice=on
DEBUG:websockets.client:> TEXT 'battle-gen9championsvgc2026regma-1512|/choose move encore 1, move icywind' [73 bytes]
DEBUG:websockets.client:< TEXT '>battle-gen9championsvgc2026regma-1512\n|\n|t:|... Whimsicott\n|\n|upkeep' [640 bytes]
DEBUG:websockets.client:< TEXT '>battle-gen9championsvgc2026regma-1512\n|\n|t:|... Whimsicott\n|\n|upkeep' [641 bytes]
DEBUG:websockets.client:< TEXT '>battle-gen9championsvgc2026regma-1512\n|reques...oCancel":true,"rqid":8}' [1421 bytes]
DEBUG:websockets.client:< TEXT '>battle-gen9championsvgc2026regma-1512\n|reques...ing":false}]},"rqid":9}' [1452 bytes]
DEBUG:live_vgc_base:forceSwitch forced_switch_model [battle-gen9championsvgc2026regma-1512] turn 2 a0=13 a1=None opp_splice=on
DEBUG:websockets.client:> TEXT 'battle-gen9championsvgc2026regma-1512|/choose switch Ditto, pass' [64 bytes]
DEBUG:websockets.client:< TEXT '>battle-gen9championsvgc2026regma-1512\n|\n|t:|...lity: Imposter\n|turn|3' [164 bytes]
DEBUG:websockets.client:< TEXT '>battle-gen9championsvgc2026regma-1512\n|\n|t:|...lity: Imposter\n|turn|3' [164 bytes]
DEBUG:websockets.client:< TEXT '>battle-gen9championsvgc2026regma-1512\n|reques...ng":false}]},"rqid":10}' [2200 bytes]
DEBUG:websockets.client:< TEXT '>battle-gen9championsvgc2026regma-1512\n|reques...ng":false}]},"rqid":11}' [2224 bytes]
INFO:player:Turn 3 [battle-gen9championsvgc2026regma-1512] value head win-prob: 0.537  (even)
DEBUG:live_vgc_base:Turn 3 [battle-gen9championsvgc2026regma-1512] a0=3 a1=9 src=model opp_splice=on
DEBUG:websockets.client:> TEXT 'battle-gen9championsvgc2026regma-1512|/choose move heatwave, move icywind' [73 bytes]
DEBUG:vgc_base:Turn 3 [battle-gen9championsvgc2026regma-1512] a0=9 a1=9 src=max_damage g0=0 g1=0
DEBUG:websockets.client:> TEXT 'battle-gen9championsvgc2026regma-1512|/choose m...bat 1, move solarbeam 1' [82 bytes]
DEBUG:websockets.client:< TEXT '>battle-gen9championsvgc2026regma-1512\n|\n|t:|...|Solar Beam\n|\n|upkeep' [621 bytes]
DEBUG:websockets.client:< TEXT '>battle-gen9championsvgc2026regma-1512\n|\n|t:|...|Solar Beam\n|\n|upkeep' [621 bytes]
DEBUG:websockets.client:< TEXT '>battle-gen9championsvgc2026regma-1512\n|reques...ng":false}]},"rqid":12}' [1427 bytes]
DEBUG:websockets.client:< TEXT '>battle-gen9championsvgc2026regma-1512\n|reques...Cancel":true,"rqid":13}' [1482 bytes]
DEBUG:vgc_base:forceSwitch [battle-gen9championsvgc2026regma-1512] force=[True, False] \u2192 /choose switch Whimsicott / /choose pass
DEBUG:websockets.client:> TEXT 'battle-gen9championsvgc2026regma-1512|/choose switch Whimsicott, pass' [69 bytes]
DEBUG:websockets.client:< TEXT '>battle-gen9championsvgc2026regma-1512\n|\n|t:|...L50, M|100/100\n|turn|4' [114 bytes]
DEBUG:websockets.client:< TEXT '>battle-gen9championsvgc2026regma-1512\n|\n|t:|...L50, M|137/137\n|turn|4' [114 bytes]
DEBUG:websockets.client:< TEXT '>battle-gen9championsvgc2026regma-1512\n|reques...ng":false}]},"rqid":14}' [2199 bytes]
DEBUG:websockets.client:< TEXT '>battle-gen9championsvgc2026regma-1512\n|reques...ng":false}]},"rqid":15}' [1899 bytes]
INFO:player:Turn 4 [battle-gen9championsvgc2026regma-1512] value head win-prob: 0.176  (losing)
DEBUG:live_vgc_base:Turn 4 [battle-gen9championsvgc2026regma-1512] a0=3 a1=9 src=model opp_splice=on
DEBUG:websockets.client:> TEXT 'battle-gen9championsvgc2026regma-1512|/choose move heatwave, move icywind' [73 bytes]
DEBUG:vgc_base:Turn 4 [battle-gen9championsvgc2026regma-1512] a0=6 a1=9 src=max_damage g0=0 g1=0
DEBUG:websockets.client:> TEXT 'battle-gen9championsvgc2026regma-1512|/choose m...ast 1, move solarbeam 1' [80 bytes]
DEBUG:websockets.client:< TEXT '>battle-gen9championsvgc2026regma-1512\n|\n|t:|...: Charizard\n|\n|upkeep' [700 bytes]
DEBUG:websockets.client:< TEXT '>battle-gen9championsvgc2026regma-1512\n|\n|t:|...: Charizard\n|\n|upkeep' [699 bytes]
DEBUG:websockets.client:< TEXT '>battle-gen9championsvgc2026regma-1512\n|reques...ng":false}]},"rqid":16}' [1427 bytes]
DEBUG:websockets.client:< TEXT '>battle-gen9championsvgc2026regma-1512\n|reques...Cancel":true,"rqid":17}' [1469 bytes]
DEBUG:vgc_base:forceSwitch slot 1: no available switch — '/choose default' (handled poke-env desync).
DEBUG:vgc_base:forceSwitch DIAG [battle-gen9championsvgc2026regma-1512] turn=4 slot=1 force=[True, True] available_switches=[['basculegion'], ['basculegion']] team=[sneasler(act=False,fnt=True,hp=0), charizard(act=True,fnt=True,hp=0), whimsicott(act=True,fnt=True,hp=0), basculegion(act=False,fnt=False,hp=1.0), zoroarkhisui(act=False,fnt=False,hp=1.0), ditto(act=False,fnt=False,hp=1.0)]
DEBUG:websockets.client:> TEXT 'battle-gen9championsvgc2026regma-1512|/choose default' [53 bytes]
DEBUG:websockets.client:< TEXT '>battle-gen9championsvgc2026regma-1512\n|\n|t:|...L50, M|100/100\n|turn|5' [116 bytes]
DEBUG:websockets.client:< TEXT '>battle-gen9championsvgc2026regma-1512\n|\n|t:|...L50, M|197/197\n|turn|5' [116 bytes]
DEBUG:websockets.client:< TEXT '>battle-gen9championsvgc2026regma-1512\n|reques...ng":false}]},"rqid":18}' [2199 bytes]
DEBUG:websockets.client:< TEXT '>battle-gen9championsvgc2026regma-1512\n|reques...ng":false}]},"rqid":19}' [2221 bytes]
DEBUG:vgc_base:Turn 5 [battle-gen9championsvgc2026regma-1512] a0=3 a1=0 src=max_damage g0=0 g1=0
DEBUG:vgc_base:_safe_order: action 0 slot 1 \u2192 None, scanning legal actions.
DEBUG:vgc_base:_safe_order: slot 1 has no decodable legal action — sending Pass.
DEBUG:websockets.client:> TEXT 'battle-gen9championsvgc2026regma-1512|/choose move wavecrash 1, pass' [68 bytes]
INFO:player:Turn 5 [battle-gen9championsvgc2026regma-1512] value head win-prob: 0.976  (winning)
DEBUG:live_vgc_base:Turn 5 [battle-gen9championsvgc2026regma-1512] a0=0 a1=9 src=model opp_splice=on
DEBUG:websockets.client:> TEXT 'battle-gen9championsvgc2026regma-1512|/choose m...larbeam 1, move icywind' [76 bytes]
DEBUG:websockets.client:< TEXT '>battle-gen9championsvgc2026regma-1512\n|\n|t:|...rom] Recoil\n|\n|upkeep' [324 bytes]
DEBUG:websockets.client:< TEXT '>battle-gen9championsvgc2026regma-1512\n|\n|t:|...rom] Recoil\n|\n|upkeep' [325 bytes]
DEBUG:websockets.client:< TEXT '>battle-gen9championsvgc2026regma-1512\n|reques...Cancel":true,"rqid":20}' [1420 bytes]
DEBUG:websockets.client:< TEXT '>battle-gen9championsvgc2026regma-1512\n|reques...ng":false}]},"rqid":21}' [1439 bytes]
DEBUG:live_vgc_base:forceSwitch forced_switch_model [battle-gen9championsvgc2026regma-1512] turn 5 a0=12 a1=None opp_splice=on
DEBUG:websockets.client:> TEXT 'battle-gen9championsvgc2026regma-1512|/choose switch Charizard, pass' [68 bytes]
DEBUG:websockets.client:< TEXT '>battle-gen9championsvgc2026regma-1512\n|\n|t:|...L50, F|168/168\n|turn|6' [112 bytes]
DEBUG:websockets.client:< TEXT '>battle-gen9championsvgc2026regma-1512\n|\n|t:|...L50, F|100/100\n|turn|6' [112 bytes]
DEBUG:websockets.client:< TEXT '>battle-gen9championsvgc2026regma-1512\n|reques...ng":false}]},"rqid":22}' [2185 bytes]
DEBUG:websockets.client:< TEXT '>battle-gen9championsvgc2026regma-1512\n|reques...ng":false}]},"rqid":23}' [2221 bytes]
INFO:player:Turn 6 [battle-gen9championsvgc2026regma-1512] value head win-prob: 0.962  (winning)
DEBUG:live_vgc_base:Turn 6 [battle-gen9championsvgc2026regma-1512] a0=0 a1=0 src=model opp_splice=on
DEBUG:websockets.client:> TEXT 'battle-gen9championsvgc2026regma-1512|/choose m...e mega, move hypervoice' [81 bytes]
DEBUG:vgc_base:Turn 6 [battle-gen9championsvgc2026regma-1512] a0=3 a1=0 src=max_damage g0=0 g1=0
DEBUG:vgc_base:_safe_order: action 0 slot 1 \u2192 None, scanning legal actions.
DEBUG:vgc_base:_safe_order: slot 1 has no decodable legal action — sending Pass.
DEBUG:websockets.client:> TEXT 'battle-gen9championsvgc2026regma-1512|/choose move wavecrash 1, pass' [68 bytes]
DEBUG:websockets.client:< TEXT '>battle-gen9championsvgc2026regma-1512\n|\n|t:|...] brn\n|upkeep\n|turn|7' [696 bytes]
DEBUG:websockets.client:< TEXT '>battle-gen9championsvgc2026regma-1512\n|\n|t:|...] brn\n|upkeep\n|turn|7' [696 bytes]
DEBUG:websockets.client:< TEXT '>battle-gen9championsvgc2026regma-1512\n|reques...ng":false}]},"rqid":24}' [2168 bytes]
DEBUG:websockets.client:< TEXT '>battle-gen9championsvgc2026regma-1512\n|reques...ng":false}]},"rqid":25}' [2224 bytes]
INFO:player:Turn 7 [battle-gen9championsvgc2026regma-1512] value head win-prob: 0.992  (winning)
DEBUG:live_vgc_base:Turn 7 [battle-gen9championsvgc2026regma-1512] a0=0 a1=0 src=model opp_splice=on
DEBUG:websockets.client:> TEXT 'battle-gen9championsvgc2026regma-1512|/choose m...atwave, move hypervoice' [76 bytes]
DEBUG:vgc_base:Turn 7 [battle-gen9championsvgc2026regma-1512] a0=3 a1=0 src=max_damage g0=0 g1=0
DEBUG:vgc_base:_safe_order: action 0 slot 1 \u2192 None, scanning legal actions.
DEBUG:vgc_base:_safe_order: slot 1 has no decodable legal action — sending Pass.
DEBUG:websockets.client:> TEXT 'battle-gen9championsvgc2026regma-1512|/choose move wavecrash 1, pass' [68 bytes]
DEBUG:websockets.client:< TEXT '>battle-gen9championsvgc2026regma-1512\n|\n|t:|...asculegion\n|\n|win|BC2' [276 bytes]
DEBUG:websockets.client:< TEXT '>battle-gen9championsvgc2026regma-1512\n|\n|t:|...asculegion\n|\n|win|BC2' [276 bytes]
INFO:vgc_base:Battle battle-gen9championsvgc2026regma-1512 finished — outcome: WIN  (W/L/D so far: 3/2/0)
DEBUG:websockets.client:> TEXT '|/leave battle-gen9championsvgc2026regma-1512' [45 bytes]
DEBUG:websockets.client:< TEXT '|updatesearch|{"searching":[],"games":{"battle-... 2026 Reg M-A Battle"}}' [124 bytes]
DEBUG:websockets.client:> TEXT 'battle-gen9championsvgc2026regma-1513|/rejectopenteamsheets' [59 bytes]
INFO:vgc_base:Battle battle-gen9championsvgc2026regma-1512 finished — outcome: LOSS  (W/L/D so far: 2/3/0)
DEBUG:websockets.client:> TEXT '|/leave battle-gen9championsvgc2026regma-1512' [45 bytes]
DEBUG:websockets.client:< TEXT '|updatesearch|{"searching":[],"games":{"battle-... 2026 Reg M-A Battle"}}' [124 bytes]
DEBUG:websockets.client:> TEXT '|/utm Sneasler||whiteherb|unburden|fakeout,dire...Naive|32,2,,,,32||||50|' [550 bytes]
DEBUG:websockets.client:> TEXT '|/challenge opmax2, gen9championsvgc2026regma' [45 bytes]
DEBUG:websockets.client:> TEXT 'battle-gen9championsvgc2026regma-1513|/rejectopenteamsheets' [59 bytes]
DEBUG:websockets.client:< TEXT '>battle-gen9championsvgc2026regma-1512\n|l|\u2606BC2' [48 bytes]
DEBUG:websockets.client:< TEXT '>battle-gen9championsvgc2026regma-1513\n|uhtmlchange|otsrequest|' [63 bytes]
DEBUG:websockets.client:< TEXT '>battle-gen9championsvgc2026regma-1513\nBC2 rejected open team sheets.' [69 bytes]
DEBUG:websockets.client:< TEXT '>battle-gen9championsvgc2026regma-1512\n|deinit' [46 bytes]
DEBUG:websockets.client:< TEXT '>battle-gen9championsvgc2026regma-1512\n|deinit' [46 bytes]
DEBUG:websockets.client:< TEXT '>battle-gen9championsvgc2026regma-1513\n|uhtmlchange|otsrequest|' [63 bytes]
DEBUG:websockets.client:< TEXT '>battle-gen9championsvgc2026regma-1513\nBC2 rejected open team sheets.' [69 bytes]
DEBUG:websockets.client:< TEXT '>battle-gen9championsvgc2026regma-1513\n|uhtmlchange|otsrequest|' [63 bytes]
DEBUG:websockets.client:< TEXT '>battle-gen9championsvgc2026regma-1513\n|uhtmlchange|otsrequest|' [63 bytes]
DEBUG:websockets.client:< TEXT '>battle-gen9championsvgc2026regma-1513\nOPmax_2...ected open team sheets.' [73 bytes]
DEBUG:websockets.client:< TEXT '>battle-gen9championsvgc2026regma-1513\nOPmax_2...ected open team sheets.' [73 bytes]
INFO:player:Team-preview [battle-gen9championsvgc2026regma-1513] NET drove: bring=['whimsicott', 'zoroarkhisui', 'ditto', 'charizardmegay'] leads=['whimsicott', 'zoroarkhisui'] (vs opp ['sneasler', 'charizard', 'whimsicott', 'basculegion', 'zoroarkhisui', 'ditto'])
INFO:vgc_base:Teampreview [battle-gen9championsvgc2026regma-1513] \u2192 /team 3562  (whimsicott, zoroarkhisui, ditto, charizardmegay)
DEBUG:websockets.client:> TEXT 'battle-gen9championsvgc2026regma-1513|/team 3562' [48 bytes]
DEBUG:vgc_base:Teampreview: first-4 roster order \u2192 ['sneasler', 'charizardmegay', 'whimsicott', 'basculegion']
INFO:vgc_base:Teampreview [battle-gen9championsvgc2026regma-1513] \u2192 /team 1234  (sneasler, charizardmegay, whimsicott, basculegion)
DEBUG:websockets.client:> TEXT 'battle-gen9championsvgc2026regma-1513|/team 1234' [48 bytes]
DEBUG:websockets.client:< TEXT '|pm| BC2| OPmax_2|/challenge gen9championsvgc20...hampionsvgc2026regma|||' [83 bytes]
DEBUG:websockets.client:< TEXT '|pm| BC2| OPmax_2|/challenge gen9championsvgc20...hampionsvgc2026regma|||' [83 bytes]
DEBUG:websockets.client:< TEXT '|pm| BC2| OPmax_2|/log BC2 wants to battle!' [43 bytes]
DEBUG:websockets.client:< TEXT '|pm| BC2| OPmax_2|/log BC2 wants to battle!' [43 bytes]
DEBUG:websockets.client:> TEXT '|/utm Sneasler||whiteherb|unburden|fakeout,dire...Naive|32,2,,,,32||||50|' [550 bytes]
DEBUG:websockets.client:> TEXT '|/accept bc2' [12 bytes]
DEBUG:websockets.client:< TEXT '>battle-gen9championsvgc2026regma-1513\n|\n|t:|...L50, M|100/100\n|turn|1' [321 bytes]
DEBUG:websockets.client:< TEXT '>battle-gen9championsvgc2026regma-1513\n|\n|t:|...L50, M|168/168\n|turn|1' [321 bytes]
DEBUG:websockets.client:< TEXT '>battle-gen9championsvgc2026regma-1513\n|reques...ing":false}]},"rqid":4}' [2167 bytes]
DEBUG:websockets.client:< TEXT '>battle-gen9championsvgc2026regma-1513\n|reques...ing":false}]},"rqid":5}' [2236 bytes]
INFO:player:Turn 1 [battle-gen9championsvgc2026regma-1513] value head win-prob: 0.351  (losing)
DEBUG:live_vgc_base:Turn 1 [battle-gen9championsvgc2026regma-1513] a0=0 a1=9 src=model opp_splice=on
DEBUG:websockets.client:> TEXT 'battle-gen9championsvgc2026regma-1513|/choose move encore 1, move icywind' [73 bytes]
DEBUG:websockets.client:< TEXT '|pm| OPmax_2| BC2|/challenge' [28 bytes]
DEBUG:websockets.client:< TEXT '|pm| OPmax_2| BC2|/challenge' [28 bytes]
DEBUG:vgc_base:Turn 1 [battle-gen9championsvgc2026regma-1513] a0=9 a1=9 src=max_damage g0=0 g1=0
DEBUG:websockets.client:> TEXT 'battle-gen9championsvgc2026regma-1513|/choose m...bat 1, move solarbeam 1' [82 bytes]
DEBUG:websockets.client:< TEXT '|updatesearch|{"searching":[],"games":{"battle-... 2026 Reg M-A Battle"}}' [124 bytes]
DEBUG:websockets.client:< TEXT '|updatesearch|{"searching":[],"games":{"battle-... 2026 Reg M-A Battle"}}' [208 bytes]
DEBUG:websockets.client:< TEXT '|updatesearch|{"searching":[],"games":{"battle-... 2026 Reg M-A Battle"}}' [208 bytes]
DEBUG:websockets.client:< TEXT '>battle-gen9championsvgc2026regma-1514\n|init|b...n|j|\u2606BC2\n|j|\u2606OPmax_2\n' [99 bytes]
DEBUG:websockets.client:< TEXT '|pm| OPmax_2| BC2|/nonotify OPmax_2 accepted th...26regma-1514</a>&raquo;' [173 bytes]
DEBUG:websockets.client:< TEXT '>battle-gen9championsvgc2026regma-1514\n|t:|1781641911\n|gametype|doubles' [71 bytes]
DEBUG:websockets.client:< TEXT '>battle-gen9championsvgc2026regma-1514\n|player|p1|BC2|102|' [58 bytes]
DEBUG:websockets.client:< TEXT '>battle-gen9championsvgc2026regma-1514\n|player...heets</strong></button>' [855 bytes]
DEBUG:websockets.client:< TEXT '>battle-gen9championsvgc2026regma-1514\n|reques...ing":false}]},"rqid":3}' [2097 bytes]
DEBUG:websockets.client:< TEXT '|updatesearch|{"searching":[],"games":{"battle-... 2026 Reg M-A Battle"}}' [124 bytes]
DEBUG:websockets.client:< TEXT '|updatesearch|{"searching":[],"games":{"battle-... 2026 Reg M-A Battle"}}' [208 bytes]
DEBUG:websockets.client:< TEXT '|updatesearch|{"searching":[],"games":{"battle-... 2026 Reg M-A Battle"}}' [208 bytes]
DEBUG:websockets.client:< TEXT '>battle-gen9championsvgc2026regma-1514\n|init|b... vs. OPmax_2\n|j|\u2606BC2\n' [85 bytes]
DEBUG:websockets.client:< TEXT '>battle-gen9championsvgc2026regma-1514\n|j|\u2606OPmax_2' [52 bytes]
DEBUG:websockets.client:< TEXT '|pm| OPmax_2| BC2|/nonotify OPmax_2 accepted th...26regma-1514</a>&raquo;' [173 bytes]
DEBUG:websockets.client:< TEXT '>battle-gen9championsvgc2026regma-1514\n|t:|1781641911\n|gametype|doubles' [71 bytes]
DEBUG:websockets.client:< TEXT '>battle-gen9championsvgc2026regma-1514\n|player|p1|BC2|102|' [58 bytes]
DEBUG:websockets.client:< TEXT '>battle-gen9championsvgc2026regma-1514\n|player...heets</strong></button>' [855 bytes]
DEBUG:websockets.client:< TEXT '>battle-gen9championsvgc2026regma-1514\n|reques...ing":false}]},"rqid":2}' [2093 bytes]
DEBUG:websockets.client:< TEXT '>battle-gen9championsvgc2026regma-1513\n|\n|t:|...am\n|\n|upkeep\n|turn|2' [644 bytes]
DEBUG:websockets.client:< TEXT '>battle-gen9championsvgc2026regma-1513\n|\n|t:|...am\n|\n|upkeep\n|turn|2' [646 bytes]
DEBUG:websockets.client:< TEXT '>battle-gen9championsvgc2026regma-1513\n|reques...ing":false}]},"rqid":6}' [2166 bytes]
DEBUG:websockets.client:< TEXT '>battle-gen9championsvgc2026regma-1513\n|reques...ing":false}]},"rqid":7}' [1888 bytes]
INFO:player:Turn 2 [battle-gen9championsvgc2026regma-1513] value head win-prob: 0.268  (losing)
DEBUG:live_vgc_base:Turn 2 [battle-gen9championsvgc2026regma-1513] a0=0 a1=9 src=model opp_splice=on
DEBUG:websockets.client:> TEXT 'battle-gen9championsvgc2026regma-1513|/choose move encore 1, move icywind' [73 bytes]
DEBUG:vgc_base:Turn 2 [battle-gen9championsvgc2026regma-1513] a0=9 a1=9 src=max_damage g0=0 g1=0
DEBUG:websockets.client:> TEXT 'battle-gen9championsvgc2026regma-1513|/choose m...bat 1, move solarbeam 1' [82 bytes]
DEBUG:websockets.client:< TEXT '>battle-gen9championsvgc2026regma-1513\n|\n|t:|... Whimsicott\n|\n|upkeep' [611 bytes]
DEBUG:websockets.client:< TEXT '>battle-gen9championsvgc2026regma-1513\n|\n|t:|... Whimsicott\n|\n|upkeep' [610 bytes]
DEBUG:websockets.client:< TEXT '>battle-gen9championsvgc2026regma-1513\n|reques...oCancel":true,"rqid":8}' [1421 bytes]
DEBUG:websockets.client:< TEXT '>battle-gen9championsvgc2026regma-1513\n|reques...ing":false}]},"rqid":9}' [1452 bytes]
DEBUG:live_vgc_base:forceSwitch forced_switch_model [battle-gen9championsvgc2026regma-1513] turn 2 a0=13 a1=None opp_splice=on
DEBUG:websockets.client:> TEXT 'battle-gen9championsvgc2026regma-1513|/choose switch Ditto, pass' [64 bytes]
DEBUG:websockets.client:< TEXT '>battle-gen9championsvgc2026regma-1513\n|\n|t:|...lity: Imposter\n|turn|3' [164 bytes]
DEBUG:websockets.client:< TEXT '>battle-gen9championsvgc2026regma-1513\n|\n|t:|...lity: Imposter\n|turn|3' [164 bytes]
DEBUG:websockets.client:< TEXT '>battle-gen9championsvgc2026regma-1513\n|reques...ng":false}]},"rqid":10}' [2200 bytes]
DEBUG:websockets.client:< TEXT '>battle-gen9championsvgc2026regma-1513\n|reques...ng":false}]},"rqid":11}' [2224 bytes]
INFO:player:Turn 3 [battle-gen9championsvgc2026regma-1513] value head win-prob: 0.487  (even)
DEBUG:live_vgc_base:Turn 3 [battle-gen9championsvgc2026regma-1513] a0=3 a1=9 src=model opp_splice=on
DEBUG:websockets.client:> TEXT 'battle-gen9championsvgc2026regma-1513|/choose move heatwave, move icywind' [73 bytes]
DEBUG:vgc_base:Turn 3 [battle-gen9championsvgc2026regma-1513] a0=9 a1=9 src=max_damage g0=0 g1=0
DEBUG:websockets.client:> TEXT 'battle-gen9championsvgc2026regma-1513|/choose m...bat 1, move solarbeam 1' [82 bytes]
DEBUG:websockets.client:< TEXT '>battle-gen9championsvgc2026regma-1513\n|\n|t:|...|Solar Beam\n|\n|upkeep' [671 bytes]
DEBUG:websockets.client:< TEXT '>battle-gen9championsvgc2026regma-1513\n|\n|t:|...|Solar Beam\n|\n|upkeep' [670 bytes]
DEBUG:websockets.client:< TEXT '>battle-gen9championsvgc2026regma-1513\n|reques...ng":false}]},"rqid":12}' [1428 bytes]
DEBUG:websockets.client:< TEXT '>battle-gen9championsvgc2026regma-1513\n|reques...Cancel":true,"rqid":13}' [1482 bytes]
DEBUG:vgc_base:forceSwitch [battle-gen9championsvgc2026regma-1513] force=[True, False] \u2192 /choose switch Whimsicott / /choose pass
DEBUG:websockets.client:> TEXT 'battle-gen9championsvgc2026regma-1513|/choose switch Whimsicott, pass' [69 bytes]
DEBUG:websockets.client:< TEXT '>battle-gen9championsvgc2026regma-1513\n|\n|t:|...L50, M|100/100\n|turn|4' [114 bytes]
DEBUG:websockets.client:< TEXT '>battle-gen9championsvgc2026regma-1513\n|\n|t:|...L50, M|137/137\n|turn|4' [114 bytes]
DEBUG:websockets.client:< TEXT '>battle-gen9championsvgc2026regma-1513\n|reques...ng":false}]},"rqid":14}' [2200 bytes]
DEBUG:websockets.client:< TEXT '>battle-gen9championsvgc2026regma-1513\n|reques...ng":false}]},"rqid":15}' [1899 bytes]
DEBUG:vgc_base:Turn 4 [battle-gen9championsvgc2026regma-1513] a0=6 a1=9 src=max_damage g0=0 g1=0
DEBUG:websockets.client:> TEXT 'battle-gen9championsvgc2026regma-1513|/choose m...ast 1, move solarbeam 1' [80 bytes]
INFO:player:Turn 4 [battle-gen9championsvgc2026regma-1513] value head win-prob: 0.171  (losing)
DEBUG:live_vgc_base:Turn 4 [battle-gen9championsvgc2026regma-1513] a0=3 a1=9 src=model opp_splice=on
DEBUG:websockets.client:> TEXT 'battle-gen9championsvgc2026regma-1513|/choose move heatwave, move icywind' [73 bytes]
DEBUG:websockets.client:< TEXT '>battle-gen9championsvgc2026regma-1513\n|\n|t:|...itto|48/155\n|\n|upkeep' [792 bytes]
DEBUG:websockets.client:< TEXT '>battle-gen9championsvgc2026regma-1513\n|\n|t:|...itto|30/100\n|\n|upkeep' [792 bytes]
DEBUG:websockets.client:< TEXT '>battle-gen9championsvgc2026regma-1513\n|reques...ng":false}]},"rqid":16}' [1427 bytes]
DEBUG:websockets.client:< TEXT '>battle-gen9championsvgc2026regma-1513\n|reques...Cancel":true,"rqid":17}' [1471 bytes]
DEBUG:vgc_base:forceSwitch [battle-gen9championsvgc2026regma-1513] force=[True, False] \u2192 /choose switch Basculegion / /choose pass
DEBUG:websockets.client:> TEXT 'battle-gen9championsvgc2026regma-1513|/choose switch Basculegion, pass' [70 bytes]
DEBUG:websockets.client:< TEXT '>battle-gen9championsvgc2026regma-1513\n|\n|t:|...L50, M|100/100\n|turn|5' [116 bytes]
DEBUG:websockets.client:< TEXT '>battle-gen9championsvgc2026regma-1513\n|\n|t:|...L50, M|197/197\n|turn|5' [116 bytes]
DEBUG:websockets.client:< TEXT '>battle-gen9championsvgc2026regma-1513\n|reques...ng":false}]},"rqid":18}' [2199 bytes]
DEBUG:websockets.client:< TEXT '>battle-gen9championsvgc2026regma-1513\n|reques...ng":false}]},"rqid":19}' [2222 bytes]
DEBUG:vgc_base:Turn 5 [battle-gen9championsvgc2026regma-1513] a0=3 a1=9 src=max_damage g0=0 g1=0
DEBUG:websockets.client:> TEXT 'battle-gen9championsvgc2026regma-1513|/choose m...ash 1, move solarbeam 1' [80 bytes]
INFO:player:Turn 5 [battle-gen9championsvgc2026regma-1513] value head win-prob: 0.685  (winning)
DEBUG:live_vgc_base:Turn 5 [battle-gen9championsvgc2026regma-1513] a0=3 a1=0 src=model opp_splice=on
DEBUG:websockets.client:> TEXT 'battle-gen9championsvgc2026regma-1513|/choose m...atwave, move hypervoice' [76 bytes]
DEBUG:websockets.client:< TEXT '>battle-gen9championsvgc2026regma-1513\n|\n|t:|...rom] Recoil\n|\n|upkeep' [372 bytes]
DEBUG:websockets.client:< TEXT '>battle-gen9championsvgc2026regma-1513\n|\n|t:|...rom] Recoil\n|\n|upkeep' [373 bytes]
DEBUG:websockets.client:< TEXT '>battle-gen9championsvgc2026regma-1513\n|reques...Cancel":true,"rqid":20}' [1420 bytes]
DEBUG:websockets.client:< TEXT '>battle-gen9championsvgc2026regma-1513\n|reques...ng":false}]},"rqid":21}' [1439 bytes]
DEBUG:live_vgc_base:forceSwitch forced_switch_model [battle-gen9championsvgc2026regma-1513] turn 5 a0=12 a1=None opp_splice=on
DEBUG:websockets.client:> TEXT 'battle-gen9championsvgc2026regma-1513|/choose switch Charizard, pass' [68 bytes]
DEBUG:websockets.client:< TEXT '>battle-gen9championsvgc2026regma-1513\n|\n|t:|...L50, F|168/168\n|turn|6' [112 bytes]
DEBUG:websockets.client:< TEXT '>battle-gen9championsvgc2026regma-1513\n|\n|t:|...L50, F|100/100\n|turn|6' [112 bytes]
DEBUG:websockets.client:< TEXT '>battle-gen9championsvgc2026regma-1513\n|reques...ng":false}]},"rqid":22}' [2185 bytes]
DEBUG:websockets.client:< TEXT '>battle-gen9championsvgc2026regma-1513\n|reques...ng":false}]},"rqid":23}' [2221 bytes]
INFO:player:Turn 6 [battle-gen9championsvgc2026regma-1513] value head win-prob: 0.962  (winning)
DEBUG:live_vgc_base:Turn 6 [battle-gen9championsvgc2026regma-1513] a0=0 a1=0 src=model opp_splice=on
DEBUG:websockets.client:> TEXT 'battle-gen9championsvgc2026regma-1513|/choose m...e mega, move hypervoice' [81 bytes]
DEBUG:vgc_base:Turn 6 [battle-gen9championsvgc2026regma-1513] a0=3 a1=0 src=max_damage g0=0 g1=0
DEBUG:vgc_base:_safe_order: action 0 slot 1 \u2192 None, scanning legal actions.
DEBUG:vgc_base:_safe_order: slot 1 has no decodable legal action — sending Pass.
DEBUG:websockets.client:> TEXT 'battle-gen9championsvgc2026regma-1513|/choose move wavecrash 1, pass' [68 bytes]
DEBUG:websockets.client:< TEXT '>battle-gen9championsvgc2026regma-1513\n|\n|t:|...keep]\n|upkeep\n|turn|7' [614 bytes]
DEBUG:websockets.client:< TEXT '>battle-gen9championsvgc2026regma-1513\n|\n|t:|...keep]\n|upkeep\n|turn|7' [613 bytes]
DEBUG:websockets.client:< TEXT '>battle-gen9championsvgc2026regma-1513\n|reques...ng":false}]},"rqid":24}' [2168 bytes]
DEBUG:websockets.client:< TEXT '>battle-gen9championsvgc2026regma-1513\n|reques...ng":false}]},"rqid":25}' [2220 bytes]
DEBUG:vgc_base:Turn 7 [battle-gen9championsvgc2026regma-1513] a0=3 a1=0 src=max_damage g0=0 g1=0
DEBUG:vgc_base:_safe_order: action 0 slot 1 \u2192 None, scanning legal actions.
DEBUG:vgc_base:_safe_order: slot 1 has no decodable legal action — sending Pass.
DEBUG:websockets.client:> TEXT 'battle-gen9championsvgc2026regma-1513|/choose move wavecrash 1, pass' [68 bytes]
INFO:player:Turn 7 [battle-gen9championsvgc2026regma-1513] value head win-prob: 0.974  (winning)
DEBUG:live_vgc_base:Turn 7 [battle-gen9championsvgc2026regma-1513] a0=0 a1=9 src=model opp_splice=on
DEBUG:websockets.client:> TEXT 'battle-gen9championsvgc2026regma-1513|/choose move heatwave, move icywind' [73 bytes]
DEBUG:websockets.client:< TEXT '>battle-gen9championsvgc2026regma-1513\n|\n|t:|...asculegion\n|\n|win|BC2' [342 bytes]
DEBUG:websockets.client:< TEXT '>battle-gen9championsvgc2026regma-1513\n|\n|t:|...asculegion\n|\n|win|BC2' [343 bytes]
DEBUG:websockets.client:< TEXT '|updatesearch|{"searching":[],"games":{"battle-... 2026 Reg M-A Battle"}}' [124 bytes]
INFO:vgc_base:Battle battle-gen9championsvgc2026regma-1513 finished — outcome: WIN  (W/L/D so far: 4/2/0)
DEBUG:websockets.client:> TEXT '|/leave battle-gen9championsvgc2026regma-1513' [45 bytes]
DEBUG:websockets.client:< TEXT '|updatesearch|{"searching":[],"games":{"battle-... 2026 Reg M-A Battle"}}' [124 bytes]
DEBUG:websockets.client:> TEXT 'battle-gen9championsvgc2026regma-1514|/rejectopenteamsheets' [59 bytes]
INFO:vgc_base:Battle battle-gen9championsvgc2026regma-1513 finished — outcome: LOSS  (W/L/D so far: 2/4/0)
DEBUG:websockets.client:> TEXT '|/leave battle-gen9championsvgc2026regma-1513' [45 bytes]
DEBUG:websockets.client:> TEXT '|/utm Sneasler||whiteherb|unburden|fakeout,dire...Naive|32,2,,,,32||||50|' [550 bytes]
DEBUG:websockets.client:> TEXT '|/challenge opmax2, gen9championsvgc2026regma' [45 bytes]
DEBUG:websockets.client:> TEXT 'battle-gen9championsvgc2026regma-1514|/rejectopenteamsheets' [59 bytes]
DEBUG:websockets.client:< TEXT '>battle-gen9championsvgc2026regma-1513\n|deinit' [46 bytes]
DEBUG:websockets.client:< TEXT '>battle-gen9championsvgc2026regma-1513\n|l|\u2606BC2' [48 bytes]
DEBUG:websockets.client:< TEXT '>battle-gen9championsvgc2026regma-1514\n|uhtmlchange|otsrequest|' [63 bytes]
DEBUG:websockets.client:< TEXT '>battle-gen9championsvgc2026regma-1514\nBC2 rejected open team sheets.' [69 bytes]
DEBUG:websockets.client:< TEXT '>battle-gen9championsvgc2026regma-1514\n|uhtmlchange|otsrequest|' [63 bytes]
DEBUG:websockets.client:< TEXT '>battle-gen9championsvgc2026regma-1514\nBC2 rejected open team sheets.' [69 bytes]
DEBUG:websockets.client:< TEXT '>battle-gen9championsvgc2026regma-1513\n|deinit' [46 bytes]
DEBUG:websockets.client:< TEXT '>battle-gen9championsvgc2026regma-1514\n|uhtmlchange|otsrequest|' [63 bytes]
DEBUG:websockets.client:< TEXT '>battle-gen9championsvgc2026regma-1514\n|uhtmlchange|otsrequest|' [63 bytes]
DEBUG:websockets.client:< TEXT '>battle-gen9championsvgc2026regma-1514\nOPmax_2...ected open team sheets.' [73 bytes]
DEBUG:websockets.client:< TEXT '>battle-gen9championsvgc2026regma-1514\nOPmax_2...ected open team sheets.' [73 bytes]
INFO:player:Team-preview [battle-gen9championsvgc2026regma-1514] NET drove: bring=['whimsicott', 'zoroarkhisui', 'ditto', 'charizardmegay'] leads=['whimsicott', 'zoroarkhisui'] (vs opp ['sneasler', 'charizard', 'whimsicott', 'basculegion', 'zoroarkhisui', 'ditto'])
INFO:vgc_base:Teampreview [battle-gen9championsvgc2026regma-1514] \u2192 /team 3562  (whimsicott, zoroarkhisui, ditto, charizardmegay)
DEBUG:websockets.client:> TEXT 'battle-gen9championsvgc2026regma-1514|/team 3562' [48 bytes]
DEBUG:vgc_base:Teampreview: first-4 roster order \u2192 ['sneasler', 'charizardmegay', 'whimsicott', 'basculegion']
INFO:vgc_base:Teampreview [battle-gen9championsvgc2026regma-1514] \u2192 /team 1234  (sneasler, charizardmegay, whimsicott, basculegion)
DEBUG:websockets.client:> TEXT 'battle-gen9championsvgc2026regma-1514|/team 1234' [48 bytes]
DEBUG:websockets.client:< TEXT '|pm| BC2| OPmax_2|/challenge gen9championsvgc20...hampionsvgc2026regma|||' [83 bytes]
DEBUG:websockets.client:< TEXT '|pm| BC2| OPmax_2|/challenge gen9championsvgc20...hampionsvgc2026regma|||' [83 bytes]
DEBUG:websockets.client:< TEXT '|pm| BC2| OPmax_2|/log BC2 wants to battle!' [43 bytes]
DEBUG:websockets.client:< TEXT '|pm| BC2| OPmax_2|/log BC2 wants to battle!' [43 bytes]
DEBUG:websockets.client:> TEXT '|/utm Sneasler||whiteherb|unburden|fakeout,dire...Naive|32,2,,,,32||||50|' [550 bytes]
DEBUG:websockets.client:> TEXT '|/accept bc2' [12 bytes]
DEBUG:websockets.client:< TEXT '>battle-gen9championsvgc2026regma-1514\n|\n|t:|...L50, F|100/100\n|turn|1' [321 bytes]
DEBUG:websockets.client:< TEXT '>battle-gen9championsvgc2026regma-1514\n|\n|t:|...L50, F|168/168\n|turn|1' [321 bytes]
DEBUG:websockets.client:< TEXT '>battle-gen9championsvgc2026regma-1514\n|reques...ing":false}]},"rqid":4}' [2167 bytes]
DEBUG:websockets.client:< TEXT '>battle-gen9championsvgc2026regma-1514\n|reques...ing":false}]},"rqid":5}' [2236 bytes]
DEBUG:websockets.client:< TEXT '|pm| OPmax_2| BC2|/challenge' [28 bytes]
INFO:player:Turn 1 [battle-gen9championsvgc2026regma-1514] value head win-prob: 0.351  (losing)
DEBUG:live_vgc_base:Turn 1 [battle-gen9championsvgc2026regma-1514] a0=0 a1=9 src=model opp_splice=on
DEBUG:websockets.client:> TEXT 'battle-gen9championsvgc2026regma-1514|/choose move encore 1, move icywind' [73 bytes]
DEBUG:websockets.client:< TEXT '|pm| OPmax_2| BC2|/challenge' [28 bytes]
DEBUG:websockets.client:< TEXT '|updatesearch|{"searching":[],"games":{"battle-... 2026 Reg M-A Battle"}}' [124 bytes]
DEBUG:websockets.client:< TEXT '|updatesearch|{"searching":[],"games":{"battle-... 2026 Reg M-A Battle"}}' [124 bytes]
DEBUG:websockets.client:< TEXT '|updatesearch|{"searching":[],"games":{"battle-... 2026 Reg M-A Battle"}}' [208 bytes]
DEBUG:websockets.client:< TEXT '|updatesearch|{"searching":[],"games":{"battle-... 2026 Reg M-A Battle"}}' [208 bytes]
DEBUG:websockets.client:< TEXT '|updatesearch|{"searching":[],"games":{"battle-... 2026 Reg M-A Battle"}}' [208 bytes]
DEBUG:websockets.client:< TEXT '|updatesearch|{"searching":[],"games":{"battle-... 2026 Reg M-A Battle"}}' [208 bytes]
DEBUG:websockets.client:< TEXT '>battle-gen9championsvgc2026regma-1515\n|init|b...n|j|\u2606BC2\n|j|\u2606OPmax_2\n' [99 bytes]
DEBUG:websockets.client:< TEXT '|pm| OPmax_2| BC2|/nonotify OPmax_2 accepted th...26regma-1515</a>&raquo;' [173 bytes]
DEBUG:websockets.client:< TEXT '>battle-gen9championsvgc2026regma-1515\n|t:|1781641911\n|gametype|doubles' [71 bytes]
DEBUG:websockets.client:< TEXT '>battle-gen9championsvgc2026regma-1515\n|player|p1|BC2|102|' [58 bytes]
DEBUG:websockets.client:< TEXT '>battle-gen9championsvgc2026regma-1515\n|player...heets</strong></button>' [855 bytes]
DEBUG:websockets.client:< TEXT '>battle-gen9championsvgc2026regma-1515\n|reques...ing":false}]},"rqid":3}' [2097 bytes]
DEBUG:vgc_base:Turn 1 [battle-gen9championsvgc2026regma-1514] a0=9 a1=9 src=max_damage g0=0 g1=0
DEBUG:websockets.client:> TEXT 'battle-gen9championsvgc2026regma-1514|/choose m...bat 1, move solarbeam 1' [82 bytes]
DEBUG:websockets.client:< TEXT '>battle-gen9championsvgc2026regma-1515\n|init|b... vs. OPmax_2\n|j|\u2606BC2\n' [85 bytes]
DEBUG:websockets.client:< TEXT '>battle-gen9championsvgc2026regma-1515\n|j|\u2606OPmax_2' [52 bytes]
DEBUG:websockets.client:< TEXT '|pm| OPmax_2| BC2|/nonotify OPmax_2 accepted th...26regma-1515</a>&raquo;' [173 bytes]
DEBUG:websockets.client:< TEXT '>battle-gen9championsvgc2026regma-1515\n|t:|1781641911\n|gametype|doubles' [71 bytes]
DEBUG:websockets.client:< TEXT '>battle-gen9championsvgc2026regma-1515\n|player|p1|BC2|102|' [58 bytes]
DEBUG:websockets.client:< TEXT '>battle-gen9championsvgc2026regma-1515\n|player...heets</strong></button>' [855 bytes]
DEBUG:websockets.client:< TEXT '>battle-gen9championsvgc2026regma-1515\n|reques...ing":false}]},"rqid":2}' [2093 bytes]
DEBUG:websockets.client:< TEXT '>battle-gen9championsvgc2026regma-1514\n|\n|t:|...am\n|\n|upkeep\n|turn|2' [644 bytes]
DEBUG:websockets.client:< TEXT '>battle-gen9championsvgc2026regma-1514\n|\n|t:|...am\n|\n|upkeep\n|turn|2' [646 bytes]
DEBUG:websockets.client:< TEXT '>battle-gen9championsvgc2026regma-1514\n|reques...ing":false}]},"rqid":6}' [2166 bytes]
DEBUG:websockets.client:< TEXT '>battle-gen9championsvgc2026regma-1514\n|reques...ing":false}]},"rqid":7}' [1888 bytes]
DEBUG:vgc_base:Turn 2 [battle-gen9championsvgc2026regma-1514] a0=9 a1=9 src=max_damage g0=0 g1=0
DEBUG:websockets.client:> TEXT 'battle-gen9championsvgc2026regma-1514|/choose m...bat 1, move solarbeam 1' [82 bytes]
INFO:player:Turn 2 [battle-gen9championsvgc2026regma-1514] value head win-prob: 0.272  (losing)
DEBUG:live_vgc_base:Turn 2 [battle-gen9championsvgc2026regma-1514] a0=0 a1=9 src=model opp_splice=on
DEBUG:websockets.client:> TEXT 'battle-gen9championsvgc2026regma-1514|/choose move encore 1, move icywind' [73 bytes]
DEBUG:websockets.client:< TEXT '>battle-gen9championsvgc2026regma-1514\n|\n|t:|... Whimsicott\n|\n|upkeep' [638 bytes]
DEBUG:websockets.client:< TEXT '>battle-gen9championsvgc2026regma-1514\n|\n|t:|... Whimsicott\n|\n|upkeep' [639 bytes]
DEBUG:websockets.client:< TEXT '>battle-gen9championsvgc2026regma-1514\n|reques...oCancel":true,"rqid":8}' [1421 bytes]
DEBUG:websockets.client:< TEXT '>battle-gen9championsvgc2026regma-1514\n|reques...ing":false}]},"rqid":9}' [1452 bytes]
DEBUG:live_vgc_base:forceSwitch forced_switch_model [battle-gen9championsvgc2026regma-1514] turn 2 a0=13 a1=None opp_splice=on
DEBUG:websockets.client:> TEXT 'battle-gen9championsvgc2026regma-1514|/choose switch Ditto, pass' [64 bytes]
DEBUG:websockets.client:< TEXT '>battle-gen9championsvgc2026regma-1514\n|\n|t:|...lity: Imposter\n|turn|3' [164 bytes]
DEBUG:websockets.client:< TEXT '>battle-gen9championsvgc2026regma-1514\n|\n|t:|...lity: Imposter\n|turn|3' [164 bytes]
DEBUG:websockets.client:< TEXT '>battle-gen9championsvgc2026regma-1514\n|reques...ng":false}]},"rqid":10}' [2200 bytes]
DEBUG:websockets.client:< TEXT '>battle-gen9championsvgc2026regma-1514\n|reques...ng":false}]},"rqid":11}' [2224 bytes]
INFO:player:Turn 3 [battle-gen9championsvgc2026regma-1514] value head win-prob: 0.511  (even)
DEBUG:live_vgc_base:Turn 3 [battle-gen9championsvgc2026regma-1514] a0=3 a1=9 src=model opp_splice=on
DEBUG:websockets.client:> TEXT 'battle-gen9championsvgc2026regma-1514|/choose move heatwave, move icywind' [73 bytes]
DEBUG:vgc_base:Turn 3 [battle-gen9championsvgc2026regma-1514] a0=9 a1=9 src=max_damage g0=0 g1=0
DEBUG:websockets.client:> TEXT 'battle-gen9championsvgc2026regma-1514|/choose m...bat 1, move solarbeam 1' [82 bytes]
DEBUG:websockets.client:< TEXT '>battle-gen9championsvgc2026regma-1514\n|\n|t:|...|Solar Beam\n|\n|upkeep' [666 bytes]
DEBUG:websockets.client:< TEXT '>battle-gen9championsvgc2026regma-1514\n|\n|t:|...|Solar Beam\n|\n|upkeep' [666 bytes]
DEBUG:websockets.client:< TEXT '>battle-gen9championsvgc2026regma-1514\n|reques...ng":false}]},"rqid":12}' [1427 bytes]
DEBUG:websockets.client:< TEXT '>battle-gen9championsvgc2026regma-1514\n|reques...Cancel":true,"rqid":13}' [1482 bytes]
DEBUG:vgc_base:forceSwitch [battle-gen9championsvgc2026regma-1514] force=[True, False] \u2192 /choose switch Basculegion / /choose pass
DEBUG:websockets.client:> TEXT 'battle-gen9championsvgc2026regma-1514|/choose switch Basculegion, pass' [70 bytes]
DEBUG:websockets.client:< TEXT '>battle-gen9championsvgc2026regma-1514\n|\n|t:|...L50, M|100/100\n|turn|4' [116 bytes]
DEBUG:websockets.client:< TEXT '>battle-gen9championsvgc2026regma-1514\n|\n|t:|...L50, M|197/197\n|turn|4' [116 bytes]
DEBUG:websockets.client:< TEXT '>battle-gen9championsvgc2026regma-1514\n|reques...ng":false}]},"rqid":14}' [2199 bytes]
DEBUG:websockets.client:< TEXT '>battle-gen9championsvgc2026regma-1514\n|reques...ng":false}]},"rqid":15}' [1895 bytes]
INFO:player:Turn 4 [battle-gen9championsvgc2026regma-1514] value head win-prob: 0.104  (losing)
DEBUG:live_vgc_base:Turn 4 [battle-gen9championsvgc2026regma-1514] a0=3 a1=0 src=model opp_splice=on
DEBUG:websockets.client:> TEXT 'battle-gen9championsvgc2026regma-1514|/choose m...atwave, move hypervoice' [76 bytes]
DEBUG:vgc_base:Turn 4 [battle-gen9championsvgc2026regma-1514] a0=3 a1=9 src=max_damage g0=0 g1=0
DEBUG:websockets.client:> TEXT 'battle-gen9championsvgc2026regma-1514|/choose m...ash 1, move solarbeam 1' [80 bytes]
DEBUG:websockets.client:< TEXT '>battle-gen9championsvgc2026regma-1514\n|\n|t:|...rom] Recoil\n|\n|upkeep' [370 bytes]
DEBUG:websockets.client:< TEXT '>battle-gen9championsvgc2026regma-1514\n|\n|t:|...rom] Recoil\n|\n|upkeep' [371 bytes]
DEBUG:websockets.client:< TEXT '>battle-gen9championsvgc2026regma-1514\n|reques...ng":false}]},"rqid":16}' [1404 bytes]
DEBUG:websockets.client:< TEXT '>battle-gen9championsvgc2026regma-1514\n|reques...ng":false}]},"rqid":17}' [1465 bytes]
DEBUG:vgc_base:forceSwitch [battle-gen9championsvgc2026regma-1514] force=[False, True] \u2192 /choose pass / /choose switch Whimsicott
DEBUG:websockets.client:> TEXT 'battle-gen9championsvgc2026regma-1514|/choose pass, switch Whimsicott' [69 bytes]
DEBUG:live_vgc_base:forceSwitch forced_switch_model [battle-gen9championsvgc2026regma-1514] turn 4 a0=12 a1=None opp_splice=on
DEBUG:websockets.client:> TEXT 'battle-gen9championsvgc2026regma-1514|/choose switch Charizard, pass' [68 bytes]
DEBUG:websockets.client:< TEXT '>battle-gen9championsvgc2026regma-1514\n|\n|t:|...L50, M|168/168\n|turn|5' [163 bytes]
DEBUG:websockets.client:< TEXT '>battle-gen9championsvgc2026regma-1514\n|\n|t:|...L50, M|100/100\n|turn|5' [163 bytes]
DEBUG:websockets.client:< TEXT '>battle-gen9championsvgc2026regma-1514\n|reques...ng":false}]},"rqid":18}' [2185 bytes]
DEBUG:websockets.client:< TEXT '>battle-gen9championsvgc2026regma-1514\n|reques...ng":false}]},"rqid":19}' [2211 bytes]
DEBUG:vgc_base:Turn 5 [battle-gen9championsvgc2026regma-1514] a0=3 a1=6 src=max_damage g0=0 g1=0
DEBUG:websockets.client:> TEXT 'battle-gen9championsvgc2026regma-1514|/choose m...ash 1, move moonblast 1' [80 bytes]
INFO:player:Turn 5 [battle-gen9championsvgc2026regma-1514] value head win-prob: 0.149  (losing)
DEBUG:live_vgc_base:Turn 5 [battle-gen9championsvgc2026regma-1514] a0=0 a1=0 src=model opp_splice=on
DEBUG:websockets.client:> TEXT 'battle-gen9championsvgc2026regma-1514|/choose m...e mega, move hypervoice' [81 bytes]
DEBUG:websockets.client:< TEXT '>battle-gen9championsvgc2026regma-1514\n|\n|t:|...keep]\n|upkeep\n|turn|6' [952 bytes]
DEBUG:websockets.client:< TEXT '>battle-gen9championsvgc2026regma-1514\n|\n|t:|...keep]\n|upkeep\n|turn|6' [952 bytes]
DEBUG:websockets.client:< TEXT '>battle-gen9championsvgc2026regma-1514\n|reques...ng":false}]},"rqid":20}' [2167 bytes]
DEBUG:websockets.client:< TEXT '>battle-gen9championsvgc2026regma-1514\n|reques...ng":false}]},"rqid":21}' [2200 bytes]
DEBUG:vgc_base:Turn 6 [battle-gen9championsvgc2026regma-1514] a0=3 a1=0 src=max_damage g0=0 g1=0
DEBUG:vgc_base:_safe_order: action 0 slot 1 \u2192 None, scanning legal actions.
DEBUG:vgc_base:_safe_order: slot 1 has no decodable legal action — sending Pass.
DEBUG:websockets.client:> TEXT 'battle-gen9championsvgc2026regma-1514|/choose move wavecrash 1, pass' [68 bytes]
INFO:player:Turn 6 [battle-gen9championsvgc2026regma-1514] value head win-prob: 0.979  (winning)
DEBUG:live_vgc_base:Turn 6 [battle-gen9championsvgc2026regma-1514] a0=0 a1=0 src=model opp_splice=on
DEBUG:vgc_base:_safe_order: action 0 slot 0 \u2192 None, scanning legal actions.
DEBUG:vgc_base:_safe_order: slot 0 has no decodable legal action — sending Pass.
DEBUG:websockets.client:> TEXT 'battle-gen9championsvgc2026regma-1514|/choose pass, move hypervoice' [67 bytes]
DEBUG:websockets.client:< TEXT '>battle-gen9championsvgc2026regma-1514\n|\n|t:|...keep]\n|upkeep\n|turn|7' [376 bytes]
DEBUG:websockets.client:< TEXT '>battle-gen9championsvgc2026regma-1514\n|\n|t:|...keep]\n|upkeep\n|turn|7' [376 bytes]
DEBUG:websockets.client:< TEXT '>battle-gen9championsvgc2026regma-1514\n|reques...ng":false}]},"rqid":22}' [2165 bytes]
DEBUG:websockets.client:< TEXT '>battle-gen9championsvgc2026regma-1514\n|reques...ng":false}]},"rqid":23}' [2198 bytes]
DEBUG:vgc_base:Turn 7 [battle-gen9championsvgc2026regma-1514] a0=4 a1=0 src=max_damage g0=0 g1=0
DEBUG:vgc_base:_safe_order: action 0 slot 1 \u2192 None, scanning legal actions.
DEBUG:vgc_base:_safe_order: slot 1 has no decodable legal action — sending Pass.
DEBUG:websockets.client:> TEXT 'battle-gen9championsvgc2026regma-1514|/choose move wavecrash 2, pass' [68 bytes]
INFO:player:Turn 7 [battle-gen9championsvgc2026regma-1514] value head win-prob: 0.946  (winning)
DEBUG:live_vgc_base:Turn 7 [battle-gen9championsvgc2026regma-1514] a0=0 a1=9 src=model opp_splice=on
DEBUG:vgc_base:_safe_order: action 0 slot 0 \u2192 None, scanning legal actions.
DEBUG:vgc_base:_safe_order: slot 0 has no decodable legal action — sending Pass.
DEBUG:websockets.client:> TEXT 'battle-gen9championsvgc2026regma-1514|/choose pass, move icywind' [64 bytes]
DEBUG:websockets.client:< TEXT '>battle-gen9championsvgc2026regma-1514\n|\n|t:|...Recoil\n|\n|win|OPmax_2' [353 bytes]
DEBUG:websockets.client:< TEXT '>battle-gen9championsvgc2026regma-1514\n|\n|t:|...Recoil\n|\n|win|OPmax_2' [353 bytes]
INFO:vgc_base:Battle battle-gen9championsvgc2026regma-1514 finished — outcome: LOSS  (W/L/D so far: 4/3/0)
DEBUG:websockets.client:> TEXT '|/leave battle-gen9championsvgc2026regma-1514' [45 bytes]
DEBUG:websockets.client:< TEXT '|updatesearch|{"searching":[],"games":{"battle-... 2026 Reg M-A Battle"}}' [124 bytes]
DEBUG:websockets.client:< TEXT '|updatesearch|{"searching":[],"games":{"battle-... 2026 Reg M-A Battle"}}' [124 bytes]
DEBUG:websockets.client:> TEXT 'battle-gen9championsvgc2026regma-1515|/rejectopenteamsheets' [59 bytes]
INFO:vgc_base:Battle battle-gen9championsvgc2026regma-1514 finished — outcome: WIN  (W/L/D so far: 3/4/0)
DEBUG:websockets.client:> TEXT '|/leave battle-gen9championsvgc2026regma-1514' [45 bytes]
DEBUG:websockets.client:> TEXT '|/utm Sneasler||whiteherb|unburden|fakeout,dire...Naive|32,2,,,,32||||50|' [550 bytes]
DEBUG:websockets.client:> TEXT '|/challenge opmax2, gen9championsvgc2026regma' [45 bytes]
DEBUG:websockets.client:> TEXT 'battle-gen9championsvgc2026regma-1515|/rejectopenteamsheets' [59 bytes]
DEBUG:websockets.client:< TEXT '>battle-gen9championsvgc2026regma-1514\n|deinit' [46 bytes]
DEBUG:websockets.client:< TEXT '>battle-gen9championsvgc2026regma-1514\n|l|\u2606BC2' [48 bytes]
DEBUG:websockets.client:< TEXT '>battle-gen9championsvgc2026regma-1515\n|uhtmlchange|otsrequest|' [63 bytes]
DEBUG:websockets.client:< TEXT '>battle-gen9championsvgc2026regma-1515\nBC2 rejected open team sheets.' [69 bytes]
DEBUG:websockets.client:< TEXT '>battle-gen9championsvgc2026regma-1515\n|uhtmlchange|otsrequest|' [63 bytes]
DEBUG:websockets.client:< TEXT '>battle-gen9championsvgc2026regma-1515\nBC2 rejected open team sheets.' [69 bytes]
DEBUG:websockets.client:< TEXT '>battle-gen9championsvgc2026regma-1514\n|deinit' [46 bytes]
DEBUG:websockets.client:< TEXT '>battle-gen9championsvgc2026regma-1515\n|uhtmlchange|otsrequest|' [63 bytes]
DEBUG:websockets.client:< TEXT '>battle-gen9championsvgc2026regma-1515\n|uhtmlchange|otsrequest|' [63 bytes]
DEBUG:websockets.client:< TEXT '>battle-gen9championsvgc2026regma-1515\nOPmax_2...ected open team sheets.' [73 bytes]
DEBUG:websockets.client:< TEXT '>battle-gen9championsvgc2026regma-1515\nOPmax_2...ected open team sheets.' [73 bytes]
INFO:player:Team-preview [battle-gen9championsvgc2026regma-1515] NET drove: bring=['whimsicott', 'zoroarkhisui', 'ditto', 'charizardmegay'] leads=['whimsicott', 'zoroarkhisui'] (vs opp ['sneasler', 'charizard', 'whimsicott', 'basculegion', 'zoroarkhisui', 'ditto'])
INFO:vgc_base:Teampreview [battle-gen9championsvgc2026regma-1515] \u2192 /team 3562  (whimsicott, zoroarkhisui, ditto, charizardmegay)
DEBUG:websockets.client:> TEXT 'battle-gen9championsvgc2026regma-1515|/team 3562' [48 bytes]
DEBUG:vgc_base:Teampreview: first-4 roster order \u2192 ['sneasler', 'charizardmegay', 'whimsicott', 'basculegion']
INFO:vgc_base:Teampreview [battle-gen9championsvgc2026regma-1515] \u2192 /team 1234  (sneasler, charizardmegay, whimsicott, basculegion)
DEBUG:websockets.client:> TEXT 'battle-gen9championsvgc2026regma-1515|/team 1234' [48 bytes]
DEBUG:websockets.client:< TEXT '|pm| BC2| OPmax_2|/challenge gen9championsvgc20...hampionsvgc2026regma|||' [83 bytes]
DEBUG:websockets.client:< TEXT '|pm| BC2| OPmax_2|/challenge gen9championsvgc20...hampionsvgc2026regma|||' [83 bytes]
DEBUG:websockets.client:< TEXT '|pm| BC2| OPmax_2|/log BC2 wants to battle!' [43 bytes]
DEBUG:websockets.client:< TEXT '|pm| BC2| OPmax_2|/log BC2 wants to battle!' [43 bytes]
DEBUG:websockets.client:> TEXT '|/utm Sneasler||whiteherb|unburden|fakeout,dire...Naive|32,2,,,,32||||50|' [550 bytes]
DEBUG:websockets.client:> TEXT '|/accept bc2' [12 bytes]
DEBUG:websockets.client:< TEXT '>battle-gen9championsvgc2026regma-1515\n|\n|t:|...L50, F|100/100\n|turn|1' [321 bytes]
DEBUG:websockets.client:< TEXT '>battle-gen9championsvgc2026regma-1515\n|\n|t:|...L50, F|168/168\n|turn|1' [321 bytes]
DEBUG:websockets.client:< TEXT '>battle-gen9championsvgc2026regma-1515\n|reques...ing":false}]},"rqid":5}' [2236 bytes]
DEBUG:websockets.client:< TEXT '|pm| OPmax_2| BC2|/challenge' [28 bytes]
DEBUG:websockets.client:< TEXT '>battle-gen9championsvgc2026regma-1515\n|reques...ing":false}]},"rqid":4}' [2167 bytes]
DEBUG:websockets.client:< TEXT '|updatesearch|{"searching":[],"games":{"battle-... 2026 Reg M-A Battle"}}' [124 bytes]
DEBUG:vgc_base:Turn 1 [battle-gen9championsvgc2026regma-1515] a0=9 a1=9 src=max_damage g0=0 g1=0
DEBUG:websockets.client:> TEXT 'battle-gen9championsvgc2026regma-1515|/choose m...bat 1, move solarbeam 1' [82 bytes]
DEBUG:websockets.client:< TEXT '|pm| OPmax_2| BC2|/challenge' [28 bytes]
DEBUG:websockets.client:< TEXT '|updatesearch|{"searching":[],"games":{"battle-... 2026 Reg M-A Battle"}}' [124 bytes]
DEBUG:websockets.client:< TEXT '|updatesearch|{"searching":[],"games":{"battle-... 2026 Reg M-A Battle"}}' [208 bytes]
DEBUG:websockets.client:< TEXT '|updatesearch|{"searching":[],"games":{"battle-... 2026 Reg M-A Battle"}}' [208 bytes]
DEBUG:websockets.client:< TEXT '|updatesearch|{"searching":[],"games":{"battle-... 2026 Reg M-A Battle"}}' [208 bytes]
DEBUG:websockets.client:< TEXT '|updatesearch|{"searching":[],"games":{"battle-... 2026 Reg M-A Battle"}}' [208 bytes]
DEBUG:websockets.client:< TEXT '>battle-gen9championsvgc2026regma-1516\n|init|b... vs. OPmax_2\n|j|\u2606BC2\n' [85 bytes]
DEBUG:websockets.client:< TEXT '>battle-gen9championsvgc2026regma-1516\n|j|\u2606OPmax_2' [52 bytes]
DEBUG:websockets.client:< TEXT '|pm| OPmax_2| BC2|/nonotify OPmax_2 accepted th...26regma-1516</a>&raquo;' [173 bytes]
DEBUG:websockets.client:< TEXT '>battle-gen9championsvgc2026regma-1516\n|t:|1781641912\n|gametype|doubles' [71 bytes]
DEBUG:websockets.client:< TEXT '>battle-gen9championsvgc2026regma-1516\n|player|p1|BC2|102|' [58 bytes]
DEBUG:websockets.client:< TEXT '>battle-gen9championsvgc2026regma-1516\n|player...heets</strong></button>' [855 bytes]
DEBUG:websockets.client:< TEXT '>battle-gen9championsvgc2026regma-1516\n|reques...ing":false}]},"rqid":2}' [2093 bytes]
INFO:player:Turn 1 [battle-gen9championsvgc2026regma-1515] value head win-prob: 0.351  (losing)
DEBUG:live_vgc_base:Turn 1 [battle-gen9championsvgc2026regma-1515] a0=0 a1=9 src=model opp_splice=on
DEBUG:websockets.client:> TEXT 'battle-gen9championsvgc2026regma-1515|/choose move encore 1, move icywind' [73 bytes]
DEBUG:websockets.client:< TEXT '>battle-gen9championsvgc2026regma-1516\n|init|b...n|j|\u2606BC2\n|j|\u2606OPmax_2\n' [99 bytes]
DEBUG:websockets.client:< TEXT '|pm| OPmax_2| BC2|/nonotify OPmax_2 accepted th...26regma-1516</a>&raquo;' [173 bytes]
DEBUG:websockets.client:< TEXT '>battle-gen9championsvgc2026regma-1516\n|t:|1781641912\n|gametype|doubles' [71 bytes]
DEBUG:websockets.client:< TEXT '>battle-gen9championsvgc2026regma-1516\n|player|p1|BC2|102|' [58 bytes]
DEBUG:websockets.client:< TEXT '>battle-gen9championsvgc2026regma-1516\n|player...heets</strong></button>' [855 bytes]
DEBUG:websockets.client:< TEXT '>battle-gen9championsvgc2026regma-1516\n|reques...ing":false}]},"rqid":3}' [2097 bytes]
DEBUG:websockets.client:< TEXT '>battle-gen9championsvgc2026regma-1515\n|\n|t:|...am\n|\n|upkeep\n|turn|2' [644 bytes]
DEBUG:websockets.client:< TEXT '>battle-gen9championsvgc2026regma-1515\n|\n|t:|...am\n|\n|upkeep\n|turn|2' [646 bytes]
DEBUG:websockets.client:< TEXT '>battle-gen9championsvgc2026regma-1515\n|reques...ing":false}]},"rqid":6}' [2166 bytes]
DEBUG:websockets.client:< TEXT '>battle-gen9championsvgc2026regma-1515\n|reques...ing":false}]},"rqid":7}' [1888 bytes]
INFO:player:Turn 2 [battle-gen9championsvgc2026regma-1515] value head win-prob: 0.272  (losing)
DEBUG:live_vgc_base:Turn 2 [battle-gen9championsvgc2026regma-1515] a0=0 a1=9 src=model opp_splice=on
DEBUG:websockets.client:> TEXT 'battle-gen9championsvgc2026regma-1515|/choose move encore 1, move icywind' [73 bytes]
DEBUG:vgc_base:Turn 2 [battle-gen9championsvgc2026regma-1515] a0=9 a1=9 src=max_damage g0=0 g1=0
DEBUG:websockets.client:> TEXT 'battle-gen9championsvgc2026regma-1515|/choose m...bat 1, move solarbeam 1' [82 bytes]
DEBUG:websockets.client:< TEXT '>battle-gen9championsvgc2026regma-1515\n|\n|t:|... Whimsicott\n|\n|upkeep' [638 bytes]
DEBUG:websockets.client:< TEXT '>battle-gen9championsvgc2026regma-1515\n|\n|t:|... Whimsicott\n|\n|upkeep' [639 bytes]
DEBUG:websockets.client:< TEXT '>battle-gen9championsvgc2026regma-1515\n|reques...oCancel":true,"rqid":8}' [1421 bytes]
DEBUG:websockets.client:< TEXT '>battle-gen9championsvgc2026regma-1515\n|reques...ing":false}]},"rqid":9}' [1452 bytes]
DEBUG:live_vgc_base:forceSwitch forced_switch_model [battle-gen9championsvgc2026regma-1515] turn 2 a0=13 a1=None opp_splice=on
DEBUG:websockets.client:> TEXT 'battle-gen9championsvgc2026regma-1515|/choose switch Ditto, pass' [64 bytes]
DEBUG:websockets.client:< TEXT '>battle-gen9championsvgc2026regma-1515\n|\n|t:|...lity: Imposter\n|turn|3' [164 bytes]
DEBUG:websockets.client:< TEXT '>battle-gen9championsvgc2026regma-1515\n|\n|t:|...lity: Imposter\n|turn|3' [164 bytes]
DEBUG:websockets.client:< TEXT '>battle-gen9championsvgc2026regma-1515\n|reques...ng":false}]},"rqid":10}' [2200 bytes]
DEBUG:websockets.client:< TEXT '>battle-gen9championsvgc2026regma-1515\n|reques...ng":false}]},"rqid":11}' [2224 bytes]
INFO:player:Turn 3 [battle-gen9championsvgc2026regma-1515] value head win-prob: 0.527  (even)
DEBUG:live_vgc_base:Turn 3 [battle-gen9championsvgc2026regma-1515] a0=3 a1=9 src=model opp_splice=on
DEBUG:websockets.client:> TEXT 'battle-gen9championsvgc2026regma-1515|/choose move heatwave, move icywind' [73 bytes]
DEBUG:vgc_base:Turn 3 [battle-gen9championsvgc2026regma-1515] a0=9 a1=9 src=max_damage g0=0 g1=0
DEBUG:websockets.client:> TEXT 'battle-gen9championsvgc2026regma-1515|/choose m...bat 1, move solarbeam 1' [82 bytes]
DEBUG:websockets.client:< TEXT '>battle-gen9championsvgc2026regma-1515\n|\n|t:|...|Solar Beam\n|\n|upkeep' [649 bytes]
DEBUG:websockets.client:< TEXT '>battle-gen9championsvgc2026regma-1515\n|\n|t:|...|Solar Beam\n|\n|upkeep' [649 bytes]
DEBUG:websockets.client:< TEXT '>battle-gen9championsvgc2026regma-1515\n|reques...ng":false}]},"rqid":12}' [1427 bytes]
DEBUG:websockets.client:< TEXT '>battle-gen9championsvgc2026regma-1515\n|reques...Cancel":true,"rqid":13}' [1482 bytes]
DEBUG:vgc_base:forceSwitch [battle-gen9championsvgc2026regma-1515] force=[True, False] \u2192 /choose switch Whimsicott / /choose pass
DEBUG:websockets.client:> TEXT 'battle-gen9championsvgc2026regma-1515|/choose switch Whimsicott, pass' [69 bytes]
DEBUG:websockets.client:< TEXT '>battle-gen9championsvgc2026regma-1515\n|\n|t:|...L50, F|100/100\n|turn|4' [114 bytes]
DEBUG:websockets.client:< TEXT '>battle-gen9championsvgc2026regma-1515\n|\n|t:|...L50, F|137/137\n|turn|4' [114 bytes]
DEBUG:websockets.client:< TEXT '>battle-gen9championsvgc2026regma-1515\n|reques...ng":false}]},"rqid":14}' [2199 bytes]
DEBUG:websockets.client:< TEXT '>battle-gen9championsvgc2026regma-1515\n|reques...ng":false}]},"rqid":15}' [1899 bytes]
INFO:player:Turn 4 [battle-gen9championsvgc2026regma-1515] value head win-prob: 0.162  (losing)
DEBUG:live_vgc_base:Turn 4 [battle-gen9championsvgc2026regma-1515] a0=3 a1=9 src=model opp_splice=on
DEBUG:websockets.client:> TEXT 'battle-gen9championsvgc2026regma-1515|/choose move heatwave, move icywind' [73 bytes]
DEBUG:vgc_base:Turn 4 [battle-gen9championsvgc2026regma-1515] a0=6 a1=9 src=max_damage g0=0 g1=0
DEBUG:websockets.client:> TEXT 'battle-gen9championsvgc2026regma-1515|/choose m...ast 1, move solarbeam 1' [80 bytes]
DEBUG:websockets.client:< TEXT '>battle-gen9championsvgc2026regma-1515\n|\n|t:|...: Charizard\n|\n|upkeep' [701 bytes]
DEBUG:websockets.client:< TEXT '>battle-gen9championsvgc2026regma-1515\n|\n|t:|...: Charizard\n|\n|upkeep' [700 bytes]
DEBUG:websockets.client:< TEXT '>battle-gen9championsvgc2026regma-1515\n|reques...ng":false}]},"rqid":16}' [1427 bytes]
DEBUG:websockets.client:< TEXT '>battle-gen9championsvgc2026regma-1515\n|reques...Cancel":true,"rqid":17}' [1469 bytes]
DEBUG:vgc_base:forceSwitch slot 1: no available switch — '/choose default' (handled poke-env desync).
DEBUG:vgc_base:forceSwitch DIAG [battle-gen9championsvgc2026regma-1515] turn=4 slot=1 force=[True, True] available_switches=[['basculegion'], ['basculegion']] team=[sneasler(act=False,fnt=True,hp=0), charizard(act=True,fnt=True,hp=0), whimsicott(act=True,fnt=True,hp=0), basculegion(act=False,fnt=False,hp=1.0), zoroarkhisui(act=False,fnt=False,hp=1.0), ditto(act=False,fnt=False,hp=1.0)]
DEBUG:websockets.client:> TEXT 'battle-gen9championsvgc2026regma-1515|/choose default' [53 bytes]
DEBUG:websockets.client:< TEXT '>battle-gen9championsvgc2026regma-1515\n|\n|t:|...L50, M|100/100\n|turn|5' [116 bytes]
DEBUG:websockets.client:< TEXT '>battle-gen9championsvgc2026regma-1515\n|\n|t:|...L50, M|197/197\n|turn|5' [116 bytes]
DEBUG:websockets.client:< TEXT '>battle-gen9championsvgc2026regma-1515\n|reques...ng":false}]},"rqid":18}' [2199 bytes]
DEBUG:websockets.client:< TEXT '>battle-gen9championsvgc2026regma-1515\n|reques...ng":false}]},"rqid":19}' [2221 bytes]
INFO:player:Turn 5 [battle-gen9championsvgc2026regma-1515] value head win-prob: 0.975  (winning)
DEBUG:live_vgc_base:Turn 5 [battle-gen9championsvgc2026regma-1515] a0=0 a1=9 src=model opp_splice=on
DEBUG:websockets.client:> TEXT 'battle-gen9championsvgc2026regma-1515|/choose m...larbeam 1, move icywind' [76 bytes]
DEBUG:vgc_base:Turn 5 [battle-gen9championsvgc2026regma-1515] a0=3 a1=0 src=max_damage g0=0 g1=0
DEBUG:vgc_base:_safe_order: action 0 slot 1 \u2192 None, scanning legal actions.
DEBUG:vgc_base:_safe_order: slot 1 has no decodable legal action — sending Pass.
DEBUG:websockets.client:> TEXT 'battle-gen9championsvgc2026regma-1515|/choose move wavecrash 1, pass' [68 bytes]
DEBUG:websockets.client:< TEXT '>battle-gen9championsvgc2026regma-1515\n|\n|t:|...rom] Recoil\n|\n|upkeep' [374 bytes]
DEBUG:websockets.client:< TEXT '>battle-gen9championsvgc2026regma-1515\n|\n|t:|...rom] Recoil\n|\n|upkeep' [376 bytes]
DEBUG:websockets.client:< TEXT '>battle-gen9championsvgc2026regma-1515\n|reques...Cancel":true,"rqid":20}' [1420 bytes]
DEBUG:websockets.client:< TEXT '>battle-gen9championsvgc2026regma-1515\n|reques...ng":false}]},"rqid":21}' [1439 bytes]
DEBUG:live_vgc_base:forceSwitch forced_switch_model [battle-gen9championsvgc2026regma-1515] turn 5 a0=12 a1=None opp_splice=on
DEBUG:websockets.client:> TEXT 'battle-gen9championsvgc2026regma-1515|/choose switch Charizard, pass' [68 bytes]
DEBUG:websockets.client:< TEXT '>battle-gen9championsvgc2026regma-1515\n|\n|t:|...L50, F|168/168\n|turn|6' [112 bytes]
DEBUG:websockets.client:< TEXT '>battle-gen9championsvgc2026regma-1515\n|\n|t:|...L50, F|100/100\n|turn|6' [112 bytes]
DEBUG:websockets.client:< TEXT '>battle-gen9championsvgc2026regma-1515\n|reques...ng":false}]},"rqid":23}' [2221 bytes]
DEBUG:websockets.client:< TEXT '>battle-gen9championsvgc2026regma-1515\n|reques...ng":false}]},"rqid":22}' [2185 bytes]
DEBUG:vgc_base:Turn 6 [battle-gen9championsvgc2026regma-1515] a0=3 a1=0 src=max_damage g0=0 g1=0
DEBUG:vgc_base:_safe_order: action 0 slot 1 \u2192 None, scanning legal actions.
DEBUG:vgc_base:_safe_order: slot 1 has no decodable legal action — sending Pass.
DEBUG:websockets.client:> TEXT 'battle-gen9championsvgc2026regma-1515|/choose move wavecrash 1, pass' [68 bytes]
INFO:player:Turn 6 [battle-gen9championsvgc2026regma-1515] value head win-prob: 0.970  (winning)
DEBUG:live_vgc_base:Turn 6 [battle-gen9championsvgc2026regma-1515] a0=0 a1=0 src=model opp_splice=on
DEBUG:websockets.client:> TEXT 'battle-gen9championsvgc2026regma-1515|/choose m...e mega, move hypervoice' [81 bytes]
DEBUG:websockets.client:< TEXT '>battle-gen9championsvgc2026regma-1515\n|\n|t:|...keep]\n|upkeep\n|turn|7' [634 bytes]
DEBUG:websockets.client:< TEXT '>battle-gen9championsvgc2026regma-1515\n|\n|t:|...keep]\n|upkeep\n|turn|7' [634 bytes]
DEBUG:websockets.client:< TEXT '>battle-gen9championsvgc2026regma-1515\n|reques...ng":false}]},"rqid":24}' [2167 bytes]
DEBUG:websockets.client:< TEXT '>battle-gen9championsvgc2026regma-1515\n|reques...ng":false}]},"rqid":25}' [2219 bytes]
DEBUG:vgc_base:Turn 7 [battle-gen9championsvgc2026regma-1515] a0=3 a1=0 src=max_damage g0=0 g1=0
DEBUG:vgc_base:_safe_order: action 0 slot 1 \u2192 None, scanning legal actions.
DEBUG:vgc_base:_safe_order: slot 1 has no decodable legal action — sending Pass.
DEBUG:websockets.client:> TEXT 'battle-gen9championsvgc2026regma-1515|/choose move wavecrash 1, pass' [68 bytes]
INFO:player:Turn 7 [battle-gen9championsvgc2026regma-1515] value head win-prob: 0.992  (winning)
DEBUG:live_vgc_base:Turn 7 [battle-gen9championsvgc2026regma-1515] a0=0 a1=0 src=model opp_splice=on
DEBUG:vgc_base:_safe_order: action 0 slot 0 \u2192 None, scanning legal actions.
DEBUG:vgc_base:_safe_order: slot 0 has no decodable legal action — sending Pass.
DEBUG:websockets.client:> TEXT 'battle-gen9championsvgc2026regma-1515|/choose pass, move hypervoice' [67 bytes]
DEBUG:websockets.client:< TEXT '>battle-gen9championsvgc2026regma-1515\n|\n|t:|...asculegion\n|\n|win|BC2' [364 bytes]
DEBUG:websockets.client:< TEXT '>battle-gen9championsvgc2026regma-1515\n|\n|t:|...asculegion\n|\n|win|BC2' [364 bytes]
INFO:vgc_base:Battle battle-gen9championsvgc2026regma-1515 finished — outcome: WIN  (W/L/D so far: 5/3/0)
DEBUG:websockets.client:> TEXT '|/leave battle-gen9championsvgc2026regma-1515' [45 bytes]
DEBUG:websockets.client:> TEXT 'battle-gen9championsvgc2026regma-1516|/rejectopenteamsheets' [59 bytes]
INFO:vgc_base:Battle battle-gen9championsvgc2026regma-1515 finished — outcome: LOSS  (W/L/D so far: 3/5/0)
DEBUG:websockets.client:> TEXT '|/leave battle-gen9championsvgc2026regma-1515' [45 bytes]
DEBUG:websockets.client:< TEXT '|updatesearch|{"searching":[],"games":{"battle-... 2026 Reg M-A Battle"}}' [124 bytes]
DEBUG:websockets.client:< TEXT '|updatesearch|{"searching":[],"games":{"battle-... 2026 Reg M-A Battle"}}' [124 bytes]
DEBUG:websockets.client:> TEXT '|/utm Sneasler||whiteherb|unburden|fakeout,dire...Naive|32,2,,,,32||||50|' [550 bytes]
DEBUG:websockets.client:> TEXT '|/challenge opmax2, gen9championsvgc2026regma' [45 bytes]
DEBUG:websockets.client:> TEXT 'battle-gen9championsvgc2026regma-1516|/rejectopenteamsheets' [59 bytes]
DEBUG:websockets.client:< TEXT '>battle-gen9championsvgc2026regma-1515\n|deinit' [46 bytes]
DEBUG:websockets.client:< TEXT '>battle-gen9championsvgc2026regma-1516\n|uhtmlchange|otsrequest|' [63 bytes]
DEBUG:websockets.client:< TEXT '>battle-gen9championsvgc2026regma-1516\nBC2 rejected open team sheets.' [69 bytes]
DEBUG:websockets.client:< TEXT '>battle-gen9championsvgc2026regma-1515\n|l|\u2606BC2' [48 bytes]
DEBUG:websockets.client:< TEXT '>battle-gen9championsvgc2026regma-1516\n|uhtmlchange|otsrequest|' [63 bytes]
DEBUG:websockets.client:< TEXT '>battle-gen9championsvgc2026regma-1516\nBC2 rejected open team sheets.' [69 bytes]
DEBUG:websockets.client:< TEXT '>battle-gen9championsvgc2026regma-1515\n|deinit' [46 bytes]
DEBUG:websockets.client:< TEXT '>battle-gen9championsvgc2026regma-1516\n|uhtmlchange|otsrequest|' [63 bytes]
DEBUG:websockets.client:< TEXT '>battle-gen9championsvgc2026regma-1516\n|uhtmlchange|otsrequest|' [63 bytes]
DEBUG:websockets.client:< TEXT '>battle-gen9championsvgc2026regma-1516\nOPmax_2...ected open team sheets.' [73 bytes]
DEBUG:websockets.client:< TEXT '>battle-gen9championsvgc2026regma-1516\nOPmax_2...ected open team sheets.' [73 bytes]
INFO:player:Team-preview [battle-gen9championsvgc2026regma-1516] NET drove: bring=['whimsicott', 'zoroarkhisui', 'ditto', 'charizardmegay'] leads=['whimsicott', 'zoroarkhisui'] (vs opp ['sneasler', 'charizard', 'whimsicott', 'basculegion', 'zoroarkhisui', 'ditto'])
INFO:vgc_base:Teampreview [battle-gen9championsvgc2026regma-1516] \u2192 /team 3562  (whimsicott, zoroarkhisui, ditto, charizardmegay)
DEBUG:websockets.client:> TEXT 'battle-gen9championsvgc2026regma-1516|/team 3562' [48 bytes]
DEBUG:vgc_base:Teampreview: first-4 roster order \u2192 ['sneasler', 'charizardmegay', 'whimsicott', 'basculegion']
INFO:vgc_base:Teampreview [battle-gen9championsvgc2026regma-1516] \u2192 /team 1234  (sneasler, charizardmegay, whimsicott, basculegion)
DEBUG:websockets.client:> TEXT 'battle-gen9championsvgc2026regma-1516|/team 1234' [48 bytes]
DEBUG:websockets.client:< TEXT '|pm| BC2| OPmax_2|/challenge gen9championsvgc20...hampionsvgc2026regma|||' [83 bytes]
DEBUG:websockets.client:< TEXT '|pm| BC2| OPmax_2|/challenge gen9championsvgc20...hampionsvgc2026regma|||' [83 bytes]
DEBUG:websockets.client:< TEXT '|pm| BC2| OPmax_2|/log BC2 wants to battle!' [43 bytes]
DEBUG:websockets.client:< TEXT '|pm| BC2| OPmax_2|/log BC2 wants to battle!' [43 bytes]
DEBUG:websockets.client:> TEXT '|/utm Sneasler||whiteherb|unburden|fakeout,dire...Naive|32,2,,,,32||||50|' [550 bytes]
DEBUG:websockets.client:> TEXT '|/accept bc2' [12 bytes]
DEBUG:websockets.client:< TEXT '>battle-gen9championsvgc2026regma-1516\n|\n|t:|...L50, F|100/100\n|turn|1' [321 bytes]
DEBUG:websockets.client:< TEXT '>battle-gen9championsvgc2026regma-1516\n|\n|t:|...L50, F|168/168\n|turn|1' [321 bytes]
DEBUG:websockets.client:< TEXT '>battle-gen9championsvgc2026regma-1516\n|reques...ing":false}]},"rqid":4}' [2167 bytes]
DEBUG:websockets.client:< TEXT '>battle-gen9championsvgc2026regma-1516\n|reques...ing":false}]},"rqid":5}' [2236 bytes]
INFO:player:Turn 1 [battle-gen9championsvgc2026regma-1516] value head win-prob: 0.351  (losing)
DEBUG:live_vgc_base:Turn 1 [battle-gen9championsvgc2026regma-1516] a0=0 a1=9 src=model opp_splice=on
DEBUG:websockets.client:> TEXT 'battle-gen9championsvgc2026regma-1516|/choose move encore 1, move icywind' [73 bytes]
DEBUG:websockets.client:< TEXT '|pm| OPmax_2| BC2|/challenge' [28 bytes]
DEBUG:websockets.client:< TEXT '|updatesearch|{"searching":[],"games":{"battle-... 2026 Reg M-A Battle"}}' [124 bytes]
DEBUG:websockets.client:< TEXT '|pm| OPmax_2| BC2|/challenge' [28 bytes]
DEBUG:websockets.client:< TEXT '|updatesearch|{"searching":[],"games":{"battle-... 2026 Reg M-A Battle"}}' [208 bytes]
DEBUG:websockets.client:< TEXT '|updatesearch|{"searching":[],"games":{"battle-... 2026 Reg M-A Battle"}}' [208 bytes]
DEBUG:websockets.client:< TEXT '>battle-gen9championsvgc2026regma-1517\n|init|b...n|j|\u2606BC2\n|j|\u2606OPmax_2\n' [99 bytes]
DEBUG:websockets.client:< TEXT '|pm| OPmax_2| BC2|/nonotify OPmax_2 accepted th...26regma-1517</a>&raquo;' [173 bytes]
DEBUG:websockets.client:< TEXT '>battle-gen9championsvgc2026regma-1517\n|t:|1781641912\n|gametype|doubles' [71 bytes]
DEBUG:websockets.client:< TEXT '>battle-gen9championsvgc2026regma-1517\n|player|p1|BC2|102|' [58 bytes]
DEBUG:websockets.client:< TEXT '>battle-gen9championsvgc2026regma-1517\n|player...heets</strong></button>' [855 bytes]
DEBUG:websockets.client:< TEXT '>battle-gen9championsvgc2026regma-1517\n|reques...ing":false}]},"rqid":3}' [2097 bytes]
DEBUG:vgc_base:Turn 1 [battle-gen9championsvgc2026regma-1516] a0=9 a1=9 src=max_damage g0=0 g1=0
DEBUG:websockets.client:> TEXT 'battle-gen9championsvgc2026regma-1516|/choose m...bat 1, move solarbeam 1' [82 bytes]
DEBUG:websockets.client:< TEXT '|updatesearch|{"searching":[],"games":{"battle-... 2026 Reg M-A Battle"}}' [124 bytes]
DEBUG:websockets.client:< TEXT '|updatesearch|{"searching":[],"games":{"battle-... 2026 Reg M-A Battle"}}' [208 bytes]
DEBUG:websockets.client:< TEXT '|updatesearch|{"searching":[],"games":{"battle-... 2026 Reg M-A Battle"}}' [208 bytes]
DEBUG:websockets.client:< TEXT '>battle-gen9championsvgc2026regma-1517\n|init|b... vs. OPmax_2\n|j|\u2606BC2\n' [85 bytes]
DEBUG:websockets.client:< TEXT '>battle-gen9championsvgc2026regma-1517\n|j|\u2606OPmax_2' [52 bytes]
DEBUG:websockets.client:< TEXT '|pm| OPmax_2| BC2|/nonotify OPmax_2 accepted th...26regma-1517</a>&raquo;' [173 bytes]
DEBUG:websockets.client:< TEXT '>battle-gen9championsvgc2026regma-1517\n|t:|1781641912\n|gametype|doubles' [71 bytes]
DEBUG:websockets.client:< TEXT '>battle-gen9championsvgc2026regma-1517\n|player|p1|BC2|102|' [58 bytes]
DEBUG:websockets.client:< TEXT '>battle-gen9championsvgc2026regma-1517\n|player...heets</strong></button>' [855 bytes]
DEBUG:websockets.client:< TEXT '>battle-gen9championsvgc2026regma-1517\n|reques...ing":false}]},"rqid":2}' [2093 bytes]
DEBUG:websockets.client:< TEXT '>battle-gen9championsvgc2026regma-1516\n|\n|t:|...am\n|\n|upkeep\n|turn|2' [644 bytes]
DEBUG:websockets.client:< TEXT '>battle-gen9championsvgc2026regma-1516\n|\n|t:|...am\n|\n|upkeep\n|turn|2' [646 bytes]
DEBUG:websockets.client:< TEXT '>battle-gen9championsvgc2026regma-1516\n|reques...ing":false}]},"rqid":6}' [2166 bytes]
DEBUG:websockets.client:< TEXT '>battle-gen9championsvgc2026regma-1516\n|reques...ing":false}]},"rqid":7}' [1888 bytes]
DEBUG:vgc_base:Turn 2 [battle-gen9championsvgc2026regma-1516] a0=9 a1=9 src=max_damage g0=0 g1=0
DEBUG:websockets.client:> TEXT 'battle-gen9championsvgc2026regma-1516|/choose m...bat 1, move solarbeam 1' [82 bytes]
INFO:player:Turn 2 [battle-gen9championsvgc2026regma-1516] value head win-prob: 0.274  (losing)
DEBUG:live_vgc_base:Turn 2 [battle-gen9championsvgc2026regma-1516] a0=0 a1=9 src=model opp_splice=on
DEBUG:websockets.client:> TEXT 'battle-gen9championsvgc2026regma-1516|/choose move encore 1, move icywind' [73 bytes]
DEBUG:websockets.client:< TEXT '>battle-gen9championsvgc2026regma-1516\n|\n|t:|... Whimsicott\n|\n|upkeep' [641 bytes]
DEBUG:websockets.client:< TEXT '>battle-gen9championsvgc2026regma-1516\n|\n|t:|... Whimsicott\n|\n|upkeep' [641 bytes]
DEBUG:websockets.client:< TEXT '>battle-gen9championsvgc2026regma-1516\n|reques...oCancel":true,"rqid":8}' [1421 bytes]
DEBUG:websockets.client:< TEXT '>battle-gen9championsvgc2026regma-1516\n|reques...ing":false}]},"rqid":9}' [1452 bytes]
DEBUG:live_vgc_base:forceSwitch forced_switch_model [battle-gen9championsvgc2026regma-1516] turn 2 a0=13 a1=None opp_splice=on
DEBUG:websockets.client:> TEXT 'battle-gen9championsvgc2026regma-1516|/choose switch Ditto, pass' [64 bytes]
DEBUG:websockets.client:< TEXT '>battle-gen9championsvgc2026regma-1516\n|\n|t:|...lity: Imposter\n|turn|3' [164 bytes]
DEBUG:websockets.client:< TEXT '>battle-gen9championsvgc2026regma-1516\n|\n|t:|...lity: Imposter\n|turn|3' [164 bytes]
DEBUG:websockets.client:< TEXT '>battle-gen9championsvgc2026regma-1516\n|reques...ng":false}]},"rqid":10}' [2200 bytes]
DEBUG:websockets.client:< TEXT '>battle-gen9championsvgc2026regma-1516\n|reques...ng":false}]},"rqid":11}' [2224 bytes]
INFO:player:Turn 3 [battle-gen9championsvgc2026regma-1516] value head win-prob: 0.528  (even)
DEBUG:live_vgc_base:Turn 3 [battle-gen9championsvgc2026regma-1516] a0=3 a1=9 src=model opp_splice=on
DEBUG:websockets.client:> TEXT 'battle-gen9championsvgc2026regma-1516|/choose move heatwave, move icywind' [73 bytes]
DEBUG:vgc_base:Turn 3 [battle-gen9championsvgc2026regma-1516] a0=9 a1=9 src=max_damage g0=0 g1=0
DEBUG:websockets.client:> TEXT 'battle-gen9championsvgc2026regma-1516|/choose m...bat 1, move solarbeam 1' [82 bytes]
DEBUG:websockets.client:< TEXT '>battle-gen9championsvgc2026regma-1516\n|\n|t:|...|Solar Beam\n|\n|upkeep' [649 bytes]
DEBUG:websockets.client:< TEXT '>battle-gen9championsvgc2026regma-1516\n|\n|t:|...|Solar Beam\n|\n|upkeep' [648 bytes]
DEBUG:websockets.client:< TEXT '>battle-gen9championsvgc2026regma-1516\n|reques...ng":false}]},"rqid":12}' [1428 bytes]
DEBUG:websockets.client:< TEXT '>battle-gen9championsvgc2026regma-1516\n|reques...Cancel":true,"rqid":13}' [1482 bytes]
DEBUG:vgc_base:forceSwitch [battle-gen9championsvgc2026regma-1516] force=[True, False] \u2192 /choose switch Whimsicott / /choose pass
DEBUG:websockets.client:> TEXT 'battle-gen9championsvgc2026regma-1516|/choose switch Whimsicott, pass' [69 bytes]
DEBUG:websockets.client:< TEXT '>battle-gen9championsvgc2026regma-1516\n|\n|t:|...L50, M|100/100\n|turn|4' [114 bytes]
DEBUG:websockets.client:< TEXT '>battle-gen9championsvgc2026regma-1516\n|\n|t:|...L50, M|137/137\n|turn|4' [114 bytes]
DEBUG:websockets.client:< TEXT '>battle-gen9championsvgc2026regma-1516\n|reques...ng":false}]},"rqid":14}' [2200 bytes]
DEBUG:websockets.client:< TEXT '>battle-gen9championsvgc2026regma-1516\n|reques...ng":false}]},"rqid":15}' [1899 bytes]
INFO:player:Turn 4 [battle-gen9championsvgc2026regma-1516] value head win-prob: 0.163  (losing)
DEBUG:live_vgc_base:Turn 4 [battle-gen9championsvgc2026regma-1516] a0=3 a1=9 src=model opp_splice=on
DEBUG:websockets.client:> TEXT 'battle-gen9championsvgc2026regma-1516|/choose move heatwave, move icywind' [73 bytes]
DEBUG:vgc_base:Turn 4 [battle-gen9championsvgc2026regma-1516] a0=6 a1=9 src=max_damage g0=0 g1=0
DEBUG:websockets.client:> TEXT 'battle-gen9championsvgc2026regma-1516|/choose m...ast 1, move solarbeam 1' [80 bytes]
DEBUG:websockets.client:< TEXT '>battle-gen9championsvgc2026regma-1516\n|\n|t:|...itto|48/155\n|\n|upkeep' [814 bytes]
DEBUG:websockets.client:< TEXT '>battle-gen9championsvgc2026regma-1516\n|\n|t:|...itto|30/100\n|\n|upkeep' [814 bytes]
DEBUG:websockets.client:< TEXT '>battle-gen9championsvgc2026regma-1516\n|reques...ng":false}]},"rqid":16}' [1427 bytes]
DEBUG:websockets.client:< TEXT '>battle-gen9championsvgc2026regma-1516\n|reques...Cancel":true,"rqid":17}' [1470 bytes]
DEBUG:vgc_base:forceSwitch [battle-gen9championsvgc2026regma-1516] force=[True, False] \u2192 /choose switch Basculegion / /choose pass
DEBUG:websockets.client:> TEXT 'battle-gen9championsvgc2026regma-1516|/choose switch Basculegion, pass' [70 bytes]
DEBUG:websockets.client:< TEXT '>battle-gen9championsvgc2026regma-1516\n|\n|t:|...L50, M|100/100\n|turn|5' [116 bytes]
DEBUG:websockets.client:< TEXT '>battle-gen9championsvgc2026regma-1516\n|\n|t:|...L50, M|197/197\n|turn|5' [116 bytes]
DEBUG:websockets.client:< TEXT '>battle-gen9championsvgc2026regma-1516\n|reques...ng":false}]},"rqid":18}' [2199 bytes]
DEBUG:websockets.client:< TEXT '>battle-gen9championsvgc2026regma-1516\n|reques...ng":false}]},"rqid":19}' [2221 bytes]
INFO:player:Turn 5 [battle-gen9championsvgc2026regma-1516] value head win-prob: 0.671  (winning)
DEBUG:live_vgc_base:Turn 5 [battle-gen9championsvgc2026regma-1516] a0=3 a1=0 src=model opp_splice=on
DEBUG:websockets.client:> TEXT 'battle-gen9championsvgc2026regma-1516|/choose m...atwave, move hypervoice' [76 bytes]
DEBUG:vgc_base:Turn 5 [battle-gen9championsvgc2026regma-1516] a0=3 a1=9 src=max_damage g0=0 g1=0
DEBUG:websockets.client:> TEXT 'battle-gen9championsvgc2026regma-1516|/choose m...ash 1, move solarbeam 1' [80 bytes]
DEBUG:websockets.client:< TEXT '>battle-gen9championsvgc2026regma-1516\n|\n|t:|...rom] Recoil\n|\n|upkeep' [390 bytes]
DEBUG:websockets.client:< TEXT '>battle-gen9championsvgc2026regma-1516\n|\n|t:|...rom] Recoil\n|\n|upkeep' [391 bytes]
DEBUG:websockets.client:< TEXT '>battle-gen9championsvgc2026regma-1516\n|reques...Cancel":true,"rqid":20}' [1420 bytes]
DEBUG:websockets.client:< TEXT '>battle-gen9championsvgc2026regma-1516\n|reques...ng":false}]},"rqid":21}' [1439 bytes]
DEBUG:live_vgc_base:forceSwitch forced_switch_model [battle-gen9championsvgc2026regma-1516] turn 5 a0=12 a1=None opp_splice=on
DEBUG:websockets.client:> TEXT 'battle-gen9championsvgc2026regma-1516|/choose switch Charizard, pass' [68 bytes]
DEBUG:websockets.client:< TEXT '>battle-gen9championsvgc2026regma-1516\n|\n|t:|...L50, F|168/168\n|turn|6' [112 bytes]
DEBUG:websockets.client:< TEXT '>battle-gen9championsvgc2026regma-1516\n|\n|t:|...L50, F|100/100\n|turn|6' [112 bytes]
DEBUG:websockets.client:< TEXT '>battle-gen9championsvgc2026regma-1516\n|reques...ng":false}]},"rqid":22}' [2185 bytes]
DEBUG:websockets.client:< TEXT '>battle-gen9championsvgc2026regma-1516\n|reques...ng":false}]},"rqid":23}' [2221 bytes]
INFO:player:Turn 6 [battle-gen9championsvgc2026regma-1516] value head win-prob: 0.961  (winning)
DEBUG:live_vgc_base:Turn 6 [battle-gen9championsvgc2026regma-1516] a0=0 a1=0 src=model opp_splice=on
DEBUG:websockets.client:> TEXT 'battle-gen9championsvgc2026regma-1516|/choose m...e mega, move hypervoice' [81 bytes]
DEBUG:vgc_base:Turn 6 [battle-gen9championsvgc2026regma-1516] a0=3 a1=0 src=max_damage g0=0 g1=0
DEBUG:vgc_base:_safe_order: action 0 slot 1 \u2192 None, scanning legal actions.
DEBUG:vgc_base:_safe_order: slot 1 has no decodable legal action — sending Pass.
DEBUG:websockets.client:> TEXT 'battle-gen9championsvgc2026regma-1516|/choose move wavecrash 1, pass' [68 bytes]
DEBUG:websockets.client:< TEXT '>battle-gen9championsvgc2026regma-1516\n|\n|t:|...keep]\n|upkeep\n|turn|7' [635 bytes]
DEBUG:websockets.client:< TEXT '>battle-gen9championsvgc2026regma-1516\n|\n|t:|...keep]\n|upkeep\n|turn|7' [635 bytes]
DEBUG:websockets.client:< TEXT '>battle-gen9championsvgc2026regma-1516\n|reques...ng":false}]},"rqid":24}' [2167 bytes]
DEBUG:websockets.client:< TEXT '>battle-gen9championsvgc2026regma-1516\n|reques...ng":false}]},"rqid":25}' [2220 bytes]
DEBUG:vgc_base:Turn 7 [battle-gen9championsvgc2026regma-1516] a0=3 a1=0 src=max_damage g0=0 g1=0
DEBUG:vgc_base:_safe_order: action 0 slot 1 \u2192 None, scanning legal actions.
DEBUG:vgc_base:_safe_order: slot 1 has no decodable legal action — sending Pass.
DEBUG:websockets.client:> TEXT 'battle-gen9championsvgc2026regma-1516|/choose move wavecrash 1, pass' [68 bytes]
INFO:player:Turn 7 [battle-gen9championsvgc2026regma-1516] value head win-prob: 0.989  (winning)
DEBUG:live_vgc_base:Turn 7 [battle-gen9championsvgc2026regma-1516] a0=0 a1=0 src=model opp_splice=on
DEBUG:vgc_base:_safe_order: action 0 slot 0 \u2192 None, scanning legal actions.
DEBUG:vgc_base:_safe_order: slot 0 has no decodable legal action — sending Pass.
DEBUG:websockets.client:> TEXT 'battle-gen9championsvgc2026regma-1516|/choose pass, move hypervoice' [67 bytes]
DEBUG:websockets.client:< TEXT '>battle-gen9championsvgc2026regma-1516\n|\n|t:|...asculegion\n|\n|win|BC2' [364 bytes]
DEBUG:websockets.client:< TEXT '>battle-gen9championsvgc2026regma-1516\n|\n|t:|...asculegion\n|\n|win|BC2' [363 bytes]
DEBUG:websockets.client:< TEXT '|updatesearch|{"searching":[],"games":{"battle-... 2026 Reg M-A Battle"}}' [124 bytes]
INFO:vgc_base:Battle battle-gen9championsvgc2026regma-1516 finished — outcome: WIN  (W/L/D so far: 6/3/0)
DEBUG:websockets.client:> TEXT '|/leave battle-gen9championsvgc2026regma-1516' [45 bytes]
DEBUG:websockets.client:< TEXT '|updatesearch|{"searching":[],"games":{"battle-... 2026 Reg M-A Battle"}}' [124 bytes]
DEBUG:websockets.client:> TEXT 'battle-gen9championsvgc2026regma-1517|/rejectopenteamsheets' [59 bytes]
INFO:vgc_base:Battle battle-gen9championsvgc2026regma-1516 finished — outcome: LOSS  (W/L/D so far: 3/6/0)
DEBUG:websockets.client:> TEXT '|/leave battle-gen9championsvgc2026regma-1516' [45 bytes]
DEBUG:websockets.client:> TEXT 'battle-gen9championsvgc2026regma-1517|/rejectopenteamsheets' [59 bytes]
DEBUG:websockets.client:< TEXT '>battle-gen9championsvgc2026regma-1516\n|deinit' [46 bytes]
DEBUG:websockets.client:< TEXT '>battle-gen9championsvgc2026regma-1516\n|l|\u2606BC2' [48 bytes]
DEBUG:websockets.client:< TEXT '>battle-gen9championsvgc2026regma-1517\n|uhtmlchange|otsrequest|' [63 bytes]
DEBUG:websockets.client:< TEXT '>battle-gen9championsvgc2026regma-1517\nBC2 rejected open team sheets.' [69 bytes]
DEBUG:websockets.client:< TEXT '>battle-gen9championsvgc2026regma-1517\n|uhtmlchange|otsrequest|' [63 bytes]
DEBUG:websockets.client:< TEXT '>battle-gen9championsvgc2026regma-1517\nBC2 rejected open team sheets.' [69 bytes]
DEBUG:websockets.client:< TEXT '>battle-gen9championsvgc2026regma-1516\n|deinit' [46 bytes]
DEBUG:websockets.client:< TEXT '>battle-gen9championsvgc2026regma-1517\n|uhtmlchange|otsrequest|' [63 bytes]
DEBUG:websockets.client:< TEXT '>battle-gen9championsvgc2026regma-1517\n|uhtmlchange|otsrequest|' [63 bytes]
DEBUG:websockets.client:< TEXT '>battle-gen9championsvgc2026regma-1517\nOPmax_2...ected open team sheets.' [73 bytes]
DEBUG:websockets.client:< TEXT '>battle-gen9championsvgc2026regma-1517\nOPmax_2...ected open team sheets.' [73 bytes]
INFO:player:Team-preview [battle-gen9championsvgc2026regma-1517] NET drove: bring=['whimsicott', 'zoroarkhisui', 'ditto', 'charizardmegay'] leads=['whimsicott', 'zoroarkhisui'] (vs opp ['sneasler', 'charizard', 'whimsicott', 'basculegion', 'zoroarkhisui', 'ditto'])
INFO:vgc_base:Teampreview [battle-gen9championsvgc2026regma-1517] \u2192 /team 3562  (whimsicott, zoroarkhisui, ditto, charizardmegay)
DEBUG:websockets.client:> TEXT 'battle-gen9championsvgc2026regma-1517|/team 3562' [48 bytes]
DEBUG:vgc_base:Teampreview: first-4 roster order \u2192 ['sneasler', 'charizardmegay', 'whimsicott', 'basculegion']
INFO:vgc_base:Teampreview [battle-gen9championsvgc2026regma-1517] \u2192 /team 1234  (sneasler, charizardmegay, whimsicott, basculegion)
DEBUG:websockets.client:> TEXT 'battle-gen9championsvgc2026regma-1517|/team 1234' [48 bytes]
DEBUG:websockets.client:< TEXT '>battle-gen9championsvgc2026regma-1517\n|\n|t:|...L50, M|100/100\n|turn|1' [321 bytes]
DEBUG:websockets.client:< TEXT '>battle-gen9championsvgc2026regma-1517\n|\n|t:|...L50, M|168/168\n|turn|1' [321 bytes]
DEBUG:websockets.client:< TEXT '>battle-gen9championsvgc2026regma-1517\n|reques...ing":false}]},"rqid":4}' [2167 bytes]
DEBUG:websockets.client:< TEXT '>battle-gen9championsvgc2026regma-1517\n|reques...ing":false}]},"rqid":5}' [2236 bytes]
INFO:player:Turn 1 [battle-gen9championsvgc2026regma-1517] value head win-prob: 0.351  (losing)
DEBUG:live_vgc_base:Turn 1 [battle-gen9championsvgc2026regma-1517] a0=0 a1=9 src=model opp_splice=on
DEBUG:websockets.client:> TEXT 'battle-gen9championsvgc2026regma-1517|/choose move encore 1, move icywind' [73 bytes]
DEBUG:vgc_base:Turn 1 [battle-gen9championsvgc2026regma-1517] a0=9 a1=9 src=max_damage g0=0 g1=0
DEBUG:websockets.client:> TEXT 'battle-gen9championsvgc2026regma-1517|/choose m...bat 1, move solarbeam 1' [82 bytes]
DEBUG:websockets.client:< TEXT '>battle-gen9championsvgc2026regma-1517\n|\n|t:|...am\n|\n|upkeep\n|turn|2' [644 bytes]
DEBUG:websockets.client:< TEXT '>battle-gen9championsvgc2026regma-1517\n|\n|t:|...am\n|\n|upkeep\n|turn|2' [646 bytes]
DEBUG:websockets.client:< TEXT '>battle-gen9championsvgc2026regma-1517\n|reques...ing":false}]},"rqid":6}' [2166 bytes]
DEBUG:websockets.client:< TEXT '>battle-gen9championsvgc2026regma-1517\n|reques...ing":false}]},"rqid":7}' [1888 bytes]
DEBUG:vgc_base:Turn 2 [battle-gen9championsvgc2026regma-1517] a0=9 a1=9 src=max_damage g0=0 g1=0
DEBUG:websockets.client:> TEXT 'battle-gen9championsvgc2026regma-1517|/choose m...bat 1, move solarbeam 1' [82 bytes]
INFO:player:Turn 2 [battle-gen9championsvgc2026regma-1517] value head win-prob: 0.257  (losing)
DEBUG:live_vgc_base:Turn 2 [battle-gen9championsvgc2026regma-1517] a0=0 a1=9 src=model opp_splice=on
DEBUG:websockets.client:> TEXT 'battle-gen9championsvgc2026regma-1517|/choose move encore 1, move icywind' [73 bytes]
DEBUG:websockets.client:< TEXT '>battle-gen9championsvgc2026regma-1517\n|\n|t:|... Whimsicott\n|\n|upkeep' [611 bytes]
DEBUG:websockets.client:< TEXT '>battle-gen9championsvgc2026regma-1517\n|\n|t:|... Whimsicott\n|\n|upkeep' [612 bytes]
DEBUG:websockets.client:< TEXT '>battle-gen9championsvgc2026regma-1517\n|reques...oCancel":true,"rqid":8}' [1421 bytes]
DEBUG:websockets.client:< TEXT '>battle-gen9championsvgc2026regma-1517\n|reques...ing":false}]},"rqid":9}' [1453 bytes]
DEBUG:live_vgc_base:forceSwitch forced_switch_model [battle-gen9championsvgc2026regma-1517] turn 2 a0=13 a1=None opp_splice=on
DEBUG:websockets.client:> TEXT 'battle-gen9championsvgc2026regma-1517|/choose switch Ditto, pass' [64 bytes]
DEBUG:websockets.client:< TEXT '>battle-gen9championsvgc2026regma-1517\n|\n|t:|...lity: Imposter\n|turn|3' [164 bytes]
DEBUG:websockets.client:< TEXT '>battle-gen9championsvgc2026regma-1517\n|\n|t:|...lity: Imposter\n|turn|3' [164 bytes]
DEBUG:websockets.client:< TEXT '>battle-gen9championsvgc2026regma-1517\n|reques...ng":false}]},"rqid":10}' [2200 bytes]
DEBUG:websockets.client:< TEXT '>battle-gen9championsvgc2026regma-1517\n|reques...ng":false}]},"rqid":11}' [2225 bytes]
INFO:player:Turn 3 [battle-gen9championsvgc2026regma-1517] value head win-prob: 0.377  (losing)
DEBUG:live_vgc_base:Turn 3 [battle-gen9championsvgc2026regma-1517] a0=3 a1=9 src=model opp_splice=on
DEBUG:websockets.client:> TEXT 'battle-gen9championsvgc2026regma-1517|/choose move heatwave, move icywind' [73 bytes]
DEBUG:vgc_base:Turn 3 [battle-gen9championsvgc2026regma-1517] a0=9 a1=9 src=max_damage g0=0 g1=0
DEBUG:websockets.client:> TEXT 'battle-gen9championsvgc2026regma-1517|/choose m...bat 1, move solarbeam 1' [82 bytes]
DEBUG:websockets.client:< TEXT '>battle-gen9championsvgc2026regma-1517\n|\n|t:|...|Solar Beam\n|\n|upkeep' [648 bytes]
DEBUG:websockets.client:< TEXT '>battle-gen9championsvgc2026regma-1517\n|\n|t:|...|Solar Beam\n|\n|upkeep' [648 bytes]
DEBUG:websockets.client:< TEXT '>battle-gen9championsvgc2026regma-1517\n|reques...ng":false}]},"rqid":12}' [1427 bytes]
DEBUG:websockets.client:< TEXT '>battle-gen9championsvgc2026regma-1517\n|reques...Cancel":true,"rqid":13}' [1482 bytes]
DEBUG:vgc_base:forceSwitch [battle-gen9championsvgc2026regma-1517] force=[True, False] \u2192 /choose switch Basculegion / /choose pass
DEBUG:websockets.client:> TEXT 'battle-gen9championsvgc2026regma-1517|/choose switch Basculegion, pass' [70 bytes]
DEBUG:websockets.client:< TEXT '>battle-gen9championsvgc2026regma-1517\n|\n|t:|...L50, M|100/100\n|turn|4' [116 bytes]
DEBUG:websockets.client:< TEXT '>battle-gen9championsvgc2026regma-1517\n|\n|t:|...L50, M|197/197\n|turn|4' [116 bytes]
DEBUG:websockets.client:< TEXT '>battle-gen9championsvgc2026regma-1517\n|reques...ng":false}]},"rqid":14}' [2199 bytes]
DEBUG:websockets.client:< TEXT '>battle-gen9championsvgc2026regma-1517\n|reques...ng":false}]},"rqid":15}' [1895 bytes]
INFO:player:Turn 4 [battle-gen9championsvgc2026regma-1517] value head win-prob: 0.141  (losing)
DEBUG:live_vgc_base:Turn 4 [battle-gen9championsvgc2026regma-1517] a0=3 a1=0 src=model opp_splice=on
DEBUG:websockets.client:> TEXT 'battle-gen9championsvgc2026regma-1517|/choose m...atwave, move hypervoice' [76 bytes]
DEBUG:vgc_base:Turn 4 [battle-gen9championsvgc2026regma-1517] a0=3 a1=9 src=max_damage g0=0 g1=0
DEBUG:websockets.client:> TEXT 'battle-gen9championsvgc2026regma-1517|/choose m...ash 1, move solarbeam 1' [80 bytes]
DEBUG:websockets.client:< TEXT '>battle-gen9championsvgc2026regma-1517\n|\n|t:|...rom] Recoil\n|\n|upkeep' [370 bytes]
DEBUG:websockets.client:< TEXT '>battle-gen9championsvgc2026regma-1517\n|\n|t:|...rom] Recoil\n|\n|upkeep' [371 bytes]
DEBUG:websockets.client:< TEXT '>battle-gen9championsvgc2026regma-1517\n|reques...ng":false}]},"rqid":16}' [1404 bytes]
DEBUG:websockets.client:< TEXT '>battle-gen9championsvgc2026regma-1517\n|reques...ng":false}]},"rqid":17}' [1465 bytes]
DEBUG:vgc_base:forceSwitch [battle-gen9championsvgc2026regma-1517] force=[False, True] \u2192 /choose pass / /choose switch Whimsicott
DEBUG:websockets.client:> TEXT 'battle-gen9championsvgc2026regma-1517|/choose pass, switch Whimsicott' [69 bytes]
DEBUG:live_vgc_base:forceSwitch forced_switch_model [battle-gen9championsvgc2026regma-1517] turn 4 a0=12 a1=None opp_splice=on
DEBUG:websockets.client:> TEXT 'battle-gen9championsvgc2026regma-1517|/choose switch Charizard, pass' [68 bytes]
DEBUG:websockets.client:< TEXT '>battle-gen9championsvgc2026regma-1517\n|\n|t:|...L50, F|168/168\n|turn|5' [163 bytes]
DEBUG:websockets.client:< TEXT '>battle-gen9championsvgc2026regma-1517\n|\n|t:|...L50, F|100/100\n|turn|5' [163 bytes]
DEBUG:websockets.client:< TEXT '>battle-gen9championsvgc2026regma-1517\n|reques...ng":false}]},"rqid":18}' [2185 bytes]
DEBUG:websockets.client:< TEXT '>battle-gen9championsvgc2026regma-1517\n|reques...ng":false}]},"rqid":19}' [2211 bytes]
INFO:player:Turn 5 [battle-gen9championsvgc2026regma-1517] value head win-prob: 0.160  (losing)
DEBUG:live_vgc_base:Turn 5 [battle-gen9championsvgc2026regma-1517] a0=0 a1=0 src=model opp_splice=on
DEBUG:websockets.client:> TEXT 'battle-gen9championsvgc2026regma-1517|/choose m...e mega, move hypervoice' [81 bytes]
DEBUG:vgc_base:Turn 5 [battle-gen9championsvgc2026regma-1517] a0=3 a1=6 src=max_damage g0=0 g1=0
DEBUG:websockets.client:> TEXT 'battle-gen9championsvgc2026regma-1517|/choose m...ash 1, move moonblast 1' [80 bytes]
DEBUG:websockets.client:< TEXT '>battle-gen9championsvgc2026regma-1517\n|\n|t:|...keep]\n|upkeep\n|turn|6' [1002 bytes]
DEBUG:websockets.client:< TEXT '>battle-gen9championsvgc2026regma-1517\n|\n|t:|...keep]\n|upkeep\n|turn|6' [1001 bytes]
DEBUG:websockets.client:< TEXT '>battle-gen9championsvgc2026regma-1517\n|reques...ng":false}]},"rqid":21}' [2199 bytes]
DEBUG:websockets.client:< TEXT '>battle-gen9championsvgc2026regma-1517\n|reques...ng":false}]},"rqid":20}' [2167 bytes]
DEBUG:vgc_base:Turn 6 [battle-gen9championsvgc2026regma-1517] a0=3 a1=0 src=max_damage g0=0 g1=0
DEBUG:vgc_base:_safe_order: action 0 slot 1 \u2192 None, scanning legal actions.
DEBUG:vgc_base:_safe_order: slot 1 has no decodable legal action — sending Pass.
DEBUG:websockets.client:> TEXT 'battle-gen9championsvgc2026regma-1517|/choose move wavecrash 1, pass' [68 bytes]
INFO:player:Turn 6 [battle-gen9championsvgc2026regma-1517] value head win-prob: 0.988  (winning)
DEBUG:live_vgc_base:Turn 6 [battle-gen9championsvgc2026regma-1517] a0=0 a1=0 src=model opp_splice=on
DEBUG:vgc_base:_safe_order: action 0 slot 0 \u2192 None, scanning legal actions.
DEBUG:vgc_base:_safe_order: slot 0 has no decodable legal action — sending Pass.
DEBUG:websockets.client:> TEXT 'battle-gen9championsvgc2026regma-1517|/choose pass, move hypervoice' [67 bytes]
DEBUG:websockets.client:< TEXT '>battle-gen9championsvgc2026regma-1517\n|\n|t:|...keep]\n|upkeep\n|turn|7' [375 bytes]
DEBUG:websockets.client:< TEXT '>battle-gen9championsvgc2026regma-1517\n|\n|t:|...keep]\n|upkeep\n|turn|7' [374 bytes]
DEBUG:websockets.client:< TEXT '>battle-gen9championsvgc2026regma-1517\n|reques...ng":false}]},"rqid":22}' [2165 bytes]
DEBUG:websockets.client:< TEXT '>battle-gen9championsvgc2026regma-1517\n|reques...ng":false}]},"rqid":23}' [2197 bytes]
INFO:player:Turn 7 [battle-gen9championsvgc2026regma-1517] value head win-prob: 0.971  (winning)
DEBUG:live_vgc_base:Turn 7 [battle-gen9championsvgc2026regma-1517] a0=0 a1=9 src=model opp_splice=on
DEBUG:vgc_base:_safe_order: action 0 slot 0 \u2192 None, scanning legal actions.
DEBUG:vgc_base:_safe_order: slot 0 has no decodable legal action — sending Pass.
DEBUG:websockets.client:> TEXT 'battle-gen9championsvgc2026regma-1517|/choose pass, move icywind' [64 bytes]
DEBUG:vgc_base:Turn 7 [battle-gen9championsvgc2026regma-1517] a0=4 a1=0 src=max_damage g0=0 g1=0
DEBUG:vgc_base:_safe_order: action 0 slot 1 \u2192 None, scanning legal actions.
DEBUG:vgc_base:_safe_order: slot 1 has no decodable legal action — sending Pass.
DEBUG:websockets.client:> TEXT 'battle-gen9championsvgc2026regma-1517|/choose move wavecrash 2, pass' [68 bytes]
DEBUG:websockets.client:< TEXT '>battle-gen9championsvgc2026regma-1517\n|\n|t:|...asculegion\n|\n|win|BC2' [197 bytes]
DEBUG:websockets.client:< TEXT '>battle-gen9championsvgc2026regma-1517\n|\n|t:|...asculegion\n|\n|win|BC2' [197 bytes]
DEBUG:websockets.client:< TEXT '|updatesearch|{"searching":[],"games":null}' [43 bytes]
INFO:vgc_base:Battle battle-gen9championsvgc2026regma-1517 finished — outcome: WIN  (W/L/D so far: 7/3/0)
DEBUG:websockets.client:> TEXT '|/leave battle-gen9championsvgc2026regma-1517' [45 bytes]
DEBUG:websockets.client:< TEXT '|updatesearch|{"searching":[],"games":null}' [43 bytes]
INFO:vgc_base:Battle battle-gen9championsvgc2026regma-1517 finished — outcome: LOSS  (W/L/D so far: 3/7/0)
DEBUG:websockets.client:> TEXT '|/leave battle-gen9championsvgc2026regma-1517' [45 bytes]
DEBUG:websockets.client:< TEXT '>battle-gen9championsvgc2026regma-1517\n|deinit' [46 bytes]
DEBUG:websockets.client:< TEXT '>battle-gen9championsvgc2026regma-1517\n|l|\u2606BC2' [48 bytes]
DEBUG:websockets.client:< TEXT '>battle-gen9championsvgc2026regma-1517\n|deinit' [46 bytes]
DEBUG:websockets.client:> CLOSE 1000 (OK) [2 bytes]
DEBUG:websockets.client:= connection is CLOSING
DEBUG:websockets.client:< CLOSE 1000 (OK) [2 bytes]
DEBUG:websockets.client:< EOF
DEBUG:websockets.client:> EOF
DEBUG:websockets.client:= connection is CLOSED
DEBUG:websockets.client:x half-closing TCP connection
DEBUG:websockets.client:> CLOSE 1000 (OK) [2 bytes]
DEBUG:websockets.client:= connection is CLOSING
DEBUG:websockets.client:< CLOSE 1000 (OK) [2 bytes]
DEBUG:websockets.client:< EOF
DEBUG:websockets.client:> EOF
DEBUG:websockets.client:= connection is CLOSED
DEBUG:websockets.client:x half-closing TCP connection
INFO:__main__:vs max_damage: 7/10
INFO:run_local_battle:Loaded team from D:\ShowdownProject\Victory-Dance\teams\M-A\Trickery
INFO:run_local_battle:Loaded team from D:\ShowdownProject\Victory-Dance\teams\M-A\Trickery
INFO:player:VGCPlayer: loaded battle model from ai_train_scripts\BC_model\checkpoints_v3\bc_best.pt (heads=('our_a', 'our_b'))
INFO:player:VGCPlayer: loaded team-chooser from D:\ShowdownProject\Victory-Dance\ai_train_scripts\teamPreview_model\checkpoints\teampreview_best.pt (vocab=190)
INFO:player:VGCPlayer ready (gap-#6 splice) | battle_model=loaded (ai_train_scripts\BC_model\checkpoints_v3\bc_best.pt) | team_chooser=loaded (D:\ShowdownProject\Victory-Dance\ai_train_scripts\teamPreview_model\checkpoints\teampreview_best.pt) | replay=D:\ShowdownProject\Victory-Dance\replay_buffer\BC3.jsonl
DEBUG:websockets.client:= connection is CONNECTING
DEBUG:websockets.client:> GET /showdown/websocket HTTP/1.1
DEBUG:websockets.client:> Host: localhost:8000
DEBUG:websockets.client:> Upgrade: websocket
DEBUG:websockets.client:> Connection: Upgrade
DEBUG:websockets.client:> Sec-WebSocket-Key: 8Pwug//FRuoUhoqmbBut5Q==
DEBUG:websockets.client:> Sec-WebSocket-Version: 13
DEBUG:websockets.client:> Sec-WebSocket-Extensions: permessage-deflate; client_max_window_bits
DEBUG:websockets.client:> User-Agent: Python/3.12 websockets/16.0
DEBUG:websockets.client:< HTTP/1.1 101 Switching Protocols
DEBUG:websockets.client:< Upgrade: websocket
DEBUG:websockets.client:< Connection: Upgrade
DEBUG:websockets.client:< Sec-WebSocket-Accept: wbh+CvYkLfNeRXX6922nDprQV6k=
DEBUG:websockets.client:= connection is OPEN
DEBUG:websockets.client:< TEXT '|updateuser| Guest 933|0|102|{"blockChallenges"...c|[Gen 1] Custom Game,c' [8617 bytes]
DEBUG:websockets.client:< TEXT '|challstr|4|be8640f13bc10a4271eb1e7b68e491a8203...7115b904ef2da6f4c36c7ef' [268 bytes]
DEBUG:websockets.client:> TEXT '|/trn BC3,0,' [12 bytes]
DEBUG:websockets.client:< TEXT '|updatesearch|{"searching":[],"games":null}' [43 bytes]
DEBUG:websockets.client:< TEXT '|updateuser| BC3|1|169|{"blockChallenges":false...:false,"language":null}' [346 bytes]
DEBUG:websockets.client:< TEXT '|updatesearch|{"searching":[],"games":null}' [43 bytes]
DEBUG:websockets.client:= connection is CONNECTING
DEBUG:websockets.client:> GET /showdown/websocket HTTP/1.1
DEBUG:websockets.client:> Host: localhost:8000
DEBUG:websockets.client:> Upgrade: websocket
DEBUG:websockets.client:> Connection: Upgrade
DEBUG:websockets.client:> Sec-WebSocket-Key: 1qsKdSYYbzLmTPU0NXQ0cg==
DEBUG:websockets.client:> Sec-WebSocket-Version: 13
DEBUG:websockets.client:> Sec-WebSocket-Extensions: permessage-deflate; client_max_window_bits
DEBUG:websockets.client:> User-Agent: Python/3.12 websockets/16.0
DEBUG:websockets.client:< HTTP/1.1 101 Switching Protocols
DEBUG:websockets.client:< Upgrade: websocket
DEBUG:websockets.client:< Connection: Upgrade
DEBUG:websockets.client:< Sec-WebSocket-Accept: 4Dog4WhxL4p/NpXnK5ykpqHrgbI=
DEBUG:websockets.client:= connection is OPEN
DEBUG:websockets.client:< TEXT '|updateuser| Guest 934|0|2|{"blockChallenges":f...c|[Gen 1] Custom Game,c' [8615 bytes]
DEBUG:websockets.client:< TEXT '|challstr|4|134ad5d555af3e91b043d0495b60e61691a...51c954ffb4f2844bf7c3fc4' [268 bytes]
DEBUG:websockets.client:> TEXT '|/trn OPheur3,0,' [16 bytes]
DEBUG:websockets.client:< TEXT '|updatesearch|{"searching":[],"games":null}' [43 bytes]
DEBUG:websockets.client:< TEXT '|updateuser| OPheur3|1|2|{"blockChallenges":fal...:false,"language":null}' [348 bytes]
DEBUG:websockets.client:> TEXT '|/utm Sneasler||whiteherb|unburden|fakeout,dire...Naive|32,2,,,,32||||50|' [550 bytes]
DEBUG:websockets.client:> TEXT '|/challenge opheur3, gen9championsvgc2026regma' [46 bytes]
DEBUG:websockets.client:< TEXT '|pm| BC3| OPheur3|/challenge gen9championsvgc20...hampionsvgc2026regma|||' [83 bytes]
DEBUG:websockets.client:< TEXT '|pm| BC3| OPheur3|/challenge gen9championsvgc20...hampionsvgc2026regma|||' [83 bytes]
DEBUG:websockets.client:< TEXT '|pm| BC3| OPheur3|/log BC3 wants to battle!' [43 bytes]
DEBUG:websockets.client:< TEXT '|pm| BC3| OPheur3|/log BC3 wants to battle!' [43 bytes]
DEBUG:websockets.client:> TEXT '|/utm Sneasler||whiteherb|unburden|fakeout,dire...Naive|32,2,,,,32||||50|' [550 bytes]
DEBUG:websockets.client:> TEXT '|/accept bc3' [12 bytes]
DEBUG:websockets.client:< TEXT '|pm| OPheur3| BC3|/challenge' [28 bytes]
DEBUG:websockets.client:< TEXT '|pm| OPheur3| BC3|/challenge' [28 bytes]
DEBUG:websockets.client:< TEXT '|updatesearch|{"searching":[],"games":null}' [43 bytes]
DEBUG:websockets.client:< TEXT '|updatesearch|{"searching":[],"games":null}' [43 bytes]
DEBUG:websockets.client:< TEXT '|updatesearch|{"searching":[],"games":{"battle-... 2026 Reg M-A Battle"}}' [124 bytes]
DEBUG:websockets.client:< TEXT '|updatesearch|{"searching":[],"games":{"battle-... 2026 Reg M-A Battle"}}' [124 bytes]
DEBUG:websockets.client:< TEXT '|updatesearch|{"searching":[],"games":{"battle-... 2026 Reg M-A Battle"}}' [124 bytes]
DEBUG:websockets.client:< TEXT '|updatesearch|{"searching":[],"games":{"battle-... 2026 Reg M-A Battle"}}' [124 bytes]
DEBUG:websockets.client:< TEXT '>battle-gen9championsvgc2026regma-1518\n|init|b... vs. OPheur3\n|j|\u2606BC3\n' [85 bytes]
DEBUG:websockets.client:< TEXT '>battle-gen9championsvgc2026regma-1518\n|init|b...n|j|\u2606BC3\n|j|\u2606OPheur3\n' [99 bytes]
DEBUG:websockets.client:< TEXT '>battle-gen9championsvgc2026regma-1518\n|j|\u2606OPheur3' [52 bytes]
DEBUG:websockets.client:< TEXT '|pm| OPheur3| BC3|/nonotify OPheur3 accepted th...26regma-1518</a>&raquo;' [173 bytes]
DEBUG:websockets.client:< TEXT '|pm| OPheur3| BC3|/nonotify OPheur3 accepted th...26regma-1518</a>&raquo;' [173 bytes]
DEBUG:websockets.client:> TEXT 'battle-gen9championsvgc2026regma-1518|/rejectopenteamsheets' [59 bytes]
DEBUG:websockets.client:> TEXT 'battle-gen9championsvgc2026regma-1518|/rejectopenteamsheets' [59 bytes]
DEBUG:websockets.client:< TEXT '>battle-gen9championsvgc2026regma-1518\n|t:|1781641914\n|gametype|doubles' [71 bytes]
DEBUG:websockets.client:< TEXT '>battle-gen9championsvgc2026regma-1518\n|t:|1781641914\n|gametype|doubles' [71 bytes]
DEBUG:websockets.client:> TEXT '|/utm Sneasler||whiteherb|unburden|fakeout,dire...Naive|32,2,,,,32||||50|' [550 bytes]
DEBUG:websockets.client:> TEXT '|/challenge opheur3, gen9championsvgc2026regma' [46 bytes]
DEBUG:websockets.client:< TEXT '>battle-gen9championsvgc2026regma-1518\n|player|p1|BC3|169|' [58 bytes]
DEBUG:websockets.client:< TEXT '>battle-gen9championsvgc2026regma-1518\n|uhtmlchange|otsrequest|' [63 bytes]
DEBUG:websockets.client:< TEXT '>battle-gen9championsvgc2026regma-1518\n|player|p1|BC3|169|' [58 bytes]
DEBUG:websockets.client:< TEXT '>battle-gen9championsvgc2026regma-1518\n|uhtmlchange|otsrequest|' [63 bytes]
DEBUG:websockets.client:< TEXT '>battle-gen9championsvgc2026regma-1518\nBC3 rejected open team sheets.' [69 bytes]
DEBUG:websockets.client:< TEXT '>battle-gen9championsvgc2026regma-1518\nBC3 rejected open team sheets.' [69 bytes]
DEBUG:websockets.client:< TEXT '>battle-gen9championsvgc2026regma-1518\n|uhtmlchange|otsrequest|' [63 bytes]
DEBUG:websockets.client:< TEXT '>battle-gen9championsvgc2026regma-1518\nOPheur3...ected open team sheets.' [73 bytes]
DEBUG:websockets.client:< TEXT '>battle-gen9championsvgc2026regma-1518\n|uhtmlchange|otsrequest|' [63 bytes]
DEBUG:websockets.client:< TEXT '>battle-gen9championsvgc2026regma-1518\nOPheur3...ected open team sheets.' [73 bytes]
DEBUG:websockets.client:< TEXT '>battle-gen9championsvgc2026regma-1518\n|player...heets</strong></button>' [855 bytes]
DEBUG:websockets.client:< TEXT '>battle-gen9championsvgc2026regma-1518\n|reques...ing":false}]},"rqid":2}' [2093 bytes]
DEBUG:websockets.client:< TEXT '>battle-gen9championsvgc2026regma-1518\n|player...heets</strong></button>' [855 bytes]
DEBUG:websockets.client:< TEXT '>battle-gen9championsvgc2026regma-1518\n|reques...ing":false}]},"rqid":3}' [2097 bytes]
INFO:player:Team-preview [battle-gen9championsvgc2026regma-1518] NET drove: bring=['whimsicott', 'zoroarkhisui', 'ditto', 'charizardmegay'] leads=['whimsicott', 'zoroarkhisui'] (vs opp ['sneasler', 'charizard', 'whimsicott', 'basculegion', 'zoroarkhisui', 'ditto'])
INFO:vgc_base:Teampreview [battle-gen9championsvgc2026regma-1518] \u2192 /team 3562  (whimsicott, zoroarkhisui, ditto, charizardmegay)
DEBUG:websockets.client:> TEXT 'battle-gen9championsvgc2026regma-1518|/team 3562' [48 bytes]
DEBUG:vgc_base:Teampreview: first-4 roster order \u2192 ['sneasler', 'charizardmegay', 'whimsicott', 'basculegion']
INFO:vgc_base:Teampreview [battle-gen9championsvgc2026regma-1518] \u2192 /team 1234  (sneasler, charizardmegay, whimsicott, basculegion)
DEBUG:websockets.client:> TEXT 'battle-gen9championsvgc2026regma-1518|/team 1234' [48 bytes]
DEBUG:websockets.client:< TEXT '|pm| BC3| OPheur3|/challenge gen9championsvgc20...hampionsvgc2026regma|||' [83 bytes]
DEBUG:websockets.client:< TEXT '|pm| BC3| OPheur3|/challenge gen9championsvgc20...hampionsvgc2026regma|||' [83 bytes]
DEBUG:websockets.client:< TEXT '|pm| BC3| OPheur3|/log BC3 wants to battle!' [43 bytes]
DEBUG:websockets.client:< TEXT '|pm| BC3| OPheur3|/log BC3 wants to battle!' [43 bytes]
DEBUG:websockets.client:> TEXT '|/utm Sneasler||whiteherb|unburden|fakeout,dire...Naive|32,2,,,,32||||50|' [550 bytes]
DEBUG:websockets.client:> TEXT '|/accept bc3' [12 bytes]
DEBUG:websockets.client:< TEXT '>battle-gen9championsvgc2026regma-1518\n|\n|t:|...L50, M|100/100\n|turn|1' [321 bytes]
DEBUG:websockets.client:< TEXT '>battle-gen9championsvgc2026regma-1518\n|\n|t:|...L50, M|168/168\n|turn|1' [321 bytes]
DEBUG:websockets.client:< TEXT '>battle-gen9championsvgc2026regma-1518\n|reques...ing":false}]},"rqid":4}' [2167 bytes]
DEBUG:websockets.client:< TEXT '>battle-gen9championsvgc2026regma-1518\n|reques...ing":false}]},"rqid":5}' [2236 bytes]
INFO:player:Turn 1 [battle-gen9championsvgc2026regma-1518] value head win-prob: 0.351  (losing)
DEBUG:live_vgc_base:Turn 1 [battle-gen9championsvgc2026regma-1518] a0=0 a1=9 src=model opp_splice=on
DEBUG:websockets.client:> TEXT 'battle-gen9championsvgc2026regma-1518|/choose move encore 1, move icywind' [73 bytes]
DEBUG:vgc_base:Turn 1 [battle-gen9championsvgc2026regma-1518] a0=3 a1=0 src=heuristic g0=0 g1=0
DEBUG:websockets.client:> TEXT 'battle-gen9championsvgc2026regma-1518|/choose m...reclaw 1, move heatwave' [76 bytes]
DEBUG:websockets.client:< TEXT '|pm| OPheur3| BC3|/challenge' [28 bytes]
DEBUG:websockets.client:< TEXT '|pm| OPheur3| BC3|/challenge' [28 bytes]
DEBUG:websockets.client:< TEXT '|updatesearch|{"searching":[],"games":{"battle-... 2026 Reg M-A Battle"}}' [124 bytes]
DEBUG:websockets.client:< TEXT '|updatesearch|{"searching":[],"games":{"battle-... 2026 Reg M-A Battle"}}' [208 bytes]
DEBUG:websockets.client:< TEXT '|updatesearch|{"searching":[],"games":{"battle-... 2026 Reg M-A Battle"}}' [208 bytes]
DEBUG:websockets.client:< TEXT '>battle-gen9championsvgc2026regma-1519\n|init|b...n|j|\u2606BC3\n|j|\u2606OPheur3\n' [99 bytes]
DEBUG:websockets.client:< TEXT '|pm| OPheur3| BC3|/nonotify OPheur3 accepted th...26regma-1519</a>&raquo;' [173 bytes]
DEBUG:websockets.client:< TEXT '>battle-gen9championsvgc2026regma-1519\n|t:|1781641914\n|gametype|doubles' [71 bytes]
DEBUG:websockets.client:< TEXT '>battle-gen9championsvgc2026regma-1519\n|player|p1|BC3|169|' [58 bytes]
DEBUG:websockets.client:< TEXT '>battle-gen9championsvgc2026regma-1519\n|player...heets</strong></button>' [855 bytes]
DEBUG:websockets.client:< TEXT '>battle-gen9championsvgc2026regma-1519\n|reques...ing":false}]},"rqid":3}' [2097 bytes]
DEBUG:websockets.client:< TEXT '|updatesearch|{"searching":[],"games":{"battle-... 2026 Reg M-A Battle"}}' [124 bytes]
DEBUG:websockets.client:< TEXT '|updatesearch|{"searching":[],"games":{"battle-... 2026 Reg M-A Battle"}}' [208 bytes]
DEBUG:websockets.client:< TEXT '|updatesearch|{"searching":[],"games":{"battle-... 2026 Reg M-A Battle"}}' [208 bytes]
DEBUG:websockets.client:< TEXT '>battle-gen9championsvgc2026regma-1519\n|init|b... vs. OPheur3\n|j|\u2606BC3\n' [85 bytes]
DEBUG:websockets.client:< TEXT '>battle-gen9championsvgc2026regma-1519\n|j|\u2606OPheur3' [52 bytes]
DEBUG:websockets.client:< TEXT '|pm| OPheur3| BC3|/nonotify OPheur3 accepted th...26regma-1519</a>&raquo;' [173 bytes]
DEBUG:websockets.client:< TEXT '>battle-gen9championsvgc2026regma-1519\n|t:|1781641914\n|gametype|doubles' [71 bytes]
DEBUG:websockets.client:< TEXT '>battle-gen9championsvgc2026regma-1519\n|player|p1|BC3|169|' [58 bytes]
DEBUG:websockets.client:< TEXT '>battle-gen9championsvgc2026regma-1519\n|player...heets</strong></button>' [855 bytes]
DEBUG:websockets.client:< TEXT '>battle-gen9championsvgc2026regma-1519\n|reques...ing":false}]},"rqid":2}' [2093 bytes]
DEBUG:websockets.client:< TEXT '>battle-gen9championsvgc2026regma-1518\n|\n|t:|...: Charizard\n|\n|upkeep' [614 bytes]
DEBUG:websockets.client:< TEXT '>battle-gen9championsvgc2026regma-1518\n|\n|t:|...: Charizard\n|\n|upkeep' [616 bytes]
DEBUG:websockets.client:< TEXT '>battle-gen9championsvgc2026regma-1518\n|reques...oCancel":true,"rqid":6}' [1421 bytes]
DEBUG:websockets.client:< TEXT '>battle-gen9championsvgc2026regma-1518\n|reques...ing":false}]},"rqid":7}' [1453 bytes]
DEBUG:live_vgc_base:forceSwitch forced_switch_model [battle-gen9championsvgc2026regma-1518] turn 1 a0=13 a1=None opp_splice=on
DEBUG:websockets.client:> TEXT 'battle-gen9championsvgc2026regma-1518|/choose switch Ditto, pass' [64 bytes]
DEBUG:websockets.client:< TEXT '>battle-gen9championsvgc2026regma-1518\n|\n|t:|...lity: Imposter\n|turn|2' [164 bytes]
DEBUG:websockets.client:< TEXT '>battle-gen9championsvgc2026regma-1518\n|\n|t:|...lity: Imposter\n|turn|2' [164 bytes]
DEBUG:websockets.client:< TEXT '>battle-gen9championsvgc2026regma-1518\n|reques...ing":false}]},"rqid":8}' [2199 bytes]
DEBUG:websockets.client:< TEXT '>battle-gen9championsvgc2026regma-1518\n|reques...ing":false}]},"rqid":9}' [2226 bytes]
INFO:player:Turn 2 [battle-gen9championsvgc2026regma-1518] value head win-prob: 0.355  (losing)
DEBUG:live_vgc_base:Turn 2 [battle-gen9championsvgc2026regma-1518] a0=0 a1=9 src=model opp_splice=on
DEBUG:websockets.client:> TEXT 'battle-gen9championsvgc2026regma-1518|/choose move heatwave, move icywind' [73 bytes]
DEBUG:vgc_base:Turn 2 [battle-gen9championsvgc2026regma-1518] a0=3 a1=0 src=heuristic g0=0 g1=0
DEBUG:websockets.client:> TEXT 'battle-gen9championsvgc2026regma-1518|/choose m...reclaw 1, move heatwave' [76 bytes]
DEBUG:websockets.client:< TEXT '>battle-gen9championsvgc2026regma-1518\n|\n|t:|...on\n|\n|upkeep\n|turn|3' [685 bytes]
DEBUG:websockets.client:< TEXT '>battle-gen9championsvgc2026regma-1518\n|\n|t:|...on\n|\n|upkeep\n|turn|3' [687 bytes]
DEBUG:websockets.client:< TEXT '>battle-gen9championsvgc2026regma-1518\n|reques...ng":false}]},"rqid":10}' [2198 bytes]
DEBUG:websockets.client:< TEXT '>battle-gen9championsvgc2026regma-1518\n|reques...ng":false}]},"rqid":11}' [2225 bytes]
DEBUG:vgc_base:Turn 3 [battle-gen9championsvgc2026regma-1518] a0=3 a1=10 src=heuristic g0=0 g1=0
DEBUG:websockets.client:> TEXT 'battle-gen9championsvgc2026regma-1518|/choose m...law 1, move solarbeam 2' [79 bytes]
INFO:player:Turn 3 [battle-gen9championsvgc2026regma-1518] value head win-prob: 0.293  (losing)
DEBUG:live_vgc_base:Turn 3 [battle-gen9championsvgc2026regma-1518] a0=0 a1=9 src=model opp_splice=on
DEBUG:websockets.client:> TEXT 'battle-gen9championsvgc2026regma-1518|/choose move heatwave, move icywind' [73 bytes]
DEBUG:websockets.client:< TEXT '>battle-gen9championsvgc2026regma-1518\n|\n|t:|...|Solar Beam\n|\n|upkeep' [377 bytes]
DEBUG:websockets.client:< TEXT '>battle-gen9championsvgc2026regma-1518\n|\n|t:|...|Solar Beam\n|\n|upkeep' [377 bytes]
DEBUG:websockets.client:< TEXT '>battle-gen9championsvgc2026regma-1518\n|reques...Cancel":true,"rqid":12}' [1419 bytes]
DEBUG:websockets.client:< TEXT '>battle-gen9championsvgc2026regma-1518\n|reques...ng":false}]},"rqid":13}' [1451 bytes]
DEBUG:live_vgc_base:forceSwitch forced_switch_model [battle-gen9championsvgc2026regma-1518] turn 3 a0=12 a1=None opp_splice=on
DEBUG:websockets.client:> TEXT 'battle-gen9championsvgc2026regma-1518|/choose switch Charizard, pass' [68 bytes]
DEBUG:websockets.client:< TEXT '>battle-gen9championsvgc2026regma-1518\n|\n|t:|...L50, M|168/168\n|turn|4' [112 bytes]
DEBUG:websockets.client:< TEXT '>battle-gen9championsvgc2026regma-1518\n|\n|t:|...L50, M|100/100\n|turn|4' [112 bytes]
DEBUG:websockets.client:< TEXT '>battle-gen9championsvgc2026regma-1518\n|reques...ng":false}]},"rqid":14}' [2184 bytes]
DEBUG:websockets.client:< TEXT '>battle-gen9championsvgc2026regma-1518\n|reques...ng":false}]},"rqid":15}' [1886 bytes]
INFO:player:Turn 4 [battle-gen9championsvgc2026regma-1518] value head win-prob: 0.232  (losing)
DEBUG:live_vgc_base:Turn 4 [battle-gen9championsvgc2026regma-1518] a0=0 a1=0 src=model opp_splice=on
DEBUG:websockets.client:> TEXT 'battle-gen9championsvgc2026regma-1518|/choose m...e mega, move hypervoice' [81 bytes]
DEBUG:vgc_base:Turn 4 [battle-gen9championsvgc2026regma-1518] a0=3 a1=10 src=heuristic g0=0 g1=0
DEBUG:websockets.client:> TEXT 'battle-gen9championsvgc2026regma-1518|/choose m...law 1, move solarbeam 2' [79 bytes]
DEBUG:websockets.client:< TEXT '>battle-gen9championsvgc2026regma-1518\n|\n|t:|...p2b: Charizard\n|upkeep' [741 bytes]
DEBUG:websockets.client:< TEXT '>battle-gen9championsvgc2026regma-1518\n|\n|t:|...p2b: Charizard\n|upkeep' [742 bytes]
DEBUG:websockets.client:< TEXT '>battle-gen9championsvgc2026regma-1518\n|reques...ng":false}]},"rqid":16}' [1392 bytes]
DEBUG:websockets.client:< TEXT '>battle-gen9championsvgc2026regma-1518\n|reques...Cancel":true,"rqid":17}' [1480 bytes]
DEBUG:vgc_base:forceSwitch [battle-gen9championsvgc2026regma-1518] force=[True, True] \u2192 /choose switch Basculegion / /choose switch Whimsicott
DEBUG:websockets.client:> TEXT 'battle-gen9championsvgc2026regma-1518|/choose s...gion, switch Whimsicott' [83 bytes]
DEBUG:websockets.client:< TEXT '>battle-gen9championsvgc2026regma-1518\n|\n|t:|...L50, M|100/100\n|turn|5' [167 bytes]
DEBUG:websockets.client:< TEXT '>battle-gen9championsvgc2026regma-1518\n|\n|t:|...L50, M|137/137\n|turn|5' [167 bytes]
DEBUG:websockets.client:< TEXT '>battle-gen9championsvgc2026regma-1518\n|reques...ng":false}]},"rqid":18}' [2170 bytes]
DEBUG:websockets.client:< TEXT '>battle-gen9championsvgc2026regma-1518\n|reques...ng":false}]},"rqid":19}' [2211 bytes]
DEBUG:vgc_base:Turn 5 [battle-gen9championsvgc2026regma-1518] a0=3 a1=6 src=heuristic g0=0 g1=0
DEBUG:websockets.client:> TEXT 'battle-gen9championsvgc2026regma-1518|/choose m...ash 1, move moonblast 1' [80 bytes]
INFO:player:Turn 5 [battle-gen9championsvgc2026regma-1518] value head win-prob: 0.002  (losing)
DEBUG:live_vgc_base:Turn 5 [battle-gen9championsvgc2026regma-1518] a0=0 a1=0 src=model opp_splice=on
DEBUG:vgc_base:_safe_order: action 0 slot 1 \u2192 None, scanning legal actions.
DEBUG:vgc_base:_safe_order: slot 1 has no decodable legal action — sending Pass.
DEBUG:websockets.client:> TEXT 'battle-gen9championsvgc2026regma-1518|/choose move heatwave, pass' [65 bytes]
DEBUG:websockets.client:< TEXT '>battle-gen9championsvgc2026regma-1518\n|\n|t:|...Recoil\n|\n|win|OPheur3' [387 bytes]
DEBUG:websockets.client:< TEXT '>battle-gen9championsvgc2026regma-1518\n|\n|t:|...Recoil\n|\n|win|OPheur3' [388 bytes]
INFO:vgc_base:Battle battle-gen9championsvgc2026regma-1518 finished — outcome: LOSS  (W/L/D so far: 0/1/0)
DEBUG:websockets.client:> TEXT '|/leave battle-gen9championsvgc2026regma-1518' [45 bytes]
DEBUG:websockets.client:< TEXT '|updatesearch|{"searching":[],"games":{"battle-... 2026 Reg M-A Battle"}}' [124 bytes]
DEBUG:websockets.client:< TEXT '|updatesearch|{"searching":[],"games":{"battle-... 2026 Reg M-A Battle"}}' [124 bytes]
DEBUG:websockets.client:> TEXT 'battle-gen9championsvgc2026regma-1519|/rejectopenteamsheets' [59 bytes]
INFO:vgc_base:Battle battle-gen9championsvgc2026regma-1518 finished — outcome: WIN  (W/L/D so far: 1/0/0)
DEBUG:websockets.client:> TEXT '|/leave battle-gen9championsvgc2026regma-1518' [45 bytes]
DEBUG:websockets.client:> TEXT '|/utm Sneasler||whiteherb|unburden|fakeout,dire...Naive|32,2,,,,32||||50|' [550 bytes]
DEBUG:websockets.client:> TEXT '|/challenge opheur3, gen9championsvgc2026regma' [46 bytes]
DEBUG:websockets.client:> TEXT 'battle-gen9championsvgc2026regma-1519|/rejectopenteamsheets' [59 bytes]
DEBUG:websockets.client:< TEXT '>battle-gen9championsvgc2026regma-1518\n|deinit' [46 bytes]
DEBUG:websockets.client:< TEXT '>battle-gen9championsvgc2026regma-1518\n|l|\u2606BC3' [48 bytes]
DEBUG:websockets.client:< TEXT '>battle-gen9championsvgc2026regma-1519\n|uhtmlchange|otsrequest|' [63 bytes]
DEBUG:websockets.client:< TEXT '>battle-gen9championsvgc2026regma-1519\nBC3 rejected open team sheets.' [69 bytes]
DEBUG:websockets.client:< TEXT '>battle-gen9championsvgc2026regma-1519\n|uhtmlchange|otsrequest|' [63 bytes]
DEBUG:websockets.client:< TEXT '>battle-gen9championsvgc2026regma-1519\nBC3 rejected open team sheets.' [69 bytes]
DEBUG:websockets.client:< TEXT '>battle-gen9championsvgc2026regma-1518\n|deinit' [46 bytes]
DEBUG:websockets.client:< TEXT '>battle-gen9championsvgc2026regma-1519\n|uhtmlchange|otsrequest|' [63 bytes]
DEBUG:websockets.client:< TEXT '>battle-gen9championsvgc2026regma-1519\n|uhtmlchange|otsrequest|' [63 bytes]
DEBUG:websockets.client:< TEXT '>battle-gen9championsvgc2026regma-1519\nOPheur3...ected open team sheets.' [73 bytes]
DEBUG:websockets.client:< TEXT '>battle-gen9championsvgc2026regma-1519\nOPheur3...ected open team sheets.' [73 bytes]
INFO:player:Team-preview [battle-gen9championsvgc2026regma-1519] NET drove: bring=['whimsicott', 'zoroarkhisui', 'ditto', 'charizardmegay'] leads=['whimsicott', 'zoroarkhisui'] (vs opp ['sneasler', 'charizard', 'whimsicott', 'basculegion', 'zoroarkhisui', 'ditto'])
INFO:vgc_base:Teampreview [battle-gen9championsvgc2026regma-1519] \u2192 /team 3562  (whimsicott, zoroarkhisui, ditto, charizardmegay)
DEBUG:websockets.client:> TEXT 'battle-gen9championsvgc2026regma-1519|/team 3562' [48 bytes]
DEBUG:vgc_base:Teampreview: first-4 roster order \u2192 ['sneasler', 'charizardmegay', 'whimsicott', 'basculegion']
INFO:vgc_base:Teampreview [battle-gen9championsvgc2026regma-1519] \u2192 /team 1234  (sneasler, charizardmegay, whimsicott, basculegion)
DEBUG:websockets.client:> TEXT 'battle-gen9championsvgc2026regma-1519|/team 1234' [48 bytes]
DEBUG:websockets.client:< TEXT '|pm| BC3| OPheur3|/challenge gen9championsvgc20...hampionsvgc2026regma|||' [83 bytes]
DEBUG:websockets.client:< TEXT '|pm| BC3| OPheur3|/challenge gen9championsvgc20...hampionsvgc2026regma|||' [83 bytes]
DEBUG:websockets.client:< TEXT '|pm| BC3| OPheur3|/log BC3 wants to battle!' [43 bytes]
DEBUG:websockets.client:< TEXT '|pm| BC3| OPheur3|/log BC3 wants to battle!' [43 bytes]
DEBUG:websockets.client:> TEXT '|/utm Sneasler||whiteherb|unburden|fakeout,dire...Naive|32,2,,,,32||||50|' [550 bytes]
DEBUG:websockets.client:> TEXT '|/accept bc3' [12 bytes]
DEBUG:websockets.client:< TEXT '>battle-gen9championsvgc2026regma-1519\n|\n|t:|...L50, F|100/100\n|turn|1' [321 bytes]
DEBUG:websockets.client:< TEXT '>battle-gen9championsvgc2026regma-1519\n|\n|t:|...L50, F|168/168\n|turn|1' [321 bytes]
DEBUG:websockets.client:< TEXT '>battle-gen9championsvgc2026regma-1519\n|reques...ing":false}]},"rqid":5}' [2236 bytes]
DEBUG:websockets.client:< TEXT '>battle-gen9championsvgc2026regma-1519\n|reques...ing":false}]},"rqid":4}' [2167 bytes]
DEBUG:vgc_base:Turn 1 [battle-gen9championsvgc2026regma-1519] a0=3 a1=0 src=heuristic g0=0 g1=0
DEBUG:websockets.client:> TEXT 'battle-gen9championsvgc2026regma-1519|/choose m...reclaw 1, move heatwave' [76 bytes]
INFO:player:Turn 1 [battle-gen9championsvgc2026regma-1519] value head win-prob: 0.351  (losing)
DEBUG:live_vgc_base:Turn 1 [battle-gen9championsvgc2026regma-1519] a0=0 a1=9 src=model opp_splice=on
DEBUG:websockets.client:> TEXT 'battle-gen9championsvgc2026regma-1519|/choose move encore 1, move icywind' [73 bytes]
DEBUG:websockets.client:< TEXT '|pm| OPheur3| BC3|/challenge' [28 bytes]
DEBUG:websockets.client:< TEXT '|pm| OPheur3| BC3|/challenge' [28 bytes]
DEBUG:websockets.client:< TEXT '|updatesearch|{"searching":[],"games":{"battle-... 2026 Reg M-A Battle"}}' [124 bytes]
DEBUG:websockets.client:< TEXT '|updatesearch|{"searching":[],"games":{"battle-... 2026 Reg M-A Battle"}}' [208 bytes]
DEBUG:websockets.client:< TEXT '|updatesearch|{"searching":[],"games":{"battle-... 2026 Reg M-A Battle"}}' [208 bytes]
DEBUG:websockets.client:< TEXT '>battle-gen9championsvgc2026regma-1520\n|init|b...n|j|\u2606BC3\n|j|\u2606OPheur3\n' [99 bytes]
DEBUG:websockets.client:< TEXT '|pm| OPheur3| BC3|/nonotify OPheur3 accepted th...26regma-1520</a>&raquo;' [173 bytes]
DEBUG:websockets.client:< TEXT '>battle-gen9championsvgc2026regma-1520\n|t:|1781641914\n|gametype|doubles' [71 bytes]
DEBUG:websockets.client:< TEXT '>battle-gen9championsvgc2026regma-1520\n|player|p1|BC3|169|' [58 bytes]
DEBUG:websockets.client:< TEXT '>battle-gen9championsvgc2026regma-1520\n|player...heets</strong></button>' [855 bytes]
DEBUG:websockets.client:< TEXT '>battle-gen9championsvgc2026regma-1520\n|reques...ing":false}]},"rqid":3}' [2097 bytes]
DEBUG:websockets.client:< TEXT '|updatesearch|{"searching":[],"games":{"battle-... 2026 Reg M-A Battle"}}' [124 bytes]
DEBUG:websockets.client:< TEXT '|updatesearch|{"searching":[],"games":{"battle-... 2026 Reg M-A Battle"}}' [208 bytes]
DEBUG:websockets.client:< TEXT '|updatesearch|{"searching":[],"games":{"battle-... 2026 Reg M-A Battle"}}' [208 bytes]
DEBUG:websockets.client:< TEXT '>battle-gen9championsvgc2026regma-1520\n|init|b... vs. OPheur3\n|j|\u2606BC3\n' [85 bytes]
DEBUG:websockets.client:< TEXT '>battle-gen9championsvgc2026regma-1520\n|j|\u2606OPheur3' [52 bytes]
DEBUG:websockets.client:< TEXT '|pm| OPheur3| BC3|/nonotify OPheur3 accepted th...26regma-1520</a>&raquo;' [173 bytes]
DEBUG:websockets.client:< TEXT '>battle-gen9championsvgc2026regma-1520\n|t:|1781641914\n|gametype|doubles' [71 bytes]
DEBUG:websockets.client:< TEXT '>battle-gen9championsvgc2026regma-1520\n|player|p1|BC3|169|' [58 bytes]
DEBUG:websockets.client:< TEXT '>battle-gen9championsvgc2026regma-1520\n|player...heets</strong></button>' [855 bytes]
DEBUG:websockets.client:< TEXT '>battle-gen9championsvgc2026regma-1520\n|reques...ing":false}]},"rqid":2}' [2093 bytes]
DEBUG:websockets.client:< TEXT '>battle-gen9championsvgc2026regma-1519\n|\n|t:|...rk|Illusion\n|\n|upkeep' [673 bytes]
DEBUG:websockets.client:< TEXT '>battle-gen9championsvgc2026regma-1519\n|\n|t:|...rk|Illusion\n|\n|upkeep' [675 bytes]
DEBUG:websockets.client:< TEXT '>battle-gen9championsvgc2026regma-1519\n|reques...oCancel":true,"rqid":6}' [1420 bytes]
DEBUG:websockets.client:< TEXT '>battle-gen9championsvgc2026regma-1519\n|reques...ing":false}]},"rqid":7}' [1453 bytes]
DEBUG:live_vgc_base:forceSwitch forced_switch_model [battle-gen9championsvgc2026regma-1519] turn 1 a0=13 a1=None opp_splice=on
DEBUG:websockets.client:> TEXT 'battle-gen9championsvgc2026regma-1519|/choose switch Ditto, pass' [64 bytes]
DEBUG:websockets.client:< TEXT '>battle-gen9championsvgc2026regma-1519\n|\n|t:|...lity: Imposter\n|turn|2' [164 bytes]
DEBUG:websockets.client:< TEXT '>battle-gen9championsvgc2026regma-1519\n|\n|t:|...lity: Imposter\n|turn|2' [164 bytes]
DEBUG:websockets.client:< TEXT '>battle-gen9championsvgc2026regma-1519\n|reques...ing":false}]},"rqid":8}' [2198 bytes]
DEBUG:websockets.client:< TEXT '>battle-gen9championsvgc2026regma-1519\n|reques...ing":false}]},"rqid":9}' [2226 bytes]
DEBUG:vgc_base:Turn 2 [battle-gen9championsvgc2026regma-1519] a0=3 a1=10 src=heuristic g0=0 g1=0
DEBUG:websockets.client:> TEXT 'battle-gen9championsvgc2026regma-1519|/choose m...law 1, move solarbeam 2' [79 bytes]
INFO:player:Turn 2 [battle-gen9championsvgc2026regma-1519] value head win-prob: 0.188  (losing)
DEBUG:live_vgc_base:Turn 2 [battle-gen9championsvgc2026regma-1519] a0=0 a1=9 src=model opp_splice=on
DEBUG:websockets.client:> TEXT 'battle-gen9championsvgc2026regma-1519|/choose move heatwave, move icywind' [73 bytes]
DEBUG:websockets.client:< TEXT '>battle-gen9championsvgc2026regma-1519\n|\n|t:|...am\n|\n|upkeep\n|turn|3' [547 bytes]
DEBUG:websockets.client:< TEXT '>battle-gen9championsvgc2026regma-1519\n|\n|t:|...am\n|\n|upkeep\n|turn|3' [548 bytes]
DEBUG:websockets.client:< TEXT '>battle-gen9championsvgc2026regma-1519\n|reques...ng":false}]},"rqid":10}' [2198 bytes]
DEBUG:websockets.client:< TEXT '>battle-gen9championsvgc2026regma-1519\n|reques...ng":false}]},"rqid":11}' [1887 bytes]
DEBUG:vgc_base:Turn 3 [battle-gen9championsvgc2026regma-1519] a0=3 a1=10 src=heuristic g0=0 g1=0
DEBUG:websockets.client:> TEXT 'battle-gen9championsvgc2026regma-1519|/choose m...law 1, move solarbeam 2' [79 bytes]
INFO:player:Turn 3 [battle-gen9championsvgc2026regma-1519] value head win-prob: 0.584  (winning)
DEBUG:live_vgc_base:Turn 3 [battle-gen9championsvgc2026regma-1519] a0=0 a1=9 src=model opp_splice=on
DEBUG:websockets.client:> TEXT 'battle-gen9championsvgc2026regma-1519|/choose move heatwave, move icywind' [73 bytes]
DEBUG:websockets.client:< TEXT '>battle-gen9championsvgc2026regma-1519\n|\n|t:|...1b: Zoroark\n|\n|upkeep' [459 bytes]
DEBUG:websockets.client:< TEXT '>battle-gen9championsvgc2026regma-1519\n|\n|t:|...1b: Zoroark\n|\n|upkeep' [459 bytes]
DEBUG:websockets.client:< TEXT '>battle-gen9championsvgc2026regma-1519\n|reques...Cancel":true,"rqid":12}' [1417 bytes]
DEBUG:websockets.client:< TEXT '>battle-gen9championsvgc2026regma-1519\n|reques...ng":false}]},"rqid":13}' [1451 bytes]
DEBUG:vgc_base:forceSwitch slot 1: no available switch — '/choose default' (handled poke-env desync).
DEBUG:vgc_base:forceSwitch DIAG [battle-gen9championsvgc2026regma-1519] turn=3 slot=1 force=[True, True] available_switches=[['charizard'], ['charizard']] team=[sneasler(act=True,fnt=False,hp=1.0), charizard(act=False,fnt=False,hp=1.0), whimsicott(act=False,fnt=True,hp=0), basculegion(act=False,fnt=False,hp=1.0), zoroarkhisui(act=True,fnt=True,hp=0), ditto(act=True,fnt=True,hp=0)]
DEBUG:websockets.client:> TEXT 'battle-gen9championsvgc2026regma-1519|/choose default' [53 bytes]
DEBUG:websockets.client:< TEXT '>battle-gen9championsvgc2026regma-1519\n|\n|t:|...L50, M|168/168\n|turn|4' [112 bytes]
DEBUG:websockets.client:< TEXT '>battle-gen9championsvgc2026regma-1519\n|\n|t:|...L50, M|100/100\n|turn|4' [112 bytes]
DEBUG:websockets.client:< TEXT '>battle-gen9championsvgc2026regma-1519\n|reques...ng":false}]},"rqid":14}' [2183 bytes]
DEBUG:websockets.client:< TEXT '>battle-gen9championsvgc2026regma-1519\n|reques...ng":false}]},"rqid":15}' [2224 bytes]
INFO:player:Turn 4 [battle-gen9championsvgc2026regma-1519] value head win-prob: 0.065  (losing)
DEBUG:live_vgc_base:Turn 4 [battle-gen9championsvgc2026regma-1519] a0=0 a1=0 src=model opp_splice=on
DEBUG:vgc_base:_safe_order: action 0 slot 1 \u2192 None, scanning legal actions.
DEBUG:vgc_base:_safe_order: slot 1 has no decodable legal action — sending Pass.
DEBUG:websockets.client:> TEXT 'battle-gen9championsvgc2026regma-1519|/choose move heatwave mega, pass' [70 bytes]
DEBUG:vgc_base:Turn 4 [battle-gen9championsvgc2026regma-1519] a0=3 a1=0 src=heuristic g0=0 g1=0
DEBUG:websockets.client:> TEXT 'battle-gen9championsvgc2026regma-1519|/choose m...reclaw 1, move heatwave' [76 bytes]
DEBUG:websockets.client:< TEXT '>battle-gen9championsvgc2026regma-1519\n|\n|t:|...nyDay|[upkeep]\n|upkeep' [527 bytes]
DEBUG:websockets.client:< TEXT '>battle-gen9championsvgc2026regma-1519\n|\n|t:|...nyDay|[upkeep]\n|upkeep' [527 bytes]
DEBUG:websockets.client:< TEXT '>battle-gen9championsvgc2026regma-1519\n|reques...ng":false}]},"rqid":16}' [1388 bytes]
DEBUG:websockets.client:< TEXT '>battle-gen9championsvgc2026regma-1519\n|reques...Cancel":true,"rqid":17}' [1480 bytes]
DEBUG:vgc_base:forceSwitch [battle-gen9championsvgc2026regma-1519] force=[True, True] \u2192 /choose switch Basculegion / /choose switch Whimsicott
DEBUG:websockets.client:> TEXT 'battle-gen9championsvgc2026regma-1519|/choose s...gion, switch Whimsicott' [83 bytes]
DEBUG:websockets.client:< TEXT '>battle-gen9championsvgc2026regma-1519\n|\n|t:|...L50, F|100/100\n|turn|5' [167 bytes]
DEBUG:websockets.client:< TEXT '>battle-gen9championsvgc2026regma-1519\n|\n|t:|...L50, F|137/137\n|turn|5' [167 bytes]
DEBUG:websockets.client:< TEXT '>battle-gen9championsvgc2026regma-1519\n|reques...ng":false}]},"rqid":18}' [2166 bytes]
DEBUG:websockets.client:< TEXT '>battle-gen9championsvgc2026regma-1519\n|reques...ng":false}]},"rqid":19}' [2211 bytes]
INFO:player:Turn 5 [battle-gen9championsvgc2026regma-1519] value head win-prob: 0.003  (losing)
DEBUG:live_vgc_base:Turn 5 [battle-gen9championsvgc2026regma-1519] a0=0 a1=0 src=model opp_splice=on
DEBUG:vgc_base:_safe_order: action 0 slot 1 \u2192 None, scanning legal actions.
DEBUG:vgc_base:_safe_order: slot 1 has no decodable legal action — sending Pass.
DEBUG:websockets.client:> TEXT 'battle-gen9championsvgc2026regma-1519|/choose move heatwave, pass' [65 bytes]
DEBUG:vgc_base:Turn 5 [battle-gen9championsvgc2026regma-1519] a0=3 a1=6 src=heuristic g0=0 g1=0
DEBUG:websockets.client:> TEXT 'battle-gen9championsvgc2026regma-1519|/choose m...ash 1, move moonblast 1' [80 bytes]
DEBUG:websockets.client:< TEXT '>battle-gen9championsvgc2026regma-1519\n|\n|t:|...Recoil\n|\n|win|OPheur3' [663 bytes]
DEBUG:websockets.client:< TEXT '>battle-gen9championsvgc2026regma-1519\n|\n|t:|...Recoil\n|\n|win|OPheur3' [665 bytes]
DEBUG:websockets.client:< TEXT '|updatesearch|{"searching":[],"games":{"battle-... 2026 Reg M-A Battle"}}' [124 bytes]
INFO:vgc_base:Battle battle-gen9championsvgc2026regma-1519 finished — outcome: LOSS  (W/L/D so far: 0/2/0)
DEBUG:websockets.client:> TEXT '|/leave battle-gen9championsvgc2026regma-1519' [45 bytes]
DEBUG:websockets.client:< TEXT '|updatesearch|{"searching":[],"games":{"battle-... 2026 Reg M-A Battle"}}' [124 bytes]
DEBUG:websockets.client:> TEXT 'battle-gen9championsvgc2026regma-1520|/rejectopenteamsheets' [59 bytes]
INFO:vgc_base:Battle battle-gen9championsvgc2026regma-1519 finished — outcome: WIN  (W/L/D so far: 2/0/0)
DEBUG:websockets.client:> TEXT '|/leave battle-gen9championsvgc2026regma-1519' [45 bytes]
DEBUG:websockets.client:> TEXT '|/utm Sneasler||whiteherb|unburden|fakeout,dire...Naive|32,2,,,,32||||50|' [550 bytes]
DEBUG:websockets.client:> TEXT '|/challenge opheur3, gen9championsvgc2026regma' [46 bytes]
DEBUG:websockets.client:> TEXT 'battle-gen9championsvgc2026regma-1520|/rejectopenteamsheets' [59 bytes]
DEBUG:websockets.client:< TEXT '>battle-gen9championsvgc2026regma-1519\n|deinit' [46 bytes]
DEBUG:websockets.client:< TEXT '>battle-gen9championsvgc2026regma-1519\n|l|\u2606BC3' [48 bytes]
DEBUG:websockets.client:< TEXT '>battle-gen9championsvgc2026regma-1520\n|uhtmlchange|otsrequest|' [63 bytes]
DEBUG:websockets.client:< TEXT '>battle-gen9championsvgc2026regma-1520\nBC3 rejected open team sheets.' [69 bytes]
DEBUG:websockets.client:< TEXT '>battle-gen9championsvgc2026regma-1520\n|uhtmlchange|otsrequest|' [63 bytes]
DEBUG:websockets.client:< TEXT '>battle-gen9championsvgc2026regma-1520\nBC3 rejected open team sheets.' [69 bytes]
DEBUG:websockets.client:< TEXT '>battle-gen9championsvgc2026regma-1519\n|deinit' [46 bytes]
DEBUG:websockets.client:< TEXT '>battle-gen9championsvgc2026regma-1520\n|uhtmlchange|otsrequest|' [63 bytes]
DEBUG:websockets.client:< TEXT '>battle-gen9championsvgc2026regma-1520\n|uhtmlchange|otsrequest|' [63 bytes]
DEBUG:websockets.client:< TEXT '>battle-gen9championsvgc2026regma-1520\nOPheur3...ected open team sheets.' [73 bytes]
DEBUG:websockets.client:< TEXT '>battle-gen9championsvgc2026regma-1520\nOPheur3...ected open team sheets.' [73 bytes]
INFO:player:Team-preview [battle-gen9championsvgc2026regma-1520] NET drove: bring=['whimsicott', 'zoroarkhisui', 'ditto', 'charizardmegay'] leads=['whimsicott', 'zoroarkhisui'] (vs opp ['sneasler', 'charizard', 'whimsicott', 'basculegion', 'zoroarkhisui', 'ditto'])
INFO:vgc_base:Teampreview [battle-gen9championsvgc2026regma-1520] \u2192 /team 3562  (whimsicott, zoroarkhisui, ditto, charizardmegay)
DEBUG:websockets.client:> TEXT 'battle-gen9championsvgc2026regma-1520|/team 3562' [48 bytes]
DEBUG:vgc_base:Teampreview: first-4 roster order \u2192 ['sneasler', 'charizardmegay', 'whimsicott', 'basculegion']
INFO:vgc_base:Teampreview [battle-gen9championsvgc2026regma-1520] \u2192 /team 1234  (sneasler, charizardmegay, whimsicott, basculegion)
DEBUG:websockets.client:> TEXT 'battle-gen9championsvgc2026regma-1520|/team 1234' [48 bytes]
DEBUG:websockets.client:< TEXT '|pm| BC3| OPheur3|/challenge gen9championsvgc20...hampionsvgc2026regma|||' [83 bytes]
DEBUG:websockets.client:< TEXT '|pm| BC3| OPheur3|/challenge gen9championsvgc20...hampionsvgc2026regma|||' [83 bytes]
DEBUG:websockets.client:< TEXT '|pm| BC3| OPheur3|/log BC3 wants to battle!' [43 bytes]
DEBUG:websockets.client:< TEXT '|pm| BC3| OPheur3|/log BC3 wants to battle!' [43 bytes]
DEBUG:websockets.client:> TEXT '|/utm Sneasler||whiteherb|unburden|fakeout,dire...Naive|32,2,,,,32||||50|' [550 bytes]
DEBUG:websockets.client:> TEXT '|/accept bc3' [12 bytes]
DEBUG:websockets.client:< TEXT '>battle-gen9championsvgc2026regma-1520\n|\n|t:|...L50, F|100/100\n|turn|1' [321 bytes]
DEBUG:websockets.client:< TEXT '>battle-gen9championsvgc2026regma-1520\n|\n|t:|...L50, F|168/168\n|turn|1' [321 bytes]
DEBUG:websockets.client:< TEXT '>battle-gen9championsvgc2026regma-1520\n|reques...ing":false}]},"rqid":4}' [2167 bytes]
DEBUG:websockets.client:< TEXT '>battle-gen9championsvgc2026regma-1520\n|reques...ing":false}]},"rqid":5}' [2236 bytes]
INFO:player:Turn 1 [battle-gen9championsvgc2026regma-1520] value head win-prob: 0.351  (losing)
DEBUG:live_vgc_base:Turn 1 [battle-gen9championsvgc2026regma-1520] a0=0 a1=9 src=model opp_splice=on
DEBUG:websockets.client:> TEXT 'battle-gen9championsvgc2026regma-1520|/choose move encore 1, move icywind' [73 bytes]
DEBUG:websockets.client:< TEXT '|pm| OPheur3| BC3|/challenge' [28 bytes]
DEBUG:websockets.client:< TEXT '|pm| OPheur3| BC3|/challenge' [28 bytes]
DEBUG:websockets.client:< TEXT '|updatesearch|{"searching":[],"games":{"battle-... 2026 Reg M-A Battle"}}' [124 bytes]
DEBUG:websockets.client:< TEXT '|updatesearch|{"searching":[],"games":{"battle-... 2026 Reg M-A Battle"}}' [208 bytes]
DEBUG:websockets.client:< TEXT '|updatesearch|{"searching":[],"games":{"battle-... 2026 Reg M-A Battle"}}' [208 bytes]
DEBUG:websockets.client:< TEXT '>battle-gen9championsvgc2026regma-1521\n|init|b...n|j|\u2606BC3\n|j|\u2606OPheur3\n' [99 bytes]
DEBUG:websockets.client:< TEXT '|pm| OPheur3| BC3|/nonotify OPheur3 accepted th...26regma-1521</a>&raquo;' [173 bytes]
DEBUG:websockets.client:< TEXT '>battle-gen9championsvgc2026regma-1521\n|t:|1781641914\n|gametype|doubles' [71 bytes]
DEBUG:websockets.client:< TEXT '>battle-gen9championsvgc2026regma-1521\n|player|p1|BC3|169|' [58 bytes]
DEBUG:websockets.client:< TEXT '>battle-gen9championsvgc2026regma-1521\n|player...heets</strong></button>' [855 bytes]
DEBUG:websockets.client:< TEXT '>battle-gen9championsvgc2026regma-1521\n|reques...ing":false}]},"rqid":3}' [2097 bytes]
DEBUG:vgc_base:Turn 1 [battle-gen9championsvgc2026regma-1520] a0=3 a1=0 src=heuristic g0=0 g1=0
DEBUG:websockets.client:> TEXT 'battle-gen9championsvgc2026regma-1520|/choose m...reclaw 1, move heatwave' [76 bytes]
DEBUG:websockets.client:< TEXT '|updatesearch|{"searching":[],"games":{"battle-... 2026 Reg M-A Battle"}}' [124 bytes]
DEBUG:websockets.client:< TEXT '|updatesearch|{"searching":[],"games":{"battle-... 2026 Reg M-A Battle"}}' [208 bytes]
DEBUG:websockets.client:< TEXT '|updatesearch|{"searching":[],"games":{"battle-... 2026 Reg M-A Battle"}}' [208 bytes]
DEBUG:websockets.client:< TEXT '>battle-gen9championsvgc2026regma-1521\n|init|b... vs. OPheur3\n|j|\u2606BC3\n' [85 bytes]
DEBUG:websockets.client:< TEXT '>battle-gen9championsvgc2026regma-1521\n|j|\u2606OPheur3' [52 bytes]
DEBUG:websockets.client:< TEXT '|pm| OPheur3| BC3|/nonotify OPheur3 accepted th...26regma-1521</a>&raquo;' [173 bytes]
DEBUG:websockets.client:< TEXT '>battle-gen9championsvgc2026regma-1521\n|t:|1781641914\n|gametype|doubles' [71 bytes]
DEBUG:websockets.client:< TEXT '>battle-gen9championsvgc2026regma-1521\n|player|p1|BC3|169|' [58 bytes]
DEBUG:websockets.client:< TEXT '>battle-gen9championsvgc2026regma-1521\n|player...heets</strong></button>' [855 bytes]
DEBUG:websockets.client:< TEXT '>battle-gen9championsvgc2026regma-1521\n|reques...ing":false}]},"rqid":2}' [2093 bytes]
DEBUG:websockets.client:< TEXT '>battle-gen9championsvgc2026regma-1520\n|\n|t:|...rk|Illusion\n|\n|upkeep' [673 bytes]
DEBUG:websockets.client:< TEXT '>battle-gen9championsvgc2026regma-1520\n|\n|t:|...rk|Illusion\n|\n|upkeep' [675 bytes]
DEBUG:websockets.client:< TEXT '>battle-gen9championsvgc2026regma-1520\n|reques...oCancel":true,"rqid":6}' [1420 bytes]
DEBUG:websockets.client:< TEXT '>battle-gen9championsvgc2026regma-1520\n|reques...ing":false}]},"rqid":7}' [1453 bytes]
DEBUG:live_vgc_base:forceSwitch forced_switch_model [battle-gen9championsvgc2026regma-1520] turn 1 a0=13 a1=None opp_splice=on
DEBUG:websockets.client:> TEXT 'battle-gen9championsvgc2026regma-1520|/choose switch Ditto, pass' [64 bytes]
DEBUG:websockets.client:< TEXT '>battle-gen9championsvgc2026regma-1520\n|\n|t:|...lity: Imposter\n|turn|2' [164 bytes]
DEBUG:websockets.client:< TEXT '>battle-gen9championsvgc2026regma-1520\n|\n|t:|...lity: Imposter\n|turn|2' [164 bytes]
DEBUG:websockets.client:< TEXT '>battle-gen9championsvgc2026regma-1520\n|reques...ing":false}]},"rqid":8}' [2198 bytes]
DEBUG:websockets.client:< TEXT '>battle-gen9championsvgc2026regma-1520\n|reques...ing":false}]},"rqid":9}' [2226 bytes]
INFO:player:Turn 2 [battle-gen9championsvgc2026regma-1520] value head win-prob: 0.191  (losing)
DEBUG:live_vgc_base:Turn 2 [battle-gen9championsvgc2026regma-1520] a0=0 a1=9 src=model opp_splice=on
DEBUG:websockets.client:> TEXT 'battle-gen9championsvgc2026regma-1520|/choose move heatwave, move icywind' [73 bytes]
DEBUG:vgc_base:Turn 2 [battle-gen9championsvgc2026regma-1520] a0=3 a1=10 src=heuristic g0=0 g1=0
DEBUG:websockets.client:> TEXT 'battle-gen9championsvgc2026regma-1520|/choose m...law 1, move solarbeam 2' [79 bytes]
DEBUG:websockets.client:< TEXT '>battle-gen9championsvgc2026regma-1520\n|\n|t:|...am\n|\n|upkeep\n|turn|3' [568 bytes]
DEBUG:websockets.client:< TEXT '>battle-gen9championsvgc2026regma-1520\n|\n|t:|...am\n|\n|upkeep\n|turn|3' [569 bytes]
DEBUG:websockets.client:< TEXT '>battle-gen9championsvgc2026regma-1520\n|reques...ng":false}]},"rqid":10}' [2198 bytes]
DEBUG:websockets.client:< TEXT '>battle-gen9championsvgc2026regma-1520\n|reques...ng":false}]},"rqid":11}' [1887 bytes]
DEBUG:vgc_base:Turn 3 [battle-gen9championsvgc2026regma-1520] a0=3 a1=10 src=heuristic g0=0 g1=0
DEBUG:websockets.client:> TEXT 'battle-gen9championsvgc2026regma-1520|/choose m...law 1, move solarbeam 2' [79 bytes]
INFO:player:Turn 3 [battle-gen9championsvgc2026regma-1520] value head win-prob: 0.643  (winning)
DEBUG:live_vgc_base:Turn 3 [battle-gen9championsvgc2026regma-1520] a0=0 a1=9 src=model opp_splice=on
DEBUG:websockets.client:> TEXT 'battle-gen9championsvgc2026regma-1520|/choose move heatwave, move icywind' [73 bytes]
DEBUG:websockets.client:< TEXT '>battle-gen9championsvgc2026regma-1520\n|\n|t:|...1b: Zoroark\n|\n|upkeep' [515 bytes]
DEBUG:websockets.client:< TEXT '>battle-gen9championsvgc2026regma-1520\n|\n|t:|...1b: Zoroark\n|\n|upkeep' [516 bytes]
DEBUG:websockets.client:< TEXT '>battle-gen9championsvgc2026regma-1520\n|reques...ng":false}]},"rqid":12}' [1439 bytes]
DEBUG:websockets.client:< TEXT '>battle-gen9championsvgc2026regma-1520\n|reques...ng":false}]},"rqid":13}' [1466 bytes]
DEBUG:vgc_base:forceSwitch [battle-gen9championsvgc2026regma-1520] force=[True, False] \u2192 /choose switch Basculegion / /choose pass
DEBUG:websockets.client:> TEXT 'battle-gen9championsvgc2026regma-1520|/choose switch Basculegion, pass' [70 bytes]
DEBUG:live_vgc_base:forceSwitch forced_switch_model [battle-gen9championsvgc2026regma-1520] turn 3 a0=None a1=12 opp_splice=on
DEBUG:websockets.client:> TEXT 'battle-gen9championsvgc2026regma-1520|/choose pass, switch Charizard' [68 bytes]
DEBUG:websockets.client:< TEXT ">battle-gen9championsvgc2026regma-1520\n|error|...ch to an active Pokémon" [115 bytes]
DEBUG:live_vgc_base:forceSwitch forced_switch_model [battle-gen9championsvgc2026regma-1520] turn 3 a0=None a1=12 opp_splice=on
DEBUG:websockets.client:> TEXT 'battle-gen9championsvgc2026regma-1520|/choose pass, switch Charizard' [68 bytes]
DEBUG:websockets.client:< TEXT ">battle-gen9championsvgc2026regma-1520\n|error|...ch to an active Pokémon" [115 bytes]
WARNING:vgc_base:forceSwitch [battle-gen9championsvgc2026regma-1520] re-requested 3× (order rejected) — sending /choose default.
DEBUG:websockets.client:> TEXT 'battle-gen9championsvgc2026regma-1520|/choose default' [53 bytes]
DEBUG:websockets.client:< TEXT '>battle-gen9championsvgc2026regma-1520\n|\n|t:|...L50, F|168/168\n|turn|4' [165 bytes]
DEBUG:websockets.client:< TEXT '>battle-gen9championsvgc2026regma-1520\n|\n|t:|...L50, F|100/100\n|turn|4' [165 bytes]
DEBUG:websockets.client:< TEXT '>battle-gen9championsvgc2026regma-1520\n|reques...ng":false}]},"rqid":14}' [2207 bytes]
DEBUG:websockets.client:< TEXT '>battle-gen9championsvgc2026regma-1520\n|reques...ng":false}]},"rqid":15}' [2233 bytes]
INFO:player:Turn 4 [battle-gen9championsvgc2026regma-1520] value head win-prob: 0.098  (losing)
DEBUG:live_vgc_base:Turn 4 [battle-gen9championsvgc2026regma-1520] a0=0 a1=0 src=model opp_splice=on
DEBUG:websockets.client:> TEXT 'battle-gen9championsvgc2026regma-1520|/choose m...ave, move heatwave mega' [79 bytes]
DEBUG:vgc_base:Turn 4 [battle-gen9championsvgc2026regma-1520] a0=3 a1=0 src=heuristic g0=0 g1=0
DEBUG:websockets.client:> TEXT 'battle-gen9championsvgc2026regma-1520|/choose m...ecrash 1, move heatwave' [77 bytes]
DEBUG:websockets.client:< TEXT '>battle-gen9championsvgc2026regma-1520\n|\n|t:|...nyDay|[upkeep]\n|upkeep' [648 bytes]
DEBUG:websockets.client:< TEXT '>battle-gen9championsvgc2026regma-1520\n|\n|t:|...nyDay|[upkeep]\n|upkeep' [650 bytes]
DEBUG:websockets.client:< TEXT '>battle-gen9championsvgc2026regma-1520\n|reques...ng":false}]},"rqid":16}' [1389 bytes]
DEBUG:websockets.client:< TEXT '>battle-gen9championsvgc2026regma-1520\n|reques...Cancel":true,"rqid":17}' [1481 bytes]
DEBUG:vgc_base:forceSwitch [battle-gen9championsvgc2026regma-1520] force=[False, True] \u2192 /choose pass / /choose switch Whimsicott
DEBUG:websockets.client:> TEXT 'battle-gen9championsvgc2026regma-1520|/choose pass, switch Whimsicott' [69 bytes]
DEBUG:websockets.client:< TEXT '>battle-gen9championsvgc2026regma-1520\n|\n|t:|...L50, M|100/100\n|turn|5' [114 bytes]
DEBUG:websockets.client:< TEXT '>battle-gen9championsvgc2026regma-1520\n|\n|t:|...L50, M|137/137\n|turn|5' [114 bytes]
DEBUG:websockets.client:< TEXT '>battle-gen9championsvgc2026regma-1520\n|reques...ng":false}]},"rqid":18}' [1878 bytes]
DEBUG:websockets.client:< TEXT '>battle-gen9championsvgc2026regma-1520\n|reques...ng":false}]},"rqid":19}' [2211 bytes]
DEBUG:vgc_base:Turn 5 [battle-gen9championsvgc2026regma-1520] a0=4 a1=7 src=heuristic g0=0 g1=0
DEBUG:websockets.client:> TEXT 'battle-gen9championsvgc2026regma-1520|/choose m...ash 2, move moonblast 2' [80 bytes]
INFO:player:Turn 5 [battle-gen9championsvgc2026regma-1520] value head win-prob: 0.009  (losing)
DEBUG:live_vgc_base:Turn 5 [battle-gen9championsvgc2026regma-1520] a0=0 a1=0 src=model opp_splice=on
DEBUG:vgc_base:_safe_order: action 0 slot 0 \u2192 None, scanning legal actions.
DEBUG:vgc_base:_safe_order: slot 0 has no decodable legal action — sending Pass.
DEBUG:websockets.client:> TEXT 'battle-gen9championsvgc2026regma-1520|/choose pass, move heatwave' [65 bytes]
DEBUG:websockets.client:< TEXT '>battle-gen9championsvgc2026regma-1520\n|\n|t:|...Recoil\n|\n|win|OPheur3' [663 bytes]
DEBUG:websockets.client:< TEXT '>battle-gen9championsvgc2026regma-1520\n|\n|t:|...Recoil\n|\n|win|OPheur3' [663 bytes]
INFO:vgc_base:Battle battle-gen9championsvgc2026regma-1520 finished — outcome: LOSS  (W/L/D so far: 0/3/0)
DEBUG:websockets.client:> TEXT '|/leave battle-gen9championsvgc2026regma-1520' [45 bytes]
DEBUG:websockets.client:< TEXT '|updatesearch|{"searching":[],"games":{"battle-... 2026 Reg M-A Battle"}}' [124 bytes]
DEBUG:websockets.client:< TEXT '|updatesearch|{"searching":[],"games":{"battle-... 2026 Reg M-A Battle"}}' [124 bytes]
DEBUG:websockets.client:> TEXT 'battle-gen9championsvgc2026regma-1521|/rejectopenteamsheets' [59 bytes]
INFO:vgc_base:Battle battle-gen9championsvgc2026regma-1520 finished — outcome: WIN  (W/L/D so far: 3/0/0)
DEBUG:websockets.client:> TEXT '|/leave battle-gen9championsvgc2026regma-1520' [45 bytes]
DEBUG:websockets.client:> TEXT '|/utm Sneasler||whiteherb|unburden|fakeout,dire...Naive|32,2,,,,32||||50|' [550 bytes]
DEBUG:websockets.client:> TEXT '|/challenge opheur3, gen9championsvgc2026regma' [46 bytes]
DEBUG:websockets.client:> TEXT 'battle-gen9championsvgc2026regma-1521|/rejectopenteamsheets' [59 bytes]
DEBUG:websockets.client:< TEXT '>battle-gen9championsvgc2026regma-1520\n|deinit' [46 bytes]
DEBUG:websockets.client:< TEXT '>battle-gen9championsvgc2026regma-1520\n|l|\u2606BC3' [48 bytes]
DEBUG:websockets.client:< TEXT '>battle-gen9championsvgc2026regma-1521\n|uhtmlchange|otsrequest|' [63 bytes]
DEBUG:websockets.client:< TEXT '>battle-gen9championsvgc2026regma-1521\nBC3 rejected open team sheets.' [69 bytes]
DEBUG:websockets.client:< TEXT '>battle-gen9championsvgc2026regma-1521\n|uhtmlchange|otsrequest|' [63 bytes]
DEBUG:websockets.client:< TEXT '>battle-gen9championsvgc2026regma-1521\nBC3 rejected open team sheets.' [69 bytes]
DEBUG:websockets.client:< TEXT '>battle-gen9championsvgc2026regma-1520\n|deinit' [46 bytes]
DEBUG:websockets.client:< TEXT '>battle-gen9championsvgc2026regma-1521\n|uhtmlchange|otsrequest|' [63 bytes]
DEBUG:websockets.client:< TEXT '>battle-gen9championsvgc2026regma-1521\n|uhtmlchange|otsrequest|' [63 bytes]
DEBUG:websockets.client:< TEXT '>battle-gen9championsvgc2026regma-1521\nOPheur3...ected open team sheets.' [73 bytes]
DEBUG:websockets.client:< TEXT '>battle-gen9championsvgc2026regma-1521\nOPheur3...ected open team sheets.' [73 bytes]
INFO:player:Team-preview [battle-gen9championsvgc2026regma-1521] NET drove: bring=['whimsicott', 'zoroarkhisui', 'ditto', 'charizardmegay'] leads=['whimsicott', 'zoroarkhisui'] (vs opp ['sneasler', 'charizard', 'whimsicott', 'basculegion', 'zoroarkhisui', 'ditto'])
INFO:vgc_base:Teampreview [battle-gen9championsvgc2026regma-1521] \u2192 /team 3562  (whimsicott, zoroarkhisui, ditto, charizardmegay)
DEBUG:websockets.client:> TEXT 'battle-gen9championsvgc2026regma-1521|/team 3562' [48 bytes]
DEBUG:vgc_base:Teampreview: first-4 roster order \u2192 ['sneasler', 'charizardmegay', 'whimsicott', 'basculegion']
INFO:vgc_base:Teampreview [battle-gen9championsvgc2026regma-1521] \u2192 /team 1234  (sneasler, charizardmegay, whimsicott, basculegion)
DEBUG:websockets.client:> TEXT 'battle-gen9championsvgc2026regma-1521|/team 1234' [48 bytes]
DEBUG:websockets.client:< TEXT '|pm| BC3| OPheur3|/challenge gen9championsvgc20...hampionsvgc2026regma|||' [83 bytes]
DEBUG:websockets.client:< TEXT '|pm| BC3| OPheur3|/challenge gen9championsvgc20...hampionsvgc2026regma|||' [83 bytes]
DEBUG:websockets.client:< TEXT '|pm| BC3| OPheur3|/log BC3 wants to battle!' [43 bytes]
DEBUG:websockets.client:< TEXT '|pm| BC3| OPheur3|/log BC3 wants to battle!' [43 bytes]
DEBUG:websockets.client:> TEXT '|/utm Sneasler||whiteherb|unburden|fakeout,dire...Naive|32,2,,,,32||||50|' [550 bytes]
DEBUG:websockets.client:> TEXT '|/accept bc3' [12 bytes]
DEBUG:websockets.client:< TEXT '>battle-gen9championsvgc2026regma-1521\n|\n|t:|...L50, F|100/100\n|turn|1' [321 bytes]
DEBUG:websockets.client:< TEXT '>battle-gen9championsvgc2026regma-1521\n|\n|t:|...L50, F|168/168\n|turn|1' [321 bytes]
DEBUG:websockets.client:< TEXT '>battle-gen9championsvgc2026regma-1521\n|reques...ing":false}]},"rqid":4}' [2167 bytes]
DEBUG:websockets.client:< TEXT '>battle-gen9championsvgc2026regma-1521\n|reques...ing":false}]},"rqid":5}' [2236 bytes]
DEBUG:websockets.client:< TEXT '|pm| OPheur3| BC3|/challenge' [28 bytes]
DEBUG:websockets.client:< TEXT '|updatesearch|{"searching":[],"games":{"battle-... 2026 Reg M-A Battle"}}' [124 bytes]
DEBUG:websockets.client:< TEXT '|pm| OPheur3| BC3|/challenge' [28 bytes]
DEBUG:websockets.client:< TEXT '|updatesearch|{"searching":[],"games":{"battle-... 2026 Reg M-A Battle"}}' [124 bytes]
DEBUG:websockets.client:< TEXT '|updatesearch|{"searching":[],"games":{"battle-... 2026 Reg M-A Battle"}}' [208 bytes]
DEBUG:websockets.client:< TEXT '|updatesearch|{"searching":[],"games":{"battle-... 2026 Reg M-A Battle"}}' [208 bytes]
INFO:player:Turn 1 [battle-gen9championsvgc2026regma-1521] value head win-prob: 0.351  (losing)
DEBUG:live_vgc_base:Turn 1 [battle-gen9championsvgc2026regma-1521] a0=0 a1=9 src=model opp_splice=on
DEBUG:websockets.client:> TEXT 'battle-gen9championsvgc2026regma-1521|/choose move encore 1, move icywind' [73 bytes]
DEBUG:websockets.client:< TEXT '|updatesearch|{"searching":[],"games":{"battle-... 2026 Reg M-A Battle"}}' [208 bytes]
DEBUG:websockets.client:< TEXT '|updatesearch|{"searching":[],"games":{"battle-... 2026 Reg M-A Battle"}}' [208 bytes]
DEBUG:vgc_base:Turn 1 [battle-gen9championsvgc2026regma-1521] a0=3 a1=0 src=heuristic g0=0 g1=0
DEBUG:websockets.client:> TEXT 'battle-gen9championsvgc2026regma-1521|/choose m...reclaw 1, move heatwave' [76 bytes]
DEBUG:websockets.client:< TEXT '>battle-gen9championsvgc2026regma-1522\n|init|b... vs. OPheur3\n|j|\u2606BC3\n' [85 bytes]
DEBUG:websockets.client:< TEXT '>battle-gen9championsvgc2026regma-1522\n|j|\u2606OPheur3' [52 bytes]
DEBUG:websockets.client:< TEXT '>battle-gen9championsvgc2026regma-1522\n|init|b...n|j|\u2606BC3\n|j|\u2606OPheur3\n' [99 bytes]
DEBUG:websockets.client:< TEXT '|pm| OPheur3| BC3|/nonotify OPheur3 accepted th...26regma-1522</a>&raquo;' [173 bytes]
DEBUG:websockets.client:< TEXT '>battle-gen9championsvgc2026regma-1522\n|t:|1781641914\n|gametype|doubles' [71 bytes]
DEBUG:websockets.client:< TEXT '>battle-gen9championsvgc2026regma-1522\n|player|p1|BC3|169|' [58 bytes]
DEBUG:websockets.client:< TEXT '>battle-gen9championsvgc2026regma-1522\n|player...heets</strong></button>' [855 bytes]
DEBUG:websockets.client:< TEXT '>battle-gen9championsvgc2026regma-1522\n|reques...ing":false}]},"rqid":3}' [2097 bytes]
DEBUG:websockets.client:< TEXT '|pm| OPheur3| BC3|/nonotify OPheur3 accepted th...26regma-1522</a>&raquo;' [173 bytes]
DEBUG:websockets.client:< TEXT '>battle-gen9championsvgc2026regma-1522\n|t:|1781641914\n|gametype|doubles' [71 bytes]
DEBUG:websockets.client:< TEXT '>battle-gen9championsvgc2026regma-1522\n|player|p1|BC3|169|' [58 bytes]
DEBUG:websockets.client:< TEXT '>battle-gen9championsvgc2026regma-1522\n|player...heets</strong></button>' [855 bytes]
DEBUG:websockets.client:< TEXT '>battle-gen9championsvgc2026regma-1522\n|reques...ing":false}]},"rqid":2}' [2093 bytes]
DEBUG:websockets.client:< TEXT '>battle-gen9championsvgc2026regma-1521\n|\n|t:|...rk|Illusion\n|\n|upkeep' [672 bytes]
DEBUG:websockets.client:< TEXT '>battle-gen9championsvgc2026regma-1521\n|\n|t:|...rk|Illusion\n|\n|upkeep' [674 bytes]
DEBUG:websockets.client:< TEXT '>battle-gen9championsvgc2026regma-1521\n|reques...oCancel":true,"rqid":6}' [1420 bytes]
DEBUG:websockets.client:< TEXT '>battle-gen9championsvgc2026regma-1521\n|reques...ing":false}]},"rqid":7}' [1453 bytes]
DEBUG:live_vgc_base:forceSwitch forced_switch_model [battle-gen9championsvgc2026regma-1521] turn 1 a0=13 a1=None opp_splice=on
DEBUG:websockets.client:> TEXT 'battle-gen9championsvgc2026regma-1521|/choose switch Ditto, pass' [64 bytes]
DEBUG:websockets.client:< TEXT '>battle-gen9championsvgc2026regma-1521\n|\n|t:|...lity: Imposter\n|turn|2' [164 bytes]
DEBUG:websockets.client:< TEXT '>battle-gen9championsvgc2026regma-1521\n|\n|t:|...lity: Imposter\n|turn|2' [164 bytes]
DEBUG:websockets.client:< TEXT '>battle-gen9championsvgc2026regma-1521\n|reques...ing":false}]},"rqid":8}' [2198 bytes]
DEBUG:websockets.client:< TEXT '>battle-gen9championsvgc2026regma-1521\n|reques...ing":false}]},"rqid":9}' [2226 bytes]
INFO:player:Turn 2 [battle-gen9championsvgc2026regma-1521] value head win-prob: 0.190  (losing)
DEBUG:live_vgc_base:Turn 2 [battle-gen9championsvgc2026regma-1521] a0=0 a1=9 src=model opp_splice=on
DEBUG:websockets.client:> TEXT 'battle-gen9championsvgc2026regma-1521|/choose move heatwave, move icywind' [73 bytes]
DEBUG:vgc_base:Turn 2 [battle-gen9championsvgc2026regma-1521] a0=3 a1=10 src=heuristic g0=0 g1=0
DEBUG:websockets.client:> TEXT 'battle-gen9championsvgc2026regma-1521|/choose m...law 1, move solarbeam 2' [79 bytes]
DEBUG:websockets.client:< TEXT '>battle-gen9championsvgc2026regma-1521\n|\n|t:|...am\n|\n|upkeep\n|turn|3' [444 bytes]
DEBUG:websockets.client:< TEXT '>battle-gen9championsvgc2026regma-1521\n|\n|t:|...am\n|\n|upkeep\n|turn|3' [445 bytes]
DEBUG:websockets.client:< TEXT '>battle-gen9championsvgc2026regma-1521\n|reques...ng":false}]},"rqid":10}' [2202 bytes]
DEBUG:websockets.client:< TEXT '>battle-gen9championsvgc2026regma-1521\n|reques...ng":false}]},"rqid":11}' [1888 bytes]
DEBUG:vgc_base:Turn 3 [battle-gen9championsvgc2026regma-1521] a0=3 a1=10 src=heuristic g0=0 g1=0
DEBUG:websockets.client:> TEXT 'battle-gen9championsvgc2026regma-1521|/choose m...law 1, move solarbeam 2' [79 bytes]
INFO:player:Turn 3 [battle-gen9championsvgc2026regma-1521] value head win-prob: 0.089  (losing)
DEBUG:live_vgc_base:Turn 3 [battle-gen9championsvgc2026regma-1521] a0=0 a1=9 src=model opp_splice=on
DEBUG:websockets.client:> TEXT 'battle-gen9championsvgc2026regma-1521|/choose move heatwave, move icywind' [73 bytes]
DEBUG:websockets.client:< TEXT '>battle-gen9championsvgc2026regma-1521\n|\n|t:|...1b: Zoroark\n|\n|upkeep' [437 bytes]
DEBUG:websockets.client:< TEXT '>battle-gen9championsvgc2026regma-1521\n|\n|t:|...1b: Zoroark\n|\n|upkeep' [437 bytes]
DEBUG:websockets.client:< TEXT '>battle-gen9championsvgc2026regma-1521\n|reques...Cancel":true,"rqid":12}' [1459 bytes]
DEBUG:websockets.client:< TEXT '>battle-gen9championsvgc2026regma-1521\n|reques...ng":false}]},"rqid":13}' [1453 bytes]
DEBUG:live_vgc_base:forceSwitch forced_switch_model [battle-gen9championsvgc2026regma-1521] turn 3 a0=None a1=12 opp_splice=on
DEBUG:websockets.client:> TEXT 'battle-gen9championsvgc2026regma-1521|/choose pass, switch Charizard' [68 bytes]
DEBUG:websockets.client:< TEXT ">battle-gen9championsvgc2026regma-1521\n|error|...ch to an active Pokémon" [115 bytes]
DEBUG:live_vgc_base:forceSwitch forced_switch_model [battle-gen9championsvgc2026regma-1521] turn 3 a0=None a1=12 opp_splice=on
DEBUG:websockets.client:> TEXT 'battle-gen9championsvgc2026regma-1521|/choose pass, switch Charizard' [68 bytes]
DEBUG:websockets.client:< TEXT ">battle-gen9championsvgc2026regma-1521\n|error|...ch to an active Pokémon" [115 bytes]
WARNING:vgc_base:forceSwitch [battle-gen9championsvgc2026regma-1521] re-requested 3× (order rejected) — sending /choose default.
DEBUG:websockets.client:> TEXT 'battle-gen9championsvgc2026regma-1521|/choose default' [53 bytes]
DEBUG:websockets.client:< TEXT '>battle-gen9championsvgc2026regma-1521\n|\n|t:|...L50, F|168/168\n|turn|4' [112 bytes]
DEBUG:websockets.client:< TEXT '>battle-gen9championsvgc2026regma-1521\n|\n|t:|...L50, F|100/100\n|turn|4' [112 bytes]
DEBUG:websockets.client:< TEXT '>battle-gen9championsvgc2026regma-1521\n|reques...ng":false}]},"rqid":14}' [2211 bytes]
DEBUG:websockets.client:< TEXT '>battle-gen9championsvgc2026regma-1521\n|reques...ng":false}]},"rqid":15}' [2226 bytes]
INFO:player:Turn 4 [battle-gen9championsvgc2026regma-1521] value head win-prob: 0.012  (losing)
DEBUG:live_vgc_base:Turn 4 [battle-gen9championsvgc2026regma-1521] a0=0 a1=0 src=model opp_splice=on
DEBUG:websockets.client:> TEXT 'battle-gen9championsvgc2026regma-1521|/choose m...ave, move heatwave mega' [79 bytes]
DEBUG:vgc_base:Turn 4 [battle-gen9championsvgc2026regma-1521] a0=3 a1=0 src=heuristic g0=0 g1=0
DEBUG:websockets.client:> TEXT 'battle-gen9championsvgc2026regma-1521|/choose m...reclaw 1, move heatwave' [76 bytes]
DEBUG:websockets.client:< TEXT '>battle-gen9championsvgc2026regma-1521\n|\n|t:|...p2b: Charizard\n|upkeep' [716 bytes]
DEBUG:websockets.client:< TEXT '>battle-gen9championsvgc2026regma-1521\n|\n|t:|...p2b: Charizard\n|upkeep' [716 bytes]
DEBUG:websockets.client:< TEXT '>battle-gen9championsvgc2026regma-1521\n|reques...ng":false}]},"rqid":16}' [1388 bytes]
DEBUG:websockets.client:< TEXT '>battle-gen9championsvgc2026regma-1521\n|reques...Cancel":true,"rqid":17}' [1482 bytes]
DEBUG:vgc_base:forceSwitch [battle-gen9championsvgc2026regma-1521] force=[True, False] \u2192 /choose switch Whimsicott / /choose pass
DEBUG:websockets.client:> TEXT 'battle-gen9championsvgc2026regma-1521|/choose switch Whimsicott, pass' [69 bytes]
DEBUG:websockets.client:< TEXT '>battle-gen9championsvgc2026regma-1521\n|\n|t:|...L50, F|100/100\n|turn|5' [114 bytes]
DEBUG:websockets.client:< TEXT '>battle-gen9championsvgc2026regma-1521\n|\n|t:|...L50, F|137/137\n|turn|5' [114 bytes]
DEBUG:websockets.client:< TEXT '>battle-gen9championsvgc2026regma-1521\n|reques...ng":false}]},"rqid":18}' [1877 bytes]
DEBUG:websockets.client:< TEXT '>battle-gen9championsvgc2026regma-1521\n|reques...ng":false}]},"rqid":19}' [2237 bytes]
DEBUG:vgc_base:Turn 5 [battle-gen9championsvgc2026regma-1521] a0=7 a1=0 src=heuristic g0=0 g1=0
DEBUG:websockets.client:> TEXT 'battle-gen9championsvgc2026regma-1521|/choose m...nblast 2, move heatwave' [77 bytes]
INFO:player:Turn 5 [battle-gen9championsvgc2026regma-1521] value head win-prob: 0.005  (losing)
DEBUG:live_vgc_base:Turn 5 [battle-gen9championsvgc2026regma-1521] a0=0 a1=0 src=model opp_splice=on
DEBUG:vgc_base:_safe_order: action 0 slot 0 \u2192 None, scanning legal actions.
DEBUG:vgc_base:_safe_order: slot 0 has no decodable legal action — sending Pass.
DEBUG:websockets.client:> TEXT 'battle-gen9championsvgc2026regma-1521|/choose pass, move heatwave' [65 bytes]
DEBUG:websockets.client:< TEXT '>battle-gen9championsvgc2026regma-1521\n|\n|t:|...nyDay|[upkeep]\n|upkeep' [377 bytes]
DEBUG:websockets.client:< TEXT '>battle-gen9championsvgc2026regma-1521\n|\n|t:|...nyDay|[upkeep]\n|upkeep' [377 bytes]
DEBUG:websockets.client:< TEXT '>battle-gen9championsvgc2026regma-1521\n|reques...ng":false}]},"rqid":20}' [1388 bytes]
DEBUG:websockets.client:< TEXT '>battle-gen9championsvgc2026regma-1521\n|reques...Cancel":true,"rqid":21}' [1481 bytes]
DEBUG:vgc_base:forceSwitch [battle-gen9championsvgc2026regma-1521] force=[False, True] \u2192 /choose pass / /choose switch Basculegion
DEBUG:websockets.client:> TEXT 'battle-gen9championsvgc2026regma-1521|/choose pass, switch Basculegion' [70 bytes]
DEBUG:websockets.client:< TEXT '>battle-gen9championsvgc2026regma-1521\n|\n|t:|...L50, M|100/100\n|turn|6' [116 bytes]
DEBUG:websockets.client:< TEXT '>battle-gen9championsvgc2026regma-1521\n|\n|t:|...L50, M|197/197\n|turn|6' [116 bytes]
DEBUG:websockets.client:< TEXT '>battle-gen9championsvgc2026regma-1521\n|reques...ng":false}]},"rqid":22}' [1877 bytes]
DEBUG:websockets.client:< TEXT '>battle-gen9championsvgc2026regma-1521\n|reques...ng":false}]},"rqid":23}' [2211 bytes]
INFO:player:Turn 6 [battle-gen9championsvgc2026regma-1521] value head win-prob: 0.002  (losing)
DEBUG:live_vgc_base:Turn 6 [battle-gen9championsvgc2026regma-1521] a0=0 a1=0 src=model opp_splice=on
DEBUG:vgc_base:_safe_order: action 0 slot 0 \u2192 None, scanning legal actions.
DEBUG:vgc_base:_safe_order: slot 0 has no decodable legal action — sending Pass.
DEBUG:websockets.client:> TEXT 'battle-gen9championsvgc2026regma-1521|/choose pass, move heatwave' [65 bytes]
DEBUG:vgc_base:Turn 6 [battle-gen9championsvgc2026regma-1521] a0=7 a1=4 src=heuristic g0=0 g1=0
DEBUG:websockets.client:> TEXT 'battle-gen9championsvgc2026regma-1521|/choose m...ast 2, move wavecrash 2' [80 bytes]
DEBUG:websockets.client:< TEXT '>battle-gen9championsvgc2026regma-1521\n|\n|t:|...Recoil\n|\n|win|OPheur3' [640 bytes]
DEBUG:websockets.client:< TEXT '>battle-gen9championsvgc2026regma-1521\n|\n|t:|...Recoil\n|\n|win|OPheur3' [643 bytes]
DEBUG:websockets.client:< TEXT '|updatesearch|{"searching":[],"games":{"battle-... 2026 Reg M-A Battle"}}' [124 bytes]
INFO:vgc_base:Battle battle-gen9championsvgc2026regma-1521 finished — outcome: LOSS  (W/L/D so far: 0/4/0)
DEBUG:websockets.client:> TEXT '|/leave battle-gen9championsvgc2026regma-1521' [45 bytes]
DEBUG:websockets.client:< TEXT '|updatesearch|{"searching":[],"games":{"battle-... 2026 Reg M-A Battle"}}' [124 bytes]
DEBUG:websockets.client:> TEXT 'battle-gen9championsvgc2026regma-1522|/rejectopenteamsheets' [59 bytes]
INFO:vgc_base:Battle battle-gen9championsvgc2026regma-1521 finished — outcome: WIN  (W/L/D so far: 4/0/0)
DEBUG:websockets.client:> TEXT '|/leave battle-gen9championsvgc2026regma-1521' [45 bytes]
DEBUG:websockets.client:> TEXT '|/utm Sneasler||whiteherb|unburden|fakeout,dire...Naive|32,2,,,,32||||50|' [550 bytes]
DEBUG:websockets.client:> TEXT '|/challenge opheur3, gen9championsvgc2026regma' [46 bytes]
DEBUG:websockets.client:> TEXT 'battle-gen9championsvgc2026regma-1522|/rejectopenteamsheets' [59 bytes]
DEBUG:websockets.client:< TEXT '>battle-gen9championsvgc2026regma-1521\n|deinit' [46 bytes]
DEBUG:websockets.client:< TEXT '>battle-gen9championsvgc2026regma-1521\n|l|\u2606BC3' [48 bytes]
DEBUG:websockets.client:< TEXT '>battle-gen9championsvgc2026regma-1522\n|uhtmlchange|otsrequest|' [63 bytes]
DEBUG:websockets.client:< TEXT '>battle-gen9championsvgc2026regma-1522\nBC3 rejected open team sheets.' [69 bytes]
DEBUG:websockets.client:< TEXT '>battle-gen9championsvgc2026regma-1522\n|uhtmlchange|otsrequest|' [63 bytes]
DEBUG:websockets.client:< TEXT '>battle-gen9championsvgc2026regma-1522\nBC3 rejected open team sheets.' [69 bytes]
DEBUG:websockets.client:< TEXT '>battle-gen9championsvgc2026regma-1521\n|deinit' [46 bytes]
DEBUG:websockets.client:< TEXT '>battle-gen9championsvgc2026regma-1522\n|uhtmlchange|otsrequest|' [63 bytes]
DEBUG:websockets.client:< TEXT '>battle-gen9championsvgc2026regma-1522\n|uhtmlchange|otsrequest|' [63 bytes]
DEBUG:websockets.client:< TEXT '>battle-gen9championsvgc2026regma-1522\nOPheur3...ected open team sheets.' [73 bytes]
DEBUG:websockets.client:< TEXT '>battle-gen9championsvgc2026regma-1522\nOPheur3...ected open team sheets.' [73 bytes]
INFO:player:Team-preview [battle-gen9championsvgc2026regma-1522] NET drove: bring=['whimsicott', 'zoroarkhisui', 'ditto', 'charizardmegay'] leads=['whimsicott', 'zoroarkhisui'] (vs opp ['sneasler', 'charizard', 'whimsicott', 'basculegion', 'zoroarkhisui', 'ditto'])
INFO:vgc_base:Teampreview [battle-gen9championsvgc2026regma-1522] \u2192 /team 3562  (whimsicott, zoroarkhisui, ditto, charizardmegay)
DEBUG:websockets.client:> TEXT 'battle-gen9championsvgc2026regma-1522|/team 3562' [48 bytes]
DEBUG:vgc_base:Teampreview: first-4 roster order \u2192 ['sneasler', 'charizardmegay', 'whimsicott', 'basculegion']
INFO:vgc_base:Teampreview [battle-gen9championsvgc2026regma-1522] \u2192 /team 1234  (sneasler, charizardmegay, whimsicott, basculegion)
DEBUG:websockets.client:> TEXT 'battle-gen9championsvgc2026regma-1522|/team 1234' [48 bytes]
DEBUG:websockets.client:< TEXT '|pm| BC3| OPheur3|/challenge gen9championsvgc20...hampionsvgc2026regma|||' [83 bytes]
DEBUG:websockets.client:< TEXT '|pm| BC3| OPheur3|/challenge gen9championsvgc20...hampionsvgc2026regma|||' [83 bytes]
DEBUG:websockets.client:< TEXT '|pm| BC3| OPheur3|/log BC3 wants to battle!' [43 bytes]
DEBUG:websockets.client:< TEXT '|pm| BC3| OPheur3|/log BC3 wants to battle!' [43 bytes]
DEBUG:websockets.client:> TEXT '|/utm Sneasler||whiteherb|unburden|fakeout,dire...Naive|32,2,,,,32||||50|' [550 bytes]
DEBUG:websockets.client:> TEXT '|/accept bc3' [12 bytes]
DEBUG:websockets.client:< TEXT '>battle-gen9championsvgc2026regma-1522\n|\n|t:|...L50, F|100/100\n|turn|1' [321 bytes]
DEBUG:websockets.client:< TEXT '>battle-gen9championsvgc2026regma-1522\n|\n|t:|...L50, F|168/168\n|turn|1' [321 bytes]
DEBUG:websockets.client:< TEXT '>battle-gen9championsvgc2026regma-1522\n|reques...ing":false}]},"rqid":5}' [2236 bytes]
DEBUG:websockets.client:< TEXT '|pm| OPheur3| BC3|/challenge' [28 bytes]
DEBUG:websockets.client:< TEXT '>battle-gen9championsvgc2026regma-1522\n|reques...ing":false}]},"rqid":4}' [2167 bytes]
DEBUG:websockets.client:< TEXT '|updatesearch|{"searching":[],"games":{"battle-... 2026 Reg M-A Battle"}}' [124 bytes]
DEBUG:vgc_base:Turn 1 [battle-gen9championsvgc2026regma-1522] a0=3 a1=0 src=heuristic g0=0 g1=0
DEBUG:websockets.client:> TEXT 'battle-gen9championsvgc2026regma-1522|/choose m...reclaw 1, move heatwave' [76 bytes]
DEBUG:websockets.client:< TEXT '|pm| OPheur3| BC3|/challenge' [28 bytes]
DEBUG:websockets.client:< TEXT '|updatesearch|{"searching":[],"games":{"battle-... 2026 Reg M-A Battle"}}' [124 bytes]
DEBUG:websockets.client:< TEXT '|updatesearch|{"searching":[],"games":{"battle-... 2026 Reg M-A Battle"}}' [208 bytes]
DEBUG:websockets.client:< TEXT '|updatesearch|{"searching":[],"games":{"battle-... 2026 Reg M-A Battle"}}' [208 bytes]
DEBUG:websockets.client:< TEXT '|updatesearch|{"searching":[],"games":{"battle-... 2026 Reg M-A Battle"}}' [208 bytes]
DEBUG:websockets.client:< TEXT '|updatesearch|{"searching":[],"games":{"battle-... 2026 Reg M-A Battle"}}' [208 bytes]
DEBUG:websockets.client:< TEXT '>battle-gen9championsvgc2026regma-1523\n|init|b... vs. OPheur3\n|j|\u2606BC3\n' [85 bytes]
DEBUG:websockets.client:< TEXT '>battle-gen9championsvgc2026regma-1523\n|j|\u2606OPheur3' [52 bytes]
DEBUG:websockets.client:< TEXT '|pm| OPheur3| BC3|/nonotify OPheur3 accepted th...26regma-1523</a>&raquo;' [173 bytes]
DEBUG:websockets.client:< TEXT '>battle-gen9championsvgc2026regma-1523\n|t:|1781641915\n|gametype|doubles' [71 bytes]
DEBUG:websockets.client:< TEXT '>battle-gen9championsvgc2026regma-1523\n|player|p1|BC3|169|' [58 bytes]
DEBUG:websockets.client:< TEXT '>battle-gen9championsvgc2026regma-1523\n|player...heets</strong></button>' [855 bytes]
DEBUG:websockets.client:< TEXT '>battle-gen9championsvgc2026regma-1523\n|reques...ing":false}]},"rqid":2}' [2093 bytes]
INFO:player:Turn 1 [battle-gen9championsvgc2026regma-1522] value head win-prob: 0.351  (losing)
DEBUG:live_vgc_base:Turn 1 [battle-gen9championsvgc2026regma-1522] a0=0 a1=9 src=model opp_splice=on
DEBUG:websockets.client:> TEXT 'battle-gen9championsvgc2026regma-1522|/choose move encore 1, move icywind' [73 bytes]
DEBUG:websockets.client:< TEXT '>battle-gen9championsvgc2026regma-1523\n|init|b...n|j|\u2606BC3\n|j|\u2606OPheur3\n' [99 bytes]
DEBUG:websockets.client:< TEXT '|pm| OPheur3| BC3|/nonotify OPheur3 accepted th...26regma-1523</a>&raquo;' [173 bytes]
DEBUG:websockets.client:< TEXT '>battle-gen9championsvgc2026regma-1523\n|t:|1781641915\n|gametype|doubles' [71 bytes]
DEBUG:websockets.client:< TEXT '>battle-gen9championsvgc2026regma-1523\n|player|p1|BC3|169|' [58 bytes]
DEBUG:websockets.client:< TEXT '>battle-gen9championsvgc2026regma-1523\n|player...heets</strong></button>' [855 bytes]
DEBUG:websockets.client:< TEXT '>battle-gen9championsvgc2026regma-1523\n|reques...ing":false}]},"rqid":3}' [2097 bytes]
DEBUG:websockets.client:< TEXT '>battle-gen9championsvgc2026regma-1522\n|\n|t:|...rk|Illusion\n|\n|upkeep' [673 bytes]
DEBUG:websockets.client:< TEXT '>battle-gen9championsvgc2026regma-1522\n|\n|t:|...rk|Illusion\n|\n|upkeep' [675 bytes]
DEBUG:websockets.client:< TEXT '>battle-gen9championsvgc2026regma-1522\n|reques...oCancel":true,"rqid":6}' [1420 bytes]
DEBUG:websockets.client:< TEXT '>battle-gen9championsvgc2026regma-1522\n|reques...ing":false}]},"rqid":7}' [1453 bytes]
DEBUG:live_vgc_base:forceSwitch forced_switch_model [battle-gen9championsvgc2026regma-1522] turn 1 a0=13 a1=None opp_splice=on
DEBUG:websockets.client:> TEXT 'battle-gen9championsvgc2026regma-1522|/choose switch Ditto, pass' [64 bytes]
DEBUG:websockets.client:< TEXT '>battle-gen9championsvgc2026regma-1522\n|\n|t:|...lity: Imposter\n|turn|2' [164 bytes]
DEBUG:websockets.client:< TEXT '>battle-gen9championsvgc2026regma-1522\n|\n|t:|...lity: Imposter\n|turn|2' [164 bytes]
DEBUG:websockets.client:< TEXT '>battle-gen9championsvgc2026regma-1522\n|reques...ing":false}]},"rqid":8}' [2198 bytes]
DEBUG:websockets.client:< TEXT '>battle-gen9championsvgc2026regma-1522\n|reques...ing":false}]},"rqid":9}' [2226 bytes]
INFO:player:Turn 2 [battle-gen9championsvgc2026regma-1522] value head win-prob: 0.166  (losing)
DEBUG:live_vgc_base:Turn 2 [battle-gen9championsvgc2026regma-1522] a0=0 a1=9 src=model opp_splice=on
DEBUG:websockets.client:> TEXT 'battle-gen9championsvgc2026regma-1522|/choose move heatwave, move icywind' [73 bytes]
DEBUG:vgc_base:Turn 2 [battle-gen9championsvgc2026regma-1522] a0=3 a1=10 src=heuristic g0=0 g1=0
DEBUG:websockets.client:> TEXT 'battle-gen9championsvgc2026regma-1522|/choose m...law 1, move solarbeam 2' [79 bytes]
DEBUG:websockets.client:< TEXT '>battle-gen9championsvgc2026regma-1522\n|\n|t:|...am\n|\n|upkeep\n|turn|3' [567 bytes]
DEBUG:websockets.client:< TEXT '>battle-gen9championsvgc2026regma-1522\n|\n|t:|...am\n|\n|upkeep\n|turn|3' [569 bytes]
DEBUG:websockets.client:< TEXT '>battle-gen9championsvgc2026regma-1522\n|reques...ng":false}]},"rqid":10}' [2198 bytes]
DEBUG:websockets.client:< TEXT '>battle-gen9championsvgc2026regma-1522\n|reques...ng":false}]},"rqid":11}' [1888 bytes]
INFO:player:Turn 3 [battle-gen9championsvgc2026regma-1522] value head win-prob: 0.402  (losing)
DEBUG:live_vgc_base:Turn 3 [battle-gen9championsvgc2026regma-1522] a0=0 a1=9 src=model opp_splice=on
DEBUG:websockets.client:> TEXT 'battle-gen9championsvgc2026regma-1522|/choose move heatwave, move icywind' [73 bytes]
DEBUG:vgc_base:Turn 3 [battle-gen9championsvgc2026regma-1522] a0=3 a1=10 src=heuristic g0=0 g1=0
DEBUG:websockets.client:> TEXT 'battle-gen9championsvgc2026regma-1522|/choose m...law 1, move solarbeam 2' [79 bytes]
DEBUG:websockets.client:< TEXT '>battle-gen9championsvgc2026regma-1522\n|\n|t:|...1b: Zoroark\n|\n|upkeep' [541 bytes]
DEBUG:websockets.client:< TEXT '>battle-gen9championsvgc2026regma-1522\n|\n|t:|...1b: Zoroark\n|\n|upkeep' [542 bytes]
DEBUG:websockets.client:< TEXT '>battle-gen9championsvgc2026regma-1522\n|reques...Cancel":true,"rqid":12}' [1455 bytes]
DEBUG:websockets.client:< TEXT '>battle-gen9championsvgc2026regma-1522\n|reques...ng":false}]},"rqid":13}' [1452 bytes]
DEBUG:live_vgc_base:forceSwitch forced_switch_model [battle-gen9championsvgc2026regma-1522] turn 3 a0=None a1=12 opp_splice=on
DEBUG:websockets.client:> TEXT 'battle-gen9championsvgc2026regma-1522|/choose pass, switch Charizard' [68 bytes]
DEBUG:websockets.client:< TEXT ">battle-gen9championsvgc2026regma-1522\n|error|...ch to an active Pokémon" [115 bytes]
DEBUG:live_vgc_base:forceSwitch forced_switch_model [battle-gen9championsvgc2026regma-1522] turn 3 a0=None a1=12 opp_splice=on
DEBUG:websockets.client:> TEXT 'battle-gen9championsvgc2026regma-1522|/choose pass, switch Charizard' [68 bytes]
DEBUG:websockets.client:< TEXT ">battle-gen9championsvgc2026regma-1522\n|error|...ch to an active Pokémon" [115 bytes]
WARNING:vgc_base:forceSwitch [battle-gen9championsvgc2026regma-1522] re-requested 3× (order rejected) — sending /choose default.
DEBUG:websockets.client:> TEXT 'battle-gen9championsvgc2026regma-1522|/choose default' [53 bytes]
DEBUG:websockets.client:< TEXT '>battle-gen9championsvgc2026regma-1522\n|\n|t:|...L50, F|168/168\n|turn|4' [112 bytes]
DEBUG:websockets.client:< TEXT '>battle-gen9championsvgc2026regma-1522\n|\n|t:|...L50, F|100/100\n|turn|4' [112 bytes]
DEBUG:websockets.client:< TEXT '>battle-gen9championsvgc2026regma-1522\n|reques...ng":false}]},"rqid":14}' [2207 bytes]
DEBUG:websockets.client:< TEXT '>battle-gen9championsvgc2026regma-1522\n|reques...ng":false}]},"rqid":15}' [2225 bytes]
INFO:player:Turn 4 [battle-gen9championsvgc2026regma-1522] value head win-prob: 0.141  (losing)
DEBUG:live_vgc_base:Turn 4 [battle-gen9championsvgc2026regma-1522] a0=0 a1=0 src=model opp_splice=on
DEBUG:websockets.client:> TEXT 'battle-gen9championsvgc2026regma-1522|/choose m...ave, move heatwave mega' [79 bytes]
DEBUG:vgc_base:Turn 4 [battle-gen9championsvgc2026regma-1522] a0=3 a1=0 src=heuristic g0=0 g1=0
DEBUG:websockets.client:> TEXT 'battle-gen9championsvgc2026regma-1522|/choose m...reclaw 1, move heatwave' [76 bytes]
DEBUG:websockets.client:< TEXT '>battle-gen9championsvgc2026regma-1522\n|\n|t:|...nyDay|[upkeep]\n|upkeep' [536 bytes]
DEBUG:websockets.client:< TEXT '>battle-gen9championsvgc2026regma-1522\n|\n|t:|...nyDay|[upkeep]\n|upkeep' [536 bytes]
DEBUG:websockets.client:< TEXT '>battle-gen9championsvgc2026regma-1522\n|reques...ng":false}]},"rqid":16}' [1389 bytes]
DEBUG:websockets.client:< TEXT '>battle-gen9championsvgc2026regma-1522\n|reques...Cancel":true,"rqid":17}' [1480 bytes]
DEBUG:vgc_base:forceSwitch [battle-gen9championsvgc2026regma-1522] force=[True, True] \u2192 /choose switch Basculegion / /choose switch Whimsicott
DEBUG:websockets.client:> TEXT 'battle-gen9championsvgc2026regma-1522|/choose s...gion, switch Whimsicott' [83 bytes]
DEBUG:websockets.client:< TEXT '>battle-gen9championsvgc2026regma-1522\n|\n|t:|...L50, M|100/100\n|turn|5' [167 bytes]
DEBUG:websockets.client:< TEXT '>battle-gen9championsvgc2026regma-1522\n|\n|t:|...L50, M|137/137\n|turn|5' [167 bytes]
DEBUG:websockets.client:< TEXT '>battle-gen9championsvgc2026regma-1522\n|reques...ng":false}]},"rqid":18}' [1878 bytes]
DEBUG:websockets.client:< TEXT '>battle-gen9championsvgc2026regma-1522\n|reques...ng":false}]},"rqid":19}' [2211 bytes]
DEBUG:vgc_base:Turn 5 [battle-gen9championsvgc2026regma-1522] a0=4 a1=7 src=heuristic g0=0 g1=0
DEBUG:websockets.client:> TEXT 'battle-gen9championsvgc2026regma-1522|/choose m...ash 2, move moonblast 2' [80 bytes]
INFO:player:Turn 5 [battle-gen9championsvgc2026regma-1522] value head win-prob: 0.005  (losing)
DEBUG:live_vgc_base:Turn 5 [battle-gen9championsvgc2026regma-1522] a0=0 a1=0 src=model opp_splice=on
DEBUG:vgc_base:_safe_order: action 0 slot 0 \u2192 None, scanning legal actions.
DEBUG:vgc_base:_safe_order: slot 0 has no decodable legal action — sending Pass.
DEBUG:websockets.client:> TEXT 'battle-gen9championsvgc2026regma-1522|/choose pass, move heatwave' [65 bytes]
DEBUG:websockets.client:< TEXT '>battle-gen9championsvgc2026regma-1522\n|\n|t:|...Recoil\n|\n|win|OPheur3' [664 bytes]
DEBUG:websockets.client:< TEXT '>battle-gen9championsvgc2026regma-1522\n|\n|t:|...Recoil\n|\n|win|OPheur3' [664 bytes]
DEBUG:websockets.client:< TEXT '|updatesearch|{"searching":[],"games":{"battle-... 2026 Reg M-A Battle"}}' [124 bytes]
INFO:vgc_base:Battle battle-gen9championsvgc2026regma-1522 finished — outcome: LOSS  (W/L/D so far: 0/5/0)
DEBUG:websockets.client:> TEXT '|/leave battle-gen9championsvgc2026regma-1522' [45 bytes]
DEBUG:websockets.client:< TEXT '|updatesearch|{"searching":[],"games":{"battle-... 2026 Reg M-A Battle"}}' [124 bytes]
DEBUG:websockets.client:> TEXT 'battle-gen9championsvgc2026regma-1523|/rejectopenteamsheets' [59 bytes]
INFO:vgc_base:Battle battle-gen9championsvgc2026regma-1522 finished — outcome: WIN  (W/L/D so far: 5/0/0)
DEBUG:websockets.client:> TEXT '|/leave battle-gen9championsvgc2026regma-1522' [45 bytes]
DEBUG:websockets.client:> TEXT '|/utm Sneasler||whiteherb|unburden|fakeout,dire...Naive|32,2,,,,32||||50|' [550 bytes]
DEBUG:websockets.client:> TEXT '|/challenge opheur3, gen9championsvgc2026regma' [46 bytes]
DEBUG:websockets.client:> TEXT 'battle-gen9championsvgc2026regma-1523|/rejectopenteamsheets' [59 bytes]
DEBUG:websockets.client:< TEXT '>battle-gen9championsvgc2026regma-1522\n|deinit' [46 bytes]
DEBUG:websockets.client:< TEXT '>battle-gen9championsvgc2026regma-1522\n|l|\u2606BC3' [48 bytes]
DEBUG:websockets.client:< TEXT '>battle-gen9championsvgc2026regma-1523\n|uhtmlchange|otsrequest|' [63 bytes]
DEBUG:websockets.client:< TEXT '>battle-gen9championsvgc2026regma-1523\nBC3 rejected open team sheets.' [69 bytes]
DEBUG:websockets.client:< TEXT '>battle-gen9championsvgc2026regma-1523\n|uhtmlchange|otsrequest|' [63 bytes]
DEBUG:websockets.client:< TEXT '>battle-gen9championsvgc2026regma-1523\nBC3 rejected open team sheets.' [69 bytes]
DEBUG:websockets.client:< TEXT '>battle-gen9championsvgc2026regma-1522\n|deinit' [46 bytes]
DEBUG:websockets.client:< TEXT '>battle-gen9championsvgc2026regma-1523\n|uhtmlchange|otsrequest|' [63 bytes]
DEBUG:websockets.client:< TEXT '>battle-gen9championsvgc2026regma-1523\n|uhtmlchange|otsrequest|' [63 bytes]
DEBUG:websockets.client:< TEXT '>battle-gen9championsvgc2026regma-1523\nOPheur3...ected open team sheets.' [73 bytes]
INFO:player:Team-preview [battle-gen9championsvgc2026regma-1523] NET drove: bring=['whimsicott', 'zoroarkhisui', 'ditto', 'charizardmegay'] leads=['whimsicott', 'zoroarkhisui'] (vs opp ['sneasler', 'charizard', 'whimsicott', 'basculegion', 'zoroarkhisui', 'ditto'])
INFO:vgc_base:Teampreview [battle-gen9championsvgc2026regma-1523] \u2192 /team 3562  (whimsicott, zoroarkhisui, ditto, charizardmegay)
DEBUG:websockets.client:> TEXT 'battle-gen9championsvgc2026regma-1523|/team 3562' [48 bytes]
DEBUG:vgc_base:Teampreview: first-4 roster order \u2192 ['sneasler', 'charizardmegay', 'whimsicott', 'basculegion']
INFO:vgc_base:Teampreview [battle-gen9championsvgc2026regma-1523] \u2192 /team 1234  (sneasler, charizardmegay, whimsicott, basculegion)
DEBUG:websockets.client:> TEXT 'battle-gen9championsvgc2026regma-1523|/team 1234' [48 bytes]
DEBUG:websockets.client:< TEXT '>battle-gen9championsvgc2026regma-1523\nOPheur3...ected open team sheets.' [73 bytes]
DEBUG:websockets.client:< TEXT '|pm| BC3| OPheur3|/challenge gen9championsvgc20...hampionsvgc2026regma|||' [83 bytes]
DEBUG:websockets.client:< TEXT '|pm| BC3| OPheur3|/log BC3 wants to battle!' [43 bytes]
DEBUG:websockets.client:< TEXT '|pm| BC3| OPheur3|/challenge gen9championsvgc20...hampionsvgc2026regma|||' [83 bytes]
DEBUG:websockets.client:< TEXT '|pm| BC3| OPheur3|/log BC3 wants to battle!' [43 bytes]
DEBUG:websockets.client:> TEXT '|/utm Sneasler||whiteherb|unburden|fakeout,dire...Naive|32,2,,,,32||||50|' [550 bytes]
DEBUG:websockets.client:> TEXT '|/accept bc3' [12 bytes]
DEBUG:websockets.client:< TEXT '>battle-gen9championsvgc2026regma-1523\n|\n|t:|...L50, M|100/100\n|turn|1' [321 bytes]
DEBUG:websockets.client:< TEXT '>battle-gen9championsvgc2026regma-1523\n|\n|t:|...L50, M|168/168\n|turn|1' [321 bytes]
DEBUG:websockets.client:< TEXT '>battle-gen9championsvgc2026regma-1523\n|reques...ing":false}]},"rqid":4}' [2167 bytes]
DEBUG:websockets.client:< TEXT '|pm| OPheur3| BC3|/challenge' [28 bytes]
DEBUG:websockets.client:< TEXT '>battle-gen9championsvgc2026regma-1523\n|reques...ing":false}]},"rqid":5}' [2236 bytes]
DEBUG:websockets.client:< TEXT '|updatesearch|{"searching":[],"games":{"battle-... 2026 Reg M-A Battle"}}' [124 bytes]
DEBUG:websockets.client:< TEXT '|updatesearch|{"searching":[],"games":{"battle-... 2026 Reg M-A Battle"}}' [208 bytes]
INFO:player:Turn 1 [battle-gen9championsvgc2026regma-1523] value head win-prob: 0.351  (losing)
DEBUG:live_vgc_base:Turn 1 [battle-gen9championsvgc2026regma-1523] a0=0 a1=9 src=model opp_splice=on
DEBUG:websockets.client:> TEXT 'battle-gen9championsvgc2026regma-1523|/choose move encore 1, move icywind' [73 bytes]
DEBUG:websockets.client:< TEXT '|pm| OPheur3| BC3|/challenge' [28 bytes]
DEBUG:websockets.client:< TEXT '|updatesearch|{"searching":[],"games":{"battle-... 2026 Reg M-A Battle"}}' [124 bytes]
DEBUG:websockets.client:< TEXT '|updatesearch|{"searching":[],"games":{"battle-... 2026 Reg M-A Battle"}}' [208 bytes]
DEBUG:websockets.client:< TEXT '|updatesearch|{"searching":[],"games":{"battle-... 2026 Reg M-A Battle"}}' [208 bytes]
DEBUG:websockets.client:< TEXT '|updatesearch|{"searching":[],"games":{"battle-... 2026 Reg M-A Battle"}}' [208 bytes]
DEBUG:websockets.client:< TEXT '>battle-gen9championsvgc2026regma-1524\n|init|b...n|j|\u2606BC3\n|j|\u2606OPheur3\n' [99 bytes]
DEBUG:websockets.client:< TEXT '|pm| OPheur3| BC3|/nonotify OPheur3 accepted th...26regma-1524</a>&raquo;' [173 bytes]
DEBUG:websockets.client:< TEXT '>battle-gen9championsvgc2026regma-1524\n|t:|1781641915\n|gametype|doubles' [71 bytes]
DEBUG:websockets.client:< TEXT '>battle-gen9championsvgc2026regma-1524\n|player|p1|BC3|169|' [58 bytes]
DEBUG:websockets.client:< TEXT '>battle-gen9championsvgc2026regma-1524\n|player...heets</strong></button>' [855 bytes]
DEBUG:websockets.client:< TEXT '>battle-gen9championsvgc2026regma-1524\n|reques...ing":false}]},"rqid":3}' [2097 bytes]
DEBUG:vgc_base:Turn 1 [battle-gen9championsvgc2026regma-1523] a0=3 a1=0 src=heuristic g0=0 g1=0
DEBUG:websockets.client:> TEXT 'battle-gen9championsvgc2026regma-1523|/choose m...reclaw 1, move heatwave' [76 bytes]
DEBUG:websockets.client:< TEXT '>battle-gen9championsvgc2026regma-1524\n|init|b... vs. OPheur3\n|j|\u2606BC3\n' [85 bytes]
DEBUG:websockets.client:< TEXT '>battle-gen9championsvgc2026regma-1524\n|j|\u2606OPheur3' [52 bytes]
DEBUG:websockets.client:< TEXT '|pm| OPheur3| BC3|/nonotify OPheur3 accepted th...26regma-1524</a>&raquo;' [173 bytes]
DEBUG:websockets.client:< TEXT '>battle-gen9championsvgc2026regma-1524\n|t:|1781641915\n|gametype|doubles' [71 bytes]
DEBUG:websockets.client:< TEXT '>battle-gen9championsvgc2026regma-1524\n|player|p1|BC3|169|' [58 bytes]
DEBUG:websockets.client:< TEXT '>battle-gen9championsvgc2026regma-1524\n|player...heets</strong></button>' [855 bytes]
DEBUG:websockets.client:< TEXT '>battle-gen9championsvgc2026regma-1524\n|reques...ing":false}]},"rqid":2}' [2093 bytes]
DEBUG:websockets.client:< TEXT '>battle-gen9championsvgc2026regma-1523\n|\n|t:|...rk|Illusion\n|\n|upkeep' [673 bytes]
DEBUG:websockets.client:< TEXT '>battle-gen9championsvgc2026regma-1523\n|\n|t:|...rk|Illusion\n|\n|upkeep' [675 bytes]
DEBUG:websockets.client:< TEXT '>battle-gen9championsvgc2026regma-1523\n|reques...oCancel":true,"rqid":6}' [1420 bytes]
DEBUG:websockets.client:< TEXT '>battle-gen9championsvgc2026regma-1523\n|reques...ing":false}]},"rqid":7}' [1453 bytes]
DEBUG:live_vgc_base:forceSwitch forced_switch_model [battle-gen9championsvgc2026regma-1523] turn 1 a0=13 a1=None opp_splice=on
DEBUG:websockets.client:> TEXT 'battle-gen9championsvgc2026regma-1523|/choose switch Ditto, pass' [64 bytes]
DEBUG:websockets.client:< TEXT '>battle-gen9championsvgc2026regma-1523\n|\n|t:|...lity: Imposter\n|turn|2' [164 bytes]
DEBUG:websockets.client:< TEXT '>battle-gen9championsvgc2026regma-1523\n|\n|t:|...lity: Imposter\n|turn|2' [164 bytes]
DEBUG:websockets.client:< TEXT '>battle-gen9championsvgc2026regma-1523\n|reques...ing":false}]},"rqid":8}' [2198 bytes]
DEBUG:websockets.client:< TEXT '>battle-gen9championsvgc2026regma-1523\n|reques...ing":false}]},"rqid":9}' [2226 bytes]
DEBUG:vgc_base:Turn 2 [battle-gen9championsvgc2026regma-1523] a0=3 a1=10 src=heuristic g0=0 g1=0
DEBUG:websockets.client:> TEXT 'battle-gen9championsvgc2026regma-1523|/choose m...law 1, move solarbeam 2' [79 bytes]
INFO:player:Turn 2 [battle-gen9championsvgc2026regma-1523] value head win-prob: 0.183  (losing)
DEBUG:live_vgc_base:Turn 2 [battle-gen9championsvgc2026regma-1523] a0=0 a1=9 src=model opp_splice=on
DEBUG:websockets.client:> TEXT 'battle-gen9championsvgc2026regma-1523|/choose move heatwave, move icywind' [73 bytes]
DEBUG:websockets.client:< TEXT '>battle-gen9championsvgc2026regma-1523\n|\n|t:|...am\n|\n|upkeep\n|turn|3' [484 bytes]
DEBUG:websockets.client:< TEXT '>battle-gen9championsvgc2026regma-1523\n|\n|t:|...am\n|\n|upkeep\n|turn|3' [485 bytes]
DEBUG:websockets.client:< TEXT '>battle-gen9championsvgc2026regma-1523\n|reques...ng":false}]},"rqid":10}' [2202 bytes]
DEBUG:websockets.client:< TEXT '>battle-gen9championsvgc2026regma-1523\n|reques...ng":false}]},"rqid":11}' [1888 bytes]
DEBUG:vgc_base:Turn 3 [battle-gen9championsvgc2026regma-1523] a0=3 a1=10 src=heuristic g0=0 g1=0
DEBUG:websockets.client:> TEXT 'battle-gen9championsvgc2026regma-1523|/choose m...law 1, move solarbeam 2' [79 bytes]
INFO:player:Turn 3 [battle-gen9championsvgc2026regma-1523] value head win-prob: 0.059  (losing)
DEBUG:live_vgc_base:Turn 3 [battle-gen9championsvgc2026regma-1523] a0=0 a1=9 src=model opp_splice=on
DEBUG:websockets.client:> TEXT 'battle-gen9championsvgc2026regma-1523|/choose move heatwave, move icywind' [73 bytes]
DEBUG:websockets.client:< TEXT '>battle-gen9championsvgc2026regma-1523\n|\n|t:|...1b: Zoroark\n|\n|upkeep' [429 bytes]
DEBUG:websockets.client:< TEXT '>battle-gen9championsvgc2026regma-1523\n|\n|t:|...1b: Zoroark\n|\n|upkeep' [429 bytes]
DEBUG:websockets.client:< TEXT '>battle-gen9championsvgc2026regma-1523\n|reques...Cancel":true,"rqid":12}' [1417 bytes]
DEBUG:websockets.client:< TEXT '>battle-gen9championsvgc2026regma-1523\n|reques...ng":false}]},"rqid":13}' [1453 bytes]
DEBUG:vgc_base:forceSwitch slot 1: no available switch — '/choose default' (handled poke-env desync).
DEBUG:vgc_base:forceSwitch DIAG [battle-gen9championsvgc2026regma-1523] turn=3 slot=1 force=[True, True] available_switches=[['charizard'], ['charizard']] team=[sneasler(act=True,fnt=False,hp=1.0), charizard(act=False,fnt=False,hp=1.0), whimsicott(act=False,fnt=True,hp=0), basculegion(act=False,fnt=False,hp=1.0), zoroarkhisui(act=True,fnt=True,hp=0), ditto(act=True,fnt=True,hp=0)]
DEBUG:websockets.client:> TEXT 'battle-gen9championsvgc2026regma-1523|/choose default' [53 bytes]
DEBUG:websockets.client:< TEXT '>battle-gen9championsvgc2026regma-1523\n|\n|t:|...L50, F|168/168\n|turn|4' [112 bytes]
DEBUG:websockets.client:< TEXT '>battle-gen9championsvgc2026regma-1523\n|\n|t:|...L50, F|100/100\n|turn|4' [112 bytes]
DEBUG:websockets.client:< TEXT '>battle-gen9championsvgc2026regma-1523\n|reques...ng":false}]},"rqid":14}' [2183 bytes]
DEBUG:websockets.client:< TEXT '>battle-gen9championsvgc2026regma-1523\n|reques...ng":false}]},"rqid":15}' [2226 bytes]
DEBUG:vgc_base:Turn 4 [battle-gen9championsvgc2026regma-1523] a0=3 a1=0 src=heuristic g0=0 g1=0
DEBUG:websockets.client:> TEXT 'battle-gen9championsvgc2026regma-1523|/choose m...reclaw 1, move heatwave' [76 bytes]
INFO:player:Turn 4 [battle-gen9championsvgc2026regma-1523] value head win-prob: 0.028  (losing)
DEBUG:live_vgc_base:Turn 4 [battle-gen9championsvgc2026regma-1523] a0=0 a1=0 src=model opp_splice=on
DEBUG:vgc_base:_safe_order: action 0 slot 1 \u2192 None, scanning legal actions.
DEBUG:vgc_base:_safe_order: slot 1 has no decodable legal action — sending Pass.
DEBUG:websockets.client:> TEXT 'battle-gen9championsvgc2026regma-1523|/choose move heatwave mega, pass' [70 bytes]
DEBUG:websockets.client:< TEXT '>battle-gen9championsvgc2026regma-1523\n|\n|t:|...p2b: Charizard\n|upkeep' [690 bytes]
DEBUG:websockets.client:< TEXT '>battle-gen9championsvgc2026regma-1523\n|\n|t:|...p2b: Charizard\n|upkeep' [690 bytes]
DEBUG:websockets.client:< TEXT '>battle-gen9championsvgc2026regma-1523\n|reques...ng":false}]},"rqid":16}' [1388 bytes]
DEBUG:websockets.client:< TEXT '>battle-gen9championsvgc2026regma-1523\n|reques...Cancel":true,"rqid":17}' [1482 bytes]
DEBUG:vgc_base:forceSwitch [battle-gen9championsvgc2026regma-1523] force=[True, False] \u2192 /choose switch Basculegion / /choose pass
DEBUG:websockets.client:> TEXT 'battle-gen9championsvgc2026regma-1523|/choose switch Basculegion, pass' [70 bytes]
DEBUG:websockets.client:< TEXT '>battle-gen9championsvgc2026regma-1523\n|\n|t:|...L50, M|100/100\n|turn|5' [116 bytes]
DEBUG:websockets.client:< TEXT '>battle-gen9championsvgc2026regma-1523\n|\n|t:|...L50, M|197/197\n|turn|5' [116 bytes]
DEBUG:websockets.client:< TEXT '>battle-gen9championsvgc2026regma-1523\n|reques...ng":false}]},"rqid":18}' [2166 bytes]
DEBUG:websockets.client:< TEXT '>battle-gen9championsvgc2026regma-1523\n|reques...ng":false}]},"rqid":19}' [2233 bytes]
DEBUG:vgc_base:Turn 5 [battle-gen9championsvgc2026regma-1523] a0=3 a1=0 src=heuristic g0=0 g1=0
DEBUG:websockets.client:> TEXT 'battle-gen9championsvgc2026regma-1523|/choose m...ecrash 1, move heatwave' [77 bytes]
INFO:player:Turn 5 [battle-gen9championsvgc2026regma-1523] value head win-prob: 0.032  (losing)
DEBUG:live_vgc_base:Turn 5 [battle-gen9championsvgc2026regma-1523] a0=0 a1=0 src=model opp_splice=on
DEBUG:vgc_base:_safe_order: action 0 slot 1 \u2192 None, scanning legal actions.
DEBUG:vgc_base:_safe_order: slot 1 has no decodable legal action — sending Pass.
DEBUG:websockets.client:> TEXT 'battle-gen9championsvgc2026regma-1523|/choose move heatwave, pass' [65 bytes]
DEBUG:websockets.client:< TEXT '>battle-gen9championsvgc2026regma-1523\n|\n|t:|...Recoil\n|\n|win|OPheur3' [458 bytes]
DEBUG:websockets.client:< TEXT '>battle-gen9championsvgc2026regma-1523\n|\n|t:|...Recoil\n|\n|win|OPheur3' [460 bytes]
DEBUG:websockets.client:< TEXT '|updatesearch|{"searching":[],"games":{"battle-... 2026 Reg M-A Battle"}}' [124 bytes]
INFO:vgc_base:Battle battle-gen9championsvgc2026regma-1523 finished — outcome: LOSS  (W/L/D so far: 0/6/0)
DEBUG:websockets.client:> TEXT '|/leave battle-gen9championsvgc2026regma-1523' [45 bytes]
DEBUG:websockets.client:< TEXT '|updatesearch|{"searching":[],"games":{"battle-... 2026 Reg M-A Battle"}}' [124 bytes]
DEBUG:websockets.client:> TEXT 'battle-gen9championsvgc2026regma-1524|/rejectopenteamsheets' [59 bytes]
INFO:vgc_base:Battle battle-gen9championsvgc2026regma-1523 finished — outcome: WIN  (W/L/D so far: 6/0/0)
DEBUG:websockets.client:> TEXT '|/leave battle-gen9championsvgc2026regma-1523' [45 bytes]
DEBUG:websockets.client:> TEXT '|/utm Sneasler||whiteherb|unburden|fakeout,dire...Naive|32,2,,,,32||||50|' [550 bytes]
DEBUG:websockets.client:> TEXT '|/challenge opheur3, gen9championsvgc2026regma' [46 bytes]
DEBUG:websockets.client:> TEXT 'battle-gen9championsvgc2026regma-1524|/rejectopenteamsheets' [59 bytes]
DEBUG:websockets.client:< TEXT '>battle-gen9championsvgc2026regma-1523\n|deinit' [46 bytes]
DEBUG:websockets.client:< TEXT '>battle-gen9championsvgc2026regma-1523\n|l|\u2606BC3' [48 bytes]
DEBUG:websockets.client:< TEXT '>battle-gen9championsvgc2026regma-1524\n|uhtmlchange|otsrequest|' [63 bytes]
DEBUG:websockets.client:< TEXT '>battle-gen9championsvgc2026regma-1524\nBC3 rejected open team sheets.' [69 bytes]
DEBUG:websockets.client:< TEXT '>battle-gen9championsvgc2026regma-1524\n|uhtmlchange|otsrequest|' [63 bytes]
DEBUG:websockets.client:< TEXT '>battle-gen9championsvgc2026regma-1524\nBC3 rejected open team sheets.' [69 bytes]
DEBUG:websockets.client:< TEXT '>battle-gen9championsvgc2026regma-1523\n|deinit' [46 bytes]
DEBUG:websockets.client:< TEXT '>battle-gen9championsvgc2026regma-1524\n|uhtmlchange|otsrequest|' [63 bytes]
DEBUG:websockets.client:< TEXT '>battle-gen9championsvgc2026regma-1524\n|uhtmlchange|otsrequest|' [63 bytes]
DEBUG:websockets.client:< TEXT '>battle-gen9championsvgc2026regma-1524\nOPheur3...ected open team sheets.' [73 bytes]
DEBUG:websockets.client:< TEXT '>battle-gen9championsvgc2026regma-1524\nOPheur3...ected open team sheets.' [73 bytes]
INFO:player:Team-preview [battle-gen9championsvgc2026regma-1524] NET drove: bring=['whimsicott', 'zoroarkhisui', 'ditto', 'charizardmegay'] leads=['whimsicott', 'zoroarkhisui'] (vs opp ['sneasler', 'charizard', 'whimsicott', 'basculegion', 'zoroarkhisui', 'ditto'])
INFO:vgc_base:Teampreview [battle-gen9championsvgc2026regma-1524] \u2192 /team 3562  (whimsicott, zoroarkhisui, ditto, charizardmegay)
DEBUG:websockets.client:> TEXT 'battle-gen9championsvgc2026regma-1524|/team 3562' [48 bytes]
DEBUG:vgc_base:Teampreview: first-4 roster order \u2192 ['sneasler', 'charizardmegay', 'whimsicott', 'basculegion']
INFO:vgc_base:Teampreview [battle-gen9championsvgc2026regma-1524] \u2192 /team 1234  (sneasler, charizardmegay, whimsicott, basculegion)
DEBUG:websockets.client:> TEXT 'battle-gen9championsvgc2026regma-1524|/team 1234' [48 bytes]
DEBUG:websockets.client:< TEXT '|pm| BC3| OPheur3|/challenge gen9championsvgc20...hampionsvgc2026regma|||' [83 bytes]
DEBUG:websockets.client:< TEXT '|pm| BC3| OPheur3|/log BC3 wants to battle!' [43 bytes]
DEBUG:websockets.client:< TEXT '|pm| BC3| OPheur3|/challenge gen9championsvgc20...hampionsvgc2026regma|||' [83 bytes]
DEBUG:websockets.client:< TEXT '|pm| BC3| OPheur3|/log BC3 wants to battle!' [43 bytes]
DEBUG:websockets.client:> TEXT '|/utm Sneasler||whiteherb|unburden|fakeout,dire...Naive|32,2,,,,32||||50|' [550 bytes]
DEBUG:websockets.client:> TEXT '|/accept bc3' [12 bytes]
DEBUG:websockets.client:< TEXT '>battle-gen9championsvgc2026regma-1524\n|\n|t:|...L50, F|100/100\n|turn|1' [321 bytes]
DEBUG:websockets.client:< TEXT '>battle-gen9championsvgc2026regma-1524\n|\n|t:|...L50, F|168/168\n|turn|1' [321 bytes]
DEBUG:websockets.client:< TEXT '>battle-gen9championsvgc2026regma-1524\n|reques...ing":false}]},"rqid":4}' [2167 bytes]
DEBUG:websockets.client:< TEXT '>battle-gen9championsvgc2026regma-1524\n|reques...ing":false}]},"rqid":5}' [2236 bytes]
INFO:player:Turn 1 [battle-gen9championsvgc2026regma-1524] value head win-prob: 0.351  (losing)
DEBUG:live_vgc_base:Turn 1 [battle-gen9championsvgc2026regma-1524] a0=0 a1=9 src=model opp_splice=on
DEBUG:websockets.client:> TEXT 'battle-gen9championsvgc2026regma-1524|/choose move encore 1, move icywind' [73 bytes]
DEBUG:vgc_base:Turn 1 [battle-gen9championsvgc2026regma-1524] a0=3 a1=0 src=heuristic g0=0 g1=0
DEBUG:websockets.client:> TEXT 'battle-gen9championsvgc2026regma-1524|/choose m...reclaw 1, move heatwave' [76 bytes]
DEBUG:websockets.client:< TEXT '|pm| OPheur3| BC3|/challenge' [28 bytes]
DEBUG:websockets.client:< TEXT '|pm| OPheur3| BC3|/challenge' [28 bytes]
DEBUG:websockets.client:< TEXT '|updatesearch|{"searching":[],"games":{"battle-... 2026 Reg M-A Battle"}}' [124 bytes]
DEBUG:websockets.client:< TEXT '|updatesearch|{"searching":[],"games":{"battle-... 2026 Reg M-A Battle"}}' [208 bytes]
DEBUG:websockets.client:< TEXT '|updatesearch|{"searching":[],"games":{"battle-... 2026 Reg M-A Battle"}}' [208 bytes]
DEBUG:websockets.client:< TEXT '>battle-gen9championsvgc2026regma-1525\n|init|b...n|j|\u2606BC3\n|j|\u2606OPheur3\n' [99 bytes]
DEBUG:websockets.client:< TEXT '|pm| OPheur3| BC3|/nonotify OPheur3 accepted th...26regma-1525</a>&raquo;' [173 bytes]
DEBUG:websockets.client:< TEXT '>battle-gen9championsvgc2026regma-1525\n|t:|1781641915\n|gametype|doubles' [71 bytes]
DEBUG:websockets.client:< TEXT '>battle-gen9championsvgc2026regma-1525\n|player|p1|BC3|169|' [58 bytes]
DEBUG:websockets.client:< TEXT '>battle-gen9championsvgc2026regma-1525\n|player...heets</strong></button>' [855 bytes]
DEBUG:websockets.client:< TEXT '>battle-gen9championsvgc2026regma-1525\n|reques...ing":false}]},"rqid":3}' [2097 bytes]
DEBUG:websockets.client:< TEXT '|updatesearch|{"searching":[],"games":{"battle-... 2026 Reg M-A Battle"}}' [124 bytes]
DEBUG:websockets.client:< TEXT '|updatesearch|{"searching":[],"games":{"battle-... 2026 Reg M-A Battle"}}' [208 bytes]
DEBUG:websockets.client:< TEXT '|updatesearch|{"searching":[],"games":{"battle-... 2026 Reg M-A Battle"}}' [208 bytes]
DEBUG:websockets.client:< TEXT '>battle-gen9championsvgc2026regma-1525\n|init|b... vs. OPheur3\n|j|\u2606BC3\n' [85 bytes]
DEBUG:websockets.client:< TEXT '>battle-gen9championsvgc2026regma-1525\n|j|\u2606OPheur3' [52 bytes]
DEBUG:websockets.client:< TEXT '|pm| OPheur3| BC3|/nonotify OPheur3 accepted th...26regma-1525</a>&raquo;' [173 bytes]
DEBUG:websockets.client:< TEXT '>battle-gen9championsvgc2026regma-1525\n|t:|1781641915\n|gametype|doubles' [71 bytes]
DEBUG:websockets.client:< TEXT '>battle-gen9championsvgc2026regma-1525\n|player|p1|BC3|169|' [58 bytes]
DEBUG:websockets.client:< TEXT '>battle-gen9championsvgc2026regma-1525\n|player...heets</strong></button>' [855 bytes]
DEBUG:websockets.client:< TEXT '>battle-gen9championsvgc2026regma-1525\n|reques...ing":false}]},"rqid":2}' [2093 bytes]
DEBUG:websockets.client:< TEXT '>battle-gen9championsvgc2026regma-1524\n|\n|t:|...rk|Illusion\n|\n|upkeep' [672 bytes]
DEBUG:websockets.client:< TEXT '>battle-gen9championsvgc2026regma-1524\n|\n|t:|...rk|Illusion\n|\n|upkeep' [674 bytes]
DEBUG:websockets.client:< TEXT '>battle-gen9championsvgc2026regma-1524\n|reques...oCancel":true,"rqid":6}' [1420 bytes]
DEBUG:websockets.client:< TEXT '>battle-gen9championsvgc2026regma-1524\n|reques...ing":false}]},"rqid":7}' [1453 bytes]
DEBUG:live_vgc_base:forceSwitch forced_switch_model [battle-gen9championsvgc2026regma-1524] turn 1 a0=13 a1=None opp_splice=on
DEBUG:websockets.client:> TEXT 'battle-gen9championsvgc2026regma-1524|/choose switch Ditto, pass' [64 bytes]
DEBUG:websockets.client:< TEXT '>battle-gen9championsvgc2026regma-1524\n|\n|t:|...lity: Imposter\n|turn|2' [164 bytes]
DEBUG:websockets.client:< TEXT '>battle-gen9championsvgc2026regma-1524\n|\n|t:|...lity: Imposter\n|turn|2' [164 bytes]
DEBUG:websockets.client:< TEXT '>battle-gen9championsvgc2026regma-1524\n|reques...ing":false}]},"rqid":8}' [2198 bytes]
INFO:player:Turn 2 [battle-gen9championsvgc2026regma-1524] value head win-prob: 0.172  (losing)
DEBUG:live_vgc_base:Turn 2 [battle-gen9championsvgc2026regma-1524] a0=0 a1=9 src=model opp_splice=on
DEBUG:websockets.client:> TEXT 'battle-gen9championsvgc2026regma-1524|/choose move heatwave, move icywind' [73 bytes]
DEBUG:websockets.client:< TEXT '>battle-gen9championsvgc2026regma-1524\n|reques...ing":false}]},"rqid":9}' [2226 bytes]
DEBUG:vgc_base:Turn 2 [battle-gen9championsvgc2026regma-1524] a0=3 a1=10 src=heuristic g0=0 g1=0
DEBUG:websockets.client:> TEXT 'battle-gen9championsvgc2026regma-1524|/choose m...law 1, move solarbeam 2' [79 bytes]
DEBUG:websockets.client:< TEXT '>battle-gen9championsvgc2026regma-1524\n|\n|t:|...am\n|\n|upkeep\n|turn|3' [547 bytes]
DEBUG:websockets.client:< TEXT '>battle-gen9championsvgc2026regma-1524\n|\n|t:|...am\n|\n|upkeep\n|turn|3' [548 bytes]
DEBUG:websockets.client:< TEXT '>battle-gen9championsvgc2026regma-1524\n|reques...ng":false}]},"rqid":10}' [2198 bytes]
DEBUG:websockets.client:< TEXT '>battle-gen9championsvgc2026regma-1524\n|reques...ng":false}]},"rqid":11}' [1887 bytes]
DEBUG:vgc_base:Turn 3 [battle-gen9championsvgc2026regma-1524] a0=3 a1=10 src=heuristic g0=0 g1=0
DEBUG:websockets.client:> TEXT 'battle-gen9championsvgc2026regma-1524|/choose m...law 1, move solarbeam 2' [79 bytes]
INFO:player:Turn 3 [battle-gen9championsvgc2026regma-1524] value head win-prob: 0.559  (winning)
DEBUG:live_vgc_base:Turn 3 [battle-gen9championsvgc2026regma-1524] a0=0 a1=9 src=model opp_splice=on
DEBUG:websockets.client:> TEXT 'battle-gen9championsvgc2026regma-1524|/choose move heatwave, move icywind' [73 bytes]
DEBUG:websockets.client:< TEXT '>battle-gen9championsvgc2026regma-1524\n|\n|t:|...1b: Zoroark\n|\n|upkeep' [590 bytes]
DEBUG:websockets.client:< TEXT '>battle-gen9championsvgc2026regma-1524\n|\n|t:|...1b: Zoroark\n|\n|upkeep' [590 bytes]
DEBUG:websockets.client:< TEXT '>battle-gen9championsvgc2026regma-1524\n|reques...ng":false}]},"rqid":12}' [1439 bytes]
DEBUG:websockets.client:< TEXT '>battle-gen9championsvgc2026regma-1524\n|reques...ng":false}]},"rqid":13}' [1466 bytes]
DEBUG:vgc_base:forceSwitch [battle-gen9championsvgc2026regma-1524] force=[True, False] \u2192 /choose switch Whimsicott / /choose pass
DEBUG:websockets.client:> TEXT 'battle-gen9championsvgc2026regma-1524|/choose switch Whimsicott, pass' [69 bytes]
DEBUG:live_vgc_base:forceSwitch forced_switch_model [battle-gen9championsvgc2026regma-1524] turn 3 a0=None a1=12 opp_splice=on
DEBUG:websockets.client:> TEXT 'battle-gen9championsvgc2026regma-1524|/choose pass, switch Charizard' [68 bytes]
DEBUG:websockets.client:< TEXT ">battle-gen9championsvgc2026regma-1524\n|error|...ch to an active Pokémon" [115 bytes]
DEBUG:live_vgc_base:forceSwitch forced_switch_model [battle-gen9championsvgc2026regma-1524] turn 3 a0=None a1=12 opp_splice=on
DEBUG:websockets.client:> TEXT 'battle-gen9championsvgc2026regma-1524|/choose pass, switch Charizard' [68 bytes]
DEBUG:websockets.client:< TEXT ">battle-gen9championsvgc2026regma-1524\n|error|...ch to an active Pokémon" [115 bytes]
WARNING:vgc_base:forceSwitch [battle-gen9championsvgc2026regma-1524] re-requested 3× (order rejected) — sending /choose default.
DEBUG:websockets.client:> TEXT 'battle-gen9championsvgc2026regma-1524|/choose default' [53 bytes]
DEBUG:websockets.client:< TEXT '>battle-gen9championsvgc2026regma-1524\n|\n|t:|...L50, M|168/168\n|turn|4' [163 bytes]
DEBUG:websockets.client:< TEXT '>battle-gen9championsvgc2026regma-1524\n|\n|t:|...L50, M|100/100\n|turn|4' [163 bytes]
DEBUG:websockets.client:< TEXT '>battle-gen9championsvgc2026regma-1524\n|reques...ng":false}]},"rqid":14}' [2207 bytes]
DEBUG:websockets.client:< TEXT '>battle-gen9championsvgc2026regma-1524\n|reques...ng":false}]},"rqid":15}' [2237 bytes]
INFO:player:Turn 4 [battle-gen9championsvgc2026regma-1524] value head win-prob: 0.103  (losing)
DEBUG:live_vgc_base:Turn 4 [battle-gen9championsvgc2026regma-1524] a0=0 a1=0 src=model opp_splice=on
DEBUG:websockets.client:> TEXT 'battle-gen9championsvgc2026regma-1524|/choose m...ave, move heatwave mega' [79 bytes]
DEBUG:vgc_base:Turn 4 [battle-gen9championsvgc2026regma-1524] a0=6 a1=0 src=heuristic g0=0 g1=0
DEBUG:websockets.client:> TEXT 'battle-gen9championsvgc2026regma-1524|/choose m...nblast 1, move heatwave' [77 bytes]
DEBUG:websockets.client:< TEXT '>battle-gen9championsvgc2026regma-1524\n|\n|t:|...nyDay|[upkeep]\n|upkeep' [714 bytes]
DEBUG:websockets.client:< TEXT '>battle-gen9championsvgc2026regma-1524\n|\n|t:|...nyDay|[upkeep]\n|upkeep' [714 bytes]
DEBUG:websockets.client:< TEXT '>battle-gen9championsvgc2026regma-1524\n|reques...ng":false}]},"rqid":16}' [1389 bytes]
DEBUG:websockets.client:< TEXT '>battle-gen9championsvgc2026regma-1524\n|reques...Cancel":true,"rqid":17}' [1469 bytes]
DEBUG:vgc_base:forceSwitch slot 1: no available switch — '/choose default' (handled poke-env desync).
DEBUG:vgc_base:forceSwitch DIAG [battle-gen9championsvgc2026regma-1524] turn=4 slot=1 force=[True, True] available_switches=[['basculegion'], ['basculegion']] team=[sneasler(act=False,fnt=True,hp=0), charizard(act=True,fnt=True,hp=0), whimsicott(act=True,fnt=True,hp=0), basculegion(act=False,fnt=False,hp=1.0), zoroarkhisui(act=False,fnt=False,hp=1.0), ditto(act=False,fnt=False,hp=1.0)]
DEBUG:websockets.client:> TEXT 'battle-gen9championsvgc2026regma-1524|/choose default' [53 bytes]
DEBUG:websockets.client:< TEXT '>battle-gen9championsvgc2026regma-1524\n|\n|t:|...L50, M|100/100\n|turn|5' [116 bytes]
DEBUG:websockets.client:< TEXT '>battle-gen9championsvgc2026regma-1524\n|\n|t:|...L50, M|197/197\n|turn|5' [116 bytes]
DEBUG:websockets.client:< TEXT '>battle-gen9championsvgc2026regma-1524\n|reques...ng":false}]},"rqid":18}' [1878 bytes]
INFO:player:Turn 5 [battle-gen9championsvgc2026regma-1524] value head win-prob: 0.930  (winning)
DEBUG:live_vgc_base:Turn 5 [battle-gen9championsvgc2026regma-1524] a0=0 a1=6 src=model opp_splice=on
DEBUG:vgc_base:_safe_order: action 0 slot 0 \u2192 None, scanning legal actions.
DEBUG:vgc_base:_safe_order: slot 0 has no decodable legal action — sending Pass.
DEBUG:websockets.client:> TEXT 'battle-gen9championsvgc2026regma-1524|/choose pass, move protect' [64 bytes]
DEBUG:websockets.client:< TEXT '>battle-gen9championsvgc2026regma-1524\n|reques...ng":false}]},"rqid":19}' [2221 bytes]
DEBUG:vgc_base:Turn 5 [battle-gen9championsvgc2026regma-1524] a0=4 a1=0 src=heuristic g0=0 g1=0
DEBUG:vgc_base:_safe_order: action 0 slot 1 \u2192 None, scanning legal actions.
DEBUG:vgc_base:_safe_order: slot 1 has no decodable legal action — sending Pass.
DEBUG:websockets.client:> TEXT 'battle-gen9championsvgc2026regma-1524|/choose move wavecrash 2, pass' [68 bytes]
DEBUG:websockets.client:< TEXT '>battle-gen9championsvgc2026regma-1524\n|\n|t:|...keep]\n|upkeep\n|turn|6' [270 bytes]
DEBUG:websockets.client:< TEXT '>battle-gen9championsvgc2026regma-1524\n|\n|t:|...keep]\n|upkeep\n|turn|6' [270 bytes]
DEBUG:websockets.client:< TEXT '>battle-gen9championsvgc2026regma-1524\n|reques...ng":false}]},"rqid":20}' [1878 bytes]
DEBUG:websockets.client:< TEXT '>battle-gen9championsvgc2026regma-1524\n|reques...ng":false}]},"rqid":21}' [2221 bytes]
INFO:player:Turn 6 [battle-gen9championsvgc2026regma-1524] value head win-prob: 0.934  (winning)
DEBUG:live_vgc_base:Turn 6 [battle-gen9championsvgc2026regma-1524] a0=0 a1=6 src=model opp_splice=on
DEBUG:vgc_base:_safe_order: action 0 slot 0 \u2192 None, scanning legal actions.
DEBUG:vgc_base:_safe_order: slot 0 has no decodable legal action — sending Pass.
DEBUG:websockets.client:> TEXT 'battle-gen9championsvgc2026regma-1524|/choose pass, move protect' [64 bytes]
DEBUG:vgc_base:Turn 6 [battle-gen9championsvgc2026regma-1524] a0=4 a1=0 src=heuristic g0=0 g1=0
DEBUG:vgc_base:_safe_order: action 0 slot 1 \u2192 None, scanning legal actions.
DEBUG:vgc_base:_safe_order: slot 1 has no decodable legal action — sending Pass.
DEBUG:websockets.client:> TEXT 'battle-gen9championsvgc2026regma-1524|/choose move wavecrash 2, pass' [68 bytes]
DEBUG:websockets.client:< TEXT '>battle-gen9championsvgc2026regma-1524\n|\n|t:|...keep]\n|upkeep\n|turn|7' [270 bytes]
DEBUG:websockets.client:< TEXT '>battle-gen9championsvgc2026regma-1524\n|\n|t:|...keep]\n|upkeep\n|turn|7' [270 bytes]
DEBUG:websockets.client:< TEXT '>battle-gen9championsvgc2026regma-1524\n|reques...ng":false}]},"rqid":22}' [1878 bytes]
DEBUG:websockets.client:< TEXT '>battle-gen9championsvgc2026regma-1524\n|reques...ng":false}]},"rqid":23}' [2221 bytes]
DEBUG:vgc_base:Turn 7 [battle-gen9championsvgc2026regma-1524] a0=4 a1=0 src=heuristic g0=0 g1=0
DEBUG:vgc_base:_safe_order: action 0 slot 1 \u2192 None, scanning legal actions.
DEBUG:vgc_base:_safe_order: slot 1 has no decodable legal action — sending Pass.
DEBUG:websockets.client:> TEXT 'battle-gen9championsvgc2026regma-1524|/choose move wavecrash 2, pass' [68 bytes]
INFO:player:Turn 7 [battle-gen9championsvgc2026regma-1524] value head win-prob: 0.933  (winning)
DEBUG:live_vgc_base:Turn 7 [battle-gen9championsvgc2026regma-1524] a0=0 a1=6 src=model opp_splice=on
DEBUG:vgc_base:_safe_order: action 0 slot 0 \u2192 None, scanning legal actions.
DEBUG:vgc_base:_safe_order: slot 0 has no decodable legal action — sending Pass.
DEBUG:websockets.client:> TEXT 'battle-gen9championsvgc2026regma-1524|/choose pass, move protect' [64 bytes]
DEBUG:websockets.client:< TEXT '>battle-gen9championsvgc2026regma-1524\n|\n|t:|...Recoil\n|\n|win|OPheur3' [334 bytes]
DEBUG:websockets.client:< TEXT '>battle-gen9championsvgc2026regma-1524\n|\n|t:|...Recoil\n|\n|win|OPheur3' [335 bytes]
INFO:vgc_base:Battle battle-gen9championsvgc2026regma-1524 finished — outcome: LOSS  (W/L/D so far: 0/7/0)
DEBUG:websockets.client:> TEXT '|/leave battle-gen9championsvgc2026regma-1524' [45 bytes]
DEBUG:websockets.client:< TEXT '|updatesearch|{"searching":[],"games":{"battle-... 2026 Reg M-A Battle"}}' [124 bytes]
DEBUG:websockets.client:< TEXT '|updatesearch|{"searching":[],"games":{"battle-... 2026 Reg M-A Battle"}}' [124 bytes]
DEBUG:websockets.client:> TEXT 'battle-gen9championsvgc2026regma-1525|/rejectopenteamsheets' [59 bytes]
INFO:vgc_base:Battle battle-gen9championsvgc2026regma-1524 finished — outcome: WIN  (W/L/D so far: 7/0/0)
DEBUG:websockets.client:> TEXT '|/leave battle-gen9championsvgc2026regma-1524' [45 bytes]
DEBUG:websockets.client:> TEXT '|/utm Sneasler||whiteherb|unburden|fakeout,dire...Naive|32,2,,,,32||||50|' [550 bytes]
DEBUG:websockets.client:> TEXT '|/challenge opheur3, gen9championsvgc2026regma' [46 bytes]
DEBUG:websockets.client:> TEXT 'battle-gen9championsvgc2026regma-1525|/rejectopenteamsheets' [59 bytes]
DEBUG:websockets.client:< TEXT '>battle-gen9championsvgc2026regma-1524\n|deinit' [46 bytes]
DEBUG:websockets.client:< TEXT '>battle-gen9championsvgc2026regma-1524\n|l|\u2606BC3' [48 bytes]
DEBUG:websockets.client:< TEXT '>battle-gen9championsvgc2026regma-1525\n|uhtmlchange|otsrequest|' [63 bytes]
DEBUG:websockets.client:< TEXT '>battle-gen9championsvgc2026regma-1525\nBC3 rejected open team sheets.' [69 bytes]
DEBUG:websockets.client:< TEXT '>battle-gen9championsvgc2026regma-1525\n|uhtmlchange|otsrequest|' [63 bytes]
DEBUG:websockets.client:< TEXT '>battle-gen9championsvgc2026regma-1525\nBC3 rejected open team sheets.' [69 bytes]
DEBUG:websockets.client:< TEXT '>battle-gen9championsvgc2026regma-1524\n|deinit' [46 bytes]
INFO:player:Team-preview [battle-gen9championsvgc2026regma-1525] NET drove: bring=['whimsicott', 'zoroarkhisui', 'ditto', 'charizardmegay'] leads=['whimsicott', 'zoroarkhisui'] (vs opp ['sneasler', 'charizard', 'whimsicott', 'basculegion', 'zoroarkhisui', 'ditto'])
INFO:vgc_base:Teampreview [battle-gen9championsvgc2026regma-1525] \u2192 /team 3562  (whimsicott, zoroarkhisui, ditto, charizardmegay)
DEBUG:websockets.client:> TEXT 'battle-gen9championsvgc2026regma-1525|/team 3562' [48 bytes]
DEBUG:vgc_base:Teampreview: first-4 roster order \u2192 ['sneasler', 'charizardmegay', 'whimsicott', 'basculegion']
INFO:vgc_base:Teampreview [battle-gen9championsvgc2026regma-1525] \u2192 /team 1234  (sneasler, charizardmegay, whimsicott, basculegion)
DEBUG:websockets.client:> TEXT 'battle-gen9championsvgc2026regma-1525|/team 1234' [48 bytes]
DEBUG:websockets.client:< TEXT '>battle-gen9championsvgc2026regma-1525\n|uhtmlchange|otsrequest|' [63 bytes]
DEBUG:websockets.client:< TEXT '>battle-gen9championsvgc2026regma-1525\n|uhtmlchange|otsrequest|' [63 bytes]
DEBUG:websockets.client:< TEXT '>battle-gen9championsvgc2026regma-1525\nOPheur3...ected open team sheets.' [73 bytes]
DEBUG:websockets.client:< TEXT '|pm| BC3| OPheur3|/challenge gen9championsvgc20...hampionsvgc2026regma|||' [83 bytes]
DEBUG:websockets.client:< TEXT '|pm| BC3| OPheur3|/log BC3 wants to battle!' [43 bytes]
DEBUG:websockets.client:< TEXT '>battle-gen9championsvgc2026regma-1525\nOPheur3...ected open team sheets.' [73 bytes]
DEBUG:websockets.client:< TEXT '|pm| BC3| OPheur3|/challenge gen9championsvgc20...hampionsvgc2026regma|||' [83 bytes]
DEBUG:websockets.client:< TEXT '|pm| BC3| OPheur3|/log BC3 wants to battle!' [43 bytes]
DEBUG:websockets.client:> TEXT '|/utm Sneasler||whiteherb|unburden|fakeout,dire...Naive|32,2,,,,32||||50|' [550 bytes]
DEBUG:websockets.client:> TEXT '|/accept bc3' [12 bytes]
DEBUG:websockets.client:< TEXT '|pm| OPheur3| BC3|/challenge' [28 bytes]
DEBUG:websockets.client:< TEXT '|pm| OPheur3| BC3|/challenge' [28 bytes]
DEBUG:websockets.client:< TEXT '|updatesearch|{"searching":[],"games":{"battle-... 2026 Reg M-A Battle"}}' [124 bytes]
DEBUG:websockets.client:< TEXT '|updatesearch|{"searching":[],"games":{"battle-... 2026 Reg M-A Battle"}}' [124 bytes]
DEBUG:websockets.client:< TEXT '|updatesearch|{"searching":[],"games":{"battle-... 2026 Reg M-A Battle"}}' [208 bytes]
DEBUG:websockets.client:< TEXT '|updatesearch|{"searching":[],"games":{"battle-... 2026 Reg M-A Battle"}}' [208 bytes]
DEBUG:websockets.client:< TEXT '|updatesearch|{"searching":[],"games":{"battle-... 2026 Reg M-A Battle"}}' [208 bytes]
DEBUG:websockets.client:< TEXT '|updatesearch|{"searching":[],"games":{"battle-... 2026 Reg M-A Battle"}}' [208 bytes]
DEBUG:websockets.client:< TEXT '>battle-gen9championsvgc2026regma-1526\n|init|b... vs. OPheur3\n|j|\u2606BC3\n' [85 bytes]
DEBUG:websockets.client:< TEXT '>battle-gen9championsvgc2026regma-1526\n|init|b...n|j|\u2606BC3\n|j|\u2606OPheur3\n' [99 bytes]
DEBUG:websockets.client:< TEXT '|pm| OPheur3| BC3|/nonotify OPheur3 accepted th...26regma-1526</a>&raquo;' [173 bytes]
DEBUG:websockets.client:< TEXT '>battle-gen9championsvgc2026regma-1526\n|j|\u2606OPheur3' [52 bytes]
DEBUG:websockets.client:< TEXT '|pm| OPheur3| BC3|/nonotify OPheur3 accepted th...26regma-1526</a>&raquo;' [173 bytes]
DEBUG:websockets.client:< TEXT '>battle-gen9championsvgc2026regma-1525\n|\n|t:|...L50, F|100/100\n|turn|1' [321 bytes]
DEBUG:websockets.client:< TEXT '>battle-gen9championsvgc2026regma-1525\n|\n|t:|...L50, F|168/168\n|turn|1' [321 bytes]
DEBUG:websockets.client:< TEXT '>battle-gen9championsvgc2026regma-1525\n|reques...ing":false}]},"rqid":4}' [2167 bytes]
DEBUG:websockets.client:< TEXT '>battle-gen9championsvgc2026regma-1526\n|t:|1781641915\n|gametype|doubles' [71 bytes]
DEBUG:websockets.client:< TEXT '>battle-gen9championsvgc2026regma-1526\n|player|p1|BC3|169|' [58 bytes]
DEBUG:websockets.client:< TEXT '>battle-gen9championsvgc2026regma-1525\n|reques...ing":false}]},"rqid":5}' [2236 bytes]
DEBUG:websockets.client:< TEXT '>battle-gen9championsvgc2026regma-1526\n|t:|1781641915\n|gametype|doubles' [71 bytes]
DEBUG:websockets.client:< TEXT '>battle-gen9championsvgc2026regma-1526\n|player|p1|BC3|169|' [58 bytes]
DEBUG:websockets.client:< TEXT '>battle-gen9championsvgc2026regma-1526\n|player...heets</strong></button>' [855 bytes]
DEBUG:websockets.client:< TEXT '>battle-gen9championsvgc2026regma-1526\n|reques...ing":false}]},"rqid":2}' [2093 bytes]
DEBUG:websockets.client:< TEXT '>battle-gen9championsvgc2026regma-1526\n|player...heets</strong></button>' [855 bytes]
DEBUG:websockets.client:< TEXT '>battle-gen9championsvgc2026regma-1526\n|reques...ing":false}]},"rqid":3}' [2097 bytes]
DEBUG:vgc_base:Turn 1 [battle-gen9championsvgc2026regma-1525] a0=3 a1=0 src=heuristic g0=0 g1=0
DEBUG:websockets.client:> TEXT 'battle-gen9championsvgc2026regma-1525|/choose m...reclaw 1, move heatwave' [76 bytes]
INFO:player:Turn 1 [battle-gen9championsvgc2026regma-1525] value head win-prob: 0.351  (losing)
DEBUG:live_vgc_base:Turn 1 [battle-gen9championsvgc2026regma-1525] a0=0 a1=9 src=model opp_splice=on
DEBUG:websockets.client:> TEXT 'battle-gen9championsvgc2026regma-1525|/choose move encore 1, move icywind' [73 bytes]
DEBUG:websockets.client:< TEXT '>battle-gen9championsvgc2026regma-1525\n|\n|t:|...rk|Illusion\n|\n|upkeep' [672 bytes]
DEBUG:websockets.client:< TEXT '>battle-gen9championsvgc2026regma-1525\n|\n|t:|...rk|Illusion\n|\n|upkeep' [674 bytes]
DEBUG:websockets.client:< TEXT '>battle-gen9championsvgc2026regma-1525\n|reques...oCancel":true,"rqid":6}' [1420 bytes]
DEBUG:websockets.client:< TEXT '>battle-gen9championsvgc2026regma-1525\n|reques...ing":false}]},"rqid":7}' [1453 bytes]
DEBUG:live_vgc_base:forceSwitch forced_switch_model [battle-gen9championsvgc2026regma-1525] turn 1 a0=13 a1=None opp_splice=on
DEBUG:websockets.client:> TEXT 'battle-gen9championsvgc2026regma-1525|/choose switch Ditto, pass' [64 bytes]
DEBUG:websockets.client:< TEXT '>battle-gen9championsvgc2026regma-1525\n|\n|t:|...lity: Imposter\n|turn|2' [164 bytes]
DEBUG:websockets.client:< TEXT '>battle-gen9championsvgc2026regma-1525\n|\n|t:|...lity: Imposter\n|turn|2' [164 bytes]
DEBUG:websockets.client:< TEXT '>battle-gen9championsvgc2026regma-1525\n|reques...ing":false}]},"rqid":9}' [2226 bytes]
DEBUG:websockets.client:< TEXT '>battle-gen9championsvgc2026regma-1525\n|reques...ing":false}]},"rqid":8}' [2198 bytes]
DEBUG:vgc_base:Turn 2 [battle-gen9championsvgc2026regma-1525] a0=3 a1=10 src=heuristic g0=0 g1=0
DEBUG:websockets.client:> TEXT 'battle-gen9championsvgc2026regma-1525|/choose m...law 1, move solarbeam 2' [79 bytes]
INFO:player:Turn 2 [battle-gen9championsvgc2026regma-1525] value head win-prob: 0.174  (losing)
DEBUG:live_vgc_base:Turn 2 [battle-gen9championsvgc2026regma-1525] a0=0 a1=9 src=model opp_splice=on
DEBUG:websockets.client:> TEXT 'battle-gen9championsvgc2026regma-1525|/choose move heatwave, move icywind' [73 bytes]
DEBUG:websockets.client:< TEXT '>battle-gen9championsvgc2026regma-1525\n|\n|t:|...am\n|\n|upkeep\n|turn|3' [548 bytes]
DEBUG:websockets.client:< TEXT '>battle-gen9championsvgc2026regma-1525\n|\n|t:|...am\n|\n|upkeep\n|turn|3' [550 bytes]
DEBUG:websockets.client:< TEXT '>battle-gen9championsvgc2026regma-1525\n|reques...ng":false}]},"rqid":10}' [2198 bytes]
DEBUG:websockets.client:< TEXT '>battle-gen9championsvgc2026regma-1525\n|reques...ng":false}]},"rqid":11}' [1887 bytes]
DEBUG:vgc_base:Turn 3 [battle-gen9championsvgc2026regma-1525] a0=3 a1=10 src=heuristic g0=0 g1=0
DEBUG:websockets.client:> TEXT 'battle-gen9championsvgc2026regma-1525|/choose m...law 1, move solarbeam 2' [79 bytes]
INFO:player:Turn 3 [battle-gen9championsvgc2026regma-1525] value head win-prob: 0.548  (even)
DEBUG:live_vgc_base:Turn 3 [battle-gen9championsvgc2026regma-1525] a0=0 a1=9 src=model opp_splice=on
DEBUG:websockets.client:> TEXT 'battle-gen9championsvgc2026regma-1525|/choose move heatwave, move icywind' [73 bytes]
DEBUG:websockets.client:< TEXT '>battle-gen9championsvgc2026regma-1525\n|\n|t:|...1b: Zoroark\n|\n|upkeep' [591 bytes]
DEBUG:websockets.client:< TEXT '>battle-gen9championsvgc2026regma-1525\n|\n|t:|...1b: Zoroark\n|\n|upkeep' [591 bytes]
DEBUG:websockets.client:< TEXT '>battle-gen9championsvgc2026regma-1525\n|reques...ng":false}]},"rqid":12}' [1439 bytes]
DEBUG:websockets.client:< TEXT '>battle-gen9championsvgc2026regma-1525\n|reques...ng":false}]},"rqid":13}' [1466 bytes]
DEBUG:vgc_base:forceSwitch [battle-gen9championsvgc2026regma-1525] force=[True, False] \u2192 /choose switch Basculegion / /choose pass
DEBUG:websockets.client:> TEXT 'battle-gen9championsvgc2026regma-1525|/choose switch Basculegion, pass' [70 bytes]
DEBUG:live_vgc_base:forceSwitch forced_switch_model [battle-gen9championsvgc2026regma-1525] turn 3 a0=None a1=12 opp_splice=on
DEBUG:websockets.client:> TEXT 'battle-gen9championsvgc2026regma-1525|/choose pass, switch Charizard' [68 bytes]
DEBUG:websockets.client:< TEXT ">battle-gen9championsvgc2026regma-1525\n|error|...ch to an active Pokémon" [115 bytes]
DEBUG:live_vgc_base:forceSwitch forced_switch_model [battle-gen9championsvgc2026regma-1525] turn 3 a0=None a1=12 opp_splice=on
DEBUG:websockets.client:> TEXT 'battle-gen9championsvgc2026regma-1525|/choose pass, switch Charizard' [68 bytes]
DEBUG:websockets.client:< TEXT ">battle-gen9championsvgc2026regma-1525\n|error|...ch to an active Pokémon" [115 bytes]
WARNING:vgc_base:forceSwitch [battle-gen9championsvgc2026regma-1525] re-requested 3× (order rejected) — sending /choose default.
DEBUG:websockets.client:> TEXT 'battle-gen9championsvgc2026regma-1525|/choose default' [53 bytes]
DEBUG:websockets.client:< TEXT '>battle-gen9championsvgc2026regma-1525\n|\n|t:|...L50, F|168/168\n|turn|4' [165 bytes]
DEBUG:websockets.client:< TEXT '>battle-gen9championsvgc2026regma-1525\n|\n|t:|...L50, F|100/100\n|turn|4' [165 bytes]
DEBUG:websockets.client:< TEXT '>battle-gen9championsvgc2026regma-1525\n|reques...ng":false}]},"rqid":14}' [2207 bytes]
DEBUG:websockets.client:< TEXT '>battle-gen9championsvgc2026regma-1525\n|reques...ng":false}]},"rqid":15}' [2233 bytes]
INFO:player:Turn 4 [battle-gen9championsvgc2026regma-1525] value head win-prob: 0.088  (losing)
DEBUG:live_vgc_base:Turn 4 [battle-gen9championsvgc2026regma-1525] a0=0 a1=0 src=model opp_splice=on
DEBUG:websockets.client:> TEXT 'battle-gen9championsvgc2026regma-1525|/choose m...ave, move heatwave mega' [79 bytes]
DEBUG:vgc_base:Turn 4 [battle-gen9championsvgc2026regma-1525] a0=3 a1=0 src=heuristic g0=0 g1=0
DEBUG:websockets.client:> TEXT 'battle-gen9championsvgc2026regma-1525|/choose m...ecrash 1, move heatwave' [77 bytes]
DEBUG:websockets.client:< TEXT '>battle-gen9championsvgc2026regma-1525\n|\n|t:|...nyDay|[upkeep]\n|upkeep' [632 bytes]
DEBUG:websockets.client:< TEXT '>battle-gen9championsvgc2026regma-1525\n|\n|t:|...nyDay|[upkeep]\n|upkeep' [634 bytes]
DEBUG:websockets.client:< TEXT '>battle-gen9championsvgc2026regma-1525\n|reques...ng":false}]},"rqid":16}' [1389 bytes]
DEBUG:websockets.client:< TEXT '>battle-gen9championsvgc2026regma-1525\n|reques...Cancel":true,"rqid":17}' [1481 bytes]
DEBUG:vgc_base:forceSwitch [battle-gen9championsvgc2026regma-1525] force=[False, True] \u2192 /choose pass / /choose switch Whimsicott
DEBUG:websockets.client:> TEXT 'battle-gen9championsvgc2026regma-1525|/choose pass, switch Whimsicott' [69 bytes]
DEBUG:websockets.client:< TEXT '>battle-gen9championsvgc2026regma-1525\n|\n|t:|...L50, F|100/100\n|turn|5' [114 bytes]
DEBUG:websockets.client:< TEXT '>battle-gen9championsvgc2026regma-1525\n|\n|t:|...L50, F|137/137\n|turn|5' [114 bytes]
DEBUG:websockets.client:< TEXT '>battle-gen9championsvgc2026regma-1525\n|reques...ng":false}]},"rqid":18}' [1878 bytes]
DEBUG:websockets.client:< TEXT '>battle-gen9championsvgc2026regma-1525\n|reques...ng":false}]},"rqid":19}' [2211 bytes]
DEBUG:vgc_base:Turn 5 [battle-gen9championsvgc2026regma-1525] a0=4 a1=7 src=heuristic g0=0 g1=0
DEBUG:websockets.client:> TEXT 'battle-gen9championsvgc2026regma-1525|/choose m...ash 2, move moonblast 2' [80 bytes]
INFO:player:Turn 5 [battle-gen9championsvgc2026regma-1525] value head win-prob: 0.009  (losing)
DEBUG:live_vgc_base:Turn 5 [battle-gen9championsvgc2026regma-1525] a0=0 a1=0 src=model opp_splice=on
DEBUG:vgc_base:_safe_order: action 0 slot 0 \u2192 None, scanning legal actions.
DEBUG:vgc_base:_safe_order: slot 0 has no decodable legal action — sending Pass.
DEBUG:websockets.client:> TEXT 'battle-gen9championsvgc2026regma-1525|/choose pass, move heatwave' [65 bytes]
DEBUG:websockets.client:< TEXT '>battle-gen9championsvgc2026regma-1525\n|\n|t:|...Recoil\n|\n|win|OPheur3' [663 bytes]
DEBUG:websockets.client:< TEXT '>battle-gen9championsvgc2026regma-1525\n|\n|t:|...Recoil\n|\n|win|OPheur3' [663 bytes]
DEBUG:websockets.client:< TEXT '|updatesearch|{"searching":[],"games":{"battle-... 2026 Reg M-A Battle"}}' [124 bytes]
INFO:vgc_base:Battle battle-gen9championsvgc2026regma-1525 finished — outcome: LOSS  (W/L/D so far: 0/8/0)
DEBUG:websockets.client:> TEXT '|/leave battle-gen9championsvgc2026regma-1525' [45 bytes]
DEBUG:websockets.client:< TEXT '|updatesearch|{"searching":[],"games":{"battle-... 2026 Reg M-A Battle"}}' [124 bytes]
DEBUG:websockets.client:> TEXT 'battle-gen9championsvgc2026regma-1526|/rejectopenteamsheets' [59 bytes]
INFO:vgc_base:Battle battle-gen9championsvgc2026regma-1525 finished — outcome: WIN  (W/L/D so far: 8/0/0)
DEBUG:websockets.client:> TEXT '|/leave battle-gen9championsvgc2026regma-1525' [45 bytes]
DEBUG:websockets.client:> TEXT '|/utm Sneasler||whiteherb|unburden|fakeout,dire...Naive|32,2,,,,32||||50|' [550 bytes]
DEBUG:websockets.client:> TEXT '|/challenge opheur3, gen9championsvgc2026regma' [46 bytes]
DEBUG:websockets.client:> TEXT 'battle-gen9championsvgc2026regma-1526|/rejectopenteamsheets' [59 bytes]
DEBUG:websockets.client:< TEXT '>battle-gen9championsvgc2026regma-1525\n|deinit' [46 bytes]
DEBUG:websockets.client:< TEXT '>battle-gen9championsvgc2026regma-1525\n|l|\u2606BC3' [48 bytes]
DEBUG:websockets.client:< TEXT '>battle-gen9championsvgc2026regma-1526\n|uhtmlchange|otsrequest|' [63 bytes]
DEBUG:websockets.client:< TEXT '>battle-gen9championsvgc2026regma-1526\nBC3 rejected open team sheets.' [69 bytes]
DEBUG:websockets.client:< TEXT '>battle-gen9championsvgc2026regma-1526\n|uhtmlchange|otsrequest|' [63 bytes]
DEBUG:websockets.client:< TEXT '>battle-gen9championsvgc2026regma-1526\nBC3 rejected open team sheets.' [69 bytes]
DEBUG:websockets.client:< TEXT '>battle-gen9championsvgc2026regma-1525\n|deinit' [46 bytes]
DEBUG:websockets.client:< TEXT '>battle-gen9championsvgc2026regma-1526\n|uhtmlchange|otsrequest|' [63 bytes]
DEBUG:websockets.client:< TEXT '>battle-gen9championsvgc2026regma-1526\n|uhtmlchange|otsrequest|' [63 bytes]
DEBUG:websockets.client:< TEXT '>battle-gen9championsvgc2026regma-1526\nOPheur3...ected open team sheets.' [73 bytes]
DEBUG:websockets.client:< TEXT '>battle-gen9championsvgc2026regma-1526\nOPheur3...ected open team sheets.' [73 bytes]
INFO:player:Team-preview [battle-gen9championsvgc2026regma-1526] NET drove: bring=['whimsicott', 'zoroarkhisui', 'ditto', 'charizardmegay'] leads=['whimsicott', 'zoroarkhisui'] (vs opp ['sneasler', 'charizard', 'whimsicott', 'basculegion', 'zoroarkhisui', 'ditto'])
INFO:vgc_base:Teampreview [battle-gen9championsvgc2026regma-1526] \u2192 /team 3562  (whimsicott, zoroarkhisui, ditto, charizardmegay)
DEBUG:websockets.client:> TEXT 'battle-gen9championsvgc2026regma-1526|/team 3562' [48 bytes]
DEBUG:vgc_base:Teampreview: first-4 roster order \u2192 ['sneasler', 'charizardmegay', 'whimsicott', 'basculegion']
INFO:vgc_base:Teampreview [battle-gen9championsvgc2026regma-1526] \u2192 /team 1234  (sneasler, charizardmegay, whimsicott, basculegion)
DEBUG:websockets.client:> TEXT 'battle-gen9championsvgc2026regma-1526|/team 1234' [48 bytes]
DEBUG:websockets.client:< TEXT '|pm| BC3| OPheur3|/challenge gen9championsvgc20...hampionsvgc2026regma|||' [83 bytes]
DEBUG:websockets.client:< TEXT '|pm| BC3| OPheur3|/challenge gen9championsvgc20...hampionsvgc2026regma|||' [83 bytes]
DEBUG:websockets.client:< TEXT '|pm| BC3| OPheur3|/log BC3 wants to battle!' [43 bytes]
DEBUG:websockets.client:< TEXT '|pm| BC3| OPheur3|/log BC3 wants to battle!' [43 bytes]
DEBUG:websockets.client:> TEXT '|/utm Sneasler||whiteherb|unburden|fakeout,dire...Naive|32,2,,,,32||||50|' [550 bytes]
DEBUG:websockets.client:> TEXT '|/accept bc3' [12 bytes]
DEBUG:websockets.client:< TEXT '>battle-gen9championsvgc2026regma-1526\n|\n|t:|...L50, M|100/100\n|turn|1' [321 bytes]
DEBUG:websockets.client:< TEXT '>battle-gen9championsvgc2026regma-1526\n|\n|t:|...L50, M|168/168\n|turn|1' [321 bytes]
DEBUG:websockets.client:< TEXT '>battle-gen9championsvgc2026regma-1526\n|reques...ing":false}]},"rqid":5}' [2236 bytes]
DEBUG:websockets.client:< TEXT '>battle-gen9championsvgc2026regma-1526\n|reques...ing":false}]},"rqid":4}' [2167 bytes]
DEBUG:vgc_base:Turn 1 [battle-gen9championsvgc2026regma-1526] a0=3 a1=0 src=heuristic g0=0 g1=0
DEBUG:websockets.client:> TEXT 'battle-gen9championsvgc2026regma-1526|/choose m...reclaw 1, move heatwave' [76 bytes]
DEBUG:websockets.client:< TEXT '|pm| OPheur3| BC3|/challenge' [28 bytes]
DEBUG:websockets.client:< TEXT '|pm| OPheur3| BC3|/challenge' [28 bytes]
DEBUG:websockets.client:< TEXT '|updatesearch|{"searching":[],"games":{"battle-... 2026 Reg M-A Battle"}}' [124 bytes]
DEBUG:websockets.client:< TEXT '|updatesearch|{"searching":[],"games":{"battle-... 2026 Reg M-A Battle"}}' [208 bytes]
DEBUG:websockets.client:< TEXT '|updatesearch|{"searching":[],"games":{"battle-... 2026 Reg M-A Battle"}}' [208 bytes]
DEBUG:websockets.client:< TEXT '>battle-gen9championsvgc2026regma-1527\n|init|b... vs. OPheur3\n|j|\u2606BC3\n' [85 bytes]
DEBUG:websockets.client:< TEXT '>battle-gen9championsvgc2026regma-1527\n|j|\u2606OPheur3' [52 bytes]
DEBUG:websockets.client:< TEXT '|pm| OPheur3| BC3|/nonotify OPheur3 accepted th...26regma-1527</a>&raquo;' [173 bytes]
DEBUG:websockets.client:< TEXT '>battle-gen9championsvgc2026regma-1527\n|t:|1781641915\n|gametype|doubles' [71 bytes]
DEBUG:websockets.client:< TEXT '>battle-gen9championsvgc2026regma-1527\n|player|p1|BC3|169|' [58 bytes]
DEBUG:websockets.client:< TEXT '>battle-gen9championsvgc2026regma-1527\n|player...heets</strong></button>' [855 bytes]
DEBUG:websockets.client:< TEXT '>battle-gen9championsvgc2026regma-1527\n|reques...ing":false}]},"rqid":2}' [2093 bytes]
INFO:player:Turn 1 [battle-gen9championsvgc2026regma-1526] value head win-prob: 0.351  (losing)
DEBUG:live_vgc_base:Turn 1 [battle-gen9championsvgc2026regma-1526] a0=0 a1=9 src=model opp_splice=on
DEBUG:websockets.client:> TEXT 'battle-gen9championsvgc2026regma-1526|/choose move encore 1, move icywind' [73 bytes]
DEBUG:websockets.client:< TEXT '|updatesearch|{"searching":[],"games":{"battle-... 2026 Reg M-A Battle"}}' [124 bytes]
DEBUG:websockets.client:< TEXT '|updatesearch|{"searching":[],"games":{"battle-... 2026 Reg M-A Battle"}}' [208 bytes]
DEBUG:websockets.client:< TEXT '|updatesearch|{"searching":[],"games":{"battle-... 2026 Reg M-A Battle"}}' [208 bytes]
DEBUG:websockets.client:< TEXT '>battle-gen9championsvgc2026regma-1527\n|init|b...n|j|\u2606BC3\n|j|\u2606OPheur3\n' [99 bytes]
DEBUG:websockets.client:< TEXT '|pm| OPheur3| BC3|/nonotify OPheur3 accepted th...26regma-1527</a>&raquo;' [173 bytes]
DEBUG:websockets.client:< TEXT '>battle-gen9championsvgc2026regma-1527\n|t:|1781641915\n|gametype|doubles' [71 bytes]
DEBUG:websockets.client:< TEXT '>battle-gen9championsvgc2026regma-1527\n|player|p1|BC3|169|' [58 bytes]
DEBUG:websockets.client:< TEXT '>battle-gen9championsvgc2026regma-1527\n|player...heets</strong></button>' [855 bytes]
DEBUG:websockets.client:< TEXT '>battle-gen9championsvgc2026regma-1527\n|reques...ing":false}]},"rqid":3}' [2097 bytes]
DEBUG:websockets.client:< TEXT '>battle-gen9championsvgc2026regma-1526\n|\n|t:|...rk|Illusion\n|\n|upkeep' [696 bytes]
DEBUG:websockets.client:< TEXT '>battle-gen9championsvgc2026regma-1526\n|\n|t:|...rk|Illusion\n|\n|upkeep' [698 bytes]
DEBUG:websockets.client:< TEXT '>battle-gen9championsvgc2026regma-1526\n|reques...oCancel":true,"rqid":6}' [1420 bytes]
DEBUG:websockets.client:< TEXT '>battle-gen9championsvgc2026regma-1526\n|reques...ing":false}]},"rqid":7}' [1453 bytes]
DEBUG:live_vgc_base:forceSwitch forced_switch_model [battle-gen9championsvgc2026regma-1526] turn 1 a0=13 a1=None opp_splice=on
DEBUG:websockets.client:> TEXT 'battle-gen9championsvgc2026regma-1526|/choose switch Ditto, pass' [64 bytes]
DEBUG:websockets.client:< TEXT '>battle-gen9championsvgc2026regma-1526\n|\n|t:|...lity: Imposter\n|turn|2' [164 bytes]
DEBUG:websockets.client:< TEXT '>battle-gen9championsvgc2026regma-1526\n|\n|t:|...lity: Imposter\n|turn|2' [164 bytes]
DEBUG:websockets.client:< TEXT '>battle-gen9championsvgc2026regma-1526\n|reques...ing":false}]},"rqid":9}' [2226 bytes]
DEBUG:websockets.client:< TEXT '>battle-gen9championsvgc2026regma-1526\n|reques...ing":false}]},"rqid":8}' [2198 bytes]
DEBUG:vgc_base:Turn 2 [battle-gen9championsvgc2026regma-1526] a0=3 a1=10 src=heuristic g0=0 g1=0
DEBUG:websockets.client:> TEXT 'battle-gen9championsvgc2026regma-1526|/choose m...law 1, move solarbeam 2' [79 bytes]
INFO:player:Turn 2 [battle-gen9championsvgc2026regma-1526] value head win-prob: 0.182  (losing)
DEBUG:live_vgc_base:Turn 2 [battle-gen9championsvgc2026regma-1526] a0=0 a1=9 src=model opp_splice=on
DEBUG:websockets.client:> TEXT 'battle-gen9championsvgc2026regma-1526|/choose move heatwave, move icywind' [73 bytes]
DEBUG:websockets.client:< TEXT '>battle-gen9championsvgc2026regma-1526\n|\n|t:|...am\n|\n|upkeep\n|turn|3' [569 bytes]
DEBUG:websockets.client:< TEXT '>battle-gen9championsvgc2026regma-1526\n|\n|t:|...am\n|\n|upkeep\n|turn|3' [570 bytes]
DEBUG:websockets.client:< TEXT '>battle-gen9championsvgc2026regma-1526\n|reques...ng":false}]},"rqid":10}' [2198 bytes]
DEBUG:websockets.client:< TEXT '>battle-gen9championsvgc2026regma-1526\n|reques...ng":false}]},"rqid":11}' [1887 bytes]
DEBUG:vgc_base:Turn 3 [battle-gen9championsvgc2026regma-1526] a0=3 a1=10 src=heuristic g0=0 g1=0
DEBUG:websockets.client:> TEXT 'battle-gen9championsvgc2026regma-1526|/choose m...law 1, move solarbeam 2' [79 bytes]
INFO:player:Turn 3 [battle-gen9championsvgc2026regma-1526] value head win-prob: 0.605  (winning)
DEBUG:live_vgc_base:Turn 3 [battle-gen9championsvgc2026regma-1526] a0=0 a1=9 src=model opp_splice=on
DEBUG:websockets.client:> TEXT 'battle-gen9championsvgc2026regma-1526|/choose move heatwave, move icywind' [73 bytes]
DEBUG:websockets.client:< TEXT '>battle-gen9championsvgc2026regma-1526\n|\n|t:|...1b: Zoroark\n|\n|upkeep' [567 bytes]
DEBUG:websockets.client:< TEXT '>battle-gen9championsvgc2026regma-1526\n|\n|t:|...1b: Zoroark\n|\n|upkeep' [568 bytes]
DEBUG:websockets.client:< TEXT '>battle-gen9championsvgc2026regma-1526\n|reques...Cancel":true,"rqid":12}' [1455 bytes]
DEBUG:websockets.client:< TEXT '>battle-gen9championsvgc2026regma-1526\n|reques...ng":false}]},"rqid":13}' [1451 bytes]
DEBUG:live_vgc_base:forceSwitch forced_switch_model [battle-gen9championsvgc2026regma-1526] turn 3 a0=None a1=12 opp_splice=on
DEBUG:websockets.client:> TEXT 'battle-gen9championsvgc2026regma-1526|/choose pass, switch Charizard' [68 bytes]
DEBUG:websockets.client:< TEXT ">battle-gen9championsvgc2026regma-1526\n|error|...ch to an active Pokémon" [115 bytes]
DEBUG:live_vgc_base:forceSwitch forced_switch_model [battle-gen9championsvgc2026regma-1526] turn 3 a0=None a1=12 opp_splice=on
DEBUG:websockets.client:> TEXT 'battle-gen9championsvgc2026regma-1526|/choose pass, switch Charizard' [68 bytes]
DEBUG:websockets.client:< TEXT ">battle-gen9championsvgc2026regma-1526\n|error|...ch to an active Pokémon" [115 bytes]
WARNING:vgc_base:forceSwitch [battle-gen9championsvgc2026regma-1526] re-requested 3× (order rejected) — sending /choose default.
DEBUG:websockets.client:> TEXT 'battle-gen9championsvgc2026regma-1526|/choose default' [53 bytes]
DEBUG:websockets.client:< TEXT '>battle-gen9championsvgc2026regma-1526\n|\n|t:|...L50, F|168/168\n|turn|4' [112 bytes]
DEBUG:websockets.client:< TEXT '>battle-gen9championsvgc2026regma-1526\n|\n|t:|...L50, F|100/100\n|turn|4' [112 bytes]
DEBUG:websockets.client:< TEXT '>battle-gen9championsvgc2026regma-1526\n|reques...ng":false}]},"rqid":14}' [2207 bytes]
DEBUG:websockets.client:< TEXT '>battle-gen9championsvgc2026regma-1526\n|reques...ng":false}]},"rqid":15}' [2224 bytes]
DEBUG:vgc_base:Turn 4 [battle-gen9championsvgc2026regma-1526] a0=3 a1=0 src=heuristic g0=0 g1=0
DEBUG:websockets.client:> TEXT 'battle-gen9championsvgc2026regma-1526|/choose m...reclaw 1, move heatwave' [76 bytes]
INFO:player:Turn 4 [battle-gen9championsvgc2026regma-1526] value head win-prob: 0.186  (losing)
DEBUG:live_vgc_base:Turn 4 [battle-gen9championsvgc2026regma-1526] a0=0 a1=0 src=model opp_splice=on
DEBUG:websockets.client:> TEXT 'battle-gen9championsvgc2026regma-1526|/choose m...ave, move heatwave mega' [79 bytes]
DEBUG:websockets.client:< TEXT '>battle-gen9championsvgc2026regma-1526\n|\n|t:|...nyDay|[upkeep]\n|upkeep' [535 bytes]
DEBUG:websockets.client:< TEXT '>battle-gen9championsvgc2026regma-1526\n|\n|t:|...nyDay|[upkeep]\n|upkeep' [535 bytes]
DEBUG:websockets.client:< TEXT '>battle-gen9championsvgc2026regma-1526\n|reques...ng":false}]},"rqid":16}' [1389 bytes]
DEBUG:websockets.client:< TEXT '>battle-gen9championsvgc2026regma-1526\n|reques...Cancel":true,"rqid":17}' [1480 bytes]
DEBUG:vgc_base:forceSwitch [battle-gen9championsvgc2026regma-1526] force=[True, True] \u2192 /choose switch Basculegion / /choose switch Whimsicott
DEBUG:websockets.client:> TEXT 'battle-gen9championsvgc2026regma-1526|/choose s...gion, switch Whimsicott' [83 bytes]
DEBUG:websockets.client:< TEXT '>battle-gen9championsvgc2026regma-1526\n|\n|t:|...L50, M|100/100\n|turn|5' [167 bytes]
DEBUG:websockets.client:< TEXT '>battle-gen9championsvgc2026regma-1526\n|\n|t:|...L50, M|137/137\n|turn|5' [167 bytes]
DEBUG:websockets.client:< TEXT '>battle-gen9championsvgc2026regma-1526\n|reques...ng":false}]},"rqid":18}' [1878 bytes]
DEBUG:websockets.client:< TEXT '>battle-gen9championsvgc2026regma-1526\n|reques...ng":false}]},"rqid":19}' [2211 bytes]
INFO:player:Turn 5 [battle-gen9championsvgc2026regma-1526] value head win-prob: 0.005  (losing)
DEBUG:live_vgc_base:Turn 5 [battle-gen9championsvgc2026regma-1526] a0=0 a1=0 src=model opp_splice=on
DEBUG:vgc_base:_safe_order: action 0 slot 0 \u2192 None, scanning legal actions.
DEBUG:vgc_base:_safe_order: slot 0 has no decodable legal action — sending Pass.
DEBUG:websockets.client:> TEXT 'battle-gen9championsvgc2026regma-1526|/choose pass, move heatwave' [65 bytes]
DEBUG:vgc_base:Turn 5 [battle-gen9championsvgc2026regma-1526] a0=4 a1=7 src=heuristic g0=0 g1=0
DEBUG:websockets.client:> TEXT 'battle-gen9championsvgc2026regma-1526|/choose m...ash 2, move moonblast 2' [80 bytes]
DEBUG:websockets.client:< TEXT '>battle-gen9championsvgc2026regma-1526\n|\n|t:|...Recoil\n|\n|win|OPheur3' [614 bytes]
DEBUG:websockets.client:< TEXT '>battle-gen9championsvgc2026regma-1526\n|\n|t:|...Recoil\n|\n|win|OPheur3' [614 bytes]
DEBUG:websockets.client:< TEXT '|updatesearch|{"searching":[],"games":{"battle-... 2026 Reg M-A Battle"}}' [124 bytes]
INFO:vgc_base:Battle battle-gen9championsvgc2026regma-1526 finished — outcome: LOSS  (W/L/D so far: 0/9/0)
DEBUG:websockets.client:> TEXT '|/leave battle-gen9championsvgc2026regma-1526' [45 bytes]
DEBUG:websockets.client:< TEXT '|updatesearch|{"searching":[],"games":{"battle-... 2026 Reg M-A Battle"}}' [124 bytes]
DEBUG:websockets.client:> TEXT 'battle-gen9championsvgc2026regma-1527|/rejectopenteamsheets' [59 bytes]
INFO:vgc_base:Battle battle-gen9championsvgc2026regma-1526 finished — outcome: WIN  (W/L/D so far: 9/0/0)
DEBUG:websockets.client:> TEXT '|/leave battle-gen9championsvgc2026regma-1526' [45 bytes]
DEBUG:websockets.client:< TEXT '>battle-gen9championsvgc2026regma-1526\n|deinit' [46 bytes]
DEBUG:websockets.client:> TEXT 'battle-gen9championsvgc2026regma-1527|/rejectopenteamsheets' [59 bytes]
DEBUG:websockets.client:< TEXT '>battle-gen9championsvgc2026regma-1527\n|uhtmlchange|otsrequest|' [63 bytes]
DEBUG:websockets.client:< TEXT '>battle-gen9championsvgc2026regma-1527\nBC3 rejected open team sheets.' [69 bytes]
DEBUG:websockets.client:< TEXT '>battle-gen9championsvgc2026regma-1526\n|l|\u2606BC3' [48 bytes]
DEBUG:websockets.client:< TEXT '>battle-gen9championsvgc2026regma-1527\n|uhtmlchange|otsrequest|' [63 bytes]
DEBUG:websockets.client:< TEXT '>battle-gen9championsvgc2026regma-1527\nBC3 rejected open team sheets.' [69 bytes]
DEBUG:websockets.client:< TEXT '>battle-gen9championsvgc2026regma-1526\n|deinit' [46 bytes]
DEBUG:websockets.client:< TEXT '>battle-gen9championsvgc2026regma-1527\n|uhtmlchange|otsrequest|' [63 bytes]
DEBUG:websockets.client:< TEXT '>battle-gen9championsvgc2026regma-1527\n|uhtmlchange|otsrequest|' [63 bytes]
DEBUG:websockets.client:< TEXT '>battle-gen9championsvgc2026regma-1527\nOPheur3...ected open team sheets.' [73 bytes]
DEBUG:websockets.client:< TEXT '>battle-gen9championsvgc2026regma-1527\nOPheur3...ected open team sheets.' [73 bytes]
INFO:player:Team-preview [battle-gen9championsvgc2026regma-1527] NET drove: bring=['whimsicott', 'zoroarkhisui', 'ditto', 'charizardmegay'] leads=['whimsicott', 'zoroarkhisui'] (vs opp ['sneasler', 'charizard', 'whimsicott', 'basculegion', 'zoroarkhisui', 'ditto'])
INFO:vgc_base:Teampreview [battle-gen9championsvgc2026regma-1527] \u2192 /team 3562  (whimsicott, zoroarkhisui, ditto, charizardmegay)
DEBUG:websockets.client:> TEXT 'battle-gen9championsvgc2026regma-1527|/team 3562' [48 bytes]
DEBUG:vgc_base:Teampreview: first-4 roster order \u2192 ['sneasler', 'charizardmegay', 'whimsicott', 'basculegion']
INFO:vgc_base:Teampreview [battle-gen9championsvgc2026regma-1527] \u2192 /team 1234  (sneasler, charizardmegay, whimsicott, basculegion)
DEBUG:websockets.client:> TEXT 'battle-gen9championsvgc2026regma-1527|/team 1234' [48 bytes]
DEBUG:websockets.client:< TEXT '>battle-gen9championsvgc2026regma-1527\n|\n|t:|...L50, M|100/100\n|turn|1' [321 bytes]
DEBUG:websockets.client:< TEXT '>battle-gen9championsvgc2026regma-1527\n|\n|t:|...L50, M|168/168\n|turn|1' [321 bytes]
DEBUG:websockets.client:< TEXT '>battle-gen9championsvgc2026regma-1527\n|reques...ing":false}]},"rqid":4}' [2167 bytes]
DEBUG:websockets.client:< TEXT '>battle-gen9championsvgc2026regma-1527\n|reques...ing":false}]},"rqid":5}' [2236 bytes]
INFO:player:Turn 1 [battle-gen9championsvgc2026regma-1527] value head win-prob: 0.351  (losing)
DEBUG:live_vgc_base:Turn 1 [battle-gen9championsvgc2026regma-1527] a0=0 a1=9 src=model opp_splice=on
DEBUG:websockets.client:> TEXT 'battle-gen9championsvgc2026regma-1527|/choose move encore 1, move icywind' [73 bytes]
DEBUG:vgc_base:Turn 1 [battle-gen9championsvgc2026regma-1527] a0=3 a1=0 src=heuristic g0=0 g1=0
DEBUG:websockets.client:> TEXT 'battle-gen9championsvgc2026regma-1527|/choose m...reclaw 1, move heatwave' [76 bytes]
DEBUG:websockets.client:< TEXT '>battle-gen9championsvgc2026regma-1527\n|\n|t:|...rk|Illusion\n|\n|upkeep' [672 bytes]
DEBUG:websockets.client:< TEXT '>battle-gen9championsvgc2026regma-1527\n|\n|t:|...rk|Illusion\n|\n|upkeep' [674 bytes]
DEBUG:websockets.client:< TEXT '>battle-gen9championsvgc2026regma-1527\n|reques...oCancel":true,"rqid":6}' [1420 bytes]
DEBUG:websockets.client:< TEXT '>battle-gen9championsvgc2026regma-1527\n|reques...ing":false}]},"rqid":7}' [1453 bytes]
DEBUG:live_vgc_base:forceSwitch forced_switch_model [battle-gen9championsvgc2026regma-1527] turn 1 a0=13 a1=None opp_splice=on
DEBUG:websockets.client:> TEXT 'battle-gen9championsvgc2026regma-1527|/choose switch Ditto, pass' [64 bytes]
DEBUG:websockets.client:< TEXT '>battle-gen9championsvgc2026regma-1527\n|\n|t:|...lity: Imposter\n|turn|2' [164 bytes]
DEBUG:websockets.client:< TEXT '>battle-gen9championsvgc2026regma-1527\n|\n|t:|...lity: Imposter\n|turn|2' [164 bytes]
DEBUG:websockets.client:< TEXT '>battle-gen9championsvgc2026regma-1527\n|reques...ing":false}]},"rqid":8}' [2198 bytes]
DEBUG:websockets.client:< TEXT '>battle-gen9championsvgc2026regma-1527\n|reques...ing":false}]},"rqid":9}' [2226 bytes]
DEBUG:vgc_base:Turn 2 [battle-gen9championsvgc2026regma-1527] a0=3 a1=10 src=heuristic g0=0 g1=0
DEBUG:websockets.client:> TEXT 'battle-gen9championsvgc2026regma-1527|/choose m...law 1, move solarbeam 2' [79 bytes]
INFO:player:Turn 2 [battle-gen9championsvgc2026regma-1527] value head win-prob: 0.169  (losing)
DEBUG:live_vgc_base:Turn 2 [battle-gen9championsvgc2026regma-1527] a0=0 a1=9 src=model opp_splice=on
DEBUG:websockets.client:> TEXT 'battle-gen9championsvgc2026regma-1527|/choose move heatwave, move icywind' [73 bytes]
DEBUG:websockets.client:< TEXT '>battle-gen9championsvgc2026regma-1527\n|\n|t:|...am\n|\n|upkeep\n|turn|3' [444 bytes]
DEBUG:websockets.client:< TEXT '>battle-gen9championsvgc2026regma-1527\n|\n|t:|...am\n|\n|upkeep\n|turn|3' [445 bytes]
DEBUG:websockets.client:< TEXT '>battle-gen9championsvgc2026regma-1527\n|reques...ng":false}]},"rqid":10}' [2202 bytes]
DEBUG:websockets.client:< TEXT '>battle-gen9championsvgc2026regma-1527\n|reques...ng":false}]},"rqid":11}' [1888 bytes]
DEBUG:vgc_base:Turn 3 [battle-gen9championsvgc2026regma-1527] a0=3 a1=10 src=heuristic g0=0 g1=0
DEBUG:websockets.client:> TEXT 'battle-gen9championsvgc2026regma-1527|/choose m...law 1, move solarbeam 2' [79 bytes]
INFO:player:Turn 3 [battle-gen9championsvgc2026regma-1527] value head win-prob: 0.070  (losing)
DEBUG:live_vgc_base:Turn 3 [battle-gen9championsvgc2026regma-1527] a0=0 a1=9 src=model opp_splice=on
DEBUG:websockets.client:> TEXT 'battle-gen9championsvgc2026regma-1527|/choose move heatwave, move icywind' [73 bytes]
DEBUG:websockets.client:< TEXT '>battle-gen9championsvgc2026regma-1527\n|\n|t:|...1b: Zoroark\n|\n|upkeep' [465 bytes]
DEBUG:websockets.client:< TEXT '>battle-gen9championsvgc2026regma-1527\n|\n|t:|...1b: Zoroark\n|\n|upkeep' [464 bytes]
DEBUG:websockets.client:< TEXT '>battle-gen9championsvgc2026regma-1527\n|reques...Cancel":true,"rqid":12}' [1417 bytes]
DEBUG:websockets.client:< TEXT '>battle-gen9championsvgc2026regma-1527\n|reques...ng":false}]},"rqid":13}' [1452 bytes]
DEBUG:vgc_base:forceSwitch slot 1: no available switch — '/choose default' (handled poke-env desync).
DEBUG:vgc_base:forceSwitch DIAG [battle-gen9championsvgc2026regma-1527] turn=3 slot=1 force=[True, True] available_switches=[['charizard'], ['charizard']] team=[sneasler(act=True,fnt=False,hp=1.0), charizard(act=False,fnt=False,hp=1.0), whimsicott(act=False,fnt=True,hp=0), basculegion(act=False,fnt=False,hp=1.0), zoroarkhisui(act=True,fnt=True,hp=0), ditto(act=True,fnt=True,hp=0)]
DEBUG:websockets.client:> TEXT 'battle-gen9championsvgc2026regma-1527|/choose default' [53 bytes]
DEBUG:websockets.client:< TEXT '>battle-gen9championsvgc2026regma-1527\n|\n|t:|...L50, M|168/168\n|turn|4' [112 bytes]
DEBUG:websockets.client:< TEXT '>battle-gen9championsvgc2026regma-1527\n|\n|t:|...L50, M|100/100\n|turn|4' [112 bytes]
DEBUG:websockets.client:< TEXT '>battle-gen9championsvgc2026regma-1527\n|reques...ng":false}]},"rqid":14}' [2183 bytes]
DEBUG:websockets.client:< TEXT '>battle-gen9championsvgc2026regma-1527\n|reques...ng":false}]},"rqid":15}' [2225 bytes]
INFO:player:Turn 4 [battle-gen9championsvgc2026regma-1527] value head win-prob: 0.034  (losing)
DEBUG:live_vgc_base:Turn 4 [battle-gen9championsvgc2026regma-1527] a0=0 a1=0 src=model opp_splice=on
DEBUG:vgc_base:_safe_order: action 0 slot 1 \u2192 None, scanning legal actions.
DEBUG:vgc_base:_safe_order: slot 1 has no decodable legal action — sending Pass.
DEBUG:websockets.client:> TEXT 'battle-gen9championsvgc2026regma-1527|/choose move heatwave mega, pass' [70 bytes]
DEBUG:vgc_base:Turn 4 [battle-gen9championsvgc2026regma-1527] a0=3 a1=0 src=heuristic g0=0 g1=0
DEBUG:websockets.client:> TEXT 'battle-gen9championsvgc2026regma-1527|/choose m...reclaw 1, move heatwave' [76 bytes]
DEBUG:websockets.client:< TEXT '>battle-gen9championsvgc2026regma-1527\n|\n|t:|...izard\n|upkeep\n|turn|5' [583 bytes]
DEBUG:websockets.client:< TEXT '>battle-gen9championsvgc2026regma-1527\n|\n|t:|...izard\n|upkeep\n|turn|5' [583 bytes]
DEBUG:websockets.client:< TEXT '>battle-gen9championsvgc2026regma-1527\n|reques...ng":false}]},"rqid":16}' [2170 bytes]
DEBUG:websockets.client:< TEXT '>battle-gen9championsvgc2026regma-1527\n|reques...ng":false}]},"rqid":17}' [2225 bytes]
INFO:player:Turn 5 [battle-gen9championsvgc2026regma-1527] value head win-prob: 0.007  (losing)
DEBUG:live_vgc_base:Turn 5 [battle-gen9championsvgc2026regma-1527] a0=0 a1=0 src=model opp_splice=on
DEBUG:vgc_base:_safe_order: action 0 slot 1 \u2192 None, scanning legal actions.
DEBUG:vgc_base:_safe_order: slot 1 has no decodable legal action — sending Pass.
DEBUG:websockets.client:> TEXT 'battle-gen9championsvgc2026regma-1527|/choose move heatwave, pass' [65 bytes]
DEBUG:vgc_base:Turn 5 [battle-gen9championsvgc2026regma-1527] a0=3 a1=0 src=heuristic g0=0 g1=0
DEBUG:websockets.client:> TEXT 'battle-gen9championsvgc2026regma-1527|/choose m...reclaw 1, move heatwave' [76 bytes]
DEBUG:websockets.client:< TEXT '>battle-gen9championsvgc2026regma-1527\n|\n|t:|...rizard\n|\n|win|OPheur3' [167 bytes]
DEBUG:websockets.client:< TEXT '>battle-gen9championsvgc2026regma-1527\n|\n|t:|...rizard\n|\n|win|OPheur3' [167 bytes]
DEBUG:websockets.client:< TEXT '|updatesearch|{"searching":[],"games":null}' [43 bytes]
INFO:vgc_base:Battle battle-gen9championsvgc2026regma-1527 finished — outcome: LOSS  (W/L/D so far: 0/10/0)
DEBUG:websockets.client:> TEXT '|/leave battle-gen9championsvgc2026regma-1527' [45 bytes]
DEBUG:websockets.client:< TEXT '|updatesearch|{"searching":[],"games":null}' [43 bytes]
INFO:vgc_base:Battle battle-gen9championsvgc2026regma-1527 finished — outcome: WIN  (W/L/D so far: 10/0/0)
DEBUG:websockets.client:> TEXT '|/leave battle-gen9championsvgc2026regma-1527' [45 bytes]
DEBUG:websockets.client:< TEXT '>battle-gen9championsvgc2026regma-1527\n|deinit' [46 bytes]
DEBUG:websockets.client:< TEXT '>battle-gen9championsvgc2026regma-1527\n|l|\u2606BC3' [48 bytes]
DEBUG:websockets.client:< TEXT '>battle-gen9championsvgc2026regma-1527\n|deinit' [46 bytes]
DEBUG:websockets.client:> CLOSE 1000 (OK) [2 bytes]
DEBUG:websockets.client:= connection is CLOSING
DEBUG:websockets.client:< CLOSE 1000 (OK) [2 bytes]
DEBUG:websockets.client:< EOF
DEBUG:websockets.client:> EOF
DEBUG:websockets.client:= connection is CLOSED
DEBUG:websockets.client:x half-closing TCP connection
DEBUG:websockets.client:> CLOSE 1000 (OK) [2 bytes]
DEBUG:websockets.client:= connection is CLOSING
DEBUG:websockets.client:< CLOSE 1000 (OK) [2 bytes]
DEBUG:websockets.client:< EOF
DEBUG:websockets.client:> EOF
DEBUG:websockets.client:= connection is CLOSED
DEBUG:websockets.client:x half-closing TCP connection
INFO:__main__:vs heuristic: 0/10
