DEBUG:asyncio:Using proactor: IocpProactor
DEBUG:asyncio:Using proactor: IocpProactor
INFO:run_local_battle:Showdown server already running on port 8000 — skipping launch.
INFO:run_local_battle:Loaded team from D:\ShowdownProject\Victory-Dance\teams\M-A\Trickery
INFO:run_local_battle:Loaded team from D:\ShowdownProject\Victory-Dance\teams\M-A\Trickery
INFO:vgc_base:Loaded default BeliefState from D:\ShowdownProject\Victory-Dance\data\pikalytics_regma.json
INFO:player:VGCPlayer: loaded battle model from ai_train_scripts\BC_model\checkpoints\bc_best.pt (heads=('our_a', 'our_b'))
INFO:player:VGCPlayer: loaded team-chooser from D:\ShowdownProject\Victory-Dance\ai_train_scripts\teamPreview_model\checkpoints\teampreview_best.pt (vocab=190)
INFO:player:VGCPlayer ready (gap-#6 splice) | battle_model=loaded (ai_train_scripts\BC_model\checkpoints\bc_best.pt) | team_chooser=loaded (D:\ShowdownProject\Victory-Dance\ai_train_scripts\teamPreview_model\checkpoints\teampreview_best.pt) | replay=D:\ShowdownProject\Victory-Dance\replay_buffer\BC1.jsonl
INFO:random_player:RandomVGCPlayer ready (gap-#6 splice) | replay=D:\ShowdownProject\Victory-Dance\replay_buffer\OPrand1.jsonl
DEBUG:websockets.client:= connection is CONNECTING
DEBUG:websockets.client:> GET /showdown/websocket HTTP/1.1
DEBUG:websockets.client:> Host: localhost:8000
DEBUG:websockets.client:> Upgrade: websocket
DEBUG:websockets.client:> Connection: Upgrade
DEBUG:websockets.client:> Sec-WebSocket-Key: ZkhTLKMTTYieyX7zwvIECQ==
DEBUG:websockets.client:> Sec-WebSocket-Version: 13
DEBUG:websockets.client:> Sec-WebSocket-Extensions: permessage-deflate; client_max_window_bits
DEBUG:websockets.client:> User-Agent: Python/3.12 websockets/16.0
DEBUG:websockets.client:< HTTP/1.1 101 Switching Protocols
DEBUG:websockets.client:< Upgrade: websocket
DEBUG:websockets.client:< Connection: Upgrade
DEBUG:websockets.client:< Sec-WebSocket-Accept: 1Tzcy+vMAV2P1+D38fXdlI6yGRg=
DEBUG:websockets.client:= connection is OPEN
DEBUG:websockets.client:< TEXT '|updateuser| Guest 1195|0|170|{"blockChallenges...c|[Gen 1] Custom Game,c' [8618 bytes]
DEBUG:websockets.client:< TEXT '|challstr|4|38feeec029a914291104b5f90cc6b2b5683...72ad3746460c0aa7ff0b573' [268 bytes]
DEBUG:websockets.client:> TEXT '|/trn BC1,0,' [12 bytes]
DEBUG:websockets.client:< TEXT '|updatesearch|{"searching":[],"games":null}' [43 bytes]
DEBUG:websockets.client:< TEXT '|updateuser| BC1|1|266|{"blockChallenges":false...:false,"language":null}' [346 bytes]
DEBUG:websockets.client:< TEXT '|updatesearch|{"searching":[],"games":null}' [43 bytes]
DEBUG:websockets.client:= connection is CONNECTING
DEBUG:websockets.client:> GET /showdown/websocket HTTP/1.1
DEBUG:websockets.client:> Host: localhost:8000
DEBUG:websockets.client:> Upgrade: websocket
DEBUG:websockets.client:> Connection: Upgrade
DEBUG:websockets.client:> Sec-WebSocket-Key: YCQAsV8jn2xAYGOIjPrEPw==
DEBUG:websockets.client:> Sec-WebSocket-Version: 13
DEBUG:websockets.client:> Sec-WebSocket-Extensions: permessage-deflate; client_max_window_bits
DEBUG:websockets.client:> User-Agent: Python/3.12 websockets/16.0
DEBUG:websockets.client:< HTTP/1.1 101 Switching Protocols
DEBUG:websockets.client:< Upgrade: websocket
DEBUG:websockets.client:< Connection: Upgrade
DEBUG:websockets.client:< Sec-WebSocket-Accept: BkTYNwKvi1dHAaESwYTtx2ZhYD4=
DEBUG:websockets.client:= connection is OPEN
DEBUG:websockets.client:< TEXT '|updateuser| Guest 1196|0|265|{"blockChallenges...c|[Gen 1] Custom Game,c' [8618 bytes]
DEBUG:websockets.client:< TEXT '|challstr|4|9ddf2a21040453e07f4ccc710882e582dcd...d081c425d29e965c1dec9a2' [268 bytes]
DEBUG:websockets.client:> TEXT '|/trn OPrand1,0,' [16 bytes]
DEBUG:websockets.client:< TEXT '|updatesearch|{"searching":[],"games":null}' [43 bytes]
DEBUG:websockets.client:< TEXT '|updateuser| OPrand1|1|266|{"blockChallenges":f...:false,"language":null}' [350 bytes]
DEBUG:websockets.client:< TEXT '|updatesearch|{"searching":[],"games":null}' [43 bytes]
DEBUG:websockets.client:> TEXT '|/utm Sneasler||whiteherb|unburden|fakeout,dire...Naive|32,2,,,,32||||50|' [550 bytes]
DEBUG:websockets.client:> TEXT '|/challenge oprand1, gen9championsvgc2026regma' [46 bytes]
DEBUG:websockets.client:< TEXT '|pm| BC1| OPrand1|/challenge gen9championsvgc20...hampionsvgc2026regma|||' [83 bytes]
DEBUG:websockets.client:< TEXT '|pm| BC1| OPrand1|/challenge gen9championsvgc20...hampionsvgc2026regma|||' [83 bytes]
DEBUG:websockets.client:< TEXT '|pm| BC1| OPrand1|/log BC1 wants to battle!' [43 bytes]
DEBUG:websockets.client:< TEXT '|pm| BC1| OPrand1|/log BC1 wants to battle!' [43 bytes]
DEBUG:websockets.client:> TEXT '|/utm Sneasler||whiteherb|unburden|fakeout,dire...Naive|32,2,,,,32||||50|' [550 bytes]
DEBUG:websockets.client:> TEXT '|/accept bc1' [12 bytes]
DEBUG:websockets.client:< TEXT '|pm| OPrand1| BC1|/challenge' [28 bytes]
DEBUG:websockets.client:< TEXT '|pm| OPrand1| BC1|/challenge' [28 bytes]
DEBUG:websockets.client:< TEXT '|updatesearch|{"searching":[],"games":null}' [43 bytes]
DEBUG:websockets.client:< TEXT '|updatesearch|{"searching":[],"games":null}' [43 bytes]
DEBUG:websockets.client:< TEXT '|updatesearch|{"searching":[],"games":{"battle-... 2026 Reg M-A Battle"}}' [124 bytes]
DEBUG:websockets.client:< TEXT '|updatesearch|{"searching":[],"games":{"battle-... 2026 Reg M-A Battle"}}' [124 bytes]
DEBUG:websockets.client:< TEXT '|updatesearch|{"searching":[],"games":{"battle-... 2026 Reg M-A Battle"}}' [124 bytes]
DEBUG:websockets.client:< TEXT '|updatesearch|{"searching":[],"games":{"battle-... 2026 Reg M-A Battle"}}' [124 bytes]
DEBUG:websockets.client:< TEXT '>battle-gen9championsvgc2026regma-1935\n|init|b... vs. OPrand1\n|j|☆BC1\n' [85 bytes]
DEBUG:websockets.client:< TEXT '>battle-gen9championsvgc2026regma-1935\n|init|b...n|j|☆BC1\n|j|☆OPrand1\n' [99 bytes]
DEBUG:websockets.client:< TEXT '>battle-gen9championsvgc2026regma-1935\n|j|☆OPrand1' [52 bytes]
DEBUG:websockets.client:< TEXT '|pm| OPrand1| BC1|/nonotify OPrand1 accepted th...26regma-1935</a>&raquo;' [173 bytes]
DEBUG:websockets.client:< TEXT '|pm| OPrand1| BC1|/nonotify OPrand1 accepted th...26regma-1935</a>&raquo;' [173 bytes]
DEBUG:websockets.client:< TEXT '>battle-gen9championsvgc2026regma-1935\n|t:|1781646841\n|gametype|doubles' [71 bytes]
DEBUG:websockets.client:< TEXT '>battle-gen9championsvgc2026regma-1935\n|t:|1781646841\n|gametype|doubles' [71 bytes]
DEBUG:websockets.client:> TEXT 'battle-gen9championsvgc2026regma-1935|/rejectopenteamsheets' [59 bytes]
DEBUG:websockets.client:> TEXT 'battle-gen9championsvgc2026regma-1935|/rejectopenteamsheets' [59 bytes]
DEBUG:websockets.client:> TEXT '|/utm Sneasler||whiteherb|unburden|fakeout,dire...Naive|32,2,,,,32||||50|' [550 bytes]
DEBUG:websockets.client:> TEXT '|/challenge oprand1, gen9championsvgc2026regma' [46 bytes]
DEBUG:websockets.client:< TEXT '>battle-gen9championsvgc2026regma-1935\n|player|p1|BC1|266|' [58 bytes]
DEBUG:websockets.client:< TEXT '>battle-gen9championsvgc2026regma-1935\n|player|p1|BC1|266|' [58 bytes]
DEBUG:websockets.client:< TEXT '>battle-gen9championsvgc2026regma-1935\n|player...heets</strong></button>' [857 bytes]
DEBUG:websockets.client:< TEXT '>battle-gen9championsvgc2026regma-1935\n|reques...ing":false}]},"rqid":2}' [2093 bytes]
DEBUG:websockets.client:< TEXT '>battle-gen9championsvgc2026regma-1935\n|uhtmlchange|otsrequest|' [63 bytes]
DEBUG:websockets.client:< TEXT '>battle-gen9championsvgc2026regma-1935\nBC1 rejected open team sheets.' [69 bytes]
DEBUG:websockets.client:< TEXT '>battle-gen9championsvgc2026regma-1935\n|uhtmlchange|otsrequest|' [63 bytes]
DEBUG:websockets.client:< TEXT '>battle-gen9championsvgc2026regma-1935\nOPrand1...ected open team sheets.' [73 bytes]
DEBUG:websockets.client:< TEXT '>battle-gen9championsvgc2026regma-1935\n|player...heets</strong></button>' [857 bytes]
DEBUG:websockets.client:< TEXT '>battle-gen9championsvgc2026regma-1935\n|reques...ing":false}]},"rqid":3}' [2097 bytes]
DEBUG:websockets.client:< TEXT '>battle-gen9championsvgc2026regma-1935\n|uhtmlchange|otsrequest|' [63 bytes]
DEBUG:websockets.client:< TEXT '>battle-gen9championsvgc2026regma-1935\nBC1 rejected open team sheets.' [69 bytes]
DEBUG:websockets.client:< TEXT '>battle-gen9championsvgc2026regma-1935\n|uhtmlchange|otsrequest|' [63 bytes]
DEBUG:websockets.client:< TEXT '>battle-gen9championsvgc2026regma-1935\nOPrand1...ected open team sheets.' [73 bytes]
INFO:player:Team-preview [battle-gen9championsvgc2026regma-1935] NET drove: bring=['whimsicott', 'zoroarkhisui', 'ditto', 'charizardmegay'] leads=['whimsicott', 'zoroarkhisui'] (vs opp ['sneasler', 'charizard', 'whimsicott', 'basculegion', 'zoroarkhisui', 'ditto'])
INFO:vgc_base:Teampreview [battle-gen9championsvgc2026regma-1935] → /team 3562  (whimsicott, zoroarkhisui, ditto, charizardmegay)
DEBUG:websockets.client:> TEXT 'battle-gen9championsvgc2026regma-1935|/team 3562' [48 bytes]
INFO:vgc_base:Teampreview [battle-gen9championsvgc2026regma-1935] → /team 6415  (ditto, basculegion, sneasler, zoroarkhisui)
DEBUG:websockets.client:> TEXT 'battle-gen9championsvgc2026regma-1935|/team 6415' [48 bytes]
DEBUG:websockets.client:< TEXT '|pm| BC1| OPrand1|/challenge gen9championsvgc20...hampionsvgc2026regma|||' [83 bytes]
DEBUG:websockets.client:< TEXT '|pm| BC1| OPrand1|/challenge gen9championsvgc20...hampionsvgc2026regma|||' [83 bytes]
DEBUG:websockets.client:< TEXT '|pm| BC1| OPrand1|/log BC1 wants to battle!' [43 bytes]
DEBUG:websockets.client:< TEXT '|pm| BC1| OPrand1|/log BC1 wants to battle!' [43 bytes]
DEBUG:websockets.client:> TEXT '|/utm Sneasler||whiteherb|unburden|fakeout,dire...Naive|32,2,,,,32||||50|' [550 bytes]
DEBUG:websockets.client:> TEXT '|/accept bc1' [12 bytes]
DEBUG:websockets.client:< TEXT '>battle-gen9championsvgc2026regma-1935\n|\n|t:|...L50, M|100/100\n|turn|1' [316 bytes]
DEBUG:websockets.client:< TEXT '>battle-gen9championsvgc2026regma-1935\n|\n|t:|...L50, M|197/197\n|turn|1' [316 bytes]
DEBUG:websockets.client:< TEXT '>battle-gen9championsvgc2026regma-1935\n|reques...ing":false}]},"rqid":4}' [2167 bytes]
DEBUG:websockets.client:< TEXT '>battle-gen9championsvgc2026regma-1935\n|reques...ing":false}]},"rqid":5}' [1876 bytes]
INFO:player:Turn 1 [battle-gen9championsvgc2026regma-1935] value head win-prob: 0.633  (winning)
DEBUG:live_vgc_base:Turn 1 [battle-gen9championsvgc2026regma-1935] a0=0 a1=9 src=model opp_splice=on
DEBUG:websockets.client:> TEXT 'battle-gen9championsvgc2026regma-1935|/choose move encore 1, move icywind' [73 bytes]
DEBUG:websockets.client:< TEXT '|pm| OPrand1| BC1|/challenge' [28 bytes]
DEBUG:websockets.client:< TEXT '|updatesearch|{"searching":[],"games":{"battle-... 2026 Reg M-A Battle"}}' [124 bytes]
DEBUG:websockets.client:< TEXT '|pm| OPrand1| BC1|/challenge' [28 bytes]
DEBUG:websockets.client:< TEXT '|updatesearch|{"searching":[],"games":{"battle-... 2026 Reg M-A Battle"}}' [208 bytes]
DEBUG:websockets.client:< TEXT '|updatesearch|{"searching":[],"games":{"battle-... 2026 Reg M-A Battle"}}' [208 bytes]
DEBUG:websockets.client:< TEXT '>battle-gen9championsvgc2026regma-1936\n|init|b...n|j|☆BC1\n|j|☆OPrand1\n' [99 bytes]
DEBUG:websockets.client:< TEXT '|pm| OPrand1| BC1|/nonotify OPrand1 accepted th...26regma-1936</a>&raquo;' [173 bytes]
DEBUG:websockets.client:< TEXT '>battle-gen9championsvgc2026regma-1936\n|t:|1781646841\n|gametype|doubles' [71 bytes]
DEBUG:websockets.client:< TEXT '>battle-gen9championsvgc2026regma-1936\n|player|p1|BC1|266|' [58 bytes]
DEBUG:websockets.client:< TEXT '>battle-gen9championsvgc2026regma-1936\n|player...heets</strong></button>' [857 bytes]
DEBUG:websockets.client:< TEXT '>battle-gen9championsvgc2026regma-1936\n|reques...ing":false}]},"rqid":3}' [2097 bytes]
DEBUG:live_vgc_base:Turn 1 [battle-gen9championsvgc2026regma-1935] a0=1 a1=9 src=random opp_splice=on
DEBUG:websockets.client:> TEXT 'battle-gen9championsvgc2026regma-1935|/choose m... 2, move lastrespects 1' [83 bytes]
DEBUG:websockets.client:< TEXT '|updatesearch|{"searching":[],"games":{"battle-... 2026 Reg M-A Battle"}}' [124 bytes]
DEBUG:websockets.client:< TEXT '|updatesearch|{"searching":[],"games":{"battle-... 2026 Reg M-A Battle"}}' [208 bytes]
DEBUG:websockets.client:< TEXT '|updatesearch|{"searching":[],"games":{"battle-... 2026 Reg M-A Battle"}}' [208 bytes]
DEBUG:websockets.client:< TEXT '>battle-gen9championsvgc2026regma-1936\n|init|b... vs. OPrand1\n|j|☆BC1\n' [85 bytes]
DEBUG:websockets.client:< TEXT '>battle-gen9championsvgc2026regma-1936\n|j|☆OPrand1' [52 bytes]
DEBUG:websockets.client:< TEXT '|pm| OPrand1| BC1|/nonotify OPrand1 accepted th...26regma-1936</a>&raquo;' [173 bytes]
DEBUG:websockets.client:< TEXT '>battle-gen9championsvgc2026regma-1936\n|t:|1781646841\n|gametype|doubles' [71 bytes]
DEBUG:websockets.client:< TEXT '>battle-gen9championsvgc2026regma-1936\n|player|p1|BC1|266|' [58 bytes]
DEBUG:websockets.client:< TEXT '>battle-gen9championsvgc2026regma-1936\n|player...heets</strong></button>' [857 bytes]
DEBUG:websockets.client:< TEXT '>battle-gen9championsvgc2026regma-1936\n|reques...ing":false}]},"rqid":2}' [2093 bytes]
DEBUG:websockets.client:< TEXT '>battle-gen9championsvgc2026regma-1935\n|\n|t:|...to\n|\n|upkeep\n|turn|2' [481 bytes]
DEBUG:websockets.client:< TEXT '>battle-gen9championsvgc2026regma-1935\n|\n|t:|...to\n|\n|upkeep\n|turn|2' [483 bytes]
DEBUG:websockets.client:< TEXT '>battle-gen9championsvgc2026regma-1935\n|reques...ing":false}]},"rqid":6}' [2166 bytes]
DEBUG:websockets.client:< TEXT '>battle-gen9championsvgc2026regma-1935\n|reques...ing":false}]},"rqid":7}' [1876 bytes]
DEBUG:live_vgc_base:Turn 2 [battle-gen9championsvgc2026regma-1935] a0=1 a1=11 src=random opp_splice=on
DEBUG:websockets.client:> TEXT 'battle-gen9championsvgc2026regma-1935|/choose m...2, move lastrespects -1' [84 bytes]
INFO:player:Turn 2 [battle-gen9championsvgc2026regma-1935] value head win-prob: 0.619  (winning)
DEBUG:live_vgc_base:Turn 2 [battle-gen9championsvgc2026regma-1935] a0=0 a1=9 src=model opp_splice=on
DEBUG:websockets.client:> TEXT 'battle-gen9championsvgc2026regma-1935|/choose move encore 1, move icywind' [73 bytes]
DEBUG:websockets.client:< TEXT '>battle-gen9championsvgc2026regma-1935\n|\n|t:|...to\n|\n|upkeep\n|turn|3' [470 bytes]
DEBUG:websockets.client:< TEXT '>battle-gen9championsvgc2026regma-1935\n|\n|t:|...to\n|\n|upkeep\n|turn|3' [471 bytes]
DEBUG:websockets.client:< TEXT '>battle-gen9championsvgc2026regma-1935\n|reques...ing":false}]},"rqid":8}' [2166 bytes]
DEBUG:websockets.client:< TEXT '>battle-gen9championsvgc2026regma-1935\n|reques...ing":false}]},"rqid":9}' [1875 bytes]
DEBUG:live_vgc_base:Turn 3 [battle-gen9championsvgc2026regma-1935] a0=0 a1=3 src=random opp_splice=on
DEBUG:websockets.client:> TEXT 'battle-gen9championsvgc2026regma-1935|/choose m...orm 1, move wavecrash 1' [80 bytes]
INFO:player:Turn 3 [battle-gen9championsvgc2026regma-1935] value head win-prob: 0.742  (winning)
DEBUG:live_vgc_base:Turn 3 [battle-gen9championsvgc2026regma-1935] a0=0 a1=9 src=model opp_splice=on
DEBUG:websockets.client:> TEXT 'battle-gen9championsvgc2026regma-1935|/choose move encore 1, move icywind' [73 bytes]
DEBUG:websockets.client:< TEXT '>battle-gen9championsvgc2026regma-1935\n|\n|t:|...|p2a: Ditto\n|\n|upkeep' [573 bytes]
DEBUG:websockets.client:< TEXT '>battle-gen9championsvgc2026regma-1935\n|\n|t:|...|p2a: Ditto\n|\n|upkeep' [575 bytes]
DEBUG:websockets.client:< TEXT '>battle-gen9championsvgc2026regma-1935\n|reques...Cancel":true,"rqid":10}' [1422 bytes]
DEBUG:websockets.client:< TEXT '>battle-gen9championsvgc2026regma-1935\n|reques...ng":false}]},"rqid":11}' [1393 bytes]
DEBUG:vgc_base:switchDIAG [battle-gen9championsvgc2026regma-1935] turn=3 slot=0 ctx=replacement chosen=ditto#4144 in_active_set=False active=['None', 'zoroarkhisui#3776(act=True,fnt=False)'] own_bench=['charizard#2192', 'ditto#4144'] available_switches=[['ditto', 'charizard'], ['ditto', 'charizard']] request={'p1: Whimsicott': (True, True), 'p1: Zoroark': (True, False), 'p1: Ditto': (False, False), 'p1: Charizard': (False, False)}
DEBUG:live_vgc_base:forceSwitch forced_switch_model [battle-gen9championsvgc2026regma-1935] turn 3 a0=13 a1=None opp_splice=on
DEBUG:websockets.client:> TEXT 'battle-gen9championsvgc2026regma-1935|/choose switch 3, pass' [60 bytes]
DEBUG:websockets.client:< TEXT '>battle-gen9championsvgc2026regma-1935\n|\n|t:|...lity: Imposter\n|turn|4' [166 bytes]
DEBUG:websockets.client:< TEXT '>battle-gen9championsvgc2026regma-1935\n|\n|t:|...lity: Imposter\n|turn|4' [166 bytes]
DEBUG:websockets.client:< TEXT '>battle-gen9championsvgc2026regma-1935\n|reques...ng":false}]},"rqid":12}' [2196 bytes]
DEBUG:websockets.client:< TEXT '>battle-gen9championsvgc2026regma-1935\n|reques...ng":false}]},"rqid":13}' [1874 bytes]
DEBUG:live_vgc_base:Turn 4 [battle-gen9championsvgc2026regma-1935] a0=12 a1=10 src=random opp_splice=on
DEBUG:vgc_base:switchDIAG [battle-gen9championsvgc2026regma-1935] turn=4 slot=0 ctx=normal chosen=sneasler#6720 in_active_set=False active=['ditto#8560(act=True,fnt=False)', 'basculegion#7824(act=True,fnt=False)'] own_bench=['sneasler#6720', 'zoroarkhisui#8192'] available_switches=[['sneasler', 'zoroarkhisui'], ['sneasler', 'zoroarkhisui']] request={'p2: Ditto': (True, False), 'p2: Basculegion': (True, False), 'p2: Sneasler': (False, False), 'p2: Zoroark': (False, False)}
DEBUG:websockets.client:> TEXT 'battle-gen9championsvgc2026regma-1935|/choose s... 3, move lastrespects 2' [75 bytes]
INFO:player:Turn 4 [battle-gen9championsvgc2026regma-1935] value head win-prob: 0.896  (winning)
DEBUG:live_vgc_base:Turn 4 [battle-gen9championsvgc2026regma-1935] a0=1 a1=9 src=model opp_splice=on
DEBUG:websockets.client:> TEXT 'battle-gen9championsvgc2026regma-1935|/choose m...espects 2, move icywind' [79 bytes]
DEBUG:websockets.client:< TEXT '>battle-gen9championsvgc2026regma-1935\n|\n|t:|...Basculegion\n|\n|upkeep' [548 bytes]
DEBUG:websockets.client:< TEXT '>battle-gen9championsvgc2026regma-1935\n|\n|t:|...Basculegion\n|\n|upkeep' [550 bytes]
DEBUG:websockets.client:< TEXT '>battle-gen9championsvgc2026regma-1935\n|reques...ng":false}]},"rqid":14}' [1431 bytes]
DEBUG:websockets.client:< TEXT '>battle-gen9championsvgc2026regma-1935\n|reques...Cancel":true,"rqid":15}' [1413 bytes]
DEBUG:vgc_base:forceSwitch [battle-gen9championsvgc2026regma-1935] force=[False, True] → /choose pass / /choose switch Zoroark
DEBUG:websockets.client:> TEXT 'battle-gen9championsvgc2026regma-1935|/choose pass, switch Zoroark' [66 bytes]
DEBUG:websockets.client:< TEXT '>battle-gen9championsvgc2026regma-1935\n|\n|t:|...o, L50|100/100\n|turn|5' [101 bytes]
DEBUG:websockets.client:< TEXT '>battle-gen9championsvgc2026regma-1935\n|\n|t:|...o, L50|132/132\n|turn|5' [101 bytes]
DEBUG:websockets.client:< TEXT '>battle-gen9championsvgc2026regma-1935\n|reques...ng":false}]},"rqid":16}' [2196 bytes]
DEBUG:websockets.client:< TEXT '>battle-gen9championsvgc2026regma-1935\n|reques...ng":false}]},"rqid":17}' [2145 bytes]
INFO:player:Turn 5 [battle-gen9championsvgc2026regma-1935] value head win-prob: 0.871  (winning)
DEBUG:live_vgc_base:Turn 5 [battle-gen9championsvgc2026regma-1935] a0=0 a1=9 src=model opp_splice=on
DEBUG:websockets.client:> TEXT 'battle-gen9championsvgc2026regma-1935|/choose m...espects 1, move icywind' [79 bytes]
DEBUG:live_vgc_base:Turn 5 [battle-gen9championsvgc2026regma-1935] a0=1 a1=12 src=random opp_splice=on
DEBUG:vgc_base:switchDIAG [battle-gen9championsvgc2026regma-1935] turn=5 slot=1 ctx=normal chosen=ditto#8560 in_active_set=False active=['sneasler#6720(act=True,fnt=False)', 'zoroarkhisui#8192(act=True,fnt=False)'] own_bench=['ditto#8560'] available_switches=[['ditto'], ['ditto']] request={'p2: Sneasler': (True, False), 'p2: Zoroark': (True, False), 'p2: Ditto': (False, False), 'p2: Basculegion': (False, True)}
DEBUG:websockets.client:> TEXT 'battle-gen9championsvgc2026regma-1935|/choose move fakeout 2, switch 3' [70 bytes]
DEBUG:websockets.client:< TEXT '>battle-gen9championsvgc2026regma-1935\n|\n|t:|...a: Sneasler\n|\n|upkeep' [426 bytes]
DEBUG:websockets.client:< TEXT '>battle-gen9championsvgc2026regma-1935\n|\n|t:|...a: Sneasler\n|\n|upkeep' [426 bytes]
DEBUG:websockets.client:< TEXT '>battle-gen9championsvgc2026regma-1935\n|reques...ng":false}]},"rqid":18}' [1431 bytes]
DEBUG:websockets.client:< TEXT '>battle-gen9championsvgc2026regma-1935\n|reques...Cancel":true,"rqid":19}' [1410 bytes]
DEBUG:vgc_base:forceSwitch slot 1: no available switch — '/choose default' (handled poke-env desync).
DEBUG:vgc_base:forceSwitch DIAG [battle-gen9championsvgc2026regma-1935] turn=5 slot=1 force=[True, True] available_switches=[['zoroarkhisui'], ['zoroarkhisui']] own_bench_mons=['zoroarkhisui'] request_state={'Sneasler': 'actfnt', 'Ditto': 'actfnt', 'Zoroark': '', 'Basculegion': 'fnt'} team_keys=['p2: Sneasler', 'p2: Charizard', 'p2: Whimsicott', 'p2: Basculegion', 'p2: Zoroark', 'p2: Ditto'] team=[sneasler(act=True,fnt=True,hp=0), charizard(act=True,fnt=False,hp=1.0), whimsicott(act=False,fnt=False,hp=1.0), basculegion(act=False,fnt=True,hp=0), zoroarkhisui(act=False,fnt=False,hp=1.0), ditto(act=True,fnt=True,hp=0)]
DEBUG:websockets.client:> TEXT 'battle-gen9championsvgc2026regma-1935|/choose default' [53 bytes]
DEBUG:websockets.client:< TEXT '>battle-gen9championsvgc2026regma-1935\n|\n|t:|...L50, F|100/100\n|turn|6' [114 bytes]
DEBUG:websockets.client:< TEXT '>battle-gen9championsvgc2026regma-1935\n|\n|t:|...L50, F|132/132\n|turn|6' [114 bytes]
DEBUG:websockets.client:< TEXT '>battle-gen9championsvgc2026regma-1935\n|reques...ng":false}]},"rqid":20}' [2196 bytes]
DEBUG:websockets.client:< TEXT '>battle-gen9championsvgc2026regma-1935\n|reques...ng":false}]},"rqid":21}' [1875 bytes]
DEBUG:live_vgc_base:Turn 6 [battle-gen9championsvgc2026regma-1935] a0=0 a1=0 src=random opp_splice=on
DEBUG:vgc_base:_safe_order: action 0 slot 1 → None, scanning legal actions.
DEBUG:vgc_base:_safe_order: slot 1 has no decodable legal action — sending Pass.
DEBUG:websockets.client:> TEXT 'battle-gen9championsvgc2026regma-1935|/choose move hypervoice, pass' [67 bytes]
INFO:player:Turn 6 [battle-gen9championsvgc2026regma-1935] value head win-prob: 0.998  (winning)
DEBUG:live_vgc_base:Turn 6 [battle-gen9championsvgc2026regma-1935] a0=0 a1=0 src=model opp_splice=on
DEBUG:websockets.client:> TEXT 'battle-gen9championsvgc2026regma-1935|/choose m...ects 1, move hypervoice' [82 bytes]
DEBUG:websockets.client:< TEXT '>battle-gen9championsvgc2026regma-1935\n|\n|t:|...rk\n|\n|upkeep\n|turn|7' [303 bytes]
DEBUG:websockets.client:< TEXT '>battle-gen9championsvgc2026regma-1935\n|\n|t:|...rk\n|\n|upkeep\n|turn|7' [303 bytes]
DEBUG:websockets.client:< TEXT '>battle-gen9championsvgc2026regma-1935\n|reques...ng":false}]},"rqid":23}' [1875 bytes]
DEBUG:websockets.client:< TEXT '>battle-gen9championsvgc2026regma-1935\n|reques...ng":false}]},"rqid":22}' [2196 bytes]
DEBUG:live_vgc_base:Turn 7 [battle-gen9championsvgc2026regma-1935] a0=9 a1=0 src=random opp_splice=on
DEBUG:vgc_base:_safe_order: action 0 slot 1 → None, scanning legal actions.
DEBUG:vgc_base:_safe_order: slot 1 has no decodable legal action — sending Pass.
DEBUG:websockets.client:> TEXT 'battle-gen9championsvgc2026regma-1935|/choose move icywind, pass' [64 bytes]
INFO:player:Turn 7 [battle-gen9championsvgc2026regma-1935] value head win-prob: 0.998  (winning)
DEBUG:live_vgc_base:Turn 7 [battle-gen9championsvgc2026regma-1935] a0=0 a1=9 src=model opp_splice=on
DEBUG:websockets.client:> TEXT 'battle-gen9championsvgc2026regma-1935|/choose m...espects 1, move icywind' [79 bytes]
DEBUG:websockets.client:< TEXT '>battle-gen9championsvgc2026regma-1935\n|\n|t:|...rk\n|\n|upkeep\n|turn|8' [509 bytes]
DEBUG:websockets.client:< TEXT '>battle-gen9championsvgc2026regma-1935\n|\n|t:|...rk\n|\n|upkeep\n|turn|8' [508 bytes]
DEBUG:websockets.client:< TEXT '>battle-gen9championsvgc2026regma-1935\n|reques...ng":false}]},"rqid":24}' [2195 bytes]
DEBUG:websockets.client:< TEXT '>battle-gen9championsvgc2026regma-1935\n|reques...ng":false}]},"rqid":25}' [1874 bytes]
DEBUG:live_vgc_base:Turn 8 [battle-gen9championsvgc2026regma-1935] a0=6 a1=0 src=random opp_splice=on
DEBUG:vgc_base:_safe_order: action 0 slot 1 → None, scanning legal actions.
DEBUG:vgc_base:_safe_order: slot 1 has no decodable legal action — sending Pass.
DEBUG:websockets.client:> TEXT 'battle-gen9championsvgc2026regma-1935|/choose move protect, pass' [64 bytes]
INFO:player:Turn 8 [battle-gen9championsvgc2026regma-1935] value head win-prob: 0.997  (winning)
DEBUG:live_vgc_base:Turn 8 [battle-gen9championsvgc2026regma-1935] a0=12 a1=0 src=model opp_splice=on
DEBUG:vgc_base:switchDIAG [battle-gen9championsvgc2026regma-1935] turn=8 slot=0 ctx=normal chosen=charizard#2192 in_active_set=False active=['ditto#4144(act=True,fnt=False)', 'zoroarkhisui#3776(act=True,fnt=False)'] own_bench=['charizard#2192'] available_switches=[['charizard'], ['charizard']] request={'p1: Ditto': (True, False), 'p1: Zoroark': (True, False), 'p1: Whimsicott': (False, True), 'p1: Charizard': (False, False)}
DEBUG:websockets.client:> TEXT 'battle-gen9championsvgc2026regma-1935|/choose switch 4, move hypervoice' [71 bytes]
DEBUG:websockets.client:< TEXT '>battle-gen9championsvgc2026regma-1935\n|\n|t:|...ct\n|\n|upkeep\n|turn|9' [278 bytes]
DEBUG:websockets.client:< TEXT '>battle-gen9championsvgc2026regma-1935\n|\n|t:|...ct\n|\n|upkeep\n|turn|9' [278 bytes]
DEBUG:websockets.client:< TEXT '>battle-gen9championsvgc2026regma-1935\n|reques...ng":false}]},"rqid":26}' [2186 bytes]
DEBUG:websockets.client:< TEXT '>battle-gen9championsvgc2026regma-1935\n|reques...ng":false}]},"rqid":27}' [1874 bytes]
DEBUG:live_vgc_base:Turn 9 [battle-gen9championsvgc2026regma-1935] a0=4 a1=0 src=random opp_splice=on
DEBUG:vgc_base:_safe_order: action 0 slot 1 → None, scanning legal actions.
DEBUG:vgc_base:_safe_order: slot 1 has no decodable legal action — sending Pass.
DEBUG:websockets.client:> TEXT 'battle-gen9championsvgc2026regma-1935|/choose move shadowball 2, pass' [69 bytes]
INFO:player:Turn 9 [battle-gen9championsvgc2026regma-1935] value head win-prob: 0.997  (winning)
DEBUG:live_vgc_base:Turn 9 [battle-gen9championsvgc2026regma-1935] a0=0 a1=0 src=model opp_splice=on
DEBUG:websockets.client:> TEXT 'battle-gen9championsvgc2026regma-1935|/choose m...e mega, move hypervoice' [81 bytes]
DEBUG:websockets.client:< TEXT '>battle-gen9championsvgc2026regma-1935\n|\n|t:|...a: Zoroark\n|\n|win|BC1' [323 bytes]
DEBUG:websockets.client:< TEXT '>battle-gen9championsvgc2026regma-1935\n|\n|t:|...a: Zoroark\n|\n|win|BC1' [323 bytes]
DEBUG:websockets.client:< TEXT '|updatesearch|{"searching":[],"games":{"battle-... 2026 Reg M-A Battle"}}' [124 bytes]
INFO:vgc_base:Battle battle-gen9championsvgc2026regma-1935 finished — outcome: WIN  (W/L/D so far: 1/0/0)
DEBUG:websockets.client:> TEXT '|/leave battle-gen9championsvgc2026regma-1935' [45 bytes]
DEBUG:websockets.client:< TEXT '|updatesearch|{"searching":[],"games":{"battle-... 2026 Reg M-A Battle"}}' [124 bytes]
DEBUG:websockets.client:> TEXT 'battle-gen9championsvgc2026regma-1936|/rejectopenteamsheets' [59 bytes]
INFO:vgc_base:Battle battle-gen9championsvgc2026regma-1935 finished — outcome: LOSS  (W/L/D so far: 0/1/0)
DEBUG:websockets.client:> TEXT '|/leave battle-gen9championsvgc2026regma-1935' [45 bytes]
DEBUG:websockets.client:> TEXT '|/utm Sneasler||whiteherb|unburden|fakeout,dire...Naive|32,2,,,,32||||50|' [550 bytes]
DEBUG:websockets.client:> TEXT '|/challenge oprand1, gen9championsvgc2026regma' [46 bytes]
DEBUG:websockets.client:> TEXT 'battle-gen9championsvgc2026regma-1936|/rejectopenteamsheets' [59 bytes]
DEBUG:websockets.client:< TEXT '>battle-gen9championsvgc2026regma-1935\n|deinit' [46 bytes]
DEBUG:websockets.client:< TEXT '>battle-gen9championsvgc2026regma-1935\n|l|☆BC1' [48 bytes]
DEBUG:websockets.client:< TEXT '>battle-gen9championsvgc2026regma-1936\n|uhtmlchange|otsrequest|' [63 bytes]
DEBUG:websockets.client:< TEXT '>battle-gen9championsvgc2026regma-1936\nBC1 rejected open team sheets.' [69 bytes]
DEBUG:websockets.client:< TEXT '>battle-gen9championsvgc2026regma-1936\n|uhtmlchange|otsrequest|' [63 bytes]
DEBUG:websockets.client:< TEXT '>battle-gen9championsvgc2026regma-1936\nBC1 rejected open team sheets.' [69 bytes]
DEBUG:websockets.client:< TEXT '>battle-gen9championsvgc2026regma-1935\n|deinit' [46 bytes]
DEBUG:websockets.client:< TEXT '>battle-gen9championsvgc2026regma-1936\n|uhtmlchange|otsrequest|' [63 bytes]
DEBUG:websockets.client:< TEXT '>battle-gen9championsvgc2026regma-1936\n|uhtmlchange|otsrequest|' [63 bytes]
DEBUG:websockets.client:< TEXT '>battle-gen9championsvgc2026regma-1936\nOPrand1...ected open team sheets.' [73 bytes]
DEBUG:websockets.client:< TEXT '>battle-gen9championsvgc2026regma-1936\nOPrand1...ected open team sheets.' [73 bytes]
INFO:player:Team-preview [battle-gen9championsvgc2026regma-1936] NET drove: bring=['whimsicott', 'zoroarkhisui', 'ditto', 'charizardmegay'] leads=['whimsicott', 'zoroarkhisui'] (vs opp ['sneasler', 'charizard', 'whimsicott', 'basculegion', 'zoroarkhisui', 'ditto'])
INFO:vgc_base:Teampreview [battle-gen9championsvgc2026regma-1936] → /team 3562  (whimsicott, zoroarkhisui, ditto, charizardmegay)
DEBUG:websockets.client:> TEXT 'battle-gen9championsvgc2026regma-1936|/team 3562' [48 bytes]
INFO:vgc_base:Teampreview [battle-gen9championsvgc2026regma-1936] → /team 2531  (charizardmegay, zoroarkhisui, whimsicott, sneasler)
DEBUG:websockets.client:> TEXT 'battle-gen9championsvgc2026regma-1936|/team 2531' [48 bytes]
DEBUG:websockets.client:< TEXT '|pm| BC1| OPrand1|/challenge gen9championsvgc20...hampionsvgc2026regma|||' [83 bytes]
DEBUG:websockets.client:< TEXT '|pm| BC1| OPrand1|/challenge gen9championsvgc20...hampionsvgc2026regma|||' [83 bytes]
DEBUG:websockets.client:< TEXT '|pm| BC1| OPrand1|/log BC1 wants to battle!' [43 bytes]
DEBUG:websockets.client:< TEXT '|pm| BC1| OPrand1|/log BC1 wants to battle!' [43 bytes]
DEBUG:websockets.client:> TEXT '|/utm Sneasler||whiteherb|unburden|fakeout,dire...Naive|32,2,,,,32||||50|' [550 bytes]
DEBUG:websockets.client:> TEXT '|/accept bc1' [12 bytes]
DEBUG:websockets.client:< TEXT '>battle-gen9championsvgc2026regma-1936\n|\n|t:|...L50, F|100/100\n|turn|1' [321 bytes]
DEBUG:websockets.client:< TEXT '>battle-gen9championsvgc2026regma-1936\n|\n|t:|...L50, F|132/132\n|turn|1' [321 bytes]
DEBUG:websockets.client:< TEXT '>battle-gen9championsvgc2026regma-1936\n|reques...ing":false}]},"rqid":5}' [2245 bytes]
DEBUG:websockets.client:< TEXT '|pm| OPrand1| BC1|/challenge' [28 bytes]
DEBUG:websockets.client:< TEXT '>battle-gen9championsvgc2026regma-1936\n|reques...ing":false}]},"rqid":4}' [2167 bytes]
DEBUG:websockets.client:< TEXT '|updatesearch|{"searching":[],"games":{"battle-... 2026 Reg M-A Battle"}}' [124 bytes]
DEBUG:live_vgc_base:Turn 1 [battle-gen9championsvgc2026regma-1936] a0=4 a1=6 src=random opp_splice=on
DEBUG:websockets.client:> TEXT 'battle-gen9championsvgc2026regma-1936|/choose m...herball 2, move protect' [78 bytes]
DEBUG:websockets.client:< TEXT '|pm| OPrand1| BC1|/challenge' [28 bytes]
DEBUG:websockets.client:< TEXT '|updatesearch|{"searching":[],"games":{"battle-... 2026 Reg M-A Battle"}}' [124 bytes]
DEBUG:websockets.client:< TEXT '|updatesearch|{"searching":[],"games":{"battle-... 2026 Reg M-A Battle"}}' [208 bytes]
DEBUG:websockets.client:< TEXT '|updatesearch|{"searching":[],"games":{"battle-... 2026 Reg M-A Battle"}}' [208 bytes]
DEBUG:websockets.client:< TEXT '|updatesearch|{"searching":[],"games":{"battle-... 2026 Reg M-A Battle"}}' [208 bytes]
DEBUG:websockets.client:< TEXT '|updatesearch|{"searching":[],"games":{"battle-... 2026 Reg M-A Battle"}}' [208 bytes]
DEBUG:websockets.client:< TEXT '>battle-gen9championsvgc2026regma-1937\n|init|b... vs. OPrand1\n|j|☆BC1\n' [85 bytes]
DEBUG:websockets.client:< TEXT '>battle-gen9championsvgc2026regma-1937\n|j|☆OPrand1' [52 bytes]
DEBUG:websockets.client:< TEXT '|pm| OPrand1| BC1|/nonotify OPrand1 accepted th...26regma-1937</a>&raquo;' [173 bytes]
DEBUG:websockets.client:< TEXT '>battle-gen9championsvgc2026regma-1937\n|t:|1781646842\n|gametype|doubles' [71 bytes]
DEBUG:websockets.client:< TEXT '>battle-gen9championsvgc2026regma-1937\n|player|p1|BC1|266|' [58 bytes]
DEBUG:websockets.client:< TEXT '>battle-gen9championsvgc2026regma-1937\n|player...heets</strong></button>' [857 bytes]
DEBUG:websockets.client:< TEXT '>battle-gen9championsvgc2026regma-1937\n|reques...ing":false}]},"rqid":2}' [2093 bytes]
INFO:player:Turn 1 [battle-gen9championsvgc2026regma-1936] value head win-prob: 0.492  (even)
DEBUG:live_vgc_base:Turn 1 [battle-gen9championsvgc2026regma-1936] a0=0 a1=9 src=model opp_splice=on
DEBUG:websockets.client:> TEXT 'battle-gen9championsvgc2026regma-1936|/choose move encore 1, move icywind' [73 bytes]
DEBUG:websockets.client:< TEXT '>battle-gen9championsvgc2026regma-1937\n|init|b...n|j|☆BC1\n|j|☆OPrand1\n' [99 bytes]
DEBUG:websockets.client:< TEXT '|pm| OPrand1| BC1|/nonotify OPrand1 accepted th...26regma-1937</a>&raquo;' [173 bytes]
DEBUG:websockets.client:< TEXT '>battle-gen9championsvgc2026regma-1937\n|t:|1781646842\n|gametype|doubles' [71 bytes]
DEBUG:websockets.client:< TEXT '>battle-gen9championsvgc2026regma-1937\n|player|p1|BC1|266|' [58 bytes]
DEBUG:websockets.client:< TEXT '>battle-gen9championsvgc2026regma-1937\n|player...heets</strong></button>' [857 bytes]
DEBUG:websockets.client:< TEXT '>battle-gen9championsvgc2026regma-1937\n|reques...ing":false}]},"rqid":3}' [2097 bytes]
DEBUG:websockets.client:< TEXT '>battle-gen9championsvgc2026regma-1936\n|\n|t:|...rd\n|\n|upkeep\n|turn|2' [415 bytes]
DEBUG:websockets.client:< TEXT '>battle-gen9championsvgc2026regma-1936\n|\n|t:|...rd\n|\n|upkeep\n|turn|2' [415 bytes]
DEBUG:websockets.client:< TEXT '>battle-gen9championsvgc2026regma-1936\n|reques...ing":false}]},"rqid":6}' [2167 bytes]
DEBUG:websockets.client:< TEXT '>battle-gen9championsvgc2026regma-1936\n|reques...ing":false}]},"rqid":7}' [2245 bytes]
DEBUG:live_vgc_base:Turn 2 [battle-gen9championsvgc2026regma-1936] a0=4 a1=4 src=random opp_splice=on
DEBUG:websockets.client:> TEXT 'battle-gen9championsvgc2026regma-1936|/choose m...ll 2, move shadowball 2' [83 bytes]
INFO:player:Turn 2 [battle-gen9championsvgc2026regma-1936] value head win-prob: 0.647  (winning)
DEBUG:live_vgc_base:Turn 2 [battle-gen9championsvgc2026regma-1936] a0=0 a1=9 src=model opp_splice=on
DEBUG:websockets.client:> TEXT 'battle-gen9championsvgc2026regma-1936|/choose move encore 1, move icywind' [73 bytes]
DEBUG:websockets.client:< TEXT '>battle-gen9championsvgc2026regma-1936\n|\n|t:|...rd\n|\n|upkeep\n|turn|3' [546 bytes]
DEBUG:websockets.client:< TEXT '>battle-gen9championsvgc2026regma-1936\n|\n|t:|...rd\n|\n|upkeep\n|turn|3' [547 bytes]
DEBUG:websockets.client:< TEXT '>battle-gen9championsvgc2026regma-1936\n|reques...ing":false}]},"rqid":8}' [2167 bytes]
DEBUG:websockets.client:< TEXT '>battle-gen9championsvgc2026regma-1936\n|reques...ing":false}]},"rqid":9}' [2241 bytes]
INFO:player:Turn 3 [battle-gen9championsvgc2026regma-1936] value head win-prob: 0.147  (losing)
DEBUG:live_vgc_base:Turn 3 [battle-gen9championsvgc2026regma-1936] a0=0 a1=9 src=model opp_splice=on
DEBUG:websockets.client:> TEXT 'battle-gen9championsvgc2026regma-1936|/choose move encore 1, move icywind' [73 bytes]
DEBUG:live_vgc_base:Turn 3 [battle-gen9championsvgc2026regma-1936] a0=13 a1=12 src=random opp_splice=on
DEBUG:vgc_base:switchDIAG [battle-gen9championsvgc2026regma-1936] turn=3 slot=0 ctx=normal chosen=whimsicott#9648 in_active_set=False active=['charizard#9280(act=True,fnt=False)', 'zoroarkhisui#384(act=True,fnt=False)'] own_bench=['sneasler#8912', 'whimsicott#9648'] available_switches=[['whimsicott', 'sneasler'], ['whimsicott', 'sneasler']] request={'p2: Charizard': (True, False), 'p2: Zoroark': (True, False), 'p2: Whimsicott': (False, False), 'p2: Sneasler': (False, False)}
DEBUG:vgc_base:switchDIAG [battle-gen9championsvgc2026regma-1936] turn=3 slot=1 ctx=normal chosen=sneasler#8912 in_active_set=False active=['charizard#9280(act=True,fnt=False)', 'zoroarkhisui#384(act=True,fnt=False)'] own_bench=['sneasler#8912', 'whimsicott#9648'] available_switches=[['whimsicott', 'sneasler'], ['whimsicott', 'sneasler']] request={'p2: Charizard': (True, False), 'p2: Zoroark': (True, False), 'p2: Whimsicott': (False, False), 'p2: Sneasler': (False, False)}
DEBUG:websockets.client:> TEXT 'battle-gen9championsvgc2026regma-1936|/choose switch 3, switch 4' [64 bytes]
DEBUG:websockets.client:< TEXT '>battle-gen9championsvgc2026regma-1936\n|\n|t:|...t]\n|\n|upkeep\n|turn|4' [533 bytes]
DEBUG:websockets.client:< TEXT '>battle-gen9championsvgc2026regma-1936\n|\n|t:|...t]\n|\n|upkeep\n|turn|4' [534 bytes]
DEBUG:websockets.client:< TEXT '>battle-gen9championsvgc2026regma-1936\n|reques...ng":false}]},"rqid":10}' [2168 bytes]
DEBUG:websockets.client:< TEXT '>battle-gen9championsvgc2026regma-1936\n|reques...ng":false}]},"rqid":11}' [2192 bytes]
DEBUG:live_vgc_base:Turn 4 [battle-gen9championsvgc2026regma-1936] a0=8 a1=2 src=random opp_splice=on
DEBUG:websockets.client:> TEXT 'battle-gen9championsvgc2026regma-1936|/choose m...ast -2, move fakeout -1' [80 bytes]
INFO:player:Turn 4 [battle-gen9championsvgc2026regma-1936] value head win-prob: 0.420  (losing)
DEBUG:live_vgc_base:Turn 4 [battle-gen9championsvgc2026regma-1936] a0=0 a1=9 src=model opp_splice=on
DEBUG:websockets.client:> TEXT 'battle-gen9championsvgc2026regma-1936|/choose move encore 1, move icywind' [73 bytes]
DEBUG:websockets.client:< TEXT '>battle-gen9championsvgc2026regma-1936\n|\n|t:|... Whimsicott\n|\n|upkeep' [413 bytes]
DEBUG:websockets.client:< TEXT '>battle-gen9championsvgc2026regma-1936\n|\n|t:|... Whimsicott\n|\n|upkeep' [413 bytes]
DEBUG:websockets.client:< TEXT '>battle-gen9championsvgc2026regma-1936\n|reques...ng":false}]},"rqid":12}' [1393 bytes]
DEBUG:websockets.client:< TEXT '>battle-gen9championsvgc2026regma-1936\n|reques...Cancel":true,"rqid":13}' [1468 bytes]
DEBUG:vgc_base:forceSwitch [battle-gen9championsvgc2026regma-1936] force=[True, False] → /choose switch Zoroark / /choose pass
DEBUG:websockets.client:> TEXT 'battle-gen9championsvgc2026regma-1936|/choose switch Zoroark, pass' [66 bytes]
DEBUG:websockets.client:< TEXT '>battle-gen9championsvgc2026regma-1936\n|\n|t:|... L50, F|72/100\n|turn|5' [111 bytes]
DEBUG:websockets.client:< TEXT '>battle-gen9championsvgc2026regma-1936\n|\n|t:|... L50, F|96/132\n|turn|5' [111 bytes]
DEBUG:websockets.client:< TEXT '>battle-gen9championsvgc2026regma-1936\n|reques...ng":false}]},"rqid":14}' [2168 bytes]
DEBUG:websockets.client:< TEXT '>battle-gen9championsvgc2026regma-1936\n|reques...ng":false}]},"rqid":15}' [2199 bytes]
DEBUG:live_vgc_base:Turn 5 [battle-gen9championsvgc2026regma-1936] a0=5 a1=4 src=random opp_splice=on
DEBUG:websockets.client:> TEXT 'battle-gen9championsvgc2026regma-1936|/choose m...all -2, move direclaw 2' [81 bytes]
INFO:player:Turn 5 [battle-gen9championsvgc2026regma-1936] value head win-prob: 0.593  (winning)
DEBUG:live_vgc_base:Turn 5 [battle-gen9championsvgc2026regma-1936] a0=0 a1=9 src=model opp_splice=on
DEBUG:websockets.client:> TEXT 'battle-gen9championsvgc2026regma-1936|/choose move encore 1, move icywind' [73 bytes]
DEBUG:websockets.client:< TEXT '>battle-gen9championsvgc2026regma-1936\n|\n|t:|...b: Sneasler\n|\n|upkeep' [650 bytes]
DEBUG:websockets.client:< TEXT '>battle-gen9championsvgc2026regma-1936\n|\n|t:|...b: Sneasler\n|\n|upkeep' [650 bytes]
DEBUG:websockets.client:< TEXT '>battle-gen9championsvgc2026regma-1936\n|reques...ng":false}]},"rqid":16}' [1396 bytes]
DEBUG:websockets.client:< TEXT '>battle-gen9championsvgc2026regma-1936\n|reques...Cancel":true,"rqid":17}' [1467 bytes]
DEBUG:vgc_base:forceSwitch [battle-gen9championsvgc2026regma-1936] force=[False, True] → /choose pass / /choose switch Charizard
DEBUG:websockets.client:> TEXT 'battle-gen9championsvgc2026regma-1936|/choose pass, switch Charizard' [68 bytes]
DEBUG:websockets.client:< TEXT '>battle-gen9championsvgc2026regma-1936\n|\n|t:|... L50, F|84/100\n|turn|6' [111 bytes]
DEBUG:websockets.client:< TEXT '>battle-gen9championsvgc2026regma-1936\n|\n|t:|...L50, F|142/168\n|turn|6' [112 bytes]
DEBUG:websockets.client:< TEXT '>battle-gen9championsvgc2026regma-1936\n|reques...ng":false}]},"rqid":18}' [2171 bytes]
DEBUG:websockets.client:< TEXT '>battle-gen9championsvgc2026regma-1936\n|reques...ng":false}]},"rqid":19}' [2232 bytes]
DEBUG:live_vgc_base:Turn 6 [battle-gen9championsvgc2026regma-1936] a0=0 a1=4 src=random opp_splice=on
DEBUG:websockets.client:> TEXT 'battle-gen9championsvgc2026regma-1936|/choose m...ice, move weatherball 2' [81 bytes]
INFO:player:Turn 6 [battle-gen9championsvgc2026regma-1936] value head win-prob: 0.683  (winning)
DEBUG:live_vgc_base:Turn 6 [battle-gen9championsvgc2026regma-1936] a0=13 a1=9 src=model opp_splice=on
DEBUG:vgc_base:switchDIAG [battle-gen9championsvgc2026regma-1936] turn=6 slot=0 ctx=normal chosen=ditto#8544 in_active_set=False active=['whimsicott#7440(act=True,fnt=False)', 'zoroarkhisui#8176(act=True,fnt=False)'] own_bench=['charizard#7072', 'ditto#8544'] available_switches=[['ditto', 'charizard'], ['ditto', 'charizard']] request={'p1: Whimsicott': (True, False), 'p1: Zoroark': (True, False), 'p1: Ditto': (False, False), 'p1: Charizard': (False, False)}
DEBUG:websockets.client:> TEXT 'battle-gen9championsvgc2026regma-1936|/choose switch 3, move icywind' [68 bytes]
DEBUG:websockets.client:< TEXT '>battle-gen9championsvgc2026regma-1936\n|\n|t:|...|1\n|\n|upkeep\n|turn|7' [527 bytes]
DEBUG:websockets.client:< TEXT '>battle-gen9championsvgc2026regma-1936\n|\n|t:|...|1\n|\n|upkeep\n|turn|7' [528 bytes]
DEBUG:websockets.client:< TEXT '>battle-gen9championsvgc2026regma-1936\n|reques...ng":false}]},"rqid":21}' [2231 bytes]
DEBUG:websockets.client:< TEXT '>battle-gen9championsvgc2026regma-1936\n|reques...ng":false}]},"rqid":20}' [2204 bytes]
DEBUG:live_vgc_base:Turn 7 [battle-gen9championsvgc2026regma-1936] a0=5 a1=10 src=random opp_splice=on
DEBUG:websockets.client:> TEXT 'battle-gen9championsvgc2026regma-1936|/choose m...ll -2, move solarbeam 2' [82 bytes]
INFO:player:Turn 7 [battle-gen9championsvgc2026regma-1936] value head win-prob: 0.938  (winning)
DEBUG:live_vgc_base:Turn 7 [battle-gen9championsvgc2026regma-1936] a0=13 a1=0 src=model opp_splice=on
DEBUG:vgc_base:switchDIAG [battle-gen9championsvgc2026regma-1936] turn=7 slot=0 ctx=normal chosen=whimsicott#7440 in_active_set=False active=['ditto#8544(act=True,fnt=False)', 'zoroarkhisui#8176(act=True,fnt=False)'] own_bench=['charizard#7072', 'whimsicott#7440'] available_switches=[['whimsicott', 'charizard'], ['whimsicott', 'charizard']] request={'p1: Ditto': (True, False), 'p1: Zoroark': (True, False), 'p1: Whimsicott': (False, False), 'p1: Charizard': (False, False)}
DEBUG:websockets.client:> TEXT 'battle-gen9championsvgc2026regma-1936|/choose switch 3, move hypervoice' [71 bytes]
DEBUG:websockets.client:< TEXT '>battle-gen9championsvgc2026regma-1936\n|\n|t:|...rd\n|\n|upkeep\n|turn|8' [440 bytes]
DEBUG:websockets.client:< TEXT '>battle-gen9championsvgc2026regma-1936\n|\n|t:|...rd\n|\n|upkeep\n|turn|8' [440 bytes]
DEBUG:websockets.client:< TEXT '>battle-gen9championsvgc2026regma-1936\n|reques...ng":false}]},"rqid":23}' [2229 bytes]
DEBUG:websockets.client:< TEXT '>battle-gen9championsvgc2026regma-1936\n|reques...ng":false}]},"rqid":22}' [2170 bytes]
DEBUG:live_vgc_base:Turn 8 [battle-gen9championsvgc2026regma-1936] a0=0 a1=0 src=random opp_splice=on
DEBUG:vgc_base:_safe_order: action 0 slot 1 → None, scanning legal actions.
DEBUG:vgc_base:_safe_order: slot 1 has no decodable legal action — sending Pass.
DEBUG:websockets.client:> TEXT 'battle-gen9championsvgc2026regma-1936|/choose move hypervoice, pass' [67 bytes]
INFO:player:Turn 8 [battle-gen9championsvgc2026regma-1936] value head win-prob: 0.998  (winning)
DEBUG:live_vgc_base:Turn 8 [battle-gen9championsvgc2026regma-1936] a0=6 a1=6 src=model opp_splice=on
DEBUG:websockets.client:> TEXT 'battle-gen9championsvgc2026regma-1936|/choose m...onblast 1, move protect' [76 bytes]
DEBUG:websockets.client:< TEXT '>battle-gen9championsvgc2026regma-1936\n|\n|t:|...a: Zoroark\n|\n|win|BC1' [233 bytes]
DEBUG:websockets.client:< TEXT '>battle-gen9championsvgc2026regma-1936\n|\n|t:|...a: Zoroark\n|\n|win|BC1' [233 bytes]
INFO:vgc_base:Battle battle-gen9championsvgc2026regma-1936 finished — outcome: WIN  (W/L/D so far: 2/0/0)
DEBUG:websockets.client:> TEXT '|/leave battle-gen9championsvgc2026regma-1936' [45 bytes]
DEBUG:websockets.client:< TEXT '|updatesearch|{"searching":[],"games":{"battle-... 2026 Reg M-A Battle"}}' [124 bytes]
DEBUG:websockets.client:> TEXT 'battle-gen9championsvgc2026regma-1937|/rejectopenteamsheets' [59 bytes]
INFO:vgc_base:Battle battle-gen9championsvgc2026regma-1936 finished — outcome: LOSS  (W/L/D so far: 0/2/0)
DEBUG:websockets.client:> TEXT '|/leave battle-gen9championsvgc2026regma-1936' [45 bytes]
DEBUG:websockets.client:< TEXT '|updatesearch|{"searching":[],"games":{"battle-... 2026 Reg M-A Battle"}}' [124 bytes]
DEBUG:websockets.client:> TEXT '|/utm Sneasler||whiteherb|unburden|fakeout,dire...Naive|32,2,,,,32||||50|' [550 bytes]
DEBUG:websockets.client:> TEXT '|/challenge oprand1, gen9championsvgc2026regma' [46 bytes]
DEBUG:websockets.client:> TEXT 'battle-gen9championsvgc2026regma-1937|/rejectopenteamsheets' [59 bytes]
DEBUG:websockets.client:< TEXT '>battle-gen9championsvgc2026regma-1936\n|l|☆BC1' [48 bytes]
DEBUG:websockets.client:< TEXT '>battle-gen9championsvgc2026regma-1937\n|uhtmlchange|otsrequest|' [63 bytes]
DEBUG:websockets.client:< TEXT '>battle-gen9championsvgc2026regma-1937\nBC1 rejected open team sheets.' [69 bytes]
DEBUG:websockets.client:< TEXT '>battle-gen9championsvgc2026regma-1936\n|deinit' [46 bytes]
DEBUG:websockets.client:< TEXT '>battle-gen9championsvgc2026regma-1936\n|deinit' [46 bytes]
DEBUG:websockets.client:< TEXT '>battle-gen9championsvgc2026regma-1937\n|uhtmlchange|otsrequest|' [63 bytes]
DEBUG:websockets.client:< TEXT '>battle-gen9championsvgc2026regma-1937\nBC1 rejected open team sheets.' [69 bytes]
DEBUG:websockets.client:< TEXT '>battle-gen9championsvgc2026regma-1937\n|uhtmlchange|otsrequest|' [63 bytes]
DEBUG:websockets.client:< TEXT '>battle-gen9championsvgc2026regma-1937\n|uhtmlchange|otsrequest|' [63 bytes]
DEBUG:websockets.client:< TEXT '>battle-gen9championsvgc2026regma-1937\nOPrand1...ected open team sheets.' [73 bytes]
DEBUG:websockets.client:< TEXT '>battle-gen9championsvgc2026regma-1937\nOPrand1...ected open team sheets.' [73 bytes]
INFO:player:Team-preview [battle-gen9championsvgc2026regma-1937] NET drove: bring=['whimsicott', 'zoroarkhisui', 'ditto', 'charizardmegay'] leads=['whimsicott', 'zoroarkhisui'] (vs opp ['sneasler', 'charizard', 'whimsicott', 'basculegion', 'zoroarkhisui', 'ditto'])
INFO:vgc_base:Teampreview [battle-gen9championsvgc2026regma-1937] → /team 3562  (whimsicott, zoroarkhisui, ditto, charizardmegay)
DEBUG:websockets.client:> TEXT 'battle-gen9championsvgc2026regma-1937|/team 3562' [48 bytes]
INFO:vgc_base:Teampreview [battle-gen9championsvgc2026regma-1937] → /team 4256  (basculegion, charizardmegay, zoroarkhisui, ditto)
DEBUG:websockets.client:> TEXT 'battle-gen9championsvgc2026regma-1937|/team 4256' [48 bytes]
DEBUG:websockets.client:< TEXT '|pm| BC1| OPrand1|/challenge gen9championsvgc20...hampionsvgc2026regma|||' [83 bytes]
DEBUG:websockets.client:< TEXT '|pm| BC1| OPrand1|/challenge gen9championsvgc20...hampionsvgc2026regma|||' [83 bytes]
DEBUG:websockets.client:< TEXT '|pm| BC1| OPrand1|/log BC1 wants to battle!' [43 bytes]
DEBUG:websockets.client:< TEXT '|pm| BC1| OPrand1|/log BC1 wants to battle!' [43 bytes]
DEBUG:websockets.client:> TEXT '|/utm Sneasler||whiteherb|unburden|fakeout,dire...Naive|32,2,,,,32||||50|' [550 bytes]
DEBUG:websockets.client:> TEXT '|/accept bc1' [12 bytes]
DEBUG:websockets.client:< TEXT '|pm| OPrand1| BC1|/challenge' [28 bytes]
DEBUG:websockets.client:< TEXT '|pm| OPrand1| BC1|/challenge' [28 bytes]
DEBUG:websockets.client:< TEXT '|updatesearch|{"searching":[],"games":{"battle-... 2026 Reg M-A Battle"}}' [124 bytes]
DEBUG:websockets.client:< TEXT '|updatesearch|{"searching":[],"games":{"battle-... 2026 Reg M-A Battle"}}' [124 bytes]
DEBUG:websockets.client:< TEXT '|updatesearch|{"searching":[],"games":{"battle-... 2026 Reg M-A Battle"}}' [208 bytes]
DEBUG:websockets.client:< TEXT '|updatesearch|{"searching":[],"games":{"battle-... 2026 Reg M-A Battle"}}' [208 bytes]
DEBUG:websockets.client:< TEXT '|updatesearch|{"searching":[],"games":{"battle-... 2026 Reg M-A Battle"}}' [208 bytes]
DEBUG:websockets.client:< TEXT '|updatesearch|{"searching":[],"games":{"battle-... 2026 Reg M-A Battle"}}' [208 bytes]
DEBUG:websockets.client:< TEXT '>battle-gen9championsvgc2026regma-1938\n|init|b... vs. OPrand1\n|j|☆BC1\n' [85 bytes]
DEBUG:websockets.client:< TEXT '>battle-gen9championsvgc2026regma-1938\n|j|☆OPrand1' [52 bytes]
DEBUG:websockets.client:< TEXT '>battle-gen9championsvgc2026regma-1938\n|init|b...n|j|☆BC1\n|j|☆OPrand1\n' [99 bytes]
DEBUG:websockets.client:< TEXT '|pm| OPrand1| BC1|/nonotify OPrand1 accepted th...26regma-1938</a>&raquo;' [173 bytes]
DEBUG:websockets.client:< TEXT '>battle-gen9championsvgc2026regma-1937\n|\n|t:|...L50, F|168/168\n|turn|1' [327 bytes]
DEBUG:websockets.client:< TEXT '|pm| OPrand1| BC1|/nonotify OPrand1 accepted th...26regma-1938</a>&raquo;' [173 bytes]
DEBUG:websockets.client:< TEXT '>battle-gen9championsvgc2026regma-1937\n|\n|t:|...L50, F|100/100\n|turn|1' [327 bytes]
DEBUG:websockets.client:< TEXT '>battle-gen9championsvgc2026regma-1937\n|reques...ing":false}]},"rqid":4}' [2167 bytes]
DEBUG:websockets.client:< TEXT '>battle-gen9championsvgc2026regma-1937\n|reques...ing":false}]},"rqid":5}' [2189 bytes]
DEBUG:websockets.client:< TEXT '>battle-gen9championsvgc2026regma-1938\n|t:|1781646842\n|gametype|doubles' [71 bytes]
DEBUG:websockets.client:< TEXT '>battle-gen9championsvgc2026regma-1938\n|t:|1781646842\n|gametype|doubles' [71 bytes]
DEBUG:websockets.client:< TEXT '>battle-gen9championsvgc2026regma-1938\n|player|p1|BC1|266|' [58 bytes]
INFO:player:Turn 1 [battle-gen9championsvgc2026regma-1937] value head win-prob: 0.136  (losing)
DEBUG:live_vgc_base:Turn 1 [battle-gen9championsvgc2026regma-1937] a0=0 a1=9 src=model opp_splice=on
DEBUG:websockets.client:> TEXT 'battle-gen9championsvgc2026regma-1937|/choose move encore 1, move icywind' [73 bytes]
DEBUG:websockets.client:< TEXT '>battle-gen9championsvgc2026regma-1938\n|player|p1|BC1|266|' [58 bytes]
DEBUG:live_vgc_base:Turn 1 [battle-gen9championsvgc2026regma-1937] a0=12 a1=3 src=random opp_splice=on
DEBUG:vgc_base:switchDIAG [battle-gen9championsvgc2026regma-1937] turn=1 slot=0 ctx=normal chosen=zoroarkhisui#2176 in_active_set=False active=['basculegion#1808(act=True,fnt=False)', 'charizard#1072(act=True,fnt=False)'] own_bench=['zoroarkhisui#2176', 'ditto#2544'] available_switches=[['zoroarkhisui', 'ditto'], ['zoroarkhisui', 'ditto']] request={'p2: Basculegion': (True, False), 'p2: Charizard': (True, False), 'p2: Zoroark': (False, False), 'p2: Ditto': (False, False)}
DEBUG:websockets.client:> TEXT 'battle-gen9championsvgc2026regma-1937|/choose s...h 3, move weatherball 1' [74 bytes]
DEBUG:websockets.client:< TEXT '>battle-gen9championsvgc2026regma-1938\n|player...heets</strong></button>' [857 bytes]
DEBUG:websockets.client:< TEXT '>battle-gen9championsvgc2026regma-1938\n|reques...ing":false}]},"rqid":3}' [2097 bytes]
DEBUG:websockets.client:< TEXT '>battle-gen9championsvgc2026regma-1938\n|player...heets</strong></button>' [857 bytes]
DEBUG:websockets.client:< TEXT '>battle-gen9championsvgc2026regma-1938\n|reques...ing":false}]},"rqid":2}' [2093 bytes]
DEBUG:websockets.client:< TEXT '>battle-gen9championsvgc2026regma-1937\n|\n|t:|...37\n|\n|upkeep\n|turn|2' [505 bytes]
DEBUG:websockets.client:< TEXT '>battle-gen9championsvgc2026regma-1937\n|\n|t:|...00\n|\n|upkeep\n|turn|2' [505 bytes]
DEBUG:websockets.client:< TEXT '>battle-gen9championsvgc2026regma-1937\n|reques...ing":false}]},"rqid":7}' [2202 bytes]
DEBUG:websockets.client:< TEXT '>battle-gen9championsvgc2026regma-1937\n|reques...ing":false}]},"rqid":6}' [2167 bytes]
DEBUG:live_vgc_base:Turn 2 [battle-gen9championsvgc2026regma-1937] a0=6 a1=5 src=random opp_splice=on
DEBUG:websockets.client:> TEXT 'battle-gen9championsvgc2026regma-1937|/choose m...ct, move weatherball -1' [79 bytes]
INFO:player:Turn 2 [battle-gen9championsvgc2026regma-1937] value head win-prob: 0.237  (losing)
DEBUG:live_vgc_base:Turn 2 [battle-gen9championsvgc2026regma-1937] a0=0 a1=9 src=model opp_splice=on
DEBUG:websockets.client:> TEXT 'battle-gen9championsvgc2026regma-1937|/choose move encore 1, move icywind' [73 bytes]
DEBUG:websockets.client:< TEXT '>battle-gen9championsvgc2026regma-1937\n|\n|t:|...ct\n|\n|upkeep\n|turn|3' [468 bytes]
DEBUG:websockets.client:< TEXT '>battle-gen9championsvgc2026regma-1937\n|\n|t:|...ct\n|\n|upkeep\n|turn|3' [469 bytes]
DEBUG:websockets.client:< TEXT '>battle-gen9championsvgc2026regma-1937\n|reques...ing":false}]},"rqid":8}' [2167 bytes]
DEBUG:websockets.client:< TEXT '>battle-gen9championsvgc2026regma-1937\n|reques...ing":false}]},"rqid":9}' [2202 bytes]
DEBUG:live_vgc_base:Turn 3 [battle-gen9championsvgc2026regma-1937] a0=6 a1=3 src=random opp_splice=on
DEBUG:websockets.client:> TEXT 'battle-gen9championsvgc2026regma-1937|/choose m...ect, move weatherball 1' [78 bytes]
INFO:player:Turn 3 [battle-gen9championsvgc2026regma-1937] value head win-prob: 0.360  (losing)
DEBUG:live_vgc_base:Turn 3 [battle-gen9championsvgc2026regma-1937] a0=0 a1=9 src=model opp_splice=on
DEBUG:websockets.client:> TEXT 'battle-gen9championsvgc2026regma-1937|/choose move encore 1, move icywind' [73 bytes]
DEBUG:websockets.client:< TEXT '>battle-gen9championsvgc2026regma-1937\n|\n|t:|...37\n|\n|upkeep\n|turn|4' [463 bytes]
DEBUG:websockets.client:< TEXT '>battle-gen9championsvgc2026regma-1937\n|\n|t:|...00\n|\n|upkeep\n|turn|4' [463 bytes]
DEBUG:websockets.client:< TEXT '>battle-gen9championsvgc2026regma-1937\n|reques...ng":false}]},"rqid":10}' [2167 bytes]
DEBUG:websockets.client:< TEXT '>battle-gen9championsvgc2026regma-1937\n|reques...ng":false}]},"rqid":11}' [2198 bytes]
DEBUG:live_vgc_base:Turn 4 [battle-gen9championsvgc2026regma-1937] a0=6 a1=6 src=random opp_splice=on
DEBUG:websockets.client:> TEXT 'battle-gen9championsvgc2026regma-1937|/choose move protect, move protect' [72 bytes]
INFO:player:Turn 4 [battle-gen9championsvgc2026regma-1937] value head win-prob: 0.522  (even)
DEBUG:live_vgc_base:Turn 4 [battle-gen9championsvgc2026regma-1937] a0=0 a1=9 src=model opp_splice=on
DEBUG:websockets.client:> TEXT 'battle-gen9championsvgc2026regma-1937|/choose move encore 1, move icywind' [73 bytes]
DEBUG:websockets.client:< TEXT '>battle-gen9championsvgc2026regma-1937\n|\n|t:|...ct\n|\n|upkeep\n|turn|5' [440 bytes]
DEBUG:websockets.client:< TEXT '>battle-gen9championsvgc2026regma-1937\n|\n|t:|...ct\n|\n|upkeep\n|turn|5' [440 bytes]
DEBUG:websockets.client:< TEXT '>battle-gen9championsvgc2026regma-1937\n|reques...ng":false}]},"rqid":12}' [2167 bytes]
DEBUG:websockets.client:< TEXT '>battle-gen9championsvgc2026regma-1937\n|reques...ng":false}]},"rqid":13}' [2198 bytes]
DEBUG:live_vgc_base:Turn 5 [battle-gen9championsvgc2026regma-1937] a0=6 a1=10 src=random opp_splice=on
DEBUG:websockets.client:> TEXT 'battle-gen9championsvgc2026regma-1937|/choose m...otect, move solarbeam 2' [76 bytes]
INFO:player:Turn 5 [battle-gen9championsvgc2026regma-1937] value head win-prob: 0.669  (winning)
DEBUG:live_vgc_base:Turn 5 [battle-gen9championsvgc2026regma-1937] a0=0 a1=9 src=model opp_splice=on
DEBUG:websockets.client:> TEXT 'battle-gen9championsvgc2026regma-1937|/choose move encore 1, move icywind' [73 bytes]
DEBUG:websockets.client:< TEXT '>battle-gen9championsvgc2026regma-1937\n|\n|t:|...am\n|\n|upkeep\n|turn|6' [420 bytes]
DEBUG:websockets.client:< TEXT '>battle-gen9championsvgc2026regma-1937\n|\n|t:|...am\n|\n|upkeep\n|turn|6' [420 bytes]
DEBUG:websockets.client:< TEXT '>battle-gen9championsvgc2026regma-1937\n|reques...ng":false}]},"rqid":14}' [2167 bytes]
DEBUG:websockets.client:< TEXT '>battle-gen9championsvgc2026regma-1937\n|reques...ng":false}]},"rqid":15}' [1861 bytes]
DEBUG:live_vgc_base:Turn 6 [battle-gen9championsvgc2026regma-1937] a0=13 a1=10 src=random opp_splice=on
DEBUG:vgc_base:switchDIAG [battle-gen9championsvgc2026regma-1937] turn=6 slot=0 ctx=normal chosen=ditto#2544 in_active_set=False active=['zoroarkhisui#2176(act=True,fnt=False)', 'charizard#1072(act=True,fnt=False)'] own_bench=['basculegion#1808', 'ditto#2544'] available_switches=[['basculegion', 'ditto'], []] request={'p2: Zoroark': (True, False), 'p2: Charizard': (True, False), 'p2: Basculegion': (False, False), 'p2: Ditto': (False, False)}
DEBUG:websockets.client:> TEXT 'battle-gen9championsvgc2026regma-1937|/choose switch 4, move solarbeam 2' [72 bytes]
INFO:player:Turn 6 [battle-gen9championsvgc2026regma-1937] value head win-prob: 0.504  (even)
DEBUG:live_vgc_base:Turn 6 [battle-gen9championsvgc2026regma-1937] a0=0 a1=9 src=model opp_splice=on
DEBUG:websockets.client:> TEXT 'battle-gen9championsvgc2026regma-1937|/choose move encore 1, move icywind' [73 bytes]
DEBUG:websockets.client:< TEXT '>battle-gen9championsvgc2026regma-1937\n|\n|t:|...on\n|\n|upkeep\n|turn|7' [489 bytes]
DEBUG:websockets.client:< TEXT '>battle-gen9championsvgc2026regma-1937\n|\n|t:|...on\n|\n|upkeep\n|turn|7' [489 bytes]
DEBUG:websockets.client:< TEXT '>battle-gen9championsvgc2026regma-1937\n|reques...ng":false}]},"rqid":16}' [2166 bytes]
DEBUG:websockets.client:< TEXT '>battle-gen9championsvgc2026regma-1937\n|reques...ng":false}]},"rqid":17}' [1912 bytes]
INFO:player:Turn 7 [battle-gen9championsvgc2026regma-1937] value head win-prob: 0.243  (losing)
DEBUG:live_vgc_base:Turn 7 [battle-gen9championsvgc2026regma-1937] a0=0 a1=9 src=model opp_splice=on
DEBUG:websockets.client:> TEXT 'battle-gen9championsvgc2026regma-1937|/choose move encore 1, move icywind' [73 bytes]
DEBUG:live_vgc_base:Turn 7 [battle-gen9championsvgc2026regma-1937] a0=12 a1=13 src=random opp_splice=on
DEBUG:vgc_base:switchDIAG [battle-gen9championsvgc2026regma-1937] turn=7 slot=0 ctx=normal chosen=basculegion#1808 in_active_set=False active=['ditto#2544(act=True,fnt=False)', 'charizard#1072(act=True,fnt=False)'] own_bench=['basculegion#1808', 'zoroarkhisui#2176'] available_switches=[['basculegion', 'zoroarkhisui'], ['basculegion', 'zoroarkhisui']] request={'p2: Ditto': (True, False), 'p2: Charizard': (True, False), 'p2: Basculegion': (False, False), 'p2: Zoroark': (False, False)}
DEBUG:vgc_base:switchDIAG [battle-gen9championsvgc2026regma-1937] turn=7 slot=1 ctx=normal chosen=zoroarkhisui#2176 in_active_set=False active=['ditto#2544(act=True,fnt=False)', 'charizard#1072(act=True,fnt=False)'] own_bench=['basculegion#1808', 'zoroarkhisui#2176'] available_switches=[['basculegion', 'zoroarkhisui'], ['basculegion', 'zoroarkhisui']] request={'p2: Ditto': (True, False), 'p2: Charizard': (True, False), 'p2: Basculegion': (False, False), 'p2: Zoroark': (False, False)}
DEBUG:websockets.client:> TEXT 'battle-gen9championsvgc2026regma-1937|/choose switch 3, switch 4' [64 bytes]
DEBUG:websockets.client:< TEXT '>battle-gen9championsvgc2026regma-1937\n|\n|t:|...on\n|\n|upkeep\n|turn|8' [525 bytes]
DEBUG:websockets.client:< TEXT '>battle-gen9championsvgc2026regma-1937\n|\n|t:|...on\n|\n|upkeep\n|turn|8' [526 bytes]
DEBUG:websockets.client:< TEXT '>battle-gen9championsvgc2026regma-1937\n|reques...ng":false}]},"rqid":19}' [2177 bytes]
DEBUG:websockets.client:< TEXT '>battle-gen9championsvgc2026regma-1937\n|reques...ng":false}]},"rqid":18}' [2165 bytes]
DEBUG:live_vgc_base:Turn 8 [battle-gen9championsvgc2026regma-1937] a0=10 a1=0 src=random opp_splice=on
DEBUG:websockets.client:> TEXT 'battle-gen9championsvgc2026regma-1937|/choose m...ects 2, move hypervoice' [82 bytes]
INFO:player:Turn 8 [battle-gen9championsvgc2026regma-1937] value head win-prob: 0.506  (even)
DEBUG:live_vgc_base:Turn 8 [battle-gen9championsvgc2026regma-1937] a0=0 a1=9 src=model opp_splice=on
DEBUG:websockets.client:> TEXT 'battle-gen9championsvgc2026regma-1937|/choose move encore 1, move icywind' [73 bytes]
DEBUG:websockets.client:< TEXT '>battle-gen9championsvgc2026regma-1937\n|\n|t:|...1b: Zoroark\n|\n|upkeep' [404 bytes]
DEBUG:websockets.client:< TEXT '>battle-gen9championsvgc2026regma-1937\n|\n|t:|...1b: Zoroark\n|\n|upkeep' [405 bytes]
DEBUG:websockets.client:< TEXT '>battle-gen9championsvgc2026regma-1937\n|reques...ng":false}]},"rqid":20}' [1391 bytes]
DEBUG:websockets.client:< TEXT '>battle-gen9championsvgc2026regma-1937\n|reques...Cancel":true,"rqid":21}' [1436 bytes]
DEBUG:vgc_base:forceSwitch [battle-gen9championsvgc2026regma-1937] force=[False, True] → /choose pass / /choose switch Ditto
DEBUG:websockets.client:> TEXT 'battle-gen9championsvgc2026regma-1937|/choose pass, switch Ditto' [64 bytes]
DEBUG:websockets.client:< TEXT '>battle-gen9championsvgc2026regma-1937\n|\n|t:|...lity: Imposter\n|turn|9' [165 bytes]
DEBUG:websockets.client:< TEXT '>battle-gen9championsvgc2026regma-1937\n|\n|t:|...lity: Imposter\n|turn|9' [165 bytes]
DEBUG:websockets.client:< TEXT '>battle-gen9championsvgc2026regma-1937\n|reques...ng":false}]},"rqid":23}' [2195 bytes]
DEBUG:websockets.client:< TEXT '>battle-gen9championsvgc2026regma-1937\n|reques...ng":false}]},"rqid":22}' [2164 bytes]
DEBUG:live_vgc_base:Turn 9 [battle-gen9championsvgc2026regma-1937] a0=11 a1=2 src=random opp_splice=on
DEBUG:websockets.client:> TEXT 'battle-gen9championsvgc2026regma-1937|/choose m...ects -2, move encore -1' [82 bytes]
INFO:player:Turn 9 [battle-gen9championsvgc2026regma-1937] value head win-prob: 0.779  (winning)
DEBUG:live_vgc_base:Turn 9 [battle-gen9championsvgc2026regma-1937] a0=6 a1=13 src=model opp_splice=on
DEBUG:vgc_base:switchDIAG [battle-gen9championsvgc2026regma-1937] turn=9 slot=1 ctx=normal chosen=ditto#336 in_active_set=False active=['whimsicott#9232(act=True,fnt=False)', 'zoroarkhisui#9968(act=True,fnt=False)'] own_bench=['charizard#8864', 'ditto#336'] available_switches=[['ditto', 'charizard'], ['ditto', 'charizard']] request={'p1: Whimsicott': (True, False), 'p1: Zoroark': (True, False), 'p1: Ditto': (False, False), 'p1: Charizard': (False, False)}
DEBUG:websockets.client:> TEXT 'battle-gen9championsvgc2026regma-1937|/choose move moonblast 1, switch 3' [72 bytes]
DEBUG:websockets.client:< TEXT '>battle-gen9championsvgc2026regma-1937\n|\n|t:|...|p2b: Ditto\n|\n|upkeep' [466 bytes]
DEBUG:websockets.client:< TEXT '>battle-gen9championsvgc2026regma-1937\n|\n|t:|...|p2b: Ditto\n|\n|upkeep' [466 bytes]
DEBUG:websockets.client:< TEXT '>battle-gen9championsvgc2026regma-1937\n|reques...Cancel":true,"rqid":25}' [1433 bytes]
DEBUG:websockets.client:< TEXT '>battle-gen9championsvgc2026regma-1937\n|reques...ng":false}]},"rqid":24}' [1431 bytes]
DEBUG:vgc_base:forceSwitch [battle-gen9championsvgc2026regma-1937] force=[False, True] → /choose pass / /choose switch Charizard
DEBUG:websockets.client:> TEXT 'battle-gen9championsvgc2026regma-1937|/choose pass, switch Charizard' [68 bytes]
DEBUG:websockets.client:< TEXT '>battle-gen9championsvgc2026regma-1937\n|\n|t:|...L50, F|14/100\n|turn|10' [112 bytes]
DEBUG:websockets.client:< TEXT '>battle-gen9championsvgc2026regma-1937\n|\n|t:|...L50, F|25/168\n|turn|10' [112 bytes]
DEBUG:websockets.client:< TEXT '>battle-gen9championsvgc2026regma-1937\n|reques...ng":false}]},"rqid":26}' [2185 bytes]
DEBUG:websockets.client:< TEXT '>battle-gen9championsvgc2026regma-1937\n|reques...ng":false}]},"rqid":27}' [2180 bytes]
INFO:player:Turn 10 [battle-gen9championsvgc2026regma-1937] value head win-prob: 0.999  (winning)
DEBUG:live_vgc_base:Turn 10 [battle-gen9championsvgc2026regma-1937] a0=13 a1=7 src=model opp_splice=on
DEBUG:vgc_base:switchDIAG [battle-gen9championsvgc2026regma-1937] turn=10 slot=0 ctx=normal chosen=zoroarkhisui#9968 in_active_set=False active=['whimsicott#9232(act=True,fnt=False)', 'ditto#336(act=True,fnt=False)'] own_bench=['charizard#8864', 'zoroarkhisui#9968'] available_switches=[['zoroarkhisui', 'charizard'], ['zoroarkhisui', 'charizard']] request={'p1: Whimsicott': (True, False), 'p1: Ditto': (True, False), 'p1: Zoroark': (False, False), 'p1: Charizard': (False, False)}
DEBUG:websockets.client:> TEXT 'battle-gen9championsvgc2026regma-1937|/choose switch 3, move wavecrash 2' [72 bytes]
DEBUG:live_vgc_base:Turn 10 [battle-gen9championsvgc2026regma-1937] a0=11 a1=5 src=random opp_splice=on
DEBUG:websockets.client:> TEXT 'battle-gen9championsvgc2026regma-1937|/choose m...-2, move weatherball -1' [87 bytes]
DEBUG:websockets.client:< TEXT '>battle-gen9championsvgc2026regma-1937\n|\n|t:|...n\n|\n|upkeep\n|turn|11' [456 bytes]
DEBUG:websockets.client:< TEXT '>battle-gen9championsvgc2026regma-1937\n|\n|t:|...n\n|\n|upkeep\n|turn|11' [455 bytes]
DEBUG:websockets.client:< TEXT '>battle-gen9championsvgc2026regma-1937\n|reques...ng":false}]},"rqid":29}' [2178 bytes]
DEBUG:websockets.client:< TEXT '>battle-gen9championsvgc2026regma-1937\n|reques...ng":false}]},"rqid":28}' [2195 bytes]
DEBUG:live_vgc_base:Turn 11 [battle-gen9championsvgc2026regma-1937] a0=10 a1=0 src=random opp_splice=on
DEBUG:vgc_base:_safe_order: action 0 slot 1 → None, scanning legal actions.
DEBUG:vgc_base:_safe_order: slot 1 has no decodable legal action — sending Pass.
DEBUG:websockets.client:> TEXT 'battle-gen9championsvgc2026regma-1937|/choose move lastrespects 2, pass' [71 bytes]
INFO:player:Turn 11 [battle-gen9championsvgc2026regma-1937] value head win-prob: 1.000  (winning)
DEBUG:live_vgc_base:Turn 11 [battle-gen9championsvgc2026regma-1937] a0=0 a1=6 src=model opp_splice=on
DEBUG:websockets.client:> TEXT 'battle-gen9championsvgc2026regma-1937|/choose m...voice, move wavecrash 1' [79 bytes]
DEBUG:websockets.client:< TEXT '>battle-gen9championsvgc2026regma-1937\n|\n|t:|...om] Recoil\n|\n|win|BC1' [315 bytes]
DEBUG:websockets.client:< TEXT '>battle-gen9championsvgc2026regma-1937\n|\n|t:|...om] Recoil\n|\n|win|BC1' [314 bytes]
DEBUG:websockets.client:< TEXT '|updatesearch|{"searching":[],"games":{"battle-... 2026 Reg M-A Battle"}}' [124 bytes]
INFO:vgc_base:Battle battle-gen9championsvgc2026regma-1937 finished — outcome: WIN  (W/L/D so far: 3/0/0)
DEBUG:websockets.client:> TEXT '|/leave battle-gen9championsvgc2026regma-1937' [45 bytes]
DEBUG:websockets.client:< TEXT '|updatesearch|{"searching":[],"games":{"battle-... 2026 Reg M-A Battle"}}' [124 bytes]
DEBUG:websockets.client:> TEXT 'battle-gen9championsvgc2026regma-1938|/rejectopenteamsheets' [59 bytes]
INFO:vgc_base:Battle battle-gen9championsvgc2026regma-1937 finished — outcome: LOSS  (W/L/D so far: 0/3/0)
DEBUG:websockets.client:> TEXT '|/leave battle-gen9championsvgc2026regma-1937' [45 bytes]
DEBUG:websockets.client:> TEXT '|/utm Sneasler||whiteherb|unburden|fakeout,dire...Naive|32,2,,,,32||||50|' [550 bytes]
DEBUG:websockets.client:> TEXT '|/challenge oprand1, gen9championsvgc2026regma' [46 bytes]
DEBUG:websockets.client:> TEXT 'battle-gen9championsvgc2026regma-1938|/rejectopenteamsheets' [59 bytes]
DEBUG:websockets.client:< TEXT '>battle-gen9championsvgc2026regma-1937\n|deinit' [46 bytes]
DEBUG:websockets.client:< TEXT '>battle-gen9championsvgc2026regma-1937\n|l|☆BC1' [48 bytes]
DEBUG:websockets.client:< TEXT '>battle-gen9championsvgc2026regma-1938\n|uhtmlchange|otsrequest|' [63 bytes]
DEBUG:websockets.client:< TEXT '>battle-gen9championsvgc2026regma-1938\nBC1 rejected open team sheets.' [69 bytes]
DEBUG:websockets.client:< TEXT '>battle-gen9championsvgc2026regma-1938\n|uhtmlchange|otsrequest|' [63 bytes]
DEBUG:websockets.client:< TEXT '>battle-gen9championsvgc2026regma-1938\nBC1 rejected open team sheets.' [69 bytes]
DEBUG:websockets.client:< TEXT '>battle-gen9championsvgc2026regma-1937\n|deinit' [46 bytes]
DEBUG:websockets.client:< TEXT '>battle-gen9championsvgc2026regma-1938\n|uhtmlchange|otsrequest|' [63 bytes]
DEBUG:websockets.client:< TEXT '>battle-gen9championsvgc2026regma-1938\nOPrand1...ected open team sheets.' [73 bytes]
DEBUG:websockets.client:< TEXT '>battle-gen9championsvgc2026regma-1938\n|uhtmlchange|otsrequest|' [63 bytes]
DEBUG:websockets.client:< TEXT '>battle-gen9championsvgc2026regma-1938\nOPrand1...ected open team sheets.' [73 bytes]
INFO:player:Team-preview [battle-gen9championsvgc2026regma-1938] NET drove: bring=['whimsicott', 'zoroarkhisui', 'ditto', 'charizardmegay'] leads=['whimsicott', 'zoroarkhisui'] (vs opp ['sneasler', 'charizard', 'whimsicott', 'basculegion', 'zoroarkhisui', 'ditto'])
INFO:vgc_base:Teampreview [battle-gen9championsvgc2026regma-1938] → /team 3562  (whimsicott, zoroarkhisui, ditto, charizardmegay)
DEBUG:websockets.client:> TEXT 'battle-gen9championsvgc2026regma-1938|/team 3562' [48 bytes]
INFO:vgc_base:Teampreview [battle-gen9championsvgc2026regma-1938] → /team 5613  (zoroarkhisui, ditto, sneasler, whimsicott)
DEBUG:websockets.client:> TEXT 'battle-gen9championsvgc2026regma-1938|/team 5613' [48 bytes]
DEBUG:websockets.client:< TEXT '|pm| BC1| OPrand1|/challenge gen9championsvgc20...hampionsvgc2026regma|||' [83 bytes]
DEBUG:websockets.client:< TEXT '|pm| BC1| OPrand1|/challenge gen9championsvgc20...hampionsvgc2026regma|||' [83 bytes]
DEBUG:websockets.client:< TEXT '|pm| BC1| OPrand1|/log BC1 wants to battle!' [43 bytes]
DEBUG:websockets.client:< TEXT '|pm| BC1| OPrand1|/log BC1 wants to battle!' [43 bytes]
DEBUG:websockets.client:> TEXT '|/utm Sneasler||whiteherb|unburden|fakeout,dire...Naive|32,2,,,,32||||50|' [550 bytes]
DEBUG:websockets.client:> TEXT '|/accept bc1' [12 bytes]
DEBUG:websockets.client:< TEXT '|pm| OPrand1| BC1|/challenge' [28 bytes]
DEBUG:websockets.client:< TEXT '|pm| OPrand1| BC1|/challenge' [28 bytes]
DEBUG:websockets.client:< TEXT '|updatesearch|{"searching":[],"games":{"battle-... 2026 Reg M-A Battle"}}' [124 bytes]
DEBUG:websockets.client:< TEXT '|updatesearch|{"searching":[],"games":{"battle-... 2026 Reg M-A Battle"}}' [124 bytes]
DEBUG:websockets.client:< TEXT '|updatesearch|{"searching":[],"games":{"battle-... 2026 Reg M-A Battle"}}' [208 bytes]
DEBUG:websockets.client:< TEXT '|updatesearch|{"searching":[],"games":{"battle-... 2026 Reg M-A Battle"}}' [208 bytes]
DEBUG:websockets.client:< TEXT '|updatesearch|{"searching":[],"games":{"battle-... 2026 Reg M-A Battle"}}' [208 bytes]
DEBUG:websockets.client:< TEXT '|updatesearch|{"searching":[],"games":{"battle-... 2026 Reg M-A Battle"}}' [208 bytes]
DEBUG:websockets.client:< TEXT '>battle-gen9championsvgc2026regma-1939\n|init|b... vs. OPrand1\n|j|☆BC1\n' [85 bytes]
DEBUG:websockets.client:< TEXT '>battle-gen9championsvgc2026regma-1939\n|j|☆OPrand1' [52 bytes]
DEBUG:websockets.client:< TEXT '>battle-gen9championsvgc2026regma-1939\n|init|b...n|j|☆BC1\n|j|☆OPrand1\n' [99 bytes]
DEBUG:websockets.client:< TEXT '|pm| OPrand1| BC1|/nonotify OPrand1 accepted th...26regma-1939</a>&raquo;' [173 bytes]
DEBUG:websockets.client:< TEXT '>battle-gen9championsvgc2026regma-1938\n|\n|t:|...lity: Imposter\n|turn|1' [378 bytes]
DEBUG:websockets.client:< TEXT '|pm| OPrand1| BC1|/nonotify OPrand1 accepted th...26regma-1939</a>&raquo;' [173 bytes]
DEBUG:websockets.client:< TEXT '>battle-gen9championsvgc2026regma-1938\n|\n|t:|...lity: Imposter\n|turn|1' [378 bytes]
DEBUG:websockets.client:< TEXT '>battle-gen9championsvgc2026regma-1938\n|reques...ing":false}]},"rqid":4}' [2167 bytes]
DEBUG:websockets.client:< TEXT '>battle-gen9championsvgc2026regma-1939\n|t:|1781646843\n|gametype|doubles' [71 bytes]
DEBUG:websockets.client:< TEXT '>battle-gen9championsvgc2026regma-1939\n|player|p1|BC1|266|' [58 bytes]
DEBUG:websockets.client:< TEXT '>battle-gen9championsvgc2026regma-1938\n|reques...ing":false}]},"rqid":5}' [2187 bytes]
DEBUG:websockets.client:< TEXT '>battle-gen9championsvgc2026regma-1939\n|t:|1781646843\n|gametype|doubles' [71 bytes]
DEBUG:websockets.client:< TEXT '>battle-gen9championsvgc2026regma-1939\n|player|p1|BC1|266|' [58 bytes]
DEBUG:websockets.client:< TEXT '>battle-gen9championsvgc2026regma-1939\n|player...heets</strong></button>' [857 bytes]
DEBUG:websockets.client:< TEXT '>battle-gen9championsvgc2026regma-1939\n|reques...ing":false}]},"rqid":2}' [2093 bytes]
INFO:player:Turn 1 [battle-gen9championsvgc2026regma-1938] value head win-prob: 0.321  (losing)
DEBUG:live_vgc_base:Turn 1 [battle-gen9championsvgc2026regma-1938] a0=0 a1=9 src=model opp_splice=on
DEBUG:websockets.client:> TEXT 'battle-gen9championsvgc2026regma-1938|/choose move encore 1, move icywind' [73 bytes]
DEBUG:websockets.client:< TEXT '>battle-gen9championsvgc2026regma-1939\n|player...heets</strong></button>' [857 bytes]
DEBUG:websockets.client:< TEXT '>battle-gen9championsvgc2026regma-1939\n|reques...ing":false}]},"rqid":3}' [2097 bytes]
DEBUG:live_vgc_base:Turn 1 [battle-gen9championsvgc2026regma-1938] a0=5 a1=6 src=random opp_splice=on
DEBUG:websockets.client:> TEXT 'battle-gen9championsvgc2026regma-1938|/choose m...ll -2, move moonblast 1' [82 bytes]
DEBUG:websockets.client:< TEXT '>battle-gen9championsvgc2026regma-1938\n|\n|t:|...|p2b: Ditto\n|\n|upkeep' [565 bytes]
DEBUG:websockets.client:< TEXT '>battle-gen9championsvgc2026regma-1938\n|\n|t:|...|p2b: Ditto\n|\n|upkeep' [565 bytes]
DEBUG:websockets.client:< TEXT '>battle-gen9championsvgc2026regma-1938\n|reques...ing":false}]},"rqid":6}' [1391 bytes]
DEBUG:websockets.client:< TEXT '>battle-gen9championsvgc2026regma-1938\n|reques...oCancel":true,"rqid":7}' [1411 bytes]
DEBUG:vgc_base:forceSwitch [battle-gen9championsvgc2026regma-1938] force=[False, True] → /choose pass / /choose switch Sneasler
DEBUG:websockets.client:> TEXT 'battle-gen9championsvgc2026regma-1938|/choose pass, switch Sneasler' [67 bytes]
DEBUG:websockets.client:< TEXT '>battle-gen9championsvgc2026regma-1938\n|\n|t:|...L50, F|100/100\n|turn|2' [110 bytes]
DEBUG:websockets.client:< TEXT '>battle-gen9championsvgc2026regma-1938\n|\n|t:|...L50, F|157/157\n|turn|2' [110 bytes]
DEBUG:websockets.client:< TEXT '>battle-gen9championsvgc2026regma-1938\n|reques...ing":false}]},"rqid":8}' [2166 bytes]
DEBUG:websockets.client:< TEXT '>battle-gen9championsvgc2026regma-1938\n|reques...ing":false}]},"rqid":9}' [2143 bytes]
DEBUG:live_vgc_base:Turn 2 [battle-gen9championsvgc2026regma-1938] a0=0 a1=5 src=random opp_splice=on
DEBUG:websockets.client:> TEXT 'battle-gen9championsvgc2026regma-1938|/choose m...voice, move direclaw -1' [79 bytes]
INFO:player:Turn 2 [battle-gen9championsvgc2026regma-1938] value head win-prob: 0.812  (winning)
DEBUG:live_vgc_base:Turn 2 [battle-gen9championsvgc2026regma-1938] a0=0 a1=6 src=model opp_splice=on
DEBUG:websockets.client:> TEXT 'battle-gen9championsvgc2026regma-1938|/choose move encore 1, move protect' [73 bytes]
DEBUG:websockets.client:< TEXT '>battle-gen9championsvgc2026regma-1938\n|\n|t:|... Whimsicott\n|\n|upkeep' [414 bytes]
DEBUG:websockets.client:< TEXT '>battle-gen9championsvgc2026regma-1938\n|\n|t:|... Whimsicott\n|\n|upkeep' [414 bytes]
DEBUG:websockets.client:< TEXT '>battle-gen9championsvgc2026regma-1938\n|reques...Cancel":true,"rqid":10}' [1422 bytes]
DEBUG:websockets.client:< TEXT '>battle-gen9championsvgc2026regma-1938\n|reques...ng":false}]},"rqid":11}' [1381 bytes]
DEBUG:vgc_base:switchDIAG [battle-gen9championsvgc2026regma-1938] turn=2 slot=0 ctx=replacement chosen=charizard#8464 in_active_set=False active=['None', 'zoroarkhisui#9568(act=True,fnt=False)'] own_bench=['charizard#8464', 'ditto#9936'] available_switches=[['ditto', 'charizard'], ['ditto', 'charizard']] request={'p1: Whimsicott': (True, True), 'p1: Zoroark': (True, False), 'p1: Ditto': (False, False), 'p1: Charizard': (False, False)}
DEBUG:live_vgc_base:forceSwitch forced_switch_model [battle-gen9championsvgc2026regma-1938] turn 2 a0=12 a1=None opp_splice=on
DEBUG:websockets.client:> TEXT 'battle-gen9championsvgc2026regma-1938|/choose switch 4, pass' [60 bytes]
DEBUG:websockets.client:< TEXT '>battle-gen9championsvgc2026regma-1938\n|\n|t:|...L50, M|168/168\n|turn|3' [112 bytes]
DEBUG:websockets.client:< TEXT '>battle-gen9championsvgc2026regma-1938\n|\n|t:|...L50, M|100/100\n|turn|3' [112 bytes]
DEBUG:websockets.client:< TEXT '>battle-gen9championsvgc2026regma-1938\n|reques...ng":false}]},"rqid":12}' [2187 bytes]
DEBUG:websockets.client:< TEXT '>battle-gen9championsvgc2026regma-1938\n|reques...ng":false}]},"rqid":13}' [2140 bytes]
INFO:player:Turn 3 [battle-gen9championsvgc2026regma-1938] value head win-prob: 0.921  (winning)
DEBUG:live_vgc_base:Turn 3 [battle-gen9championsvgc2026regma-1938] a0=0 a1=0 src=model opp_splice=on
DEBUG:websockets.client:> TEXT 'battle-gen9championsvgc2026regma-1938|/choose m...e mega, move hypervoice' [81 bytes]
DEBUG:live_vgc_base:Turn 3 [battle-gen9championsvgc2026regma-1938] a0=12 a1=10 src=random opp_splice=on
DEBUG:vgc_base:switchDIAG [battle-gen9championsvgc2026regma-1938] turn=3 slot=0 ctx=normal chosen=whimsicott#1040 in_active_set=False active=['zoroarkhisui#1776(act=True,fnt=False)', 'sneasler#304(act=True,fnt=False)'] own_bench=['whimsicott#1040'] available_switches=[['whimsicott'], ['whimsicott']] request={'p2: Zoroark': (True, False), 'p2: Sneasler': (True, False), 'p2: Ditto': (False, True), 'p2: Whimsicott': (False, False)}
DEBUG:websockets.client:> TEXT 'battle-gen9championsvgc2026regma-1938|/choose s...h 4, move closecombat 1' [74 bytes]
DEBUG:websockets.client:< TEXT '>battle-gen9championsvgc2026regma-1938\n|\n|t:|...nyDay|[upkeep]\n|upkeep' [995 bytes]
DEBUG:websockets.client:< TEXT '>battle-gen9championsvgc2026regma-1938\n|\n|t:|...nyDay|[upkeep]\n|upkeep' [994 bytes]
DEBUG:websockets.client:< TEXT '>battle-gen9championsvgc2026regma-1938\n|reques...ng":false}]},"rqid":14}' [1393 bytes]
DEBUG:websockets.client:< TEXT '>battle-gen9championsvgc2026regma-1938\n|reques...Cancel":true,"rqid":15}' [1389 bytes]
DEBUG:vgc_base:forceSwitch slot 1: no available switch — '/choose default' (handled poke-env desync).
DEBUG:vgc_base:forceSwitch DIAG [battle-gen9championsvgc2026regma-1938] turn=3 slot=1 force=[True, True] available_switches=[['zoroarkhisui'], ['zoroarkhisui']] own_bench_mons=['zoroarkhisui'] request_state={'Whimsicott': 'actfnt', 'Sneasler': 'actfnt', 'Ditto': 'fnt', 'Zoroark': ''} team_keys=['p2: Sneasler', 'p2: Charizard', 'p2: Whimsicott', 'p2: Basculegion', 'p2: Zoroark', 'p2: Ditto'] team=[sneasler(act=True,fnt=True,hp=0), charizard(act=True,fnt=False,hp=1.0), whimsicott(act=True,fnt=True,hp=0), basculegion(act=False,fnt=False,hp=1.0), zoroarkhisui(act=False,fnt=False,hp=0.26515151515151514), ditto(act=False,fnt=True,hp=0)]
DEBUG:websockets.client:> TEXT 'battle-gen9championsvgc2026regma-1938|/choose default' [53 bytes]
DEBUG:websockets.client:< TEXT '>battle-gen9championsvgc2026regma-1938\n|\n|t:|... L50, F|26/100\n|turn|4' [113 bytes]
DEBUG:websockets.client:< TEXT '>battle-gen9championsvgc2026regma-1938\n|\n|t:|... L50, F|35/132\n|turn|4' [113 bytes]
DEBUG:websockets.client:< TEXT '>battle-gen9championsvgc2026regma-1938\n|reques...ng":false}]},"rqid":16}' [2171 bytes]
DEBUG:websockets.client:< TEXT '>battle-gen9championsvgc2026regma-1938\n|reques...ng":false}]},"rqid":17}' [2121 bytes]
DEBUG:live_vgc_base:Turn 4 [battle-gen9championsvgc2026regma-1938] a0=3 a1=0 src=random opp_splice=on
DEBUG:vgc_base:_safe_order: action 0 slot 1 → None, scanning legal actions.
DEBUG:vgc_base:_safe_order: slot 1 has no decodable legal action — sending Pass.
DEBUG:websockets.client:> TEXT 'battle-gen9championsvgc2026regma-1938|/choose move shadowball 1, pass' [69 bytes]
INFO:player:Turn 4 [battle-gen9championsvgc2026regma-1938] value head win-prob: 0.998  (winning)
DEBUG:live_vgc_base:Turn 4 [battle-gen9championsvgc2026regma-1938] a0=0 a1=0 src=model opp_splice=on
DEBUG:websockets.client:> TEXT 'battle-gen9championsvgc2026regma-1938|/choose m...atwave, move hypervoice' [76 bytes]
DEBUG:websockets.client:< TEXT '>battle-gen9championsvgc2026regma-1938\n|\n|t:|...a: Zoroark\n|\n|win|BC1' [303 bytes]
DEBUG:websockets.client:< TEXT '>battle-gen9championsvgc2026regma-1938\n|\n|t:|...a: Zoroark\n|\n|win|BC1' [303 bytes]
DEBUG:websockets.client:< TEXT '|updatesearch|{"searching":[],"games":{"battle-... 2026 Reg M-A Battle"}}' [124 bytes]
INFO:vgc_base:Battle battle-gen9championsvgc2026regma-1938 finished — outcome: WIN  (W/L/D so far: 4/0/0)
DEBUG:websockets.client:> TEXT '|/leave battle-gen9championsvgc2026regma-1938' [45 bytes]
DEBUG:websockets.client:< TEXT '|updatesearch|{"searching":[],"games":{"battle-... 2026 Reg M-A Battle"}}' [124 bytes]
DEBUG:websockets.client:> TEXT 'battle-gen9championsvgc2026regma-1939|/rejectopenteamsheets' [59 bytes]
INFO:vgc_base:Battle battle-gen9championsvgc2026regma-1938 finished — outcome: LOSS  (W/L/D so far: 0/4/0)
DEBUG:websockets.client:> TEXT '|/leave battle-gen9championsvgc2026regma-1938' [45 bytes]
DEBUG:websockets.client:> TEXT 'battle-gen9championsvgc2026regma-1939|/rejectopenteamsheets' [59 bytes]
DEBUG:websockets.client:< TEXT '>battle-gen9championsvgc2026regma-1938\n|deinit' [46 bytes]
DEBUG:websockets.client:< TEXT '>battle-gen9championsvgc2026regma-1938\n|l|☆BC1' [48 bytes]
DEBUG:websockets.client:< TEXT '>battle-gen9championsvgc2026regma-1939\n|uhtmlchange|otsrequest|' [63 bytes]
DEBUG:websockets.client:< TEXT '>battle-gen9championsvgc2026regma-1939\nBC1 rejected open team sheets.' [69 bytes]
DEBUG:websockets.client:< TEXT '>battle-gen9championsvgc2026regma-1939\n|uhtmlchange|otsrequest|' [63 bytes]
DEBUG:websockets.client:< TEXT '>battle-gen9championsvgc2026regma-1939\nBC1 rejected open team sheets.' [69 bytes]
DEBUG:websockets.client:< TEXT '>battle-gen9championsvgc2026regma-1938\n|deinit' [46 bytes]
DEBUG:websockets.client:< TEXT '>battle-gen9championsvgc2026regma-1939\n|uhtmlchange|otsrequest|' [63 bytes]
DEBUG:websockets.client:< TEXT '>battle-gen9championsvgc2026regma-1939\n|uhtmlchange|otsrequest|' [63 bytes]
DEBUG:websockets.client:< TEXT '>battle-gen9championsvgc2026regma-1939\nOPrand1...ected open team sheets.' [73 bytes]
DEBUG:websockets.client:< TEXT '>battle-gen9championsvgc2026regma-1939\nOPrand1...ected open team sheets.' [73 bytes]
INFO:player:Team-preview [battle-gen9championsvgc2026regma-1939] NET drove: bring=['whimsicott', 'zoroarkhisui', 'ditto', 'charizardmegay'] leads=['whimsicott', 'zoroarkhisui'] (vs opp ['sneasler', 'charizard', 'whimsicott', 'basculegion', 'zoroarkhisui', 'ditto'])
INFO:vgc_base:Teampreview [battle-gen9championsvgc2026regma-1939] → /team 3562  (whimsicott, zoroarkhisui, ditto, charizardmegay)
DEBUG:websockets.client:> TEXT 'battle-gen9championsvgc2026regma-1939|/team 3562' [48 bytes]
INFO:vgc_base:Teampreview [battle-gen9championsvgc2026regma-1939] → /team 5426  (zoroarkhisui, basculegion, charizardmegay, ditto)
DEBUG:websockets.client:> TEXT 'battle-gen9championsvgc2026regma-1939|/team 5426' [48 bytes]
DEBUG:websockets.client:< TEXT '>battle-gen9championsvgc2026regma-1939\n|\n|t:|...L50, M|100/100\n|turn|1' [316 bytes]
DEBUG:websockets.client:< TEXT '>battle-gen9championsvgc2026regma-1939\n|\n|t:|...L50, M|197/197\n|turn|1' [316 bytes]
DEBUG:websockets.client:< TEXT '>battle-gen9championsvgc2026regma-1939\n|reques...ing":false}]},"rqid":4}' [2167 bytes]
DEBUG:websockets.client:< TEXT '>battle-gen9championsvgc2026regma-1939\n|reques...ing":false}]},"rqid":5}' [2178 bytes]
INFO:player:Turn 1 [battle-gen9championsvgc2026regma-1939] value head win-prob: 0.633  (winning)
DEBUG:live_vgc_base:Turn 1 [battle-gen9championsvgc2026regma-1939] a0=0 a1=9 src=model opp_splice=on
DEBUG:websockets.client:> TEXT 'battle-gen9championsvgc2026regma-1939|/choose move encore 1, move icywind' [73 bytes]
DEBUG:live_vgc_base:Turn 1 [battle-gen9championsvgc2026regma-1939] a0=9 a1=5 src=random opp_splice=on
DEBUG:websockets.client:> TEXT 'battle-gen9championsvgc2026regma-1939|/choose m...wind, move wavecrash -1' [77 bytes]
DEBUG:websockets.client:< TEXT '>battle-gen9championsvgc2026regma-1939\n|\n|t:|...2a: Zoroark\n|\n|upkeep' [842 bytes]
DEBUG:websockets.client:< TEXT '>battle-gen9championsvgc2026regma-1939\n|\n|t:|...2a: Zoroark\n|\n|upkeep' [844 bytes]
DEBUG:websockets.client:< TEXT '>battle-gen9championsvgc2026regma-1939\n|reques...ing":false}]},"rqid":6}' [1390 bytes]
DEBUG:websockets.client:< TEXT '>battle-gen9championsvgc2026regma-1939\n|reques...oCancel":true,"rqid":7}' [1427 bytes]
DEBUG:vgc_base:forceSwitch [battle-gen9championsvgc2026regma-1939] force=[True, False] → /choose switch Ditto / /choose pass
DEBUG:websockets.client:> TEXT 'battle-gen9championsvgc2026regma-1939|/choose switch Ditto, pass' [64 bytes]
DEBUG:websockets.client:< TEXT '>battle-gen9championsvgc2026regma-1939\n|\n|t:|...lity: Imposter\n|turn|2' [162 bytes]
DEBUG:websockets.client:< TEXT '>battle-gen9championsvgc2026regma-1939\n|\n|t:|...lity: Imposter\n|turn|2' [162 bytes]
DEBUG:websockets.client:< TEXT '>battle-gen9championsvgc2026regma-1939\n|reques...ing":false}]},"rqid":8}' [2165 bytes]
DEBUG:websockets.client:< TEXT '>battle-gen9championsvgc2026regma-1939\n|reques...ing":false}]},"rqid":9}' [2195 bytes]
INFO:player:Turn 2 [battle-gen9championsvgc2026regma-1939] value head win-prob: 0.329  (losing)
DEBUG:live_vgc_base:Turn 2 [battle-gen9championsvgc2026regma-1939] a0=0 a1=9 src=model opp_splice=on
DEBUG:websockets.client:> TEXT 'battle-gen9championsvgc2026regma-1939|/choose move encore 1, move icywind' [73 bytes]
DEBUG:live_vgc_base:Turn 2 [battle-gen9championsvgc2026regma-1939] a0=6 a1=11 src=random opp_splice=on
DEBUG:websockets.client:> TEXT 'battle-gen9championsvgc2026regma-1939|/choose m...1, move lastrespects -1' [85 bytes]
DEBUG:websockets.client:< TEXT '>battle-gen9championsvgc2026regma-1939\n|\n|t:|...|p2a: Ditto\n|\n|upkeep' [505 bytes]
DEBUG:websockets.client:< TEXT '>battle-gen9championsvgc2026regma-1939\n|\n|t:|...|p2a: Ditto\n|\n|upkeep' [507 bytes]
DEBUG:websockets.client:< TEXT '>battle-gen9championsvgc2026regma-1939\n|reques...Cancel":true,"rqid":10}' [1421 bytes]
DEBUG:websockets.client:< TEXT '>battle-gen9championsvgc2026regma-1939\n|reques...ng":false}]},"rqid":11}' [1431 bytes]
DEBUG:vgc_base:switchDIAG [battle-gen9championsvgc2026regma-1939] turn=2 slot=0 ctx=replacement chosen=charizard#1024 in_active_set=False active=['None', 'zoroarkhisui#2128(act=True,fnt=False)'] own_bench=['charizard#1024', 'ditto#2496'] available_switches=[['ditto', 'charizard'], ['ditto', 'charizard']] request={'p1: Whimsicott': (True, True), 'p1: Zoroark': (True, False), 'p1: Ditto': (False, False), 'p1: Charizard': (False, False)}
DEBUG:live_vgc_base:forceSwitch forced_switch_model [battle-gen9championsvgc2026regma-1939] turn 2 a0=12 a1=None opp_splice=on
DEBUG:websockets.client:> TEXT 'battle-gen9championsvgc2026regma-1939|/choose switch 4, pass' [60 bytes]
DEBUG:websockets.client:< TEXT '>battle-gen9championsvgc2026regma-1939\n|\n|t:|...L50, M|168/168\n|turn|3' [112 bytes]
DEBUG:websockets.client:< TEXT '>battle-gen9championsvgc2026regma-1939\n|\n|t:|...L50, M|100/100\n|turn|3' [112 bytes]
DEBUG:websockets.client:< TEXT '>battle-gen9championsvgc2026regma-1939\n|reques...ng":false}]},"rqid":12}' [2186 bytes]
DEBUG:websockets.client:< TEXT '>battle-gen9championsvgc2026regma-1939\n|reques...ng":false}]},"rqid":13}' [2196 bytes]
INFO:player:Turn 3 [battle-gen9championsvgc2026regma-1939] value head win-prob: 0.611  (winning)
DEBUG:live_vgc_base:Turn 3 [battle-gen9championsvgc2026regma-1939] a0=0 a1=9 src=model opp_splice=on
DEBUG:websockets.client:> TEXT 'battle-gen9championsvgc2026regma-1939|/choose m...wave mega, move icywind' [78 bytes]
DEBUG:live_vgc_base:Turn 3 [battle-gen9championsvgc2026regma-1939] a0=7 a1=2 src=random opp_splice=on
DEBUG:websockets.client:> TEXT 'battle-gen9championsvgc2026regma-1939|/choose m...all 2, move flipturn -1' [81 bytes]
DEBUG:websockets.client:< TEXT '>battle-gen9championsvgc2026regma-1939\n|\n|t:|...nyDay|[upkeep]\n|upkeep' [597 bytes]
DEBUG:websockets.client:< TEXT '>battle-gen9championsvgc2026regma-1939\n|\n|t:|...nyDay|[upkeep]\n|upkeep' [597 bytes]
DEBUG:websockets.client:< TEXT '>battle-gen9championsvgc2026regma-1939\n|reques...ng":false}]},"rqid":14}' [1392 bytes]
DEBUG:websockets.client:< TEXT '>battle-gen9championsvgc2026regma-1939\n|reques...Cancel":true,"rqid":15}' [1425 bytes]
DEBUG:vgc_base:forceSwitch [battle-gen9championsvgc2026regma-1939] force=[True, False] → /choose switch Charizard / /choose pass
DEBUG:websockets.client:> TEXT 'battle-gen9championsvgc2026regma-1939|/choose switch Charizard, pass' [68 bytes]
DEBUG:websockets.client:< TEXT '>battle-gen9championsvgc2026regma-1939\n|\n|t:|...L50, F|100/100\n|turn|4' [112 bytes]
DEBUG:websockets.client:< TEXT '>battle-gen9championsvgc2026regma-1939\n|\n|t:|...L50, F|168/168\n|turn|4' [112 bytes]
DEBUG:websockets.client:< TEXT '>battle-gen9championsvgc2026regma-1939\n|reques...ng":false}]},"rqid":16}' [2170 bytes]
DEBUG:websockets.client:< TEXT '>battle-gen9championsvgc2026regma-1939\n|reques...ng":false}]},"rqid":17}' [2176 bytes]
INFO:player:Turn 4 [battle-gen9championsvgc2026regma-1939] value head win-prob: 0.997  (winning)
DEBUG:live_vgc_base:Turn 4 [battle-gen9championsvgc2026regma-1939] a0=0 a1=9 src=model opp_splice=on
DEBUG:websockets.client:> TEXT 'battle-gen9championsvgc2026regma-1939|/choose move heatwave, move icywind' [73 bytes]
DEBUG:live_vgc_base:Turn 4 [battle-gen9championsvgc2026regma-1939] a0=11 a1=9 src=random opp_splice=on
DEBUG:websockets.client:> TEXT 'battle-gen9championsvgc2026regma-1939|/choose m...-2, move lastrespects 1' [84 bytes]
DEBUG:websockets.client:< TEXT '>battle-gen9championsvgc2026regma-1939\n|\n|t:|...izard\n|upkeep\n|turn|5' [594 bytes]
DEBUG:websockets.client:< TEXT '>battle-gen9championsvgc2026regma-1939\n|\n|t:|...izard\n|upkeep\n|turn|5' [596 bytes]
DEBUG:websockets.client:< TEXT '>battle-gen9championsvgc2026regma-1939\n|reques...ng":false}]},"rqid":18}' [2170 bytes]
DEBUG:websockets.client:< TEXT '>battle-gen9championsvgc2026regma-1939\n|reques...ng":false}]},"rqid":19}' [2175 bytes]
DEBUG:live_vgc_base:Turn 5 [battle-gen9championsvgc2026regma-1939] a0=10 a1=0 src=random opp_splice=on
DEBUG:vgc_base:_safe_order: action 0 slot 1 → None, scanning legal actions.
DEBUG:vgc_base:_safe_order: slot 1 has no decodable legal action — sending Pass.
DEBUG:websockets.client:> TEXT 'battle-gen9championsvgc2026regma-1939|/choose move solarbeam 2, pass' [68 bytes]
INFO:player:Turn 5 [battle-gen9championsvgc2026regma-1939] value head win-prob: 0.997  (winning)
DEBUG:live_vgc_base:Turn 5 [battle-gen9championsvgc2026regma-1939] a0=0 a1=9 src=model opp_splice=on
DEBUG:websockets.client:> TEXT 'battle-gen9championsvgc2026regma-1939|/choose move heatwave, move icywind' [73 bytes]
DEBUG:websockets.client:< TEXT '>battle-gen9championsvgc2026regma-1939\n|\n|t:|... Charizard\n|\n|win|BC1' [266 bytes]
DEBUG:websockets.client:< TEXT '>battle-gen9championsvgc2026regma-1939\n|\n|t:|... Charizard\n|\n|win|BC1' [266 bytes]
DEBUG:websockets.client:< TEXT '|updatesearch|{"searching":[],"games":null}' [43 bytes]
INFO:vgc_base:Battle battle-gen9championsvgc2026regma-1939 finished — outcome: WIN  (W/L/D so far: 5/0/0)
DEBUG:websockets.client:> TEXT '|/leave battle-gen9championsvgc2026regma-1939' [45 bytes]
DEBUG:websockets.client:< TEXT '|updatesearch|{"searching":[],"games":null}' [43 bytes]
INFO:vgc_base:Battle battle-gen9championsvgc2026regma-1939 finished — outcome: LOSS  (W/L/D so far: 0/5/0)
DEBUG:websockets.client:> TEXT '|/leave battle-gen9championsvgc2026regma-1939' [45 bytes]
DEBUG:websockets.client:< TEXT '>battle-gen9championsvgc2026regma-1939\n|deinit' [46 bytes]
DEBUG:websockets.client:< TEXT '>battle-gen9championsvgc2026regma-1939\n|l|☆BC1' [48 bytes]
DEBUG:websockets.client:< TEXT '>battle-gen9championsvgc2026regma-1939\n|deinit' [46 bytes]
DEBUG:websockets.client:> CLOSE 1000 (OK) [2 bytes]
DEBUG:websockets.client:= connection is CLOSING
DEBUG:websockets.client:< CLOSE 1000 (OK) [2 bytes]
DEBUG:websockets.client:< EOF
DEBUG:websockets.client:> EOF
DEBUG:websockets.client:= connection is CLOSED
DEBUG:websockets.client:x half-closing TCP connection
DEBUG:websockets.client:> CLOSE 1000 (OK) [2 bytes]
DEBUG:websockets.client:= connection is CLOSING
DEBUG:websockets.client:< CLOSE 1000 (OK) [2 bytes]
DEBUG:websockets.client:< EOF
DEBUG:websockets.client:> EOF
DEBUG:websockets.client:= connection is CLOSED
DEBUG:websockets.client:x half-closing TCP connection
INFO:__main__:vs random: 5/5
INFO:run_local_battle:Loaded team from D:\ShowdownProject\Victory-Dance\teams\M-A\Trickery
INFO:run_local_battle:Loaded team from D:\ShowdownProject\Victory-Dance\teams\M-A\Trickery
INFO:player:VGCPlayer: loaded battle model from ai_train_scripts\BC_model\checkpoints\bc_best.pt (heads=('our_a', 'our_b'))
INFO:player:VGCPlayer: loaded team-chooser from D:\ShowdownProject\Victory-Dance\ai_train_scripts\teamPreview_model\checkpoints\teampreview_best.pt (vocab=190)
INFO:player:VGCPlayer ready (gap-#6 splice) | battle_model=loaded (ai_train_scripts\BC_model\checkpoints\bc_best.pt) | team_chooser=loaded (D:\ShowdownProject\Victory-Dance\ai_train_scripts\teamPreview_model\checkpoints\teampreview_best.pt) | replay=D:\ShowdownProject\Victory-Dance\replay_buffer\BC2.jsonl
DEBUG:websockets.client:= connection is CONNECTING
DEBUG:websockets.client:> GET /showdown/websocket HTTP/1.1
DEBUG:websockets.client:> Host: localhost:8000
DEBUG:websockets.client:> Upgrade: websocket
DEBUG:websockets.client:> Connection: Upgrade
DEBUG:websockets.client:> Sec-WebSocket-Key: iUihatsH2W6S4JuqLl9fMQ==
DEBUG:websockets.client:> Sec-WebSocket-Version: 13
DEBUG:websockets.client:> Sec-WebSocket-Extensions: permessage-deflate; client_max_window_bits
DEBUG:websockets.client:> User-Agent: Python/3.12 websockets/16.0
DEBUG:websockets.client:< HTTP/1.1 101 Switching Protocols
DEBUG:websockets.client:< Upgrade: websocket
DEBUG:websockets.client:< Connection: Upgrade
DEBUG:websockets.client:< Sec-WebSocket-Accept: ui0uLDF/FxpdytYjwAeeYz44ioQ=
DEBUG:websockets.client:= connection is OPEN
DEBUG:websockets.client:< TEXT '|updateuser| Guest 1197|0|2|{"blockChallenges":...c|[Gen 1] Custom Game,c' [8616 bytes]
DEBUG:websockets.client:< TEXT '|challstr|4|e0658e48682b42c932f9f8f0f85c159d3f5...8820d6d31097accff74fde0' [268 bytes]
DEBUG:websockets.client:> TEXT '|/trn BC2,0,' [12 bytes]
DEBUG:websockets.client:< TEXT '|updatesearch|{"searching":[],"games":null}' [43 bytes]
DEBUG:websockets.client:< TEXT '|updateuser| BC2|1|102|{"blockChallenges":false...:false,"language":null}' [346 bytes]
DEBUG:websockets.client:< TEXT '|updatesearch|{"searching":[],"games":null}' [43 bytes]
DEBUG:websockets.client:= connection is CONNECTING
DEBUG:websockets.client:> GET /showdown/websocket HTTP/1.1
DEBUG:websockets.client:> Host: localhost:8000
DEBUG:websockets.client:> Upgrade: websocket
DEBUG:websockets.client:> Connection: Upgrade
DEBUG:websockets.client:> Sec-WebSocket-Key: S0bTcJuBSs5IV0Tfiscf6w==
DEBUG:websockets.client:> Sec-WebSocket-Version: 13
DEBUG:websockets.client:> Sec-WebSocket-Extensions: permessage-deflate; client_max_window_bits
DEBUG:websockets.client:> User-Agent: Python/3.12 websockets/16.0
DEBUG:websockets.client:< HTTP/1.1 101 Switching Protocols
DEBUG:websockets.client:< Upgrade: websocket
DEBUG:websockets.client:< Connection: Upgrade
DEBUG:websockets.client:< Sec-WebSocket-Accept: 7YvscvczW9YjTulsEz/CcksWBCU=
DEBUG:websockets.client:= connection is OPEN
DEBUG:websockets.client:< TEXT '|updateuser| Guest 1198|0|2|{"blockChallenges":...c|[Gen 1] Custom Game,c' [8616 bytes]
DEBUG:websockets.client:< TEXT '|challstr|4|3016d3de3b4116911e750cd4a9cffa6217b...8f48bb2888325aa34b49461' [268 bytes]
DEBUG:websockets.client:> TEXT '|/trn OPmax_2,0,' [16 bytes]
DEBUG:websockets.client:< TEXT '|updatesearch|{"searching":[],"games":null}' [43 bytes]
DEBUG:websockets.client:< TEXT '|updateuser| OPmax_2|1|1|{"blockChallenges":fal...:false,"language":null}' [348 bytes]
DEBUG:websockets.client:< TEXT '|updatesearch|{"searching":[],"games":null}' [43 bytes]
DEBUG:websockets.client:> TEXT '|/utm Sneasler||whiteherb|unburden|fakeout,dire...Naive|32,2,,,,32||||50|' [550 bytes]
DEBUG:websockets.client:> TEXT '|/challenge opmax2, gen9championsvgc2026regma' [45 bytes]
DEBUG:websockets.client:< TEXT '|pm| BC2| OPmax_2|/challenge gen9championsvgc20...hampionsvgc2026regma|||' [83 bytes]
DEBUG:websockets.client:< TEXT '|pm| BC2| OPmax_2|/challenge gen9championsvgc20...hampionsvgc2026regma|||' [83 bytes]
DEBUG:websockets.client:< TEXT '|pm| BC2| OPmax_2|/log BC2 wants to battle!' [43 bytes]
DEBUG:websockets.client:< TEXT '|pm| BC2| OPmax_2|/log BC2 wants to battle!' [43 bytes]
DEBUG:websockets.client:> TEXT '|/utm Sneasler||whiteherb|unburden|fakeout,dire...Naive|32,2,,,,32||||50|' [550 bytes]
DEBUG:websockets.client:> TEXT '|/accept bc2' [12 bytes]
DEBUG:websockets.client:< TEXT '|pm| OPmax_2| BC2|/challenge' [28 bytes]
DEBUG:websockets.client:< TEXT '|pm| OPmax_2| BC2|/challenge' [28 bytes]
DEBUG:websockets.client:< TEXT '|updatesearch|{"searching":[],"games":null}' [43 bytes]
DEBUG:websockets.client:< TEXT '|updatesearch|{"searching":[],"games":null}' [43 bytes]
DEBUG:websockets.client:< TEXT '|updatesearch|{"searching":[],"games":{"battle-... 2026 Reg M-A Battle"}}' [124 bytes]
DEBUG:websockets.client:< TEXT '|updatesearch|{"searching":[],"games":{"battle-... 2026 Reg M-A Battle"}}' [124 bytes]
DEBUG:websockets.client:< TEXT '|updatesearch|{"searching":[],"games":{"battle-... 2026 Reg M-A Battle"}}' [124 bytes]
DEBUG:websockets.client:< TEXT '|updatesearch|{"searching":[],"games":{"battle-... 2026 Reg M-A Battle"}}' [124 bytes]
DEBUG:websockets.client:< TEXT '>battle-gen9championsvgc2026regma-1940\n|init|b... vs. OPmax_2\n|j|☆BC2\n' [85 bytes]
DEBUG:websockets.client:< TEXT '>battle-gen9championsvgc2026regma-1940\n|j|☆OPmax_2' [52 bytes]
DEBUG:websockets.client:< TEXT '>battle-gen9championsvgc2026regma-1940\n|init|b...n|j|☆BC2\n|j|☆OPmax_2\n' [99 bytes]
DEBUG:websockets.client:< TEXT '|pm| OPmax_2| BC2|/nonotify OPmax_2 accepted th...26regma-1940</a>&raquo;' [173 bytes]
DEBUG:websockets.client:< TEXT '|pm| OPmax_2| BC2|/nonotify OPmax_2 accepted th...26regma-1940</a>&raquo;' [173 bytes]
DEBUG:websockets.client:< TEXT '>battle-gen9championsvgc2026regma-1940\n|t:|1781646845\n|gametype|doubles' [71 bytes]
DEBUG:websockets.client:< TEXT '>battle-gen9championsvgc2026regma-1940\n|t:|1781646845\n|gametype|doubles' [71 bytes]
DEBUG:websockets.client:< TEXT '>battle-gen9championsvgc2026regma-1940\n|player|p1|BC2|102|' [58 bytes]
DEBUG:websockets.client:> TEXT 'battle-gen9championsvgc2026regma-1940|/rejectopenteamsheets' [59 bytes]
DEBUG:websockets.client:< TEXT '>battle-gen9championsvgc2026regma-1940\n|player|p1|BC2|102|' [58 bytes]
DEBUG:websockets.client:> TEXT 'battle-gen9championsvgc2026regma-1940|/rejectopenteamsheets' [59 bytes]
DEBUG:websockets.client:> TEXT '|/utm Sneasler||whiteherb|unburden|fakeout,dire...Naive|32,2,,,,32||||50|' [550 bytes]
DEBUG:websockets.client:> TEXT '|/challenge opmax2, gen9championsvgc2026regma' [45 bytes]
DEBUG:websockets.client:< TEXT '>battle-gen9championsvgc2026regma-1940\n|player...heets</strong></button>' [855 bytes]
DEBUG:websockets.client:< TEXT '>battle-gen9championsvgc2026regma-1940\n|reques...ing":false}]},"rqid":3}' [2097 bytes]
DEBUG:websockets.client:< TEXT '>battle-gen9championsvgc2026regma-1940\n|player...heets</strong></button>' [855 bytes]
DEBUG:websockets.client:< TEXT '>battle-gen9championsvgc2026regma-1940\n|uhtmlchange|otsrequest|' [63 bytes]
DEBUG:websockets.client:< TEXT '>battle-gen9championsvgc2026regma-1940\nBC2 rejected open team sheets.' [69 bytes]
DEBUG:websockets.client:< TEXT '>battle-gen9championsvgc2026regma-1940\n|uhtmlchange|otsrequest|' [63 bytes]
DEBUG:vgc_base:Teampreview: first-4 roster order → ['sneasler', 'charizardmegay', 'whimsicott', 'basculegion']
INFO:vgc_base:Teampreview [battle-gen9championsvgc2026regma-1940] → /team 1234  (sneasler, charizardmegay, whimsicott, basculegion)
DEBUG:websockets.client:> TEXT 'battle-gen9championsvgc2026regma-1940|/team 1234' [48 bytes]
DEBUG:websockets.client:< TEXT '>battle-gen9championsvgc2026regma-1940\n|reques...ing":false}]},"rqid":2}' [2093 bytes]
DEBUG:websockets.client:< TEXT '>battle-gen9championsvgc2026regma-1940\n|uhtmlchange|otsrequest|' [63 bytes]
DEBUG:websockets.client:< TEXT '>battle-gen9championsvgc2026regma-1940\nBC2 rejected open team sheets.' [69 bytes]
DEBUG:websockets.client:< TEXT '>battle-gen9championsvgc2026regma-1940\n|uhtmlchange|otsrequest|' [63 bytes]
DEBUG:websockets.client:< TEXT '>battle-gen9championsvgc2026regma-1940\nOPmax_2...ected open team sheets.' [73 bytes]
DEBUG:websockets.client:< TEXT '>battle-gen9championsvgc2026regma-1940\nOPmax_2...ected open team sheets.' [73 bytes]
INFO:player:Team-preview [battle-gen9championsvgc2026regma-1940] NET drove: bring=['whimsicott', 'zoroarkhisui', 'ditto', 'charizardmegay'] leads=['whimsicott', 'zoroarkhisui'] (vs opp ['sneasler', 'charizard', 'whimsicott', 'basculegion', 'zoroarkhisui', 'ditto'])
INFO:vgc_base:Teampreview [battle-gen9championsvgc2026regma-1940] → /team 3562  (whimsicott, zoroarkhisui, ditto, charizardmegay)
DEBUG:websockets.client:> TEXT 'battle-gen9championsvgc2026regma-1940|/team 3562' [48 bytes]
DEBUG:websockets.client:< TEXT '|pm| BC2| OPmax_2|/challenge gen9championsvgc20...hampionsvgc2026regma|||' [83 bytes]
DEBUG:websockets.client:< TEXT '|pm| BC2| OPmax_2|/challenge gen9championsvgc20...hampionsvgc2026regma|||' [83 bytes]
DEBUG:websockets.client:< TEXT '|pm| BC2| OPmax_2|/log BC2 wants to battle!' [43 bytes]
DEBUG:websockets.client:< TEXT '|pm| BC2| OPmax_2|/log BC2 wants to battle!' [43 bytes]
DEBUG:websockets.client:> TEXT '|/utm Sneasler||whiteherb|unburden|fakeout,dire...Naive|32,2,,,,32||||50|' [550 bytes]
DEBUG:websockets.client:> TEXT '|/accept bc2' [12 bytes]
DEBUG:websockets.client:< TEXT '>battle-gen9championsvgc2026regma-1940\n|\n|t:|...L50, M|100/100\n|turn|1' [321 bytes]
DEBUG:websockets.client:< TEXT '>battle-gen9championsvgc2026regma-1940\n|\n|t:|...L50, M|168/168\n|turn|1' [321 bytes]
DEBUG:websockets.client:< TEXT '>battle-gen9championsvgc2026regma-1940\n|reques...ing":false}]},"rqid":4}' [2167 bytes]
DEBUG:websockets.client:< TEXT '>battle-gen9championsvgc2026regma-1940\n|reques...ing":false}]},"rqid":5}' [2236 bytes]
DEBUG:websockets.client:< TEXT '|pm| OPmax_2| BC2|/challenge' [28 bytes]
DEBUG:websockets.client:< TEXT '|pm| OPmax_2| BC2|/challenge' [28 bytes]
DEBUG:websockets.client:< TEXT '|updatesearch|{"searching":[],"games":{"battle-... 2026 Reg M-A Battle"}}' [124 bytes]
DEBUG:websockets.client:< TEXT '|updatesearch|{"searching":[],"games":{"battle-... 2026 Reg M-A Battle"}}' [124 bytes]
DEBUG:websockets.client:< TEXT '|updatesearch|{"searching":[],"games":{"battle-... 2026 Reg M-A Battle"}}' [208 bytes]
DEBUG:websockets.client:< TEXT '|updatesearch|{"searching":[],"games":{"battle-... 2026 Reg M-A Battle"}}' [208 bytes]
DEBUG:vgc_base:Turn 1 [battle-gen9championsvgc2026regma-1940] a0=9 a1=9 src=max_damage g0=0 g1=0
DEBUG:websockets.client:> TEXT 'battle-gen9championsvgc2026regma-1940|/choose m...bat 1, move solarbeam 1' [82 bytes]
DEBUG:websockets.client:< TEXT '|updatesearch|{"searching":[],"games":{"battle-... 2026 Reg M-A Battle"}}' [208 bytes]
DEBUG:websockets.client:< TEXT '|updatesearch|{"searching":[],"games":{"battle-... 2026 Reg M-A Battle"}}' [208 bytes]
DEBUG:websockets.client:< TEXT '>battle-gen9championsvgc2026regma-1941\n|init|b... vs. OPmax_2\n|j|☆BC2\n' [85 bytes]
DEBUG:websockets.client:< TEXT '>battle-gen9championsvgc2026regma-1941\n|j|☆OPmax_2' [52 bytes]
DEBUG:websockets.client:< TEXT '|pm| OPmax_2| BC2|/nonotify OPmax_2 accepted th...26regma-1941</a>&raquo;' [173 bytes]
DEBUG:websockets.client:< TEXT '>battle-gen9championsvgc2026regma-1941\n|t:|1781646845\n|gametype|doubles' [71 bytes]
INFO:player:Turn 1 [battle-gen9championsvgc2026regma-1940] value head win-prob: 0.351  (losing)
DEBUG:live_vgc_base:Turn 1 [battle-gen9championsvgc2026regma-1940] a0=0 a1=9 src=model opp_splice=on
DEBUG:websockets.client:> TEXT 'battle-gen9championsvgc2026regma-1940|/choose move encore 1, move icywind' [73 bytes]
DEBUG:websockets.client:< TEXT '>battle-gen9championsvgc2026regma-1941\n|init|b...n|j|☆BC2\n|j|☆OPmax_2\n' [99 bytes]
DEBUG:websockets.client:< TEXT '|pm| OPmax_2| BC2|/nonotify OPmax_2 accepted th...26regma-1941</a>&raquo;' [173 bytes]
DEBUG:websockets.client:< TEXT '>battle-gen9championsvgc2026regma-1941\n|t:|1781646845\n|gametype|doubles' [71 bytes]
DEBUG:websockets.client:< TEXT '>battle-gen9championsvgc2026regma-1941\n|player|p1|BC2|102|' [58 bytes]
DEBUG:websockets.client:< TEXT '>battle-gen9championsvgc2026regma-1941\n|player|p1|BC2|102|' [58 bytes]
DEBUG:websockets.client:< TEXT '>battle-gen9championsvgc2026regma-1941\n|player...heets</strong></button>' [855 bytes]
DEBUG:websockets.client:< TEXT '>battle-gen9championsvgc2026regma-1941\n|reques...ing":false}]},"rqid":2}' [2093 bytes]
DEBUG:websockets.client:< TEXT '>battle-gen9championsvgc2026regma-1941\n|player...heets</strong></button>' [855 bytes]
DEBUG:websockets.client:< TEXT '>battle-gen9championsvgc2026regma-1941\n|reques...ing":false}]},"rqid":3}' [2097 bytes]
DEBUG:websockets.client:< TEXT '>battle-gen9championsvgc2026regma-1940\n|\n|t:|...am\n|\n|upkeep\n|turn|2' [643 bytes]
DEBUG:websockets.client:< TEXT '>battle-gen9championsvgc2026regma-1940\n|\n|t:|...am\n|\n|upkeep\n|turn|2' [645 bytes]
DEBUG:websockets.client:< TEXT '>battle-gen9championsvgc2026regma-1940\n|reques...ing":false}]},"rqid":6}' [2166 bytes]
DEBUG:websockets.client:< TEXT '>battle-gen9championsvgc2026regma-1940\n|reques...ing":false}]},"rqid":7}' [1888 bytes]
DEBUG:vgc_base:Turn 2 [battle-gen9championsvgc2026regma-1940] a0=9 a1=9 src=max_damage g0=0 g1=0
DEBUG:websockets.client:> TEXT 'battle-gen9championsvgc2026regma-1940|/choose m...bat 1, move solarbeam 1' [82 bytes]
INFO:player:Turn 2 [battle-gen9championsvgc2026regma-1940] value head win-prob: 0.272  (losing)
DEBUG:live_vgc_base:Turn 2 [battle-gen9championsvgc2026regma-1940] a0=0 a1=9 src=model opp_splice=on
DEBUG:websockets.client:> TEXT 'battle-gen9championsvgc2026regma-1940|/choose move encore 1, move icywind' [73 bytes]
DEBUG:websockets.client:< TEXT '>battle-gen9championsvgc2026regma-1940\n|\n|t:|... Whimsicott\n|\n|upkeep' [610 bytes]
DEBUG:websockets.client:< TEXT '>battle-gen9championsvgc2026regma-1940\n|\n|t:|... Whimsicott\n|\n|upkeep' [609 bytes]
DEBUG:websockets.client:< TEXT '>battle-gen9championsvgc2026regma-1940\n|reques...ing":false}]},"rqid":9}' [1452 bytes]
DEBUG:websockets.client:< TEXT '>battle-gen9championsvgc2026regma-1940\n|reques...oCancel":true,"rqid":8}' [1421 bytes]
DEBUG:vgc_base:switchDIAG [battle-gen9championsvgc2026regma-1940] turn=2 slot=0 ctx=replacement chosen=ditto#8976 in_active_set=False active=['None', 'zoroarkhisui#8608(act=True,fnt=False)'] own_bench=['charizard#7504', 'ditto#8976'] available_switches=[['ditto', 'charizard'], ['ditto', 'charizard']] request={'p1: Whimsicott': (True, True), 'p1: Zoroark': (True, False), 'p1: Ditto': (False, False), 'p1: Charizard': (False, False)}
DEBUG:live_vgc_base:forceSwitch forced_switch_model [battle-gen9championsvgc2026regma-1940] turn 2 a0=13 a1=None opp_splice=on
DEBUG:websockets.client:> TEXT 'battle-gen9championsvgc2026regma-1940|/choose switch 3, pass' [60 bytes]
DEBUG:websockets.client:< TEXT '>battle-gen9championsvgc2026regma-1940\n|\n|t:|...lity: Imposter\n|turn|3' [164 bytes]
DEBUG:websockets.client:< TEXT '>battle-gen9championsvgc2026regma-1940\n|\n|t:|...lity: Imposter\n|turn|3' [164 bytes]
DEBUG:websockets.client:< TEXT '>battle-gen9championsvgc2026regma-1940\n|reques...ng":false}]},"rqid":10}' [2200 bytes]
DEBUG:websockets.client:< TEXT '>battle-gen9championsvgc2026regma-1940\n|reques...ng":false}]},"rqid":11}' [2224 bytes]
INFO:player:Turn 3 [battle-gen9championsvgc2026regma-1940] value head win-prob: 0.491  (even)
DEBUG:live_vgc_base:Turn 3 [battle-gen9championsvgc2026regma-1940] a0=3 a1=9 src=model opp_splice=on
DEBUG:websockets.client:> TEXT 'battle-gen9championsvgc2026regma-1940|/choose move heatwave, move icywind' [73 bytes]
DEBUG:vgc_base:Turn 3 [battle-gen9championsvgc2026regma-1940] a0=9 a1=9 src=max_damage g0=0 g1=0
DEBUG:websockets.client:> TEXT 'battle-gen9championsvgc2026regma-1940|/choose m...bat 1, move solarbeam 1' [82 bytes]
DEBUG:websockets.client:< TEXT '>battle-gen9championsvgc2026regma-1940\n|\n|t:|...|Solar Beam\n|\n|upkeep' [649 bytes]
DEBUG:websockets.client:< TEXT '>battle-gen9championsvgc2026regma-1940\n|\n|t:|...|Solar Beam\n|\n|upkeep' [649 bytes]
DEBUG:websockets.client:< TEXT '>battle-gen9championsvgc2026regma-1940\n|reques...ng":false}]},"rqid":12}' [1428 bytes]
DEBUG:websockets.client:< TEXT '>battle-gen9championsvgc2026regma-1940\n|reques...Cancel":true,"rqid":13}' [1482 bytes]
DEBUG:vgc_base:forceSwitch [battle-gen9championsvgc2026regma-1940] force=[True, False] → /choose switch Basculegion / /choose pass
DEBUG:websockets.client:> TEXT 'battle-gen9championsvgc2026regma-1940|/choose switch Basculegion, pass' [70 bytes]
DEBUG:websockets.client:< TEXT '>battle-gen9championsvgc2026regma-1940\n|\n|t:|...L50, M|100/100\n|turn|4' [116 bytes]
DEBUG:websockets.client:< TEXT '>battle-gen9championsvgc2026regma-1940\n|\n|t:|...L50, M|197/197\n|turn|4' [116 bytes]
DEBUG:websockets.client:< TEXT '>battle-gen9championsvgc2026regma-1940\n|reques...ng":false}]},"rqid":14}' [2200 bytes]
DEBUG:websockets.client:< TEXT '>battle-gen9championsvgc2026regma-1940\n|reques...ng":false}]},"rqid":15}' [1895 bytes]
INFO:player:Turn 4 [battle-gen9championsvgc2026regma-1940] value head win-prob: 0.133  (losing)
DEBUG:live_vgc_base:Turn 4 [battle-gen9championsvgc2026regma-1940] a0=3 a1=0 src=model opp_splice=on
DEBUG:websockets.client:> TEXT 'battle-gen9championsvgc2026regma-1940|/choose m...atwave, move hypervoice' [76 bytes]
DEBUG:vgc_base:Turn 4 [battle-gen9championsvgc2026regma-1940] a0=3 a1=9 src=max_damage g0=0 g1=0
DEBUG:websockets.client:> TEXT 'battle-gen9championsvgc2026regma-1940|/choose m...ash 1, move solarbeam 1' [80 bytes]
DEBUG:websockets.client:< TEXT '>battle-gen9championsvgc2026regma-1940\n|\n|t:|...rk|Illusion\n|\n|upkeep' [517 bytes]
DEBUG:websockets.client:< TEXT '>battle-gen9championsvgc2026regma-1940\n|\n|t:|...rk|Illusion\n|\n|upkeep' [518 bytes]
DEBUG:websockets.client:< TEXT '>battle-gen9championsvgc2026regma-1940\n|reques...ng":false}]},"rqid":17}' [1451 bytes]
DEBUG:websockets.client:< TEXT '>battle-gen9championsvgc2026regma-1940\n|reques...Cancel":true,"rqid":16}' [1419 bytes]
DEBUG:vgc_base:switchDIAG [battle-gen9championsvgc2026regma-1940] turn=4 slot=0 ctx=replacement chosen=charizard#7504 in_active_set=False active=['None', 'zoroarkhisui#8608(act=True,fnt=False)'] own_bench=['charizard#7504'] available_switches=[['charizard'], ['charizard']] request={'p1: Ditto': (True, True), 'p1: Zoroark': (True, False), 'p1: Whimsicott': (False, True), 'p1: Charizard': (False, False)}
DEBUG:live_vgc_base:forceSwitch forced_switch_model [battle-gen9championsvgc2026regma-1940] turn 4 a0=12 a1=None opp_splice=on
DEBUG:websockets.client:> TEXT 'battle-gen9championsvgc2026regma-1940|/choose switch 4, pass' [60 bytes]
DEBUG:websockets.client:< TEXT '>battle-gen9championsvgc2026regma-1940\n|\n|t:|...L50, F|168/168\n|turn|5' [112 bytes]
DEBUG:websockets.client:< TEXT '>battle-gen9championsvgc2026regma-1940\n|\n|t:|...L50, F|100/100\n|turn|5' [112 bytes]
DEBUG:websockets.client:< TEXT '>battle-gen9championsvgc2026regma-1940\n|reques...ng":false}]},"rqid":18}' [2184 bytes]
DEBUG:websockets.client:< TEXT '>battle-gen9championsvgc2026regma-1940\n|reques...ng":false}]},"rqid":19}' [2233 bytes]
INFO:player:Turn 5 [battle-gen9championsvgc2026regma-1940] value head win-prob: 0.050  (losing)
DEBUG:live_vgc_base:Turn 5 [battle-gen9championsvgc2026regma-1940] a0=0 a1=0 src=model opp_splice=on
DEBUG:websockets.client:> TEXT 'battle-gen9championsvgc2026regma-1940|/choose m...e mega, move hypervoice' [81 bytes]
DEBUG:vgc_base:Turn 5 [battle-gen9championsvgc2026regma-1940] a0=3 a1=9 src=max_damage g0=0 g1=0
DEBUG:websockets.client:> TEXT 'battle-gen9championsvgc2026regma-1940|/choose m...ash 1, move solarbeam 1' [80 bytes]
DEBUG:websockets.client:< TEXT '>battle-gen9championsvgc2026regma-1940\n|\n|t:|...nyDay|[upkeep]\n|upkeep' [668 bytes]
DEBUG:websockets.client:< TEXT '>battle-gen9championsvgc2026regma-1940\n|\n|t:|...nyDay|[upkeep]\n|upkeep' [668 bytes]
DEBUG:websockets.client:< TEXT '>battle-gen9championsvgc2026regma-1940\n|reques...ng":false}]},"rqid":20}' [1389 bytes]
DEBUG:websockets.client:< TEXT '>battle-gen9championsvgc2026regma-1940\n|reques...Cancel":true,"rqid":21}' [1480 bytes]
DEBUG:vgc_base:forceSwitch [battle-gen9championsvgc2026regma-1940] force=[False, True] → /choose pass / /choose switch Whimsicott
DEBUG:websockets.client:> TEXT 'battle-gen9championsvgc2026regma-1940|/choose pass, switch Whimsicott' [69 bytes]
DEBUG:websockets.client:< TEXT '>battle-gen9championsvgc2026regma-1940\n|\n|t:|...L50, M|100/100\n|turn|6' [114 bytes]
DEBUG:websockets.client:< TEXT '>battle-gen9championsvgc2026regma-1940\n|\n|t:|...L50, M|137/137\n|turn|6' [114 bytes]
DEBUG:websockets.client:< TEXT '>battle-gen9championsvgc2026regma-1940\n|reques...ng":false}]},"rqid":22}' [2167 bytes]
DEBUG:websockets.client:< TEXT '>battle-gen9championsvgc2026regma-1940\n|reques...ng":false}]},"rqid":23}' [2210 bytes]
INFO:player:Turn 6 [battle-gen9championsvgc2026regma-1940] value head win-prob: 0.016  (losing)
DEBUG:live_vgc_base:Turn 6 [battle-gen9championsvgc2026regma-1940] a0=0 a1=0 src=model opp_splice=on
DEBUG:websockets.client:> TEXT 'battle-gen9championsvgc2026regma-1940|/choose m...atwave, move hypervoice' [76 bytes]
DEBUG:vgc_base:Turn 6 [battle-gen9championsvgc2026regma-1940] a0=3 a1=6 src=max_damage g0=0 g1=0
DEBUG:websockets.client:> TEXT 'battle-gen9championsvgc2026regma-1940|/choose m...ash 1, move moonblast 1' [80 bytes]
DEBUG:websockets.client:< TEXT '>battle-gen9championsvgc2026regma-1940\n|\n|t:|...legion\n|\n|win|OPmax_2' [480 bytes]
DEBUG:websockets.client:< TEXT '>battle-gen9championsvgc2026regma-1940\n|\n|t:|...legion\n|\n|win|OPmax_2' [480 bytes]
INFO:vgc_base:Battle battle-gen9championsvgc2026regma-1940 finished — outcome: LOSS  (W/L/D so far: 0/1/0)
DEBUG:websockets.client:> TEXT '|/leave battle-gen9championsvgc2026regma-1940' [45 bytes]
DEBUG:websockets.client:< TEXT '|updatesearch|{"searching":[],"games":{"battle-... 2026 Reg M-A Battle"}}' [124 bytes]
DEBUG:websockets.client:< TEXT '|updatesearch|{"searching":[],"games":{"battle-... 2026 Reg M-A Battle"}}' [124 bytes]
DEBUG:websockets.client:> TEXT 'battle-gen9championsvgc2026regma-1941|/rejectopenteamsheets' [59 bytes]
INFO:vgc_base:Battle battle-gen9championsvgc2026regma-1940 finished — outcome: WIN  (W/L/D so far: 1/0/0)
DEBUG:websockets.client:> TEXT '|/leave battle-gen9championsvgc2026regma-1940' [45 bytes]
DEBUG:websockets.client:> TEXT '|/utm Sneasler||whiteherb|unburden|fakeout,dire...Naive|32,2,,,,32||||50|' [550 bytes]
DEBUG:websockets.client:> TEXT '|/challenge opmax2, gen9championsvgc2026regma' [45 bytes]
DEBUG:websockets.client:> TEXT 'battle-gen9championsvgc2026regma-1941|/rejectopenteamsheets' [59 bytes]
DEBUG:websockets.client:< TEXT '>battle-gen9championsvgc2026regma-1940\n|deinit' [46 bytes]
DEBUG:websockets.client:< TEXT '>battle-gen9championsvgc2026regma-1940\n|l|☆BC2' [48 bytes]
DEBUG:websockets.client:< TEXT '>battle-gen9championsvgc2026regma-1941\n|uhtmlchange|otsrequest|' [63 bytes]
DEBUG:websockets.client:< TEXT '>battle-gen9championsvgc2026regma-1941\nBC2 rejected open team sheets.' [69 bytes]
DEBUG:websockets.client:< TEXT '>battle-gen9championsvgc2026regma-1941\n|uhtmlchange|otsrequest|' [63 bytes]
DEBUG:websockets.client:< TEXT '>battle-gen9championsvgc2026regma-1941\nBC2 rejected open team sheets.' [69 bytes]
DEBUG:websockets.client:< TEXT '>battle-gen9championsvgc2026regma-1940\n|deinit' [46 bytes]
DEBUG:websockets.client:< TEXT '>battle-gen9championsvgc2026regma-1941\n|uhtmlchange|otsrequest|' [63 bytes]
DEBUG:websockets.client:< TEXT '>battle-gen9championsvgc2026regma-1941\nOPmax_2...ected open team sheets.' [73 bytes]
DEBUG:websockets.client:< TEXT '>battle-gen9championsvgc2026regma-1941\n|uhtmlchange|otsrequest|' [63 bytes]
DEBUG:websockets.client:< TEXT '>battle-gen9championsvgc2026regma-1941\nOPmax_2...ected open team sheets.' [73 bytes]
INFO:player:Team-preview [battle-gen9championsvgc2026regma-1941] NET drove: bring=['whimsicott', 'zoroarkhisui', 'ditto', 'charizardmegay'] leads=['whimsicott', 'zoroarkhisui'] (vs opp ['sneasler', 'charizard', 'whimsicott', 'basculegion', 'zoroarkhisui', 'ditto'])
INFO:vgc_base:Teampreview [battle-gen9championsvgc2026regma-1941] → /team 3562  (whimsicott, zoroarkhisui, ditto, charizardmegay)
DEBUG:websockets.client:> TEXT 'battle-gen9championsvgc2026regma-1941|/team 3562' [48 bytes]
DEBUG:vgc_base:Teampreview: first-4 roster order → ['sneasler', 'charizardmegay', 'whimsicott', 'basculegion']
INFO:vgc_base:Teampreview [battle-gen9championsvgc2026regma-1941] → /team 1234  (sneasler, charizardmegay, whimsicott, basculegion)
DEBUG:websockets.client:> TEXT 'battle-gen9championsvgc2026regma-1941|/team 1234' [48 bytes]
DEBUG:websockets.client:< TEXT '|pm| BC2| OPmax_2|/challenge gen9championsvgc20...hampionsvgc2026regma|||' [83 bytes]
DEBUG:websockets.client:< TEXT '|pm| BC2| OPmax_2|/log BC2 wants to battle!' [43 bytes]
DEBUG:websockets.client:< TEXT '|pm| BC2| OPmax_2|/challenge gen9championsvgc20...hampionsvgc2026regma|||' [83 bytes]
DEBUG:websockets.client:< TEXT '|pm| BC2| OPmax_2|/log BC2 wants to battle!' [43 bytes]
DEBUG:websockets.client:> TEXT '|/utm Sneasler||whiteherb|unburden|fakeout,dire...Naive|32,2,,,,32||||50|' [550 bytes]
DEBUG:websockets.client:> TEXT '|/accept bc2' [12 bytes]
DEBUG:websockets.client:< TEXT '>battle-gen9championsvgc2026regma-1941\n|\n|t:|...L50, M|100/100\n|turn|1' [321 bytes]
DEBUG:websockets.client:< TEXT '>battle-gen9championsvgc2026regma-1941\n|\n|t:|...L50, M|168/168\n|turn|1' [321 bytes]
DEBUG:websockets.client:< TEXT '>battle-gen9championsvgc2026regma-1941\n|reques...ing":false}]},"rqid":4}' [2167 bytes]
DEBUG:websockets.client:< TEXT '>battle-gen9championsvgc2026regma-1941\n|reques...ing":false}]},"rqid":5}' [2236 bytes]
DEBUG:websockets.client:< TEXT '|pm| OPmax_2| BC2|/challenge' [28 bytes]
DEBUG:websockets.client:< TEXT '|pm| OPmax_2| BC2|/challenge' [28 bytes]
DEBUG:websockets.client:< TEXT '|updatesearch|{"searching":[],"games":{"battle-... 2026 Reg M-A Battle"}}' [124 bytes]
DEBUG:vgc_base:Turn 1 [battle-gen9championsvgc2026regma-1941] a0=9 a1=9 src=max_damage g0=0 g1=0
DEBUG:websockets.client:> TEXT 'battle-gen9championsvgc2026regma-1941|/choose m...bat 1, move solarbeam 1' [82 bytes]
INFO:player:Turn 1 [battle-gen9championsvgc2026regma-1941] value head win-prob: 0.351  (losing)
DEBUG:live_vgc_base:Turn 1 [battle-gen9championsvgc2026regma-1941] a0=0 a1=9 src=model opp_splice=on
DEBUG:websockets.client:> TEXT 'battle-gen9championsvgc2026regma-1941|/choose move encore 1, move icywind' [73 bytes]
DEBUG:websockets.client:< TEXT '|updatesearch|{"searching":[],"games":{"battle-... 2026 Reg M-A Battle"}}' [124 bytes]
DEBUG:websockets.client:< TEXT '|updatesearch|{"searching":[],"games":{"battle-... 2026 Reg M-A Battle"}}' [208 bytes]
DEBUG:websockets.client:< TEXT '|updatesearch|{"searching":[],"games":{"battle-... 2026 Reg M-A Battle"}}' [208 bytes]
DEBUG:websockets.client:< TEXT '|updatesearch|{"searching":[],"games":{"battle-... 2026 Reg M-A Battle"}}' [208 bytes]
DEBUG:websockets.client:< TEXT '|updatesearch|{"searching":[],"games":{"battle-... 2026 Reg M-A Battle"}}' [208 bytes]
DEBUG:websockets.client:< TEXT '>battle-gen9championsvgc2026regma-1942\n|init|b... vs. OPmax_2\n|j|☆BC2\n' [85 bytes]
DEBUG:websockets.client:< TEXT '>battle-gen9championsvgc2026regma-1942\n|j|☆OPmax_2' [52 bytes]
DEBUG:websockets.client:< TEXT '|pm| OPmax_2| BC2|/nonotify OPmax_2 accepted th...26regma-1942</a>&raquo;' [173 bytes]
DEBUG:websockets.client:< TEXT '>battle-gen9championsvgc2026regma-1942\n|t:|1781646846\n|gametype|doubles' [71 bytes]
DEBUG:websockets.client:< TEXT '>battle-gen9championsvgc2026regma-1942\n|player|p1|BC2|102|' [58 bytes]
DEBUG:websockets.client:< TEXT '>battle-gen9championsvgc2026regma-1942\n|player...heets</strong></button>' [855 bytes]
DEBUG:websockets.client:< TEXT '>battle-gen9championsvgc2026regma-1942\n|reques...ing":false}]},"rqid":2}' [2093 bytes]
DEBUG:websockets.client:< TEXT '>battle-gen9championsvgc2026regma-1942\n|init|b...n|j|☆BC2\n|j|☆OPmax_2\n' [99 bytes]
DEBUG:websockets.client:< TEXT '|pm| OPmax_2| BC2|/nonotify OPmax_2 accepted th...26regma-1942</a>&raquo;' [173 bytes]
DEBUG:websockets.client:< TEXT '>battle-gen9championsvgc2026regma-1942\n|t:|1781646846\n|gametype|doubles' [71 bytes]
DEBUG:websockets.client:< TEXT '>battle-gen9championsvgc2026regma-1942\n|player|p1|BC2|102|' [58 bytes]
DEBUG:websockets.client:< TEXT '>battle-gen9championsvgc2026regma-1942\n|player...heets</strong></button>' [855 bytes]
DEBUG:websockets.client:< TEXT '>battle-gen9championsvgc2026regma-1942\n|reques...ing":false}]},"rqid":3}' [2097 bytes]
DEBUG:websockets.client:< TEXT '>battle-gen9championsvgc2026regma-1941\n|\n|t:|...am\n|\n|upkeep\n|turn|2' [644 bytes]
DEBUG:websockets.client:< TEXT '>battle-gen9championsvgc2026regma-1941\n|\n|t:|...am\n|\n|upkeep\n|turn|2' [646 bytes]
DEBUG:websockets.client:< TEXT '>battle-gen9championsvgc2026regma-1941\n|reques...ing":false}]},"rqid":7}' [1888 bytes]
DEBUG:websockets.client:< TEXT '>battle-gen9championsvgc2026regma-1941\n|reques...ing":false}]},"rqid":6}' [2166 bytes]
DEBUG:vgc_base:Turn 2 [battle-gen9championsvgc2026regma-1941] a0=9 a1=9 src=max_damage g0=0 g1=0
DEBUG:websockets.client:> TEXT 'battle-gen9championsvgc2026regma-1941|/choose m...bat 1, move solarbeam 1' [82 bytes]
INFO:player:Turn 2 [battle-gen9championsvgc2026regma-1941] value head win-prob: 0.278  (losing)
DEBUG:live_vgc_base:Turn 2 [battle-gen9championsvgc2026regma-1941] a0=0 a1=9 src=model opp_splice=on
DEBUG:websockets.client:> TEXT 'battle-gen9championsvgc2026regma-1941|/choose move encore 1, move icywind' [73 bytes]
DEBUG:websockets.client:< TEXT '>battle-gen9championsvgc2026regma-1941\n|\n|t:|... Whimsicott\n|\n|upkeep' [638 bytes]
DEBUG:websockets.client:< TEXT '>battle-gen9championsvgc2026regma-1941\n|\n|t:|... Whimsicott\n|\n|upkeep' [639 bytes]
DEBUG:websockets.client:< TEXT '>battle-gen9championsvgc2026regma-1941\n|reques...oCancel":true,"rqid":8}' [1421 bytes]
DEBUG:websockets.client:< TEXT '>battle-gen9championsvgc2026regma-1941\n|reques...ing":false}]},"rqid":9}' [1452 bytes]
DEBUG:vgc_base:switchDIAG [battle-gen9championsvgc2026regma-1941] turn=2 slot=0 ctx=replacement chosen=ditto#1440 in_active_set=False active=['None', 'zoroarkhisui#1072(act=True,fnt=False)'] own_bench=['charizard#9968', 'ditto#1440'] available_switches=[['ditto', 'charizard'], ['ditto', 'charizard']] request={'p1: Whimsicott': (True, True), 'p1: Zoroark': (True, False), 'p1: Ditto': (False, False), 'p1: Charizard': (False, False)}
DEBUG:live_vgc_base:forceSwitch forced_switch_model [battle-gen9championsvgc2026regma-1941] turn 2 a0=13 a1=None opp_splice=on
DEBUG:websockets.client:> TEXT 'battle-gen9championsvgc2026regma-1941|/choose switch 3, pass' [60 bytes]
DEBUG:websockets.client:< TEXT '>battle-gen9championsvgc2026regma-1941\n|\n|t:|...lity: Imposter\n|turn|3' [164 bytes]
DEBUG:websockets.client:< TEXT '>battle-gen9championsvgc2026regma-1941\n|\n|t:|...lity: Imposter\n|turn|3' [164 bytes]
DEBUG:websockets.client:< TEXT '>battle-gen9championsvgc2026regma-1941\n|reques...ng":false}]},"rqid":10}' [2200 bytes]
DEBUG:websockets.client:< TEXT '>battle-gen9championsvgc2026regma-1941\n|reques...ng":false}]},"rqid":11}' [2224 bytes]
DEBUG:vgc_base:Turn 3 [battle-gen9championsvgc2026regma-1941] a0=9 a1=9 src=max_damage g0=0 g1=0
DEBUG:websockets.client:> TEXT 'battle-gen9championsvgc2026regma-1941|/choose m...bat 1, move solarbeam 1' [82 bytes]
INFO:player:Turn 3 [battle-gen9championsvgc2026regma-1941] value head win-prob: 0.524  (even)
DEBUG:live_vgc_base:Turn 3 [battle-gen9championsvgc2026regma-1941] a0=3 a1=9 src=model opp_splice=on
DEBUG:websockets.client:> TEXT 'battle-gen9championsvgc2026regma-1941|/choose move heatwave, move icywind' [73 bytes]
DEBUG:websockets.client:< TEXT '>battle-gen9championsvgc2026regma-1941\n|\n|t:|...|Solar Beam\n|\n|upkeep' [621 bytes]
DEBUG:websockets.client:< TEXT '>battle-gen9championsvgc2026regma-1941\n|\n|t:|...|Solar Beam\n|\n|upkeep' [620 bytes]
DEBUG:websockets.client:< TEXT '>battle-gen9championsvgc2026regma-1941\n|reques...ng":false}]},"rqid":12}' [1428 bytes]
DEBUG:websockets.client:< TEXT '>battle-gen9championsvgc2026regma-1941\n|reques...Cancel":true,"rqid":13}' [1482 bytes]
DEBUG:vgc_base:forceSwitch [battle-gen9championsvgc2026regma-1941] force=[True, False] → /choose switch Basculegion / /choose pass
DEBUG:websockets.client:> TEXT 'battle-gen9championsvgc2026regma-1941|/choose switch Basculegion, pass' [70 bytes]
DEBUG:websockets.client:< TEXT '>battle-gen9championsvgc2026regma-1941\n|\n|t:|...L50, M|100/100\n|turn|4' [116 bytes]
DEBUG:websockets.client:< TEXT '>battle-gen9championsvgc2026regma-1941\n|\n|t:|...L50, M|197/197\n|turn|4' [116 bytes]
DEBUG:websockets.client:< TEXT '>battle-gen9championsvgc2026regma-1941\n|reques...ng":false}]},"rqid":14}' [2200 bytes]
DEBUG:websockets.client:< TEXT '>battle-gen9championsvgc2026regma-1941\n|reques...ng":false}]},"rqid":15}' [1895 bytes]
INFO:player:Turn 4 [battle-gen9championsvgc2026regma-1941] value head win-prob: 0.137  (losing)
DEBUG:live_vgc_base:Turn 4 [battle-gen9championsvgc2026regma-1941] a0=3 a1=0 src=model opp_splice=on
DEBUG:websockets.client:> TEXT 'battle-gen9championsvgc2026regma-1941|/choose m...atwave, move hypervoice' [76 bytes]
DEBUG:vgc_base:Turn 4 [battle-gen9championsvgc2026regma-1941] a0=3 a1=9 src=max_damage g0=0 g1=0
DEBUG:websockets.client:> TEXT 'battle-gen9championsvgc2026regma-1941|/choose m...ash 1, move solarbeam 1' [80 bytes]
DEBUG:websockets.client:< TEXT '>battle-gen9championsvgc2026regma-1941\n|\n|t:|...rom] Recoil\n|\n|upkeep' [370 bytes]
DEBUG:websockets.client:< TEXT '>battle-gen9championsvgc2026regma-1941\n|\n|t:|...rom] Recoil\n|\n|upkeep' [371 bytes]
DEBUG:websockets.client:< TEXT '>battle-gen9championsvgc2026regma-1941\n|reques...ng":false}]},"rqid":16}' [1404 bytes]
DEBUG:websockets.client:< TEXT '>battle-gen9championsvgc2026regma-1941\n|reques...ng":false}]},"rqid":17}' [1465 bytes]
DEBUG:vgc_base:forceSwitch [battle-gen9championsvgc2026regma-1941] force=[False, True] → /choose pass / /choose switch Whimsicott
DEBUG:websockets.client:> TEXT 'battle-gen9championsvgc2026regma-1941|/choose pass, switch Whimsicott' [69 bytes]
DEBUG:vgc_base:switchDIAG [battle-gen9championsvgc2026regma-1941] turn=4 slot=0 ctx=replacement chosen=charizard#9968 in_active_set=False active=['None', 'zoroarkhisui#1072(act=True,fnt=False)'] own_bench=['charizard#9968'] available_switches=[['charizard'], ['charizard']] request={'p1: Ditto': (True, True), 'p1: Zoroark': (True, False), 'p1: Whimsicott': (False, True), 'p1: Charizard': (False, False)}
DEBUG:live_vgc_base:forceSwitch forced_switch_model [battle-gen9championsvgc2026regma-1941] turn 4 a0=12 a1=None opp_splice=on
DEBUG:websockets.client:> TEXT 'battle-gen9championsvgc2026regma-1941|/choose switch 4, pass' [60 bytes]
DEBUG:websockets.client:< TEXT '>battle-gen9championsvgc2026regma-1941\n|\n|t:|...L50, M|168/168\n|turn|5' [163 bytes]
DEBUG:websockets.client:< TEXT '>battle-gen9championsvgc2026regma-1941\n|\n|t:|...L50, M|100/100\n|turn|5' [163 bytes]
DEBUG:websockets.client:< TEXT '>battle-gen9championsvgc2026regma-1941\n|reques...ng":false}]},"rqid":18}' [2185 bytes]
DEBUG:websockets.client:< TEXT '>battle-gen9championsvgc2026regma-1941\n|reques...ng":false}]},"rqid":19}' [2211 bytes]
INFO:player:Turn 5 [battle-gen9championsvgc2026regma-1941] value head win-prob: 0.160  (losing)
DEBUG:live_vgc_base:Turn 5 [battle-gen9championsvgc2026regma-1941] a0=0 a1=0 src=model opp_splice=on
DEBUG:websockets.client:> TEXT 'battle-gen9championsvgc2026regma-1941|/choose m...e mega, move hypervoice' [81 bytes]
DEBUG:vgc_base:Turn 5 [battle-gen9championsvgc2026regma-1941] a0=3 a1=6 src=max_damage g0=0 g1=0
DEBUG:websockets.client:> TEXT 'battle-gen9championsvgc2026regma-1941|/choose m...ash 1, move moonblast 1' [80 bytes]
DEBUG:websockets.client:< TEXT '>battle-gen9championsvgc2026regma-1941\n|\n|t:|...keep]\n|upkeep\n|turn|6' [980 bytes]
DEBUG:websockets.client:< TEXT '>battle-gen9championsvgc2026regma-1941\n|\n|t:|...keep]\n|upkeep\n|turn|6' [979 bytes]
DEBUG:websockets.client:< TEXT '>battle-gen9championsvgc2026regma-1941\n|reques...ng":false}]},"rqid":20}' [2167 bytes]
DEBUG:websockets.client:< TEXT '>battle-gen9championsvgc2026regma-1941\n|reques...ng":false}]},"rqid":21}' [2199 bytes]
DEBUG:vgc_base:Turn 6 [battle-gen9championsvgc2026regma-1941] a0=3 a1=0 src=max_damage g0=0 g1=0
DEBUG:vgc_base:_safe_order: action 0 slot 1 → None, scanning legal actions.
DEBUG:vgc_base:_safe_order: slot 1 has no decodable legal action — sending Pass.
DEBUG:websockets.client:> TEXT 'battle-gen9championsvgc2026regma-1941|/choose move wavecrash 1, pass' [68 bytes]
INFO:player:Turn 6 [battle-gen9championsvgc2026regma-1941] value head win-prob: 0.989  (winning)
DEBUG:live_vgc_base:Turn 6 [battle-gen9championsvgc2026regma-1941] a0=0 a1=0 src=model opp_splice=on
DEBUG:vgc_base:_safe_order: action 0 slot 0 → None, scanning legal actions.
DEBUG:vgc_base:_safe_order: slot 0 has no decodable legal action — sending Pass.
DEBUG:websockets.client:> TEXT 'battle-gen9championsvgc2026regma-1941|/choose pass, move hypervoice' [67 bytes]
DEBUG:websockets.client:< TEXT '>battle-gen9championsvgc2026regma-1941\n|\n|t:|...asculegion\n|\n|win|BC2' [363 bytes]
DEBUG:websockets.client:< TEXT '>battle-gen9championsvgc2026regma-1941\n|\n|t:|...asculegion\n|\n|win|BC2' [363 bytes]
DEBUG:websockets.client:< TEXT '|updatesearch|{"searching":[],"games":{"battle-... 2026 Reg M-A Battle"}}' [124 bytes]
DEBUG:websockets.client:< TEXT '|updatesearch|{"searching":[],"games":{"battle-... 2026 Reg M-A Battle"}}' [124 bytes]
INFO:vgc_base:Battle battle-gen9championsvgc2026regma-1941 finished — outcome: WIN  (W/L/D so far: 1/1/0)
DEBUG:websockets.client:> TEXT '|/leave battle-gen9championsvgc2026regma-1941' [45 bytes]
INFO:vgc_base:Battle battle-gen9championsvgc2026regma-1941 finished — outcome: LOSS  (W/L/D so far: 1/1/0)
DEBUG:websockets.client:> TEXT '|/leave battle-gen9championsvgc2026regma-1941' [45 bytes]
DEBUG:websockets.client:> TEXT 'battle-gen9championsvgc2026regma-1942|/rejectopenteamsheets' [59 bytes]
DEBUG:websockets.client:> TEXT 'battle-gen9championsvgc2026regma-1942|/rejectopenteamsheets' [59 bytes]
DEBUG:websockets.client:< TEXT '>battle-gen9championsvgc2026regma-1941\n|deinit' [46 bytes]
DEBUG:websockets.client:< TEXT '>battle-gen9championsvgc2026regma-1941\n|l|☆BC2' [48 bytes]
DEBUG:websockets.client:> TEXT '|/utm Sneasler||whiteherb|unburden|fakeout,dire...Naive|32,2,,,,32||||50|' [550 bytes]
DEBUG:websockets.client:> TEXT '|/challenge opmax2, gen9championsvgc2026regma' [45 bytes]
DEBUG:websockets.client:< TEXT '>battle-gen9championsvgc2026regma-1941\n|deinit' [46 bytes]
DEBUG:websockets.client:< TEXT '>battle-gen9championsvgc2026regma-1942\n|uhtmlchange|otsrequest|' [63 bytes]
DEBUG:websockets.client:< TEXT '>battle-gen9championsvgc2026regma-1942\n|uhtmlchange|otsrequest|' [63 bytes]
DEBUG:websockets.client:< TEXT '>battle-gen9championsvgc2026regma-1942\nBC2 rejected open team sheets.' [69 bytes]
DEBUG:websockets.client:< TEXT '>battle-gen9championsvgc2026regma-1942\n|uhtmlchange|otsrequest|' [63 bytes]
DEBUG:websockets.client:< TEXT '>battle-gen9championsvgc2026regma-1942\nOPmax_2...ected open team sheets.' [73 bytes]
DEBUG:websockets.client:< TEXT '>battle-gen9championsvgc2026regma-1942\nBC2 rejected open team sheets.' [69 bytes]
DEBUG:websockets.client:< TEXT '>battle-gen9championsvgc2026regma-1942\n|uhtmlchange|otsrequest|' [63 bytes]
DEBUG:websockets.client:< TEXT '>battle-gen9championsvgc2026regma-1942\nOPmax_2...ected open team sheets.' [73 bytes]
DEBUG:vgc_base:Teampreview: first-4 roster order → ['sneasler', 'charizardmegay', 'whimsicott', 'basculegion']
INFO:vgc_base:Teampreview [battle-gen9championsvgc2026regma-1942] → /team 1234  (sneasler, charizardmegay, whimsicott, basculegion)
DEBUG:websockets.client:> TEXT 'battle-gen9championsvgc2026regma-1942|/team 1234' [48 bytes]
INFO:player:Team-preview [battle-gen9championsvgc2026regma-1942] NET drove: bring=['whimsicott', 'zoroarkhisui', 'ditto', 'charizardmegay'] leads=['whimsicott', 'zoroarkhisui'] (vs opp ['sneasler', 'charizard', 'whimsicott', 'basculegion', 'zoroarkhisui', 'ditto'])
INFO:vgc_base:Teampreview [battle-gen9championsvgc2026regma-1942] → /team 3562  (whimsicott, zoroarkhisui, ditto, charizardmegay)
DEBUG:websockets.client:> TEXT 'battle-gen9championsvgc2026regma-1942|/team 3562' [48 bytes]
DEBUG:websockets.client:< TEXT '|pm| BC2| OPmax_2|/challenge gen9championsvgc20...hampionsvgc2026regma|||' [83 bytes]
DEBUG:websockets.client:< TEXT '|pm| BC2| OPmax_2|/challenge gen9championsvgc20...hampionsvgc2026regma|||' [83 bytes]
DEBUG:websockets.client:< TEXT '|pm| BC2| OPmax_2|/log BC2 wants to battle!' [43 bytes]
DEBUG:websockets.client:< TEXT '|pm| BC2| OPmax_2|/log BC2 wants to battle!' [43 bytes]
DEBUG:websockets.client:> TEXT '|/utm Sneasler||whiteherb|unburden|fakeout,dire...Naive|32,2,,,,32||||50|' [550 bytes]
DEBUG:websockets.client:> TEXT '|/accept bc2' [12 bytes]
DEBUG:websockets.client:< TEXT '|pm| OPmax_2| BC2|/challenge' [28 bytes]
DEBUG:websockets.client:< TEXT '|pm| OPmax_2| BC2|/challenge' [28 bytes]
DEBUG:websockets.client:< TEXT '|updatesearch|{"searching":[],"games":{"battle-... 2026 Reg M-A Battle"}}' [124 bytes]
DEBUG:websockets.client:< TEXT '|updatesearch|{"searching":[],"games":{"battle-... 2026 Reg M-A Battle"}}' [124 bytes]
DEBUG:websockets.client:< TEXT '|updatesearch|{"searching":[],"games":{"battle-... 2026 Reg M-A Battle"}}' [208 bytes]
DEBUG:websockets.client:< TEXT '|updatesearch|{"searching":[],"games":{"battle-... 2026 Reg M-A Battle"}}' [208 bytes]
DEBUG:websockets.client:< TEXT '|updatesearch|{"searching":[],"games":{"battle-... 2026 Reg M-A Battle"}}' [208 bytes]
DEBUG:websockets.client:< TEXT '|updatesearch|{"searching":[],"games":{"battle-... 2026 Reg M-A Battle"}}' [208 bytes]
DEBUG:websockets.client:< TEXT '>battle-gen9championsvgc2026regma-1943\n|init|b... vs. OPmax_2\n|j|☆BC2\n' [85 bytes]
DEBUG:websockets.client:< TEXT '>battle-gen9championsvgc2026regma-1943\n|j|☆OPmax_2' [52 bytes]
DEBUG:websockets.client:< TEXT '|pm| OPmax_2| BC2|/nonotify OPmax_2 accepted th...26regma-1943</a>&raquo;' [173 bytes]
DEBUG:websockets.client:< TEXT '>battle-gen9championsvgc2026regma-1943\n|init|b...n|j|☆BC2\n|j|☆OPmax_2\n' [99 bytes]
DEBUG:websockets.client:< TEXT '|pm| OPmax_2| BC2|/nonotify OPmax_2 accepted th...26regma-1943</a>&raquo;' [173 bytes]
DEBUG:websockets.client:< TEXT '>battle-gen9championsvgc2026regma-1942\n|\n|t:|...L50, M|168/168\n|turn|1' [321 bytes]
DEBUG:websockets.client:< TEXT '>battle-gen9championsvgc2026regma-1942\n|\n|t:|...L50, M|100/100\n|turn|1' [321 bytes]
DEBUG:websockets.client:< TEXT '>battle-gen9championsvgc2026regma-1942\n|reques...ing":false}]},"rqid":4}' [2167 bytes]
DEBUG:websockets.client:< TEXT '>battle-gen9championsvgc2026regma-1942\n|reques...ing":false}]},"rqid":5}' [2236 bytes]
DEBUG:websockets.client:< TEXT '>battle-gen9championsvgc2026regma-1943\n|t:|1781646846\n|gametype|doubles' [71 bytes]
DEBUG:websockets.client:< TEXT '>battle-gen9championsvgc2026regma-1943\n|t:|1781646846\n|gametype|doubles' [71 bytes]
INFO:player:Turn 1 [battle-gen9championsvgc2026regma-1942] value head win-prob: 0.351  (losing)
DEBUG:live_vgc_base:Turn 1 [battle-gen9championsvgc2026regma-1942] a0=0 a1=9 src=model opp_splice=on
DEBUG:websockets.client:> TEXT 'battle-gen9championsvgc2026regma-1942|/choose move encore 1, move icywind' [73 bytes]
DEBUG:websockets.client:< TEXT '>battle-gen9championsvgc2026regma-1943\n|player|p1|BC2|102|' [58 bytes]
DEBUG:websockets.client:< TEXT '>battle-gen9championsvgc2026regma-1943\n|player|p1|BC2|102|' [58 bytes]
DEBUG:websockets.client:< TEXT '>battle-gen9championsvgc2026regma-1943\n|player...heets</strong></button>' [855 bytes]
DEBUG:websockets.client:< TEXT '>battle-gen9championsvgc2026regma-1943\n|reques...ing":false}]},"rqid":2}' [2093 bytes]
DEBUG:vgc_base:Turn 1 [battle-gen9championsvgc2026regma-1942] a0=9 a1=9 src=max_damage g0=0 g1=0
DEBUG:websockets.client:> TEXT 'battle-gen9championsvgc2026regma-1942|/choose m...bat 1, move solarbeam 1' [82 bytes]
DEBUG:websockets.client:< TEXT '>battle-gen9championsvgc2026regma-1943\n|player...heets</strong></button>' [855 bytes]
DEBUG:websockets.client:< TEXT '>battle-gen9championsvgc2026regma-1943\n|reques...ing":false}]},"rqid":3}' [2097 bytes]
DEBUG:websockets.client:< TEXT '>battle-gen9championsvgc2026regma-1942\n|\n|t:|...am\n|\n|upkeep\n|turn|2' [643 bytes]
DEBUG:websockets.client:< TEXT '>battle-gen9championsvgc2026regma-1942\n|\n|t:|...am\n|\n|upkeep\n|turn|2' [645 bytes]
DEBUG:websockets.client:< TEXT '>battle-gen9championsvgc2026regma-1942\n|reques...ing":false}]},"rqid":7}' [1888 bytes]
DEBUG:websockets.client:< TEXT '>battle-gen9championsvgc2026regma-1942\n|reques...ing":false}]},"rqid":6}' [2166 bytes]
DEBUG:vgc_base:Turn 2 [battle-gen9championsvgc2026regma-1942] a0=9 a1=9 src=max_damage g0=0 g1=0
DEBUG:websockets.client:> TEXT 'battle-gen9championsvgc2026regma-1942|/choose m...bat 1, move solarbeam 1' [82 bytes]
INFO:player:Turn 2 [battle-gen9championsvgc2026regma-1942] value head win-prob: 0.274  (losing)
DEBUG:live_vgc_base:Turn 2 [battle-gen9championsvgc2026regma-1942] a0=0 a1=9 src=model opp_splice=on
DEBUG:websockets.client:> TEXT 'battle-gen9championsvgc2026regma-1942|/choose move encore 1, move icywind' [73 bytes]
DEBUG:websockets.client:< TEXT '>battle-gen9championsvgc2026regma-1942\n|\n|t:|... Whimsicott\n|\n|upkeep' [639 bytes]
DEBUG:websockets.client:< TEXT '>battle-gen9championsvgc2026regma-1942\n|\n|t:|... Whimsicott\n|\n|upkeep' [639 bytes]
DEBUG:websockets.client:< TEXT '>battle-gen9championsvgc2026regma-1942\n|reques...oCancel":true,"rqid":8}' [1421 bytes]
DEBUG:websockets.client:< TEXT '>battle-gen9championsvgc2026regma-1942\n|reques...ing":false}]},"rqid":9}' [1452 bytes]
DEBUG:vgc_base:switchDIAG [battle-gen9championsvgc2026regma-1942] turn=2 slot=0 ctx=replacement chosen=ditto#8336 in_active_set=False active=['None', 'zoroarkhisui#7968(act=True,fnt=False)'] own_bench=['charizard#6864', 'ditto#8336'] available_switches=[['ditto', 'charizard'], ['ditto', 'charizard']] request={'p1: Whimsicott': (True, True), 'p1: Zoroark': (True, False), 'p1: Ditto': (False, False), 'p1: Charizard': (False, False)}
DEBUG:live_vgc_base:forceSwitch forced_switch_model [battle-gen9championsvgc2026regma-1942] turn 2 a0=13 a1=None opp_splice=on
DEBUG:websockets.client:> TEXT 'battle-gen9championsvgc2026regma-1942|/choose switch 3, pass' [60 bytes]
DEBUG:websockets.client:< TEXT '>battle-gen9championsvgc2026regma-1942\n|\n|t:|...lity: Imposter\n|turn|3' [164 bytes]
DEBUG:websockets.client:< TEXT '>battle-gen9championsvgc2026regma-1942\n|\n|t:|...lity: Imposter\n|turn|3' [164 bytes]
DEBUG:websockets.client:< TEXT '>battle-gen9championsvgc2026regma-1942\n|reques...ng":false}]},"rqid":10}' [2200 bytes]
DEBUG:websockets.client:< TEXT '>battle-gen9championsvgc2026regma-1942\n|reques...ng":false}]},"rqid":11}' [2224 bytes]
DEBUG:vgc_base:Turn 3 [battle-gen9championsvgc2026regma-1942] a0=9 a1=9 src=max_damage g0=0 g1=0
DEBUG:websockets.client:> TEXT 'battle-gen9championsvgc2026regma-1942|/choose m...bat 1, move solarbeam 1' [82 bytes]
INFO:player:Turn 3 [battle-gen9championsvgc2026regma-1942] value head win-prob: 0.525  (even)
DEBUG:live_vgc_base:Turn 3 [battle-gen9championsvgc2026regma-1942] a0=3 a1=9 src=model opp_splice=on
DEBUG:websockets.client:> TEXT 'battle-gen9championsvgc2026regma-1942|/choose move heatwave, move icywind' [73 bytes]
DEBUG:websockets.client:< TEXT '>battle-gen9championsvgc2026regma-1942\n|\n|t:|...|Solar Beam\n|\n|upkeep' [649 bytes]
DEBUG:websockets.client:< TEXT '>battle-gen9championsvgc2026regma-1942\n|\n|t:|...|Solar Beam\n|\n|upkeep' [649 bytes]
DEBUG:websockets.client:< TEXT '>battle-gen9championsvgc2026regma-1942\n|reques...ng":false}]},"rqid":12}' [1427 bytes]
DEBUG:websockets.client:< TEXT '>battle-gen9championsvgc2026regma-1942\n|reques...Cancel":true,"rqid":13}' [1482 bytes]
DEBUG:vgc_base:forceSwitch [battle-gen9championsvgc2026regma-1942] force=[True, False] → /choose switch Whimsicott / /choose pass
DEBUG:websockets.client:> TEXT 'battle-gen9championsvgc2026regma-1942|/choose switch Whimsicott, pass' [69 bytes]
DEBUG:websockets.client:< TEXT '>battle-gen9championsvgc2026regma-1942\n|\n|t:|...L50, M|100/100\n|turn|4' [114 bytes]
DEBUG:websockets.client:< TEXT '>battle-gen9championsvgc2026regma-1942\n|\n|t:|...L50, M|137/137\n|turn|4' [114 bytes]
DEBUG:websockets.client:< TEXT '>battle-gen9championsvgc2026regma-1942\n|reques...ng":false}]},"rqid":14}' [2199 bytes]
DEBUG:websockets.client:< TEXT '>battle-gen9championsvgc2026regma-1942\n|reques...ng":false}]},"rqid":15}' [1899 bytes]
DEBUG:vgc_base:Turn 4 [battle-gen9championsvgc2026regma-1942] a0=6 a1=9 src=max_damage g0=0 g1=0
DEBUG:websockets.client:> TEXT 'battle-gen9championsvgc2026regma-1942|/choose m...ast 1, move solarbeam 1' [80 bytes]
INFO:player:Turn 4 [battle-gen9championsvgc2026regma-1942] value head win-prob: 0.165  (losing)
DEBUG:live_vgc_base:Turn 4 [battle-gen9championsvgc2026regma-1942] a0=3 a1=9 src=model opp_splice=on
DEBUG:websockets.client:> TEXT 'battle-gen9championsvgc2026regma-1942|/choose move heatwave, move icywind' [73 bytes]
DEBUG:websockets.client:< TEXT '>battle-gen9championsvgc2026regma-1942\n|\n|t:|...: Charizard\n|\n|upkeep' [676 bytes]
DEBUG:websockets.client:< TEXT '>battle-gen9championsvgc2026regma-1942\n|\n|t:|...: Charizard\n|\n|upkeep' [676 bytes]
DEBUG:websockets.client:< TEXT '>battle-gen9championsvgc2026regma-1942\n|reques...ng":false}]},"rqid":16}' [1427 bytes]
DEBUG:websockets.client:< TEXT '>battle-gen9championsvgc2026regma-1942\n|reques...Cancel":true,"rqid":17}' [1470 bytes]
DEBUG:vgc_base:forceSwitch [battle-gen9championsvgc2026regma-1942] force=[False, True] → /choose pass / /choose switch Basculegion
DEBUG:websockets.client:> TEXT 'battle-gen9championsvgc2026regma-1942|/choose pass, switch Basculegion' [70 bytes]
DEBUG:websockets.client:< TEXT '>battle-gen9championsvgc2026regma-1942\n|\n|t:|...L50, M|100/100\n|turn|5' [116 bytes]
DEBUG:websockets.client:< TEXT '>battle-gen9championsvgc2026regma-1942\n|\n|t:|...L50, M|197/197\n|turn|5' [116 bytes]
DEBUG:websockets.client:< TEXT '>battle-gen9championsvgc2026regma-1942\n|reques...ng":false}]},"rqid":18}' [2199 bytes]
DEBUG:websockets.client:< TEXT '>battle-gen9championsvgc2026regma-1942\n|reques...ng":false}]},"rqid":19}' [2200 bytes]
INFO:player:Turn 5 [battle-gen9championsvgc2026regma-1942] value head win-prob: 0.642  (winning)
DEBUG:live_vgc_base:Turn 5 [battle-gen9championsvgc2026regma-1942] a0=12 a1=9 src=model opp_splice=on
DEBUG:vgc_base:switchDIAG [battle-gen9championsvgc2026regma-1942] turn=5 slot=0 ctx=normal chosen=charizard#6864 in_active_set=False active=['ditto#8336(act=True,fnt=False)', 'zoroarkhisui#7968(act=True,fnt=False)'] own_bench=['charizard#6864'] available_switches=[['charizard'], ['charizard']] request={'p1: Ditto': (True, False), 'p1: Zoroark': (True, False), 'p1: Whimsicott': (False, True), 'p1: Charizard': (False, False)}
DEBUG:websockets.client:> TEXT 'battle-gen9championsvgc2026regma-1942|/choose switch 4, move icywind' [68 bytes]
DEBUG:vgc_base:Turn 5 [battle-gen9championsvgc2026regma-1942] a0=6 a1=3 src=max_damage g0=0 g1=0
DEBUG:websockets.client:> TEXT 'battle-gen9championsvgc2026regma-1942|/choose m...ast 1, move wavecrash 1' [80 bytes]
DEBUG:websockets.client:< TEXT '>battle-gen9championsvgc2026regma-1942\n|\n|t:|...rom] Recoil\n|\n|upkeep' [545 bytes]
DEBUG:websockets.client:< TEXT '>battle-gen9championsvgc2026regma-1942\n|\n|t:|...rom] Recoil\n|\n|upkeep' [547 bytes]
DEBUG:websockets.client:< TEXT '>battle-gen9championsvgc2026regma-1942\n|reques...Cancel":true,"rqid":20}' [1419 bytes]
DEBUG:websockets.client:< TEXT '>battle-gen9championsvgc2026regma-1942\n|reques...ng":false}]},"rqid":21}' [1439 bytes]
DEBUG:vgc_base:switchDIAG [battle-gen9championsvgc2026regma-1942] turn=5 slot=0 ctx=replacement chosen=ditto#8336 in_active_set=False active=['None', 'zoroarkhisui#7968(act=True,fnt=False)'] own_bench=['ditto#8336'] available_switches=[['ditto'], ['ditto']] request={'p1: Charizard': (True, True), 'p1: Zoroark': (True, False), 'p1: Whimsicott': (False, True), 'p1: Ditto': (False, False)}
DEBUG:live_vgc_base:forceSwitch forced_switch_model [battle-gen9championsvgc2026regma-1942] turn 5 a0=12 a1=None opp_splice=on
DEBUG:websockets.client:> TEXT 'battle-gen9championsvgc2026regma-1942|/choose switch 4, pass' [60 bytes]
DEBUG:websockets.client:< TEXT '>battle-gen9championsvgc2026regma-1942\n|\n|t:|...lity: Imposter\n|turn|6' [165 bytes]
DEBUG:websockets.client:< TEXT '>battle-gen9championsvgc2026regma-1942\n|\n|t:|...lity: Imposter\n|turn|6' [165 bytes]
DEBUG:websockets.client:< TEXT '>battle-gen9championsvgc2026regma-1942\n|reques...ng":false}]},"rqid":22}' [2193 bytes]
DEBUG:websockets.client:< TEXT '>battle-gen9championsvgc2026regma-1942\n|reques...ng":false}]},"rqid":23}' [2200 bytes]
DEBUG:vgc_base:Turn 6 [battle-gen9championsvgc2026regma-1942] a0=0 a1=3 src=max_damage g0=0 g1=0
DEBUG:vgc_base:_safe_order: action 0 slot 0 → None, scanning legal actions.
DEBUG:vgc_base:_safe_order: slot 0 has no decodable legal action — sending Pass.
DEBUG:websockets.client:> TEXT 'battle-gen9championsvgc2026regma-1942|/choose pass, move wavecrash 1' [68 bytes]
INFO:player:Turn 6 [battle-gen9championsvgc2026regma-1942] value head win-prob: 0.927  (winning)
DEBUG:live_vgc_base:Turn 6 [battle-gen9championsvgc2026regma-1942] a0=1 a1=9 src=model opp_splice=on
DEBUG:websockets.client:> TEXT 'battle-gen9championsvgc2026regma-1942|/choose m...vecrash 2, move icywind' [76 bytes]
DEBUG:websockets.client:< TEXT '>battle-gen9championsvgc2026regma-1942\n|\n|t:|...il\n|\n|upkeep\n|turn|7' [523 bytes]
DEBUG:websockets.client:< TEXT '>battle-gen9championsvgc2026regma-1942\n|\n|t:|...il\n|\n|upkeep\n|turn|7' [526 bytes]
DEBUG:websockets.client:< TEXT '>battle-gen9championsvgc2026regma-1942\n|reques...ng":false}]},"rqid":24}' [1883 bytes]
DEBUG:websockets.client:< TEXT '>battle-gen9championsvgc2026regma-1942\n|reques...ng":false}]},"rqid":25}' [2198 bytes]
DEBUG:vgc_base:Turn 7 [battle-gen9championsvgc2026regma-1942] a0=0 a1=3 src=max_damage g0=0 g1=0
DEBUG:vgc_base:_safe_order: action 0 slot 0 → None, scanning legal actions.
DEBUG:vgc_base:_safe_order: slot 0 has no decodable legal action — sending Pass.
DEBUG:websockets.client:> TEXT 'battle-gen9championsvgc2026regma-1942|/choose pass, move wavecrash 1' [68 bytes]
INFO:player:Turn 7 [battle-gen9championsvgc2026regma-1942] value head win-prob: 0.866  (winning)
DEBUG:live_vgc_base:Turn 7 [battle-gen9championsvgc2026regma-1942] a0=0 a1=0 src=model opp_splice=on
DEBUG:vgc_base:_safe_order: action 0 slot 0 → None, scanning legal actions.
DEBUG:vgc_base:_safe_order: slot 0 has no decodable legal action — sending Pass.
DEBUG:websockets.client:> TEXT 'battle-gen9championsvgc2026regma-1942|/choose pass, move hypervoice' [67 bytes]
DEBUG:websockets.client:< TEXT '>battle-gen9championsvgc2026regma-1942\n|\n|t:|...asculegion\n|\n|win|BC2' [399 bytes]
DEBUG:websockets.client:< TEXT '>battle-gen9championsvgc2026regma-1942\n|\n|t:|...asculegion\n|\n|win|BC2' [399 bytes]
DEBUG:websockets.client:< TEXT '|updatesearch|{"searching":[],"games":{"battle-... 2026 Reg M-A Battle"}}' [124 bytes]
INFO:vgc_base:Battle battle-gen9championsvgc2026regma-1942 finished — outcome: WIN  (W/L/D so far: 2/1/0)
DEBUG:websockets.client:> TEXT '|/leave battle-gen9championsvgc2026regma-1942' [45 bytes]
DEBUG:websockets.client:< TEXT '|updatesearch|{"searching":[],"games":{"battle-... 2026 Reg M-A Battle"}}' [124 bytes]
DEBUG:websockets.client:> TEXT 'battle-gen9championsvgc2026regma-1943|/rejectopenteamsheets' [59 bytes]
INFO:vgc_base:Battle battle-gen9championsvgc2026regma-1942 finished — outcome: LOSS  (W/L/D so far: 1/2/0)
DEBUG:websockets.client:> TEXT '|/leave battle-gen9championsvgc2026regma-1942' [45 bytes]
DEBUG:websockets.client:> TEXT '|/utm Sneasler||whiteherb|unburden|fakeout,dire...Naive|32,2,,,,32||||50|' [550 bytes]
DEBUG:websockets.client:> TEXT '|/challenge opmax2, gen9championsvgc2026regma' [45 bytes]
DEBUG:websockets.client:> TEXT 'battle-gen9championsvgc2026regma-1943|/rejectopenteamsheets' [59 bytes]
DEBUG:websockets.client:< TEXT '>battle-gen9championsvgc2026regma-1942\n|deinit' [46 bytes]
DEBUG:websockets.client:< TEXT '>battle-gen9championsvgc2026regma-1942\n|l|☆BC2' [48 bytes]
DEBUG:websockets.client:< TEXT '>battle-gen9championsvgc2026regma-1943\n|uhtmlchange|otsrequest|' [63 bytes]
DEBUG:websockets.client:< TEXT '>battle-gen9championsvgc2026regma-1943\nBC2 rejected open team sheets.' [69 bytes]
DEBUG:websockets.client:< TEXT '>battle-gen9championsvgc2026regma-1943\n|uhtmlchange|otsrequest|' [63 bytes]
DEBUG:websockets.client:< TEXT '>battle-gen9championsvgc2026regma-1943\nBC2 rejected open team sheets.' [69 bytes]
DEBUG:websockets.client:< TEXT '>battle-gen9championsvgc2026regma-1942\n|deinit' [46 bytes]
DEBUG:websockets.client:< TEXT '>battle-gen9championsvgc2026regma-1943\n|uhtmlchange|otsrequest|' [63 bytes]
DEBUG:websockets.client:< TEXT '>battle-gen9championsvgc2026regma-1943\n|uhtmlchange|otsrequest|' [63 bytes]
DEBUG:websockets.client:< TEXT '>battle-gen9championsvgc2026regma-1943\nOPmax_2...ected open team sheets.' [73 bytes]
DEBUG:websockets.client:< TEXT '>battle-gen9championsvgc2026regma-1943\nOPmax_2...ected open team sheets.' [73 bytes]
INFO:player:Team-preview [battle-gen9championsvgc2026regma-1943] NET drove: bring=['whimsicott', 'zoroarkhisui', 'ditto', 'charizardmegay'] leads=['whimsicott', 'zoroarkhisui'] (vs opp ['sneasler', 'charizard', 'whimsicott', 'basculegion', 'zoroarkhisui', 'ditto'])
INFO:vgc_base:Teampreview [battle-gen9championsvgc2026regma-1943] → /team 3562  (whimsicott, zoroarkhisui, ditto, charizardmegay)
DEBUG:websockets.client:> TEXT 'battle-gen9championsvgc2026regma-1943|/team 3562' [48 bytes]
DEBUG:vgc_base:Teampreview: first-4 roster order → ['sneasler', 'charizardmegay', 'whimsicott', 'basculegion']
INFO:vgc_base:Teampreview [battle-gen9championsvgc2026regma-1943] → /team 1234  (sneasler, charizardmegay, whimsicott, basculegion)
DEBUG:websockets.client:> TEXT 'battle-gen9championsvgc2026regma-1943|/team 1234' [48 bytes]
DEBUG:websockets.client:< TEXT '|pm| BC2| OPmax_2|/challenge gen9championsvgc20...hampionsvgc2026regma|||' [83 bytes]
DEBUG:websockets.client:< TEXT '|pm| BC2| OPmax_2|/challenge gen9championsvgc20...hampionsvgc2026regma|||' [83 bytes]
DEBUG:websockets.client:< TEXT '|pm| BC2| OPmax_2|/log BC2 wants to battle!' [43 bytes]
DEBUG:websockets.client:< TEXT '|pm| BC2| OPmax_2|/log BC2 wants to battle!' [43 bytes]
DEBUG:websockets.client:> TEXT '|/utm Sneasler||whiteherb|unburden|fakeout,dire...Naive|32,2,,,,32||||50|' [550 bytes]
DEBUG:websockets.client:> TEXT '|/accept bc2' [12 bytes]
DEBUG:websockets.client:< TEXT '>battle-gen9championsvgc2026regma-1943\n|\n|t:|...L50, F|100/100\n|turn|1' [321 bytes]
DEBUG:websockets.client:< TEXT '>battle-gen9championsvgc2026regma-1943\n|\n|t:|...L50, F|168/168\n|turn|1' [321 bytes]
DEBUG:websockets.client:< TEXT '>battle-gen9championsvgc2026regma-1943\n|reques...ing":false}]},"rqid":4}' [2167 bytes]
DEBUG:websockets.client:< TEXT '>battle-gen9championsvgc2026regma-1943\n|reques...ing":false}]},"rqid":5}' [2236 bytes]
DEBUG:websockets.client:< TEXT '|pm| OPmax_2| BC2|/challenge' [28 bytes]
DEBUG:websockets.client:< TEXT '|updatesearch|{"searching":[],"games":{"battle-... 2026 Reg M-A Battle"}}' [124 bytes]
DEBUG:websockets.client:< TEXT '|pm| OPmax_2| BC2|/challenge' [28 bytes]
DEBUG:websockets.client:< TEXT '|updatesearch|{"searching":[],"games":{"battle-... 2026 Reg M-A Battle"}}' [124 bytes]
DEBUG:websockets.client:< TEXT '|updatesearch|{"searching":[],"games":{"battle-... 2026 Reg M-A Battle"}}' [208 bytes]
DEBUG:vgc_base:Turn 1 [battle-gen9championsvgc2026regma-1943] a0=9 a1=9 src=max_damage g0=0 g1=0
DEBUG:websockets.client:> TEXT 'battle-gen9championsvgc2026regma-1943|/choose m...bat 1, move solarbeam 1' [82 bytes]
DEBUG:websockets.client:< TEXT '|updatesearch|{"searching":[],"games":{"battle-... 2026 Reg M-A Battle"}}' [208 bytes]
DEBUG:websockets.client:< TEXT '|updatesearch|{"searching":[],"games":{"battle-... 2026 Reg M-A Battle"}}' [208 bytes]
INFO:player:Turn 1 [battle-gen9championsvgc2026regma-1943] value head win-prob: 0.351  (losing)
DEBUG:live_vgc_base:Turn 1 [battle-gen9championsvgc2026regma-1943] a0=0 a1=9 src=model opp_splice=on
DEBUG:websockets.client:> TEXT 'battle-gen9championsvgc2026regma-1943|/choose move encore 1, move icywind' [73 bytes]
DEBUG:websockets.client:< TEXT '|updatesearch|{"searching":[],"games":{"battle-... 2026 Reg M-A Battle"}}' [208 bytes]
DEBUG:websockets.client:< TEXT '>battle-gen9championsvgc2026regma-1944\n|init|b... vs. OPmax_2\n|j|☆BC2\n' [85 bytes]
DEBUG:websockets.client:< TEXT '>battle-gen9championsvgc2026regma-1944\n|j|☆OPmax_2' [52 bytes]
DEBUG:websockets.client:< TEXT '|pm| OPmax_2| BC2|/nonotify OPmax_2 accepted th...26regma-1944</a>&raquo;' [173 bytes]
DEBUG:websockets.client:< TEXT '>battle-gen9championsvgc2026regma-1944\n|t:|1781646846\n|gametype|doubles' [71 bytes]
DEBUG:websockets.client:< TEXT '>battle-gen9championsvgc2026regma-1944\n|player|p1|BC2|102|' [58 bytes]
DEBUG:websockets.client:< TEXT '>battle-gen9championsvgc2026regma-1944\n|player...heets</strong></button>' [855 bytes]
DEBUG:websockets.client:< TEXT '>battle-gen9championsvgc2026regma-1944\n|reques...ing":false}]},"rqid":2}' [2093 bytes]
DEBUG:websockets.client:< TEXT '>battle-gen9championsvgc2026regma-1944\n|init|b...n|j|☆BC2\n|j|☆OPmax_2\n' [99 bytes]
DEBUG:websockets.client:< TEXT '|pm| OPmax_2| BC2|/nonotify OPmax_2 accepted th...26regma-1944</a>&raquo;' [173 bytes]
DEBUG:websockets.client:< TEXT '>battle-gen9championsvgc2026regma-1944\n|t:|1781646846\n|gametype|doubles' [71 bytes]
DEBUG:websockets.client:< TEXT '>battle-gen9championsvgc2026regma-1944\n|player|p1|BC2|102|' [58 bytes]
DEBUG:websockets.client:< TEXT '>battle-gen9championsvgc2026regma-1944\n|player...heets</strong></button>' [855 bytes]
DEBUG:websockets.client:< TEXT '>battle-gen9championsvgc2026regma-1944\n|reques...ing":false}]},"rqid":3}' [2097 bytes]
DEBUG:websockets.client:< TEXT '>battle-gen9championsvgc2026regma-1943\n|\n|t:|...am\n|\n|upkeep\n|turn|2' [644 bytes]
DEBUG:websockets.client:< TEXT '>battle-gen9championsvgc2026regma-1943\n|\n|t:|...am\n|\n|upkeep\n|turn|2' [646 bytes]
DEBUG:websockets.client:< TEXT '>battle-gen9championsvgc2026regma-1943\n|reques...ing":false}]},"rqid":6}' [2166 bytes]
DEBUG:websockets.client:< TEXT '>battle-gen9championsvgc2026regma-1943\n|reques...ing":false}]},"rqid":7}' [1888 bytes]
DEBUG:vgc_base:Turn 2 [battle-gen9championsvgc2026regma-1943] a0=9 a1=9 src=max_damage g0=0 g1=0
DEBUG:websockets.client:> TEXT 'battle-gen9championsvgc2026regma-1943|/choose m...bat 1, move solarbeam 1' [82 bytes]
INFO:player:Turn 2 [battle-gen9championsvgc2026regma-1943] value head win-prob: 0.261  (losing)
DEBUG:live_vgc_base:Turn 2 [battle-gen9championsvgc2026regma-1943] a0=0 a1=9 src=model opp_splice=on
DEBUG:websockets.client:> TEXT 'battle-gen9championsvgc2026regma-1943|/choose move encore 1, move icywind' [73 bytes]
DEBUG:websockets.client:< TEXT '>battle-gen9championsvgc2026regma-1943\n|\n|t:|... Whimsicott\n|\n|upkeep' [611 bytes]
DEBUG:websockets.client:< TEXT '>battle-gen9championsvgc2026regma-1943\n|\n|t:|... Whimsicott\n|\n|upkeep' [612 bytes]
DEBUG:websockets.client:< TEXT '>battle-gen9championsvgc2026regma-1943\n|reques...oCancel":true,"rqid":8}' [1421 bytes]
DEBUG:websockets.client:< TEXT '>battle-gen9championsvgc2026regma-1943\n|reques...ing":false}]},"rqid":9}' [1453 bytes]
DEBUG:vgc_base:switchDIAG [battle-gen9championsvgc2026regma-1943] turn=2 slot=0 ctx=replacement chosen=ditto#6352 in_active_set=False active=['None', 'zoroarkhisui#5984(act=True,fnt=False)'] own_bench=['charizard#4880', 'ditto#6352'] available_switches=[['ditto', 'charizard'], ['ditto', 'charizard']] request={'p1: Whimsicott': (True, True), 'p1: Zoroark': (True, False), 'p1: Ditto': (False, False), 'p1: Charizard': (False, False)}
DEBUG:live_vgc_base:forceSwitch forced_switch_model [battle-gen9championsvgc2026regma-1943] turn 2 a0=13 a1=None opp_splice=on
DEBUG:websockets.client:> TEXT 'battle-gen9championsvgc2026regma-1943|/choose switch 3, pass' [60 bytes]
DEBUG:websockets.client:< TEXT '>battle-gen9championsvgc2026regma-1943\n|\n|t:|...lity: Imposter\n|turn|3' [164 bytes]
DEBUG:websockets.client:< TEXT '>battle-gen9championsvgc2026regma-1943\n|\n|t:|...lity: Imposter\n|turn|3' [164 bytes]
DEBUG:websockets.client:< TEXT '>battle-gen9championsvgc2026regma-1943\n|reques...ng":false}]},"rqid":10}' [2200 bytes]
DEBUG:websockets.client:< TEXT '>battle-gen9championsvgc2026regma-1943\n|reques...ng":false}]},"rqid":11}' [2225 bytes]
INFO:player:Turn 3 [battle-gen9championsvgc2026regma-1943] value head win-prob: 0.375  (losing)
DEBUG:live_vgc_base:Turn 3 [battle-gen9championsvgc2026regma-1943] a0=3 a1=9 src=model opp_splice=on
DEBUG:websockets.client:> TEXT 'battle-gen9championsvgc2026regma-1943|/choose move heatwave, move icywind' [73 bytes]
DEBUG:vgc_base:Turn 3 [battle-gen9championsvgc2026regma-1943] a0=9 a1=9 src=max_damage g0=0 g1=0
DEBUG:websockets.client:> TEXT 'battle-gen9championsvgc2026regma-1943|/choose m...bat 1, move solarbeam 1' [82 bytes]
DEBUG:websockets.client:< TEXT '>battle-gen9championsvgc2026regma-1943\n|\n|t:|...|Solar Beam\n|\n|upkeep' [669 bytes]
DEBUG:websockets.client:< TEXT '>battle-gen9championsvgc2026regma-1943\n|\n|t:|...|Solar Beam\n|\n|upkeep' [668 bytes]
DEBUG:websockets.client:< TEXT '>battle-gen9championsvgc2026regma-1943\n|reques...Cancel":true,"rqid":13}' [1482 bytes]
DEBUG:websockets.client:< TEXT '>battle-gen9championsvgc2026regma-1943\n|reques...ng":false}]},"rqid":12}' [1428 bytes]
DEBUG:vgc_base:forceSwitch [battle-gen9championsvgc2026regma-1943] force=[True, False] → /choose switch Basculegion / /choose pass
DEBUG:websockets.client:> TEXT 'battle-gen9championsvgc2026regma-1943|/choose switch Basculegion, pass' [70 bytes]
DEBUG:websockets.client:< TEXT '>battle-gen9championsvgc2026regma-1943\n|\n|t:|...L50, M|100/100\n|turn|4' [116 bytes]
DEBUG:websockets.client:< TEXT '>battle-gen9championsvgc2026regma-1943\n|\n|t:|...L50, M|197/197\n|turn|4' [116 bytes]
DEBUG:websockets.client:< TEXT '>battle-gen9championsvgc2026regma-1943\n|reques...ng":false}]},"rqid":14}' [2200 bytes]
DEBUG:websockets.client:< TEXT '>battle-gen9championsvgc2026regma-1943\n|reques...ng":false}]},"rqid":15}' [1895 bytes]
DEBUG:vgc_base:Turn 4 [battle-gen9championsvgc2026regma-1943] a0=3 a1=9 src=max_damage g0=0 g1=0
DEBUG:websockets.client:> TEXT 'battle-gen9championsvgc2026regma-1943|/choose m...ash 1, move solarbeam 1' [80 bytes]
INFO:player:Turn 4 [battle-gen9championsvgc2026regma-1943] value head win-prob: 0.143  (losing)
DEBUG:live_vgc_base:Turn 4 [battle-gen9championsvgc2026regma-1943] a0=3 a1=0 src=model opp_splice=on
DEBUG:websockets.client:> TEXT 'battle-gen9championsvgc2026regma-1943|/choose m...atwave, move hypervoice' [76 bytes]
DEBUG:websockets.client:< TEXT '>battle-gen9championsvgc2026regma-1943\n|\n|t:|...rom] Recoil\n|\n|upkeep' [372 bytes]
DEBUG:websockets.client:< TEXT '>battle-gen9championsvgc2026regma-1943\n|\n|t:|...rom] Recoil\n|\n|upkeep' [373 bytes]
DEBUG:websockets.client:< TEXT '>battle-gen9championsvgc2026regma-1943\n|reques...ng":false}]},"rqid":16}' [1404 bytes]
DEBUG:websockets.client:< TEXT '>battle-gen9championsvgc2026regma-1943\n|reques...ng":false}]},"rqid":17}' [1465 bytes]
DEBUG:vgc_base:forceSwitch [battle-gen9championsvgc2026regma-1943] force=[False, True] → /choose pass / /choose switch Whimsicott
DEBUG:websockets.client:> TEXT 'battle-gen9championsvgc2026regma-1943|/choose pass, switch Whimsicott' [69 bytes]
DEBUG:vgc_base:switchDIAG [battle-gen9championsvgc2026regma-1943] turn=4 slot=0 ctx=replacement chosen=charizard#4880 in_active_set=False active=['None', 'zoroarkhisui#5984(act=True,fnt=False)'] own_bench=['charizard#4880'] available_switches=[['charizard'], ['charizard']] request={'p1: Ditto': (True, True), 'p1: Zoroark': (True, False), 'p1: Whimsicott': (False, True), 'p1: Charizard': (False, False)}
DEBUG:live_vgc_base:forceSwitch forced_switch_model [battle-gen9championsvgc2026regma-1943] turn 4 a0=12 a1=None opp_splice=on
DEBUG:websockets.client:> TEXT 'battle-gen9championsvgc2026regma-1943|/choose switch 4, pass' [60 bytes]
DEBUG:websockets.client:< TEXT '>battle-gen9championsvgc2026regma-1943\n|\n|t:|...L50, F|168/168\n|turn|5' [163 bytes]
DEBUG:websockets.client:< TEXT '>battle-gen9championsvgc2026regma-1943\n|\n|t:|...L50, F|100/100\n|turn|5' [163 bytes]
DEBUG:websockets.client:< TEXT '>battle-gen9championsvgc2026regma-1943\n|reques...ng":false}]},"rqid":18}' [2185 bytes]
DEBUG:websockets.client:< TEXT '>battle-gen9championsvgc2026regma-1943\n|reques...ng":false}]},"rqid":19}' [2211 bytes]
DEBUG:vgc_base:Turn 5 [battle-gen9championsvgc2026regma-1943] a0=3 a1=6 src=max_damage g0=0 g1=0
DEBUG:websockets.client:> TEXT 'battle-gen9championsvgc2026regma-1943|/choose m...ash 1, move moonblast 1' [80 bytes]
INFO:player:Turn 5 [battle-gen9championsvgc2026regma-1943] value head win-prob: 0.162  (losing)
DEBUG:live_vgc_base:Turn 5 [battle-gen9championsvgc2026regma-1943] a0=0 a1=0 src=model opp_splice=on
DEBUG:websockets.client:> TEXT 'battle-gen9championsvgc2026regma-1943|/choose m...e mega, move hypervoice' [81 bytes]
DEBUG:websockets.client:< TEXT '>battle-gen9championsvgc2026regma-1943\n|\n|t:|...] brn\n|upkeep\n|turn|6' [929 bytes]
DEBUG:websockets.client:< TEXT '>battle-gen9championsvgc2026regma-1943\n|\n|t:|...] brn\n|upkeep\n|turn|6' [929 bytes]
DEBUG:websockets.client:< TEXT '>battle-gen9championsvgc2026regma-1943\n|reques...ng":false}]},"rqid":20}' [2168 bytes]
DEBUG:websockets.client:< TEXT '>battle-gen9championsvgc2026regma-1943\n|reques...ng":false}]},"rqid":21}' [2213 bytes]
INFO:player:Turn 6 [battle-gen9championsvgc2026regma-1943] value head win-prob: 0.817  (winning)
DEBUG:live_vgc_base:Turn 6 [battle-gen9championsvgc2026regma-1943] a0=0 a1=0 src=model opp_splice=on
DEBUG:websockets.client:> TEXT 'battle-gen9championsvgc2026regma-1943|/choose m...atwave, move hypervoice' [76 bytes]
DEBUG:vgc_base:Turn 6 [battle-gen9championsvgc2026regma-1943] a0=3 a1=6 src=max_damage g0=0 g1=0
DEBUG:websockets.client:> TEXT 'battle-gen9championsvgc2026regma-1943|/choose m...ash 1, move moonblast 1' [80 bytes]
DEBUG:websockets.client:< TEXT '>battle-gen9championsvgc2026regma-1943\n|\n|t:|...] brn\n|upkeep\n|turn|7' [678 bytes]
DEBUG:websockets.client:< TEXT '>battle-gen9championsvgc2026regma-1943\n|\n|t:|...] brn\n|upkeep\n|turn|7' [678 bytes]
DEBUG:websockets.client:< TEXT '>battle-gen9championsvgc2026regma-1943\n|reques...ng":false}]},"rqid":22}' [2166 bytes]
DEBUG:websockets.client:< TEXT '>battle-gen9championsvgc2026regma-1943\n|reques...ng":false}]},"rqid":23}' [2211 bytes]
INFO:player:Turn 7 [battle-gen9championsvgc2026regma-1943] value head win-prob: 0.995  (winning)
DEBUG:live_vgc_base:Turn 7 [battle-gen9championsvgc2026regma-1943] a0=0 a1=0 src=model opp_splice=on
DEBUG:vgc_base:_safe_order: action 0 slot 0 → None, scanning legal actions.
DEBUG:vgc_base:_safe_order: slot 0 has no decodable legal action — sending Pass.
DEBUG:websockets.client:> TEXT 'battle-gen9championsvgc2026regma-1943|/choose pass, move hypervoice' [67 bytes]
DEBUG:vgc_base:Turn 7 [battle-gen9championsvgc2026regma-1943] a0=3 a1=0 src=max_damage g0=0 g1=0
DEBUG:vgc_base:_safe_order: action 0 slot 1 → None, scanning legal actions.
DEBUG:vgc_base:_safe_order: slot 1 has no decodable legal action — sending Pass.
DEBUG:websockets.client:> TEXT 'battle-gen9championsvgc2026regma-1943|/choose move wavecrash 1, pass' [68 bytes]
DEBUG:websockets.client:< TEXT '>battle-gen9championsvgc2026regma-1943\n|\n|t:|...] brn\n|upkeep\n|turn|8' [428 bytes]
DEBUG:websockets.client:< TEXT '>battle-gen9championsvgc2026regma-1943\n|\n|t:|...] brn\n|upkeep\n|turn|8' [428 bytes]
DEBUG:websockets.client:< TEXT '>battle-gen9championsvgc2026regma-1943\n|reques...ng":false}]},"rqid":24}' [2165 bytes]
DEBUG:websockets.client:< TEXT '>battle-gen9championsvgc2026regma-1943\n|reques...ng":false}]},"rqid":25}' [2211 bytes]
INFO:player:Turn 8 [battle-gen9championsvgc2026regma-1943] value head win-prob: 0.993  (winning)
DEBUG:live_vgc_base:Turn 8 [battle-gen9championsvgc2026regma-1943] a0=0 a1=0 src=model opp_splice=on
DEBUG:vgc_base:_safe_order: action 0 slot 0 → None, scanning legal actions.
DEBUG:vgc_base:_safe_order: slot 0 has no decodable legal action — sending Pass.
DEBUG:websockets.client:> TEXT 'battle-gen9championsvgc2026regma-1943|/choose pass, move hypervoice' [67 bytes]
DEBUG:vgc_base:Turn 8 [battle-gen9championsvgc2026regma-1943] a0=4 a1=0 src=max_damage g0=0 g1=0
DEBUG:vgc_base:_safe_order: action 0 slot 1 → None, scanning legal actions.
DEBUG:vgc_base:_safe_order: slot 1 has no decodable legal action — sending Pass.
DEBUG:websockets.client:> TEXT 'battle-gen9championsvgc2026regma-1943|/choose move wavecrash 2, pass' [68 bytes]
DEBUG:websockets.client:< TEXT '>battle-gen9championsvgc2026regma-1943\n|\n|t:|...asculegion\n|\n|win|BC2' [285 bytes]
DEBUG:websockets.client:< TEXT '>battle-gen9championsvgc2026regma-1943\n|\n|t:|...asculegion\n|\n|win|BC2' [285 bytes]
INFO:vgc_base:Battle battle-gen9championsvgc2026regma-1943 finished — outcome: WIN  (W/L/D so far: 3/1/0)
DEBUG:websockets.client:> TEXT '|/leave battle-gen9championsvgc2026regma-1943' [45 bytes]
DEBUG:websockets.client:< TEXT '|updatesearch|{"searching":[],"games":{"battle-... 2026 Reg M-A Battle"}}' [124 bytes]
DEBUG:websockets.client:< TEXT '|updatesearch|{"searching":[],"games":{"battle-... 2026 Reg M-A Battle"}}' [124 bytes]
DEBUG:websockets.client:> TEXT 'battle-gen9championsvgc2026regma-1944|/rejectopenteamsheets' [59 bytes]
INFO:vgc_base:Battle battle-gen9championsvgc2026regma-1943 finished — outcome: LOSS  (W/L/D so far: 1/3/0)
DEBUG:websockets.client:> TEXT '|/leave battle-gen9championsvgc2026regma-1943' [45 bytes]
DEBUG:websockets.client:< TEXT '>battle-gen9championsvgc2026regma-1943\n|deinit' [46 bytes]
DEBUG:websockets.client:> TEXT 'battle-gen9championsvgc2026regma-1944|/rejectopenteamsheets' [59 bytes]
DEBUG:websockets.client:< TEXT '>battle-gen9championsvgc2026regma-1944\n|uhtmlchange|otsrequest|' [63 bytes]
DEBUG:websockets.client:< TEXT '>battle-gen9championsvgc2026regma-1944\nBC2 rejected open team sheets.' [69 bytes]
DEBUG:websockets.client:< TEXT '>battle-gen9championsvgc2026regma-1943\n|l|☆BC2' [48 bytes]
DEBUG:websockets.client:< TEXT '>battle-gen9championsvgc2026regma-1944\n|uhtmlchange|otsrequest|' [63 bytes]
DEBUG:websockets.client:< TEXT '>battle-gen9championsvgc2026regma-1944\nBC2 rejected open team sheets.' [69 bytes]
DEBUG:websockets.client:< TEXT '>battle-gen9championsvgc2026regma-1943\n|deinit' [46 bytes]
DEBUG:websockets.client:< TEXT '>battle-gen9championsvgc2026regma-1944\n|uhtmlchange|otsrequest|' [63 bytes]
DEBUG:websockets.client:< TEXT '>battle-gen9championsvgc2026regma-1944\n|uhtmlchange|otsrequest|' [63 bytes]
DEBUG:websockets.client:< TEXT '>battle-gen9championsvgc2026regma-1944\nOPmax_2...ected open team sheets.' [73 bytes]
DEBUG:websockets.client:< TEXT '>battle-gen9championsvgc2026regma-1944\nOPmax_2...ected open team sheets.' [73 bytes]
INFO:player:Team-preview [battle-gen9championsvgc2026regma-1944] NET drove: bring=['whimsicott', 'zoroarkhisui', 'ditto', 'charizardmegay'] leads=['whimsicott', 'zoroarkhisui'] (vs opp ['sneasler', 'charizard', 'whimsicott', 'basculegion', 'zoroarkhisui', 'ditto'])
INFO:vgc_base:Teampreview [battle-gen9championsvgc2026regma-1944] → /team 3562  (whimsicott, zoroarkhisui, ditto, charizardmegay)
DEBUG:websockets.client:> TEXT 'battle-gen9championsvgc2026regma-1944|/team 3562' [48 bytes]
DEBUG:vgc_base:Teampreview: first-4 roster order → ['sneasler', 'charizardmegay', 'whimsicott', 'basculegion']
INFO:vgc_base:Teampreview [battle-gen9championsvgc2026regma-1944] → /team 1234  (sneasler, charizardmegay, whimsicott, basculegion)
DEBUG:websockets.client:> TEXT 'battle-gen9championsvgc2026regma-1944|/team 1234' [48 bytes]
DEBUG:websockets.client:< TEXT '>battle-gen9championsvgc2026regma-1944\n|\n|t:|...L50, M|100/100\n|turn|1' [321 bytes]
DEBUG:websockets.client:< TEXT '>battle-gen9championsvgc2026regma-1944\n|\n|t:|...L50, M|168/168\n|turn|1' [321 bytes]
DEBUG:websockets.client:< TEXT '>battle-gen9championsvgc2026regma-1944\n|reques...ing":false}]},"rqid":5}' [2236 bytes]
DEBUG:websockets.client:< TEXT '>battle-gen9championsvgc2026regma-1944\n|reques...ing":false}]},"rqid":4}' [2167 bytes]
DEBUG:vgc_base:Turn 1 [battle-gen9championsvgc2026regma-1944] a0=9 a1=9 src=max_damage g0=0 g1=0
DEBUG:websockets.client:> TEXT 'battle-gen9championsvgc2026regma-1944|/choose m...bat 1, move solarbeam 1' [82 bytes]
INFO:player:Turn 1 [battle-gen9championsvgc2026regma-1944] value head win-prob: 0.351  (losing)
DEBUG:live_vgc_base:Turn 1 [battle-gen9championsvgc2026regma-1944] a0=0 a1=9 src=model opp_splice=on
DEBUG:websockets.client:> TEXT 'battle-gen9championsvgc2026regma-1944|/choose move encore 1, move icywind' [73 bytes]
DEBUG:websockets.client:< TEXT '>battle-gen9championsvgc2026regma-1944\n|\n|t:|...am\n|\n|upkeep\n|turn|2' [644 bytes]
DEBUG:websockets.client:< TEXT '>battle-gen9championsvgc2026regma-1944\n|\n|t:|...am\n|\n|upkeep\n|turn|2' [646 bytes]
DEBUG:websockets.client:< TEXT '>battle-gen9championsvgc2026regma-1944\n|reques...ing":false}]},"rqid":6}' [2166 bytes]
DEBUG:websockets.client:< TEXT '>battle-gen9championsvgc2026regma-1944\n|reques...ing":false}]},"rqid":7}' [1888 bytes]
DEBUG:vgc_base:Turn 2 [battle-gen9championsvgc2026regma-1944] a0=9 a1=9 src=max_damage g0=0 g1=0
DEBUG:websockets.client:> TEXT 'battle-gen9championsvgc2026regma-1944|/choose m...bat 1, move solarbeam 1' [82 bytes]
INFO:player:Turn 2 [battle-gen9championsvgc2026regma-1944] value head win-prob: 0.270  (losing)
DEBUG:live_vgc_base:Turn 2 [battle-gen9championsvgc2026regma-1944] a0=0 a1=9 src=model opp_splice=on
DEBUG:websockets.client:> TEXT 'battle-gen9championsvgc2026regma-1944|/choose move encore 1, move icywind' [73 bytes]
DEBUG:websockets.client:< TEXT '>battle-gen9championsvgc2026regma-1944\n|\n|t:|... Whimsicott\n|\n|upkeep' [640 bytes]
DEBUG:websockets.client:< TEXT '>battle-gen9championsvgc2026regma-1944\n|\n|t:|... Whimsicott\n|\n|upkeep' [640 bytes]
DEBUG:websockets.client:< TEXT '>battle-gen9championsvgc2026regma-1944\n|reques...oCancel":true,"rqid":8}' [1421 bytes]
DEBUG:websockets.client:< TEXT '>battle-gen9championsvgc2026regma-1944\n|reques...ing":false}]},"rqid":9}' [1452 bytes]
DEBUG:vgc_base:switchDIAG [battle-gen9championsvgc2026regma-1944] turn=2 slot=0 ctx=replacement chosen=ditto#1264 in_active_set=False active=['None', 'zoroarkhisui#896(act=True,fnt=False)'] own_bench=['charizard#9792', 'ditto#1264'] available_switches=[['ditto', 'charizard'], ['ditto', 'charizard']] request={'p1: Whimsicott': (True, True), 'p1: Zoroark': (True, False), 'p1: Ditto': (False, False), 'p1: Charizard': (False, False)}
DEBUG:live_vgc_base:forceSwitch forced_switch_model [battle-gen9championsvgc2026regma-1944] turn 2 a0=13 a1=None opp_splice=on
DEBUG:websockets.client:> TEXT 'battle-gen9championsvgc2026regma-1944|/choose switch 3, pass' [60 bytes]
DEBUG:websockets.client:< TEXT '>battle-gen9championsvgc2026regma-1944\n|\n|t:|...lity: Imposter\n|turn|3' [164 bytes]
DEBUG:websockets.client:< TEXT '>battle-gen9championsvgc2026regma-1944\n|\n|t:|...lity: Imposter\n|turn|3' [164 bytes]
DEBUG:websockets.client:< TEXT '>battle-gen9championsvgc2026regma-1944\n|reques...ng":false}]},"rqid":11}' [2224 bytes]
DEBUG:websockets.client:< TEXT '>battle-gen9championsvgc2026regma-1944\n|reques...ng":false}]},"rqid":10}' [2200 bytes]
DEBUG:vgc_base:Turn 3 [battle-gen9championsvgc2026regma-1944] a0=9 a1=9 src=max_damage g0=0 g1=0
DEBUG:websockets.client:> TEXT 'battle-gen9championsvgc2026regma-1944|/choose m...bat 1, move solarbeam 1' [82 bytes]
INFO:player:Turn 3 [battle-gen9championsvgc2026regma-1944] value head win-prob: 0.532  (even)
DEBUG:live_vgc_base:Turn 3 [battle-gen9championsvgc2026regma-1944] a0=3 a1=9 src=model opp_splice=on
DEBUG:websockets.client:> TEXT 'battle-gen9championsvgc2026regma-1944|/choose move heatwave, move icywind' [73 bytes]
DEBUG:websockets.client:< TEXT '>battle-gen9championsvgc2026regma-1944\n|\n|t:|...|Solar Beam\n|\n|upkeep' [648 bytes]
DEBUG:websockets.client:< TEXT '>battle-gen9championsvgc2026regma-1944\n|\n|t:|...|Solar Beam\n|\n|upkeep' [648 bytes]
DEBUG:websockets.client:< TEXT '>battle-gen9championsvgc2026regma-1944\n|reques...ng":false}]},"rqid":12}' [1427 bytes]
DEBUG:websockets.client:< TEXT '>battle-gen9championsvgc2026regma-1944\n|reques...Cancel":true,"rqid":13}' [1482 bytes]
DEBUG:vgc_base:forceSwitch [battle-gen9championsvgc2026regma-1944] force=[True, False] → /choose switch Basculegion / /choose pass
DEBUG:websockets.client:> TEXT 'battle-gen9championsvgc2026regma-1944|/choose switch Basculegion, pass' [70 bytes]
DEBUG:websockets.client:< TEXT '>battle-gen9championsvgc2026regma-1944\n|\n|t:|...L50, M|100/100\n|turn|4' [116 bytes]
DEBUG:websockets.client:< TEXT '>battle-gen9championsvgc2026regma-1944\n|\n|t:|...L50, M|197/197\n|turn|4' [116 bytes]
DEBUG:websockets.client:< TEXT '>battle-gen9championsvgc2026regma-1944\n|reques...ng":false}]},"rqid":15}' [1895 bytes]
DEBUG:websockets.client:< TEXT '>battle-gen9championsvgc2026regma-1944\n|reques...ng":false}]},"rqid":14}' [2199 bytes]
DEBUG:vgc_base:Turn 4 [battle-gen9championsvgc2026regma-1944] a0=3 a1=9 src=max_damage g0=0 g1=0
DEBUG:websockets.client:> TEXT 'battle-gen9championsvgc2026regma-1944|/choose m...ash 1, move solarbeam 1' [80 bytes]
INFO:player:Turn 4 [battle-gen9championsvgc2026regma-1944] value head win-prob: 0.135  (losing)
DEBUG:live_vgc_base:Turn 4 [battle-gen9championsvgc2026regma-1944] a0=3 a1=0 src=model opp_splice=on
DEBUG:websockets.client:> TEXT 'battle-gen9championsvgc2026regma-1944|/choose m...atwave, move hypervoice' [76 bytes]
DEBUG:websockets.client:< TEXT '>battle-gen9championsvgc2026regma-1944\n|\n|t:|...rom] Recoil\n|\n|upkeep' [372 bytes]
DEBUG:websockets.client:< TEXT '>battle-gen9championsvgc2026regma-1944\n|\n|t:|...rom] Recoil\n|\n|upkeep' [373 bytes]
DEBUG:websockets.client:< TEXT '>battle-gen9championsvgc2026regma-1944\n|reques...ng":false}]},"rqid":16}' [1404 bytes]
DEBUG:websockets.client:< TEXT '>battle-gen9championsvgc2026regma-1944\n|reques...ng":false}]},"rqid":17}' [1465 bytes]
DEBUG:vgc_base:forceSwitch [battle-gen9championsvgc2026regma-1944] force=[False, True] → /choose pass / /choose switch Whimsicott
DEBUG:websockets.client:> TEXT 'battle-gen9championsvgc2026regma-1944|/choose pass, switch Whimsicott' [69 bytes]
DEBUG:vgc_base:switchDIAG [battle-gen9championsvgc2026regma-1944] turn=4 slot=0 ctx=replacement chosen=charizard#9792 in_active_set=False active=['None', 'zoroarkhisui#896(act=True,fnt=False)'] own_bench=['charizard#9792'] available_switches=[['charizard'], ['charizard']] request={'p1: Ditto': (True, True), 'p1: Zoroark': (True, False), 'p1: Whimsicott': (False, True), 'p1: Charizard': (False, False)}
DEBUG:live_vgc_base:forceSwitch forced_switch_model [battle-gen9championsvgc2026regma-1944] turn 4 a0=12 a1=None opp_splice=on
DEBUG:websockets.client:> TEXT 'battle-gen9championsvgc2026regma-1944|/choose switch 4, pass' [60 bytes]
DEBUG:websockets.client:< TEXT '>battle-gen9championsvgc2026regma-1944\n|\n|t:|...L50, M|168/168\n|turn|5' [163 bytes]
DEBUG:websockets.client:< TEXT '>battle-gen9championsvgc2026regma-1944\n|\n|t:|...L50, M|100/100\n|turn|5' [163 bytes]
DEBUG:websockets.client:< TEXT '>battle-gen9championsvgc2026regma-1944\n|reques...ng":false}]},"rqid":18}' [2185 bytes]
DEBUG:websockets.client:< TEXT '>battle-gen9championsvgc2026regma-1944\n|reques...ng":false}]},"rqid":19}' [2211 bytes]
DEBUG:vgc_base:Turn 5 [battle-gen9championsvgc2026regma-1944] a0=3 a1=6 src=max_damage g0=0 g1=0
DEBUG:websockets.client:> TEXT 'battle-gen9championsvgc2026regma-1944|/choose m...ash 1, move moonblast 1' [80 bytes]
INFO:player:Turn 5 [battle-gen9championsvgc2026regma-1944] value head win-prob: 0.160  (losing)
DEBUG:live_vgc_base:Turn 5 [battle-gen9championsvgc2026regma-1944] a0=0 a1=0 src=model opp_splice=on
DEBUG:websockets.client:> TEXT 'battle-gen9championsvgc2026regma-1944|/choose m...e mega, move hypervoice' [81 bytes]
DEBUG:websockets.client:< TEXT '>battle-gen9championsvgc2026regma-1944\n|\n|t:|...keep]\n|upkeep\n|turn|6' [980 bytes]
DEBUG:websockets.client:< TEXT '>battle-gen9championsvgc2026regma-1944\n|\n|t:|...keep]\n|upkeep\n|turn|6' [979 bytes]
DEBUG:websockets.client:< TEXT '>battle-gen9championsvgc2026regma-1944\n|reques...ng":false}]},"rqid":20}' [2167 bytes]
DEBUG:websockets.client:< TEXT '>battle-gen9championsvgc2026regma-1944\n|reques...ng":false}]},"rqid":21}' [2199 bytes]
DEBUG:vgc_base:Turn 6 [battle-gen9championsvgc2026regma-1944] a0=3 a1=0 src=max_damage g0=0 g1=0
DEBUG:vgc_base:_safe_order: action 0 slot 1 → None, scanning legal actions.
DEBUG:vgc_base:_safe_order: slot 1 has no decodable legal action — sending Pass.
DEBUG:websockets.client:> TEXT 'battle-gen9championsvgc2026regma-1944|/choose move wavecrash 1, pass' [68 bytes]
INFO:player:Turn 6 [battle-gen9championsvgc2026regma-1944] value head win-prob: 0.988  (winning)
DEBUG:live_vgc_base:Turn 6 [battle-gen9championsvgc2026regma-1944] a0=0 a1=0 src=model opp_splice=on
DEBUG:vgc_base:_safe_order: action 0 slot 0 → None, scanning legal actions.
DEBUG:vgc_base:_safe_order: slot 0 has no decodable legal action — sending Pass.
DEBUG:websockets.client:> TEXT 'battle-gen9championsvgc2026regma-1944|/choose pass, move hypervoice' [67 bytes]
DEBUG:websockets.client:< TEXT '>battle-gen9championsvgc2026regma-1944\n|\n|t:|...keep]\n|upkeep\n|turn|7' [375 bytes]
DEBUG:websockets.client:< TEXT '>battle-gen9championsvgc2026regma-1944\n|\n|t:|...keep]\n|upkeep\n|turn|7' [375 bytes]
DEBUG:websockets.client:< TEXT '>battle-gen9championsvgc2026regma-1944\n|reques...ng":false}]},"rqid":22}' [2165 bytes]
DEBUG:websockets.client:< TEXT '>battle-gen9championsvgc2026regma-1944\n|reques...ng":false}]},"rqid":23}' [2197 bytes]
DEBUG:vgc_base:Turn 7 [battle-gen9championsvgc2026regma-1944] a0=4 a1=0 src=max_damage g0=0 g1=0
DEBUG:vgc_base:_safe_order: action 0 slot 1 → None, scanning legal actions.
DEBUG:vgc_base:_safe_order: slot 1 has no decodable legal action — sending Pass.
DEBUG:websockets.client:> TEXT 'battle-gen9championsvgc2026regma-1944|/choose move wavecrash 2, pass' [68 bytes]
INFO:player:Turn 7 [battle-gen9championsvgc2026regma-1944] value head win-prob: 0.974  (winning)
DEBUG:live_vgc_base:Turn 7 [battle-gen9championsvgc2026regma-1944] a0=0 a1=9 src=model opp_splice=on
DEBUG:vgc_base:_safe_order: action 0 slot 0 → None, scanning legal actions.
DEBUG:vgc_base:_safe_order: slot 0 has no decodable legal action — sending Pass.
DEBUG:websockets.client:> TEXT 'battle-gen9championsvgc2026regma-1944|/choose pass, move icywind' [64 bytes]
DEBUG:websockets.client:< TEXT '>battle-gen9championsvgc2026regma-1944\n|\n|t:|...asculegion\n|\n|win|BC2' [197 bytes]
DEBUG:websockets.client:< TEXT '>battle-gen9championsvgc2026regma-1944\n|\n|t:|...asculegion\n|\n|win|BC2' [197 bytes]
INFO:vgc_base:Battle battle-gen9championsvgc2026regma-1944 finished — outcome: WIN  (W/L/D so far: 4/1/0)
DEBUG:websockets.client:> TEXT '|/leave battle-gen9championsvgc2026regma-1944' [45 bytes]
DEBUG:websockets.client:< TEXT '|updatesearch|{"searching":[],"games":null}' [43 bytes]
DEBUG:websockets.client:< TEXT '|updatesearch|{"searching":[],"games":null}' [43 bytes]
INFO:vgc_base:Battle battle-gen9championsvgc2026regma-1944 finished — outcome: LOSS  (W/L/D so far: 1/4/0)
DEBUG:websockets.client:> TEXT '|/leave battle-gen9championsvgc2026regma-1944' [45 bytes]
DEBUG:websockets.client:< TEXT '>battle-gen9championsvgc2026regma-1944\n|deinit' [46 bytes]
DEBUG:websockets.client:< TEXT '>battle-gen9championsvgc2026regma-1944\n|l|☆BC2' [48 bytes]
DEBUG:websockets.client:< TEXT '>battle-gen9championsvgc2026regma-1944\n|deinit' [46 bytes]
DEBUG:websockets.client:> CLOSE 1000 (OK) [2 bytes]
DEBUG:websockets.client:= connection is CLOSING
DEBUG:websockets.client:< CLOSE 1000 (OK) [2 bytes]
DEBUG:websockets.client:< EOF
DEBUG:websockets.client:> EOF
DEBUG:websockets.client:= connection is CLOSED
DEBUG:websockets.client:x half-closing TCP connection
DEBUG:websockets.client:> CLOSE 1000 (OK) [2 bytes]
DEBUG:websockets.client:= connection is CLOSING
DEBUG:websockets.client:< CLOSE 1000 (OK) [2 bytes]
DEBUG:websockets.client:< EOF
DEBUG:websockets.client:> EOF
DEBUG:websockets.client:= connection is CLOSED
DEBUG:websockets.client:x half-closing TCP connection
INFO:__main__:vs max_damage: 4/5
INFO:run_local_battle:Loaded team from D:\ShowdownProject\Victory-Dance\teams\M-A\Trickery
INFO:run_local_battle:Loaded team from D:\ShowdownProject\Victory-Dance\teams\M-A\Trickery
INFO:player:VGCPlayer: loaded battle model from ai_train_scripts\BC_model\checkpoints\bc_best.pt (heads=('our_a', 'our_b'))
INFO:player:VGCPlayer: loaded team-chooser from D:\ShowdownProject\Victory-Dance\ai_train_scripts\teamPreview_model\checkpoints\teampreview_best.pt (vocab=190)
INFO:player:VGCPlayer ready (gap-#6 splice) | battle_model=loaded (ai_train_scripts\BC_model\checkpoints\bc_best.pt) | team_chooser=loaded (D:\ShowdownProject\Victory-Dance\ai_train_scripts\teamPreview_model\checkpoints\teampreview_best.pt) | replay=D:\ShowdownProject\Victory-Dance\replay_buffer\BC3.jsonl
DEBUG:websockets.client:= connection is CONNECTING
DEBUG:websockets.client:> GET /showdown/websocket HTTP/1.1
DEBUG:websockets.client:> Host: localhost:8000
DEBUG:websockets.client:> Upgrade: websocket
DEBUG:websockets.client:> Connection: Upgrade
DEBUG:websockets.client:> Sec-WebSocket-Key: rQDZnrVOmGxQ9MgBlN5Iww==
DEBUG:websockets.client:> Sec-WebSocket-Version: 13
DEBUG:websockets.client:> Sec-WebSocket-Extensions: permessage-deflate; client_max_window_bits
DEBUG:websockets.client:> User-Agent: Python/3.12 websockets/16.0
DEBUG:websockets.client:< HTTP/1.1 101 Switching Protocols
DEBUG:websockets.client:< Upgrade: websocket
DEBUG:websockets.client:< Connection: Upgrade
DEBUG:websockets.client:< Sec-WebSocket-Accept: HBpTSiAFiEWZ9f8OKqEhG9OW9k0=
DEBUG:websockets.client:= connection is OPEN
DEBUG:websockets.client:< TEXT '|updateuser| Guest 1199|0|169|{"blockChallenges...c|[Gen 1] Custom Game,c' [8618 bytes]
DEBUG:websockets.client:< TEXT '|challstr|4|515f2f5503794d576d3f96d4f1bc53d5dc3...01ef920f2ee2c756c2d5722' [268 bytes]
DEBUG:websockets.client:> TEXT '|/trn BC3,0,' [12 bytes]
DEBUG:websockets.client:< TEXT '|updatesearch|{"searching":[],"games":null}' [43 bytes]
DEBUG:websockets.client:< TEXT '|updateuser| BC3|1|169|{"blockChallenges":false...:false,"language":null}' [346 bytes]
DEBUG:websockets.client:< TEXT '|updatesearch|{"searching":[],"games":null}' [43 bytes]
DEBUG:websockets.client:= connection is CONNECTING
DEBUG:websockets.client:> GET /showdown/websocket HTTP/1.1
DEBUG:websockets.client:> Host: localhost:8000
DEBUG:websockets.client:> Upgrade: websocket
DEBUG:websockets.client:> Connection: Upgrade
DEBUG:websockets.client:> Sec-WebSocket-Key: 983PmHqTy8uujdNX2GtRNA==
DEBUG:websockets.client:> Sec-WebSocket-Version: 13
DEBUG:websockets.client:> Sec-WebSocket-Extensions: permessage-deflate; client_max_window_bits
DEBUG:websockets.client:> User-Agent: Python/3.12 websockets/16.0
DEBUG:websockets.client:< HTTP/1.1 101 Switching Protocols
DEBUG:websockets.client:< Upgrade: websocket
DEBUG:websockets.client:< Connection: Upgrade
DEBUG:websockets.client:< Sec-WebSocket-Accept: ZXdh4NtD31Ou/iJDMGZrzjrz0FA=
DEBUG:websockets.client:= connection is OPEN
DEBUG:websockets.client:< TEXT '|updateuser| Guest 1200|0|266|{"blockChallenges...c|[Gen 1] Custom Game,c' [8618 bytes]
DEBUG:websockets.client:< TEXT '|challstr|4|abd7fd37acc3b5eb14fcd7ceeb48ea7612e...2f7c420907722de31ae4b54' [268 bytes]
DEBUG:websockets.client:> TEXT '|/trn OPheur3,0,' [16 bytes]
DEBUG:websockets.client:< TEXT '|updatesearch|{"searching":[],"games":null}' [43 bytes]
DEBUG:websockets.client:< TEXT '|updateuser| OPheur3|1|2|{"blockChallenges":fal...:false,"language":null}' [348 bytes]
DEBUG:websockets.client:< TEXT '|updatesearch|{"searching":[],"games":null}' [43 bytes]
DEBUG:websockets.client:> TEXT '|/utm Sneasler||whiteherb|unburden|fakeout,dire...Naive|32,2,,,,32||||50|' [550 bytes]
DEBUG:websockets.client:> TEXT '|/challenge opheur3, gen9championsvgc2026regma' [46 bytes]
DEBUG:websockets.client:< TEXT '|pm| BC3| OPheur3|/challenge gen9championsvgc20...hampionsvgc2026regma|||' [83 bytes]
DEBUG:websockets.client:< TEXT '|pm| BC3| OPheur3|/challenge gen9championsvgc20...hampionsvgc2026regma|||' [83 bytes]
DEBUG:websockets.client:< TEXT '|pm| BC3| OPheur3|/log BC3 wants to battle!' [43 bytes]
DEBUG:websockets.client:< TEXT '|pm| BC3| OPheur3|/log BC3 wants to battle!' [43 bytes]
DEBUG:websockets.client:> TEXT '|/utm Sneasler||whiteherb|unburden|fakeout,dire...Naive|32,2,,,,32||||50|' [550 bytes]
DEBUG:websockets.client:> TEXT '|/accept bc3' [12 bytes]
DEBUG:websockets.client:< TEXT '|pm| OPheur3| BC3|/challenge' [28 bytes]
DEBUG:websockets.client:< TEXT '|pm| OPheur3| BC3|/challenge' [28 bytes]
DEBUG:websockets.client:< TEXT '|updatesearch|{"searching":[],"games":null}' [43 bytes]
DEBUG:websockets.client:< TEXT '|updatesearch|{"searching":[],"games":null}' [43 bytes]
DEBUG:websockets.client:< TEXT '|updatesearch|{"searching":[],"games":{"battle-... 2026 Reg M-A Battle"}}' [124 bytes]
DEBUG:websockets.client:< TEXT '|updatesearch|{"searching":[],"games":{"battle-... 2026 Reg M-A Battle"}}' [124 bytes]
DEBUG:websockets.client:< TEXT '|updatesearch|{"searching":[],"games":{"battle-... 2026 Reg M-A Battle"}}' [124 bytes]
DEBUG:websockets.client:< TEXT '|updatesearch|{"searching":[],"games":{"battle-... 2026 Reg M-A Battle"}}' [124 bytes]
DEBUG:websockets.client:< TEXT '>battle-gen9championsvgc2026regma-1945\n|init|b... vs. OPheur3\n|j|☆BC3\n' [85 bytes]
DEBUG:websockets.client:< TEXT '>battle-gen9championsvgc2026regma-1945\n|init|b...n|j|☆BC3\n|j|☆OPheur3\n' [99 bytes]
DEBUG:websockets.client:< TEXT '>battle-gen9championsvgc2026regma-1945\n|j|☆OPheur3' [52 bytes]
DEBUG:websockets.client:< TEXT '|pm| OPheur3| BC3|/nonotify OPheur3 accepted th...26regma-1945</a>&raquo;' [173 bytes]
DEBUG:websockets.client:< TEXT '|pm| OPheur3| BC3|/nonotify OPheur3 accepted th...26regma-1945</a>&raquo;' [173 bytes]
DEBUG:websockets.client:< TEXT '>battle-gen9championsvgc2026regma-1945\n|t:|1781646849\n|gametype|doubles' [71 bytes]
DEBUG:websockets.client:> TEXT 'battle-gen9championsvgc2026regma-1945|/rejectopenteamsheets' [59 bytes]
DEBUG:websockets.client:< TEXT '>battle-gen9championsvgc2026regma-1945\n|t:|1781646849\n|gametype|doubles' [71 bytes]
DEBUG:websockets.client:> TEXT 'battle-gen9championsvgc2026regma-1945|/rejectopenteamsheets' [59 bytes]
DEBUG:websockets.client:< TEXT '>battle-gen9championsvgc2026regma-1945\n|player|p1|BC3|169|' [58 bytes]
DEBUG:websockets.client:< TEXT '>battle-gen9championsvgc2026regma-1945\n|player|p1|BC3|169|' [58 bytes]
DEBUG:websockets.client:< TEXT '>battle-gen9championsvgc2026regma-1945\n|player...heets</strong></button>' [855 bytes]
DEBUG:websockets.client:< TEXT '>battle-gen9championsvgc2026regma-1945\n|reques...ing":false}]},"rqid":2}' [2093 bytes]
DEBUG:websockets.client:> TEXT '|/utm Sneasler||whiteherb|unburden|fakeout,dire...Naive|32,2,,,,32||||50|' [550 bytes]
DEBUG:websockets.client:> TEXT '|/challenge opheur3, gen9championsvgc2026regma' [46 bytes]
DEBUG:websockets.client:< TEXT '>battle-gen9championsvgc2026regma-1945\n|player...heets</strong></button>' [855 bytes]
DEBUG:websockets.client:< TEXT '>battle-gen9championsvgc2026regma-1945\n|reques...ing":false}]},"rqid":3}' [2097 bytes]
DEBUG:websockets.client:< TEXT '>battle-gen9championsvgc2026regma-1945\n|uhtmlchange|otsrequest|' [63 bytes]
DEBUG:websockets.client:< TEXT '>battle-gen9championsvgc2026regma-1945\nOPheur3...ected open team sheets.' [73 bytes]
DEBUG:websockets.client:< TEXT '>battle-gen9championsvgc2026regma-1945\n|uhtmlchange|otsrequest|' [63 bytes]
DEBUG:websockets.client:< TEXT '>battle-gen9championsvgc2026regma-1945\nOPheur3...ected open team sheets.' [73 bytes]
INFO:player:Team-preview [battle-gen9championsvgc2026regma-1945] NET drove: bring=['whimsicott', 'zoroarkhisui', 'ditto', 'charizardmegay'] leads=['whimsicott', 'zoroarkhisui'] (vs opp ['sneasler', 'charizard', 'whimsicott', 'basculegion', 'zoroarkhisui', 'ditto'])
INFO:vgc_base:Teampreview [battle-gen9championsvgc2026regma-1945] → /team 3562  (whimsicott, zoroarkhisui, ditto, charizardmegay)
DEBUG:websockets.client:> TEXT 'battle-gen9championsvgc2026regma-1945|/team 3562' [48 bytes]
DEBUG:websockets.client:< TEXT '>battle-gen9championsvgc2026regma-1945\n|uhtmlchange|otsrequest|' [63 bytes]
DEBUG:websockets.client:< TEXT '>battle-gen9championsvgc2026regma-1945\nBC3 rejected open team sheets.' [69 bytes]
DEBUG:vgc_base:Teampreview: first-4 roster order → ['sneasler', 'charizardmegay', 'whimsicott', 'basculegion']
INFO:vgc_base:Teampreview [battle-gen9championsvgc2026regma-1945] → /team 1234  (sneasler, charizardmegay, whimsicott, basculegion)
DEBUG:websockets.client:> TEXT 'battle-gen9championsvgc2026regma-1945|/team 1234' [48 bytes]
DEBUG:websockets.client:< TEXT '>battle-gen9championsvgc2026regma-1945\n|uhtmlchange|otsrequest|' [63 bytes]
DEBUG:websockets.client:< TEXT '>battle-gen9championsvgc2026regma-1945\nBC3 rejected open team sheets.' [69 bytes]
DEBUG:websockets.client:< TEXT '|pm| BC3| OPheur3|/challenge gen9championsvgc20...hampionsvgc2026regma|||' [83 bytes]
DEBUG:websockets.client:< TEXT '|pm| BC3| OPheur3|/log BC3 wants to battle!' [43 bytes]
DEBUG:websockets.client:< TEXT '|pm| BC3| OPheur3|/challenge gen9championsvgc20...hampionsvgc2026regma|||' [83 bytes]
DEBUG:websockets.client:< TEXT '|pm| BC3| OPheur3|/log BC3 wants to battle!' [43 bytes]
DEBUG:websockets.client:> TEXT '|/utm Sneasler||whiteherb|unburden|fakeout,dire...Naive|32,2,,,,32||||50|' [550 bytes]
DEBUG:websockets.client:> TEXT '|/accept bc3' [12 bytes]
DEBUG:websockets.client:< TEXT '|pm| OPheur3| BC3|/challenge' [28 bytes]
DEBUG:websockets.client:< TEXT '|pm| OPheur3| BC3|/challenge' [28 bytes]
DEBUG:websockets.client:< TEXT '|updatesearch|{"searching":[],"games":{"battle-... 2026 Reg M-A Battle"}}' [124 bytes]
DEBUG:websockets.client:< TEXT '|updatesearch|{"searching":[],"games":{"battle-... 2026 Reg M-A Battle"}}' [124 bytes]
DEBUG:websockets.client:< TEXT '|updatesearch|{"searching":[],"games":{"battle-... 2026 Reg M-A Battle"}}' [208 bytes]
DEBUG:websockets.client:< TEXT '|updatesearch|{"searching":[],"games":{"battle-... 2026 Reg M-A Battle"}}' [208 bytes]
DEBUG:websockets.client:< TEXT '|updatesearch|{"searching":[],"games":{"battle-... 2026 Reg M-A Battle"}}' [208 bytes]
DEBUG:websockets.client:< TEXT '|updatesearch|{"searching":[],"games":{"battle-... 2026 Reg M-A Battle"}}' [208 bytes]
DEBUG:websockets.client:< TEXT '>battle-gen9championsvgc2026regma-1946\n|init|b... vs. OPheur3\n|j|☆BC3\n' [85 bytes]
DEBUG:websockets.client:< TEXT '>battle-gen9championsvgc2026regma-1946\n|init|b...n|j|☆BC3\n|j|☆OPheur3\n' [99 bytes]
DEBUG:websockets.client:< TEXT '>battle-gen9championsvgc2026regma-1946\n|j|☆OPheur3' [52 bytes]
DEBUG:websockets.client:< TEXT '|pm| OPheur3| BC3|/nonotify OPheur3 accepted th...26regma-1946</a>&raquo;' [173 bytes]
DEBUG:websockets.client:< TEXT '|pm| OPheur3| BC3|/nonotify OPheur3 accepted th...26regma-1946</a>&raquo;' [173 bytes]
DEBUG:websockets.client:< TEXT '>battle-gen9championsvgc2026regma-1945\n|\n|t:|...L50, M|168/168\n|turn|1' [321 bytes]
DEBUG:websockets.client:< TEXT '>battle-gen9championsvgc2026regma-1945\n|\n|t:|...L50, M|100/100\n|turn|1' [321 bytes]
DEBUG:websockets.client:< TEXT '>battle-gen9championsvgc2026regma-1945\n|reques...ing":false}]},"rqid":4}' [2167 bytes]
DEBUG:websockets.client:< TEXT '>battle-gen9championsvgc2026regma-1945\n|reques...ing":false}]},"rqid":5}' [2236 bytes]
DEBUG:websockets.client:< TEXT '>battle-gen9championsvgc2026regma-1946\n|t:|1781646849\n|gametype|doubles' [71 bytes]
DEBUG:websockets.client:< TEXT '>battle-gen9championsvgc2026regma-1946\n|player|p1|BC3|169|' [58 bytes]
DEBUG:websockets.client:< TEXT '>battle-gen9championsvgc2026regma-1946\n|t:|1781646849\n|gametype|doubles' [71 bytes]
DEBUG:websockets.client:< TEXT '>battle-gen9championsvgc2026regma-1946\n|player|p1|BC3|169|' [58 bytes]
DEBUG:websockets.client:< TEXT '>battle-gen9championsvgc2026regma-1946\n|player...heets</strong></button>' [855 bytes]
DEBUG:websockets.client:< TEXT '>battle-gen9championsvgc2026regma-1946\n|reques...ing":false}]},"rqid":3}' [2097 bytes]
DEBUG:websockets.client:< TEXT '>battle-gen9championsvgc2026regma-1946\n|player...heets</strong></button>' [855 bytes]
DEBUG:websockets.client:< TEXT '>battle-gen9championsvgc2026regma-1946\n|reques...ing":false}]},"rqid":2}' [2093 bytes]
INFO:player:Turn 1 [battle-gen9championsvgc2026regma-1945] value head win-prob: 0.351  (losing)
DEBUG:live_vgc_base:Turn 1 [battle-gen9championsvgc2026regma-1945] a0=0 a1=9 src=model opp_splice=on
DEBUG:websockets.client:> TEXT 'battle-gen9championsvgc2026regma-1945|/choose move encore 1, move icywind' [73 bytes]
DEBUG:vgc_base:Turn 1 [battle-gen9championsvgc2026regma-1945] a0=3 a1=0 src=heuristic g0=0 g1=0
DEBUG:websockets.client:> TEXT 'battle-gen9championsvgc2026regma-1945|/choose m...reclaw 1, move heatwave' [76 bytes]
DEBUG:websockets.client:< TEXT '>battle-gen9championsvgc2026regma-1945\n|\n|t:|...rk|Illusion\n|\n|upkeep' [695 bytes]
DEBUG:websockets.client:< TEXT '>battle-gen9championsvgc2026regma-1945\n|\n|t:|...rk|Illusion\n|\n|upkeep' [697 bytes]
DEBUG:websockets.client:< TEXT '>battle-gen9championsvgc2026regma-1945\n|reques...oCancel":true,"rqid":6}' [1420 bytes]
DEBUG:websockets.client:< TEXT '>battle-gen9championsvgc2026regma-1945\n|reques...ing":false}]},"rqid":7}' [1453 bytes]
DEBUG:vgc_base:switchDIAG [battle-gen9championsvgc2026regma-1945] turn=1 slot=0 ctx=replacement chosen=ditto#3968 in_active_set=False active=['None', 'zoroarkhisui#3600(act=True,fnt=False)'] own_bench=['charizard#3776', 'ditto#3968'] available_switches=[['ditto', 'charizard'], ['ditto', 'charizard']] request={'p1: Whimsicott': (True, True), 'p1: Zoroark': (True, False), 'p1: Ditto': (False, False), 'p1: Charizard': (False, False)}
DEBUG:live_vgc_base:forceSwitch forced_switch_model [battle-gen9championsvgc2026regma-1945] turn 1 a0=13 a1=None opp_splice=on
DEBUG:websockets.client:> TEXT 'battle-gen9championsvgc2026regma-1945|/choose switch 3, pass' [60 bytes]
DEBUG:websockets.client:< TEXT '>battle-gen9championsvgc2026regma-1945\n|\n|t:|...lity: Imposter\n|turn|2' [164 bytes]
DEBUG:websockets.client:< TEXT '>battle-gen9championsvgc2026regma-1945\n|\n|t:|...lity: Imposter\n|turn|2' [164 bytes]
DEBUG:websockets.client:< TEXT '>battle-gen9championsvgc2026regma-1945\n|reques...ing":false}]},"rqid":8}' [2198 bytes]
DEBUG:websockets.client:< TEXT '>battle-gen9championsvgc2026regma-1945\n|reques...ing":false}]},"rqid":9}' [2226 bytes]
DEBUG:vgc_base:Turn 2 [battle-gen9championsvgc2026regma-1945] a0=3 a1=10 src=heuristic g0=0 g1=0
DEBUG:websockets.client:> TEXT 'battle-gen9championsvgc2026regma-1945|/choose m...law 1, move solarbeam 2' [79 bytes]
INFO:player:Turn 2 [battle-gen9championsvgc2026regma-1945] value head win-prob: 0.189  (losing)
DEBUG:live_vgc_base:Turn 2 [battle-gen9championsvgc2026regma-1945] a0=0 a1=9 src=model opp_splice=on
DEBUG:websockets.client:> TEXT 'battle-gen9championsvgc2026regma-1945|/choose move heatwave, move icywind' [73 bytes]
DEBUG:websockets.client:< TEXT '>battle-gen9championsvgc2026regma-1945\n|\n|t:|...am\n|\n|upkeep\n|turn|3' [569 bytes]
DEBUG:websockets.client:< TEXT '>battle-gen9championsvgc2026regma-1945\n|\n|t:|...am\n|\n|upkeep\n|turn|3' [570 bytes]
DEBUG:websockets.client:< TEXT '>battle-gen9championsvgc2026regma-1945\n|reques...ng":false}]},"rqid":10}' [2198 bytes]
DEBUG:websockets.client:< TEXT '>battle-gen9championsvgc2026regma-1945\n|reques...ng":false}]},"rqid":11}' [1887 bytes]
DEBUG:vgc_base:Turn 3 [battle-gen9championsvgc2026regma-1945] a0=3 a1=10 src=heuristic g0=0 g1=0
DEBUG:websockets.client:> TEXT 'battle-gen9championsvgc2026regma-1945|/choose m...law 1, move solarbeam 2' [79 bytes]
INFO:player:Turn 3 [battle-gen9championsvgc2026regma-1945] value head win-prob: 0.641  (winning)
DEBUG:live_vgc_base:Turn 3 [battle-gen9championsvgc2026regma-1945] a0=0 a1=9 src=model opp_splice=on
DEBUG:websockets.client:> TEXT 'battle-gen9championsvgc2026regma-1945|/choose move heatwave, move icywind' [73 bytes]
DEBUG:websockets.client:< TEXT '>battle-gen9championsvgc2026regma-1945\n|\n|t:|...1b: Zoroark\n|\n|upkeep' [462 bytes]
DEBUG:websockets.client:< TEXT '>battle-gen9championsvgc2026regma-1945\n|\n|t:|...1b: Zoroark\n|\n|upkeep' [462 bytes]
DEBUG:websockets.client:< TEXT '>battle-gen9championsvgc2026regma-1945\n|reques...Cancel":true,"rqid":12}' [1417 bytes]
DEBUG:websockets.client:< TEXT '>battle-gen9championsvgc2026regma-1945\n|reques...ng":false}]},"rqid":13}' [1451 bytes]
DEBUG:vgc_base:switchDIAG [battle-gen9championsvgc2026regma-1945] turn=3 slot=0 ctx=replacement chosen=charizard#3776 in_active_set=False active=['None', 'None'] own_bench=['charizard#3776'] available_switches=[['charizard'], ['charizard']] request={'p1: Ditto': (True, True), 'p1: Zoroark': (True, True), 'p1: Whimsicott': (False, True), 'p1: Charizard': (False, False)}
DEBUG:live_vgc_base:forceSwitch forced_switch_model [battle-gen9championsvgc2026regma-1945] turn 3 a0=12 a1=None opp_splice=on
DEBUG:websockets.client:> TEXT 'battle-gen9championsvgc2026regma-1945|/choose switch 4, pass' [60 bytes]
DEBUG:websockets.client:< TEXT '>battle-gen9championsvgc2026regma-1945\n|\n|t:|...L50, F|168/168\n|turn|4' [112 bytes]
DEBUG:websockets.client:< TEXT '>battle-gen9championsvgc2026regma-1945\n|\n|t:|...L50, F|100/100\n|turn|4' [112 bytes]
DEBUG:websockets.client:< TEXT '>battle-gen9championsvgc2026regma-1945\n|reques...ng":false}]},"rqid":14}' [2183 bytes]
DEBUG:websockets.client:< TEXT '>battle-gen9championsvgc2026regma-1945\n|reques...ng":false}]},"rqid":15}' [2224 bytes]
INFO:player:Turn 4 [battle-gen9championsvgc2026regma-1945] value head win-prob: 0.083  (losing)
DEBUG:live_vgc_base:Turn 4 [battle-gen9championsvgc2026regma-1945] a0=0 a1=0 src=model opp_splice=on
DEBUG:vgc_base:_safe_order: action 0 slot 1 → None, scanning legal actions.
DEBUG:vgc_base:_safe_order: slot 1 has no decodable legal action — sending Pass.
DEBUG:websockets.client:> TEXT 'battle-gen9championsvgc2026regma-1945|/choose move heatwave mega, pass' [70 bytes]
DEBUG:vgc_base:Turn 4 [battle-gen9championsvgc2026regma-1945] a0=3 a1=0 src=heuristic g0=0 g1=0
DEBUG:websockets.client:> TEXT 'battle-gen9championsvgc2026regma-1945|/choose m...reclaw 1, move heatwave' [76 bytes]
DEBUG:websockets.client:< TEXT '>battle-gen9championsvgc2026regma-1945\n|\n|t:|...nyDay|[upkeep]\n|upkeep' [509 bytes]
DEBUG:websockets.client:< TEXT '>battle-gen9championsvgc2026regma-1945\n|\n|t:|...nyDay|[upkeep]\n|upkeep' [510 bytes]
DEBUG:websockets.client:< TEXT '>battle-gen9championsvgc2026regma-1945\n|reques...ng":false}]},"rqid":16}' [1388 bytes]
DEBUG:websockets.client:< TEXT '>battle-gen9championsvgc2026regma-1945\n|reques...Cancel":true,"rqid":17}' [1481 bytes]
DEBUG:vgc_base:forceSwitch [battle-gen9championsvgc2026regma-1945] force=[False, True] → /choose pass / /choose switch Whimsicott
DEBUG:websockets.client:> TEXT 'battle-gen9championsvgc2026regma-1945|/choose pass, switch Whimsicott' [69 bytes]
DEBUG:websockets.client:< TEXT '>battle-gen9championsvgc2026regma-1945\n|\n|t:|...L50, F|100/100\n|turn|5' [114 bytes]
DEBUG:websockets.client:< TEXT '>battle-gen9championsvgc2026regma-1945\n|\n|t:|...L50, F|137/137\n|turn|5' [114 bytes]
DEBUG:websockets.client:< TEXT '>battle-gen9championsvgc2026regma-1945\n|reques...ng":false}]},"rqid":18}' [2166 bytes]
DEBUG:websockets.client:< TEXT '>battle-gen9championsvgc2026regma-1945\n|reques...ng":false}]},"rqid":19}' [2202 bytes]
DEBUG:vgc_base:Turn 5 [battle-gen9championsvgc2026regma-1945] a0=3 a1=6 src=heuristic g0=0 g1=0
DEBUG:websockets.client:> TEXT 'battle-gen9championsvgc2026regma-1945|/choose m...law 1, move moonblast 1' [79 bytes]
INFO:player:Turn 5 [battle-gen9championsvgc2026regma-1945] value head win-prob: 0.003  (losing)
DEBUG:live_vgc_base:Turn 5 [battle-gen9championsvgc2026regma-1945] a0=0 a1=0 src=model opp_splice=on
DEBUG:vgc_base:_safe_order: action 0 slot 1 → None, scanning legal actions.
DEBUG:vgc_base:_safe_order: slot 1 has no decodable legal action — sending Pass.
DEBUG:websockets.client:> TEXT 'battle-gen9championsvgc2026regma-1945|/choose move heatwave, pass' [65 bytes]
DEBUG:websockets.client:< TEXT '>battle-gen9championsvgc2026regma-1945\n|\n|t:|...rizard\n|\n|win|OPheur3' [167 bytes]
DEBUG:websockets.client:< TEXT '>battle-gen9championsvgc2026regma-1945\n|\n|t:|...rizard\n|\n|win|OPheur3' [167 bytes]
DEBUG:websockets.client:< TEXT '|updatesearch|{"searching":[],"games":{"battle-... 2026 Reg M-A Battle"}}' [124 bytes]
INFO:vgc_base:Battle battle-gen9championsvgc2026regma-1945 finished — outcome: LOSS  (W/L/D so far: 0/1/0)
DEBUG:websockets.client:> TEXT '|/leave battle-gen9championsvgc2026regma-1945' [45 bytes]
DEBUG:websockets.client:< TEXT '|updatesearch|{"searching":[],"games":{"battle-... 2026 Reg M-A Battle"}}' [124 bytes]
DEBUG:websockets.client:> TEXT 'battle-gen9championsvgc2026regma-1946|/rejectopenteamsheets' [59 bytes]
INFO:vgc_base:Battle battle-gen9championsvgc2026regma-1945 finished — outcome: WIN  (W/L/D so far: 1/0/0)
DEBUG:websockets.client:> TEXT '|/leave battle-gen9championsvgc2026regma-1945' [45 bytes]
DEBUG:websockets.client:> TEXT '|/utm Sneasler||whiteherb|unburden|fakeout,dire...Naive|32,2,,,,32||||50|' [550 bytes]
DEBUG:websockets.client:> TEXT '|/challenge opheur3, gen9championsvgc2026regma' [46 bytes]
DEBUG:websockets.client:> TEXT 'battle-gen9championsvgc2026regma-1946|/rejectopenteamsheets' [59 bytes]
DEBUG:websockets.client:< TEXT '>battle-gen9championsvgc2026regma-1945\n|deinit' [46 bytes]
DEBUG:websockets.client:< TEXT '>battle-gen9championsvgc2026regma-1945\n|l|☆BC3' [48 bytes]
DEBUG:websockets.client:< TEXT '>battle-gen9championsvgc2026regma-1946\n|uhtmlchange|otsrequest|' [63 bytes]
DEBUG:websockets.client:< TEXT '>battle-gen9championsvgc2026regma-1946\nBC3 rejected open team sheets.' [69 bytes]
DEBUG:websockets.client:< TEXT '>battle-gen9championsvgc2026regma-1946\n|uhtmlchange|otsrequest|' [63 bytes]
DEBUG:websockets.client:< TEXT '>battle-gen9championsvgc2026regma-1946\nBC3 rejected open team sheets.' [69 bytes]
DEBUG:websockets.client:< TEXT '>battle-gen9championsvgc2026regma-1945\n|deinit' [46 bytes]
DEBUG:websockets.client:< TEXT '>battle-gen9championsvgc2026regma-1946\n|uhtmlchange|otsrequest|' [63 bytes]
DEBUG:websockets.client:< TEXT '>battle-gen9championsvgc2026regma-1946\n|uhtmlchange|otsrequest|' [63 bytes]
DEBUG:websockets.client:< TEXT '>battle-gen9championsvgc2026regma-1946\nOPheur3...ected open team sheets.' [73 bytes]
DEBUG:websockets.client:< TEXT '>battle-gen9championsvgc2026regma-1946\nOPheur3...ected open team sheets.' [73 bytes]
INFO:player:Team-preview [battle-gen9championsvgc2026regma-1946] NET drove: bring=['whimsicott', 'zoroarkhisui', 'ditto', 'charizardmegay'] leads=['whimsicott', 'zoroarkhisui'] (vs opp ['sneasler', 'charizard', 'whimsicott', 'basculegion', 'zoroarkhisui', 'ditto'])
INFO:vgc_base:Teampreview [battle-gen9championsvgc2026regma-1946] → /team 3562  (whimsicott, zoroarkhisui, ditto, charizardmegay)
DEBUG:websockets.client:> TEXT 'battle-gen9championsvgc2026regma-1946|/team 3562' [48 bytes]
DEBUG:vgc_base:Teampreview: first-4 roster order → ['sneasler', 'charizardmegay', 'whimsicott', 'basculegion']
INFO:vgc_base:Teampreview [battle-gen9championsvgc2026regma-1946] → /team 1234  (sneasler, charizardmegay, whimsicott, basculegion)
DEBUG:websockets.client:> TEXT 'battle-gen9championsvgc2026regma-1946|/team 1234' [48 bytes]
DEBUG:websockets.client:< TEXT '|pm| BC3| OPheur3|/challenge gen9championsvgc20...hampionsvgc2026regma|||' [83 bytes]
DEBUG:websockets.client:< TEXT '|pm| BC3| OPheur3|/challenge gen9championsvgc20...hampionsvgc2026regma|||' [83 bytes]
DEBUG:websockets.client:< TEXT '|pm| BC3| OPheur3|/log BC3 wants to battle!' [43 bytes]
DEBUG:websockets.client:< TEXT '|pm| BC3| OPheur3|/log BC3 wants to battle!' [43 bytes]
DEBUG:websockets.client:> TEXT '|/utm Sneasler||whiteherb|unburden|fakeout,dire...Naive|32,2,,,,32||||50|' [550 bytes]
DEBUG:websockets.client:> TEXT '|/accept bc3' [12 bytes]
DEBUG:websockets.client:< TEXT '>battle-gen9championsvgc2026regma-1946\n|\n|t:|...L50, M|100/100\n|turn|1' [321 bytes]
DEBUG:websockets.client:< TEXT '>battle-gen9championsvgc2026regma-1946\n|\n|t:|...L50, M|168/168\n|turn|1' [321 bytes]
DEBUG:websockets.client:< TEXT '>battle-gen9championsvgc2026regma-1946\n|reques...ing":false}]},"rqid":5}' [2236 bytes]
DEBUG:websockets.client:< TEXT '>battle-gen9championsvgc2026regma-1946\n|reques...ing":false}]},"rqid":4}' [2167 bytes]
DEBUG:vgc_base:Turn 1 [battle-gen9championsvgc2026regma-1946] a0=3 a1=0 src=heuristic g0=0 g1=0
DEBUG:websockets.client:> TEXT 'battle-gen9championsvgc2026regma-1946|/choose m...reclaw 1, move heatwave' [76 bytes]
DEBUG:websockets.client:< TEXT '|pm| OPheur3| BC3|/challenge' [28 bytes]
DEBUG:websockets.client:< TEXT '|pm| OPheur3| BC3|/challenge' [28 bytes]
INFO:player:Turn 1 [battle-gen9championsvgc2026regma-1946] value head win-prob: 0.351  (losing)
DEBUG:live_vgc_base:Turn 1 [battle-gen9championsvgc2026regma-1946] a0=0 a1=9 src=model opp_splice=on
DEBUG:websockets.client:> TEXT 'battle-gen9championsvgc2026regma-1946|/choose move encore 1, move icywind' [73 bytes]
DEBUG:websockets.client:< TEXT '|updatesearch|{"searching":[],"games":{"battle-... 2026 Reg M-A Battle"}}' [124 bytes]
DEBUG:websockets.client:< TEXT '|updatesearch|{"searching":[],"games":{"battle-... 2026 Reg M-A Battle"}}' [208 bytes]
DEBUG:websockets.client:< TEXT '|updatesearch|{"searching":[],"games":{"battle-... 2026 Reg M-A Battle"}}' [208 bytes]
DEBUG:websockets.client:< TEXT '>battle-gen9championsvgc2026regma-1947\n|init|b...n|j|☆BC3\n|j|☆OPheur3\n' [99 bytes]
DEBUG:websockets.client:< TEXT '|pm| OPheur3| BC3|/nonotify OPheur3 accepted th...26regma-1947</a>&raquo;' [173 bytes]
DEBUG:websockets.client:< TEXT '>battle-gen9championsvgc2026regma-1947\n|t:|1781646849\n|gametype|doubles' [71 bytes]
DEBUG:websockets.client:< TEXT '>battle-gen9championsvgc2026regma-1947\n|player|p1|BC3|169|' [58 bytes]
DEBUG:websockets.client:< TEXT '>battle-gen9championsvgc2026regma-1947\n|player...heets</strong></button>' [855 bytes]
DEBUG:websockets.client:< TEXT '>battle-gen9championsvgc2026regma-1947\n|reques...ing":false}]},"rqid":3}' [2097 bytes]
DEBUG:websockets.client:< TEXT '|updatesearch|{"searching":[],"games":{"battle-... 2026 Reg M-A Battle"}}' [124 bytes]
DEBUG:websockets.client:< TEXT '|updatesearch|{"searching":[],"games":{"battle-... 2026 Reg M-A Battle"}}' [208 bytes]
DEBUG:websockets.client:< TEXT '|updatesearch|{"searching":[],"games":{"battle-... 2026 Reg M-A Battle"}}' [208 bytes]
DEBUG:websockets.client:< TEXT '>battle-gen9championsvgc2026regma-1947\n|init|b... vs. OPheur3\n|j|☆BC3\n' [85 bytes]
DEBUG:websockets.client:< TEXT '>battle-gen9championsvgc2026regma-1947\n|j|☆OPheur3' [52 bytes]
DEBUG:websockets.client:< TEXT '|pm| OPheur3| BC3|/nonotify OPheur3 accepted th...26regma-1947</a>&raquo;' [173 bytes]
DEBUG:websockets.client:< TEXT '>battle-gen9championsvgc2026regma-1947\n|t:|1781646849\n|gametype|doubles' [71 bytes]
DEBUG:websockets.client:< TEXT '>battle-gen9championsvgc2026regma-1947\n|player|p1|BC3|169|' [58 bytes]
DEBUG:websockets.client:< TEXT '>battle-gen9championsvgc2026regma-1947\n|player...heets</strong></button>' [855 bytes]
DEBUG:websockets.client:< TEXT '>battle-gen9championsvgc2026regma-1947\n|reques...ing":false}]},"rqid":2}' [2093 bytes]
DEBUG:websockets.client:< TEXT '>battle-gen9championsvgc2026regma-1946\n|\n|t:|...rk|Illusion\n|\n|upkeep' [695 bytes]
DEBUG:websockets.client:< TEXT '>battle-gen9championsvgc2026regma-1946\n|\n|t:|...rk|Illusion\n|\n|upkeep' [697 bytes]
DEBUG:websockets.client:< TEXT '>battle-gen9championsvgc2026regma-1946\n|reques...oCancel":true,"rqid":6}' [1420 bytes]
DEBUG:websockets.client:< TEXT '>battle-gen9championsvgc2026regma-1946\n|reques...ing":false}]},"rqid":7}' [1453 bytes]
DEBUG:vgc_base:switchDIAG [battle-gen9championsvgc2026regma-1946] turn=1 slot=0 ctx=replacement chosen=ditto#1568 in_active_set=False active=['None', 'zoroarkhisui#1200(act=True,fnt=False)'] own_bench=['charizard#96', 'ditto#1568'] available_switches=[['ditto', 'charizard'], ['ditto', 'charizard']] request={'p1: Whimsicott': (True, True), 'p1: Zoroark': (True, False), 'p1: Ditto': (False, False), 'p1: Charizard': (False, False)}
DEBUG:live_vgc_base:forceSwitch forced_switch_model [battle-gen9championsvgc2026regma-1946] turn 1 a0=13 a1=None opp_splice=on
DEBUG:websockets.client:> TEXT 'battle-gen9championsvgc2026regma-1946|/choose switch 3, pass' [60 bytes]
DEBUG:websockets.client:< TEXT '>battle-gen9championsvgc2026regma-1946\n|\n|t:|...lity: Imposter\n|turn|2' [164 bytes]
DEBUG:websockets.client:< TEXT '>battle-gen9championsvgc2026regma-1946\n|\n|t:|...lity: Imposter\n|turn|2' [164 bytes]
DEBUG:websockets.client:< TEXT '>battle-gen9championsvgc2026regma-1946\n|reques...ing":false}]},"rqid":9}' [2226 bytes]
DEBUG:websockets.client:< TEXT '>battle-gen9championsvgc2026regma-1946\n|reques...ing":false}]},"rqid":8}' [2198 bytes]
DEBUG:vgc_base:Turn 2 [battle-gen9championsvgc2026regma-1946] a0=3 a1=10 src=heuristic g0=0 g1=0
DEBUG:websockets.client:> TEXT 'battle-gen9championsvgc2026regma-1946|/choose m...law 1, move solarbeam 2' [79 bytes]
INFO:player:Turn 2 [battle-gen9championsvgc2026regma-1946] value head win-prob: 0.191  (losing)
DEBUG:live_vgc_base:Turn 2 [battle-gen9championsvgc2026regma-1946] a0=0 a1=9 src=model opp_splice=on
DEBUG:websockets.client:> TEXT 'battle-gen9championsvgc2026regma-1946|/choose move heatwave, move icywind' [73 bytes]
DEBUG:websockets.client:< TEXT '>battle-gen9championsvgc2026regma-1946\n|\n|t:|...am\n|\n|upkeep\n|turn|3' [548 bytes]
DEBUG:websockets.client:< TEXT '>battle-gen9championsvgc2026regma-1946\n|\n|t:|...am\n|\n|upkeep\n|turn|3' [550 bytes]
DEBUG:websockets.client:< TEXT '>battle-gen9championsvgc2026regma-1946\n|reques...ng":false}]},"rqid":10}' [2198 bytes]
DEBUG:websockets.client:< TEXT '>battle-gen9championsvgc2026regma-1946\n|reques...ng":false}]},"rqid":11}' [1887 bytes]
DEBUG:vgc_base:Turn 3 [battle-gen9championsvgc2026regma-1946] a0=3 a1=10 src=heuristic g0=0 g1=0
DEBUG:websockets.client:> TEXT 'battle-gen9championsvgc2026regma-1946|/choose m...law 1, move solarbeam 2' [79 bytes]
INFO:player:Turn 3 [battle-gen9championsvgc2026regma-1946] value head win-prob: 0.606  (winning)
DEBUG:live_vgc_base:Turn 3 [battle-gen9championsvgc2026regma-1946] a0=0 a1=9 src=model opp_splice=on
DEBUG:websockets.client:> TEXT 'battle-gen9championsvgc2026regma-1946|/choose move heatwave, move icywind' [73 bytes]
DEBUG:websockets.client:< TEXT '>battle-gen9championsvgc2026regma-1946\n|\n|t:|...1b: Zoroark\n|\n|upkeep' [460 bytes]
DEBUG:websockets.client:< TEXT '>battle-gen9championsvgc2026regma-1946\n|\n|t:|...1b: Zoroark\n|\n|upkeep' [460 bytes]
DEBUG:websockets.client:< TEXT '>battle-gen9championsvgc2026regma-1946\n|reques...Cancel":true,"rqid":12}' [1417 bytes]
DEBUG:websockets.client:< TEXT '>battle-gen9championsvgc2026regma-1946\n|reques...ng":false}]},"rqid":13}' [1451 bytes]
DEBUG:vgc_base:switchDIAG [battle-gen9championsvgc2026regma-1946] turn=3 slot=0 ctx=replacement chosen=charizard#96 in_active_set=False active=['None', 'None'] own_bench=['charizard#96'] available_switches=[['charizard'], ['charizard']] request={'p1: Ditto': (True, True), 'p1: Zoroark': (True, True), 'p1: Whimsicott': (False, True), 'p1: Charizard': (False, False)}
DEBUG:live_vgc_base:forceSwitch forced_switch_model [battle-gen9championsvgc2026regma-1946] turn 3 a0=12 a1=None opp_splice=on
DEBUG:websockets.client:> TEXT 'battle-gen9championsvgc2026regma-1946|/choose switch 4, pass' [60 bytes]
DEBUG:websockets.client:< TEXT '>battle-gen9championsvgc2026regma-1946\n|\n|t:|...L50, M|168/168\n|turn|4' [112 bytes]
DEBUG:websockets.client:< TEXT '>battle-gen9championsvgc2026regma-1946\n|\n|t:|...L50, M|100/100\n|turn|4' [112 bytes]
DEBUG:websockets.client:< TEXT '>battle-gen9championsvgc2026regma-1946\n|reques...ng":false}]},"rqid":15}' [2224 bytes]
DEBUG:websockets.client:< TEXT '>battle-gen9championsvgc2026regma-1946\n|reques...ng":false}]},"rqid":14}' [2183 bytes]
DEBUG:vgc_base:Turn 4 [battle-gen9championsvgc2026regma-1946] a0=3 a1=0 src=heuristic g0=0 g1=0
DEBUG:websockets.client:> TEXT 'battle-gen9championsvgc2026regma-1946|/choose m...reclaw 1, move heatwave' [76 bytes]
INFO:player:Turn 4 [battle-gen9championsvgc2026regma-1946] value head win-prob: 0.074  (losing)
DEBUG:live_vgc_base:Turn 4 [battle-gen9championsvgc2026regma-1946] a0=0 a1=0 src=model opp_splice=on
DEBUG:vgc_base:_safe_order: action 0 slot 1 → None, scanning legal actions.
DEBUG:vgc_base:_safe_order: slot 1 has no decodable legal action — sending Pass.
DEBUG:websockets.client:> TEXT 'battle-gen9championsvgc2026regma-1946|/choose move heatwave mega, pass' [70 bytes]
DEBUG:websockets.client:< TEXT '>battle-gen9championsvgc2026regma-1946\n|\n|t:|...nyDay|[upkeep]\n|upkeep' [548 bytes]
DEBUG:websockets.client:< TEXT '>battle-gen9championsvgc2026regma-1946\n|\n|t:|...nyDay|[upkeep]\n|upkeep' [548 bytes]
DEBUG:websockets.client:< TEXT '>battle-gen9championsvgc2026regma-1946\n|reques...ng":false}]},"rqid":16}' [1388 bytes]
DEBUG:websockets.client:< TEXT '>battle-gen9championsvgc2026regma-1946\n|reques...Cancel":true,"rqid":17}' [1480 bytes]
DEBUG:vgc_base:forceSwitch [battle-gen9championsvgc2026regma-1946] force=[True, True] → /choose switch Whimsicott / /choose switch Basculegion
DEBUG:websockets.client:> TEXT 'battle-gen9championsvgc2026regma-1946|/choose s...ott, switch Basculegion' [83 bytes]
DEBUG:websockets.client:< TEXT '>battle-gen9championsvgc2026regma-1946\n|\n|t:|...L50, M|100/100\n|turn|5' [167 bytes]
DEBUG:websockets.client:< TEXT '>battle-gen9championsvgc2026regma-1946\n|\n|t:|...L50, M|197/197\n|turn|5' [167 bytes]
DEBUG:websockets.client:< TEXT '>battle-gen9championsvgc2026regma-1946\n|reques...ng":false}]},"rqid":18}' [2166 bytes]
DEBUG:websockets.client:< TEXT '>battle-gen9championsvgc2026regma-1946\n|reques...ng":false}]},"rqid":19}' [2211 bytes]
INFO:player:Turn 5 [battle-gen9championsvgc2026regma-1946] value head win-prob: 0.003  (losing)
DEBUG:live_vgc_base:Turn 5 [battle-gen9championsvgc2026regma-1946] a0=0 a1=0 src=model opp_splice=on
DEBUG:vgc_base:_safe_order: action 0 slot 1 → None, scanning legal actions.
DEBUG:vgc_base:_safe_order: slot 1 has no decodable legal action — sending Pass.
DEBUG:websockets.client:> TEXT 'battle-gen9championsvgc2026regma-1946|/choose move heatwave, pass' [65 bytes]
DEBUG:vgc_base:Turn 5 [battle-gen9championsvgc2026regma-1946] a0=6 a1=3 src=heuristic g0=0 g1=0
DEBUG:websockets.client:> TEXT 'battle-gen9championsvgc2026regma-1946|/choose m...ast 1, move wavecrash 1' [80 bytes]
DEBUG:websockets.client:< TEXT '>battle-gen9championsvgc2026regma-1946\n|\n|t:|...Recoil\n|\n|win|OPheur3' [663 bytes]
DEBUG:websockets.client:< TEXT '>battle-gen9championsvgc2026regma-1946\n|\n|t:|...Recoil\n|\n|win|OPheur3' [665 bytes]
DEBUG:websockets.client:< TEXT '|updatesearch|{"searching":[],"games":{"battle-... 2026 Reg M-A Battle"}}' [124 bytes]
INFO:vgc_base:Battle battle-gen9championsvgc2026regma-1946 finished — outcome: LOSS  (W/L/D so far: 0/2/0)
DEBUG:websockets.client:> TEXT '|/leave battle-gen9championsvgc2026regma-1946' [45 bytes]
DEBUG:websockets.client:< TEXT '|updatesearch|{"searching":[],"games":{"battle-... 2026 Reg M-A Battle"}}' [124 bytes]
DEBUG:websockets.client:> TEXT 'battle-gen9championsvgc2026regma-1947|/rejectopenteamsheets' [59 bytes]
INFO:vgc_base:Battle battle-gen9championsvgc2026regma-1946 finished — outcome: WIN  (W/L/D so far: 2/0/0)
DEBUG:websockets.client:> TEXT '|/leave battle-gen9championsvgc2026regma-1946' [45 bytes]
DEBUG:websockets.client:> TEXT '|/utm Sneasler||whiteherb|unburden|fakeout,dire...Naive|32,2,,,,32||||50|' [550 bytes]
DEBUG:websockets.client:> TEXT '|/challenge opheur3, gen9championsvgc2026regma' [46 bytes]
DEBUG:websockets.client:> TEXT 'battle-gen9championsvgc2026regma-1947|/rejectopenteamsheets' [59 bytes]
DEBUG:websockets.client:< TEXT '>battle-gen9championsvgc2026regma-1946\n|deinit' [46 bytes]
DEBUG:websockets.client:< TEXT '>battle-gen9championsvgc2026regma-1946\n|l|☆BC3' [48 bytes]
DEBUG:websockets.client:< TEXT '>battle-gen9championsvgc2026regma-1947\n|uhtmlchange|otsrequest|' [63 bytes]
DEBUG:websockets.client:< TEXT '>battle-gen9championsvgc2026regma-1947\nBC3 rejected open team sheets.' [69 bytes]
DEBUG:websockets.client:< TEXT '>battle-gen9championsvgc2026regma-1947\n|uhtmlchange|otsrequest|' [63 bytes]
DEBUG:websockets.client:< TEXT '>battle-gen9championsvgc2026regma-1947\nBC3 rejected open team sheets.' [69 bytes]
DEBUG:websockets.client:< TEXT '>battle-gen9championsvgc2026regma-1946\n|deinit' [46 bytes]
DEBUG:websockets.client:< TEXT '>battle-gen9championsvgc2026regma-1947\n|uhtmlchange|otsrequest|' [63 bytes]
DEBUG:websockets.client:< TEXT '>battle-gen9championsvgc2026regma-1947\n|uhtmlchange|otsrequest|' [63 bytes]
DEBUG:websockets.client:< TEXT '>battle-gen9championsvgc2026regma-1947\nOPheur3...ected open team sheets.' [73 bytes]
DEBUG:websockets.client:< TEXT '>battle-gen9championsvgc2026regma-1947\nOPheur3...ected open team sheets.' [73 bytes]
INFO:player:Team-preview [battle-gen9championsvgc2026regma-1947] NET drove: bring=['whimsicott', 'zoroarkhisui', 'ditto', 'charizardmegay'] leads=['whimsicott', 'zoroarkhisui'] (vs opp ['sneasler', 'charizard', 'whimsicott', 'basculegion', 'zoroarkhisui', 'ditto'])
INFO:vgc_base:Teampreview [battle-gen9championsvgc2026regma-1947] → /team 3562  (whimsicott, zoroarkhisui, ditto, charizardmegay)
DEBUG:websockets.client:> TEXT 'battle-gen9championsvgc2026regma-1947|/team 3562' [48 bytes]
DEBUG:vgc_base:Teampreview: first-4 roster order → ['sneasler', 'charizardmegay', 'whimsicott', 'basculegion']
INFO:vgc_base:Teampreview [battle-gen9championsvgc2026regma-1947] → /team 1234  (sneasler, charizardmegay, whimsicott, basculegion)
DEBUG:websockets.client:> TEXT 'battle-gen9championsvgc2026regma-1947|/team 1234' [48 bytes]
DEBUG:websockets.client:< TEXT '|pm| BC3| OPheur3|/challenge gen9championsvgc20...hampionsvgc2026regma|||' [83 bytes]
DEBUG:websockets.client:< TEXT '|pm| BC3| OPheur3|/challenge gen9championsvgc20...hampionsvgc2026regma|||' [83 bytes]
DEBUG:websockets.client:< TEXT '|pm| BC3| OPheur3|/log BC3 wants to battle!' [43 bytes]
DEBUG:websockets.client:< TEXT '|pm| BC3| OPheur3|/log BC3 wants to battle!' [43 bytes]
DEBUG:websockets.client:> TEXT '|/utm Sneasler||whiteherb|unburden|fakeout,dire...Naive|32,2,,,,32||||50|' [550 bytes]
DEBUG:websockets.client:> TEXT '|/accept bc3' [12 bytes]
DEBUG:websockets.client:< TEXT '>battle-gen9championsvgc2026regma-1947\n|\n|t:|...L50, M|100/100\n|turn|1' [321 bytes]
DEBUG:websockets.client:< TEXT '>battle-gen9championsvgc2026regma-1947\n|\n|t:|...L50, M|168/168\n|turn|1' [321 bytes]
DEBUG:websockets.client:< TEXT '>battle-gen9championsvgc2026regma-1947\n|reques...ing":false}]},"rqid":4}' [2167 bytes]
DEBUG:websockets.client:< TEXT '>battle-gen9championsvgc2026regma-1947\n|reques...ing":false}]},"rqid":5}' [2236 bytes]
DEBUG:websockets.client:< TEXT '|pm| OPheur3| BC3|/challenge' [28 bytes]
DEBUG:websockets.client:< TEXT '|updatesearch|{"searching":[],"games":{"battle-... 2026 Reg M-A Battle"}}' [124 bytes]
DEBUG:websockets.client:< TEXT '|updatesearch|{"searching":[],"games":{"battle-... 2026 Reg M-A Battle"}}' [208 bytes]
DEBUG:vgc_base:Turn 1 [battle-gen9championsvgc2026regma-1947] a0=3 a1=0 src=heuristic g0=0 g1=0
DEBUG:websockets.client:> TEXT 'battle-gen9championsvgc2026regma-1947|/choose m...reclaw 1, move heatwave' [76 bytes]
INFO:player:Turn 1 [battle-gen9championsvgc2026regma-1947] value head win-prob: 0.351  (losing)
DEBUG:live_vgc_base:Turn 1 [battle-gen9championsvgc2026regma-1947] a0=0 a1=9 src=model opp_splice=on
DEBUG:websockets.client:> TEXT 'battle-gen9championsvgc2026regma-1947|/choose move encore 1, move icywind' [73 bytes]
DEBUG:websockets.client:< TEXT '|pm| OPheur3| BC3|/challenge' [28 bytes]
DEBUG:websockets.client:< TEXT '|updatesearch|{"searching":[],"games":{"battle-... 2026 Reg M-A Battle"}}' [208 bytes]
DEBUG:websockets.client:< TEXT '|updatesearch|{"searching":[],"games":{"battle-... 2026 Reg M-A Battle"}}' [124 bytes]
DEBUG:websockets.client:< TEXT '|updatesearch|{"searching":[],"games":{"battle-... 2026 Reg M-A Battle"}}' [208 bytes]
DEBUG:websockets.client:< TEXT '|updatesearch|{"searching":[],"games":{"battle-... 2026 Reg M-A Battle"}}' [208 bytes]
DEBUG:websockets.client:< TEXT '>battle-gen9championsvgc2026regma-1948\n|init|b... vs. OPheur3\n|j|☆BC3\n' [85 bytes]
DEBUG:websockets.client:< TEXT '>battle-gen9championsvgc2026regma-1948\n|j|☆OPheur3' [52 bytes]
DEBUG:websockets.client:< TEXT '|pm| OPheur3| BC3|/nonotify OPheur3 accepted th...26regma-1948</a>&raquo;' [173 bytes]
DEBUG:websockets.client:< TEXT '>battle-gen9championsvgc2026regma-1948\n|t:|1781646849\n|gametype|doubles' [71 bytes]
DEBUG:websockets.client:< TEXT '>battle-gen9championsvgc2026regma-1948\n|player|p1|BC3|169|' [58 bytes]
DEBUG:websockets.client:< TEXT '>battle-gen9championsvgc2026regma-1948\n|player...heets</strong></button>' [855 bytes]
DEBUG:websockets.client:< TEXT '>battle-gen9championsvgc2026regma-1948\n|reques...ing":false}]},"rqid":2}' [2093 bytes]
DEBUG:websockets.client:< TEXT '>battle-gen9championsvgc2026regma-1948\n|init|b...n|j|☆BC3\n|j|☆OPheur3\n' [99 bytes]
DEBUG:websockets.client:< TEXT '|pm| OPheur3| BC3|/nonotify OPheur3 accepted th...26regma-1948</a>&raquo;' [173 bytes]
DEBUG:websockets.client:< TEXT '>battle-gen9championsvgc2026regma-1948\n|t:|1781646849\n|gametype|doubles' [71 bytes]
DEBUG:websockets.client:< TEXT '>battle-gen9championsvgc2026regma-1948\n|player|p1|BC3|169|' [58 bytes]
DEBUG:websockets.client:< TEXT '>battle-gen9championsvgc2026regma-1948\n|player...heets</strong></button>' [855 bytes]
DEBUG:websockets.client:< TEXT '>battle-gen9championsvgc2026regma-1948\n|reques...ing":false}]},"rqid":3}' [2097 bytes]
DEBUG:websockets.client:< TEXT '>battle-gen9championsvgc2026regma-1947\n|\n|t:|...rk|Illusion\n|\n|upkeep' [566 bytes]
DEBUG:websockets.client:< TEXT '>battle-gen9championsvgc2026regma-1947\n|\n|t:|...rk|Illusion\n|\n|upkeep' [567 bytes]
DEBUG:websockets.client:< TEXT '>battle-gen9championsvgc2026regma-1947\n|reques...ing":false}]},"rqid":7}' [1462 bytes]
DEBUG:websockets.client:< TEXT '>battle-gen9championsvgc2026regma-1947\n|reques...oCancel":true,"rqid":6}' [1420 bytes]
DEBUG:vgc_base:switchDIAG [battle-gen9championsvgc2026regma-1947] turn=1 slot=0 ctx=replacement chosen=ditto#720 in_active_set=False active=['None', 'zoroarkhisui#352(act=True,fnt=False)'] own_bench=['charizard#9248', 'ditto#720'] available_switches=[['ditto', 'charizard'], ['ditto', 'charizard']] request={'p1: Whimsicott': (True, True), 'p1: Zoroark': (True, False), 'p1: Ditto': (False, False), 'p1: Charizard': (False, False)}
DEBUG:live_vgc_base:forceSwitch forced_switch_model [battle-gen9championsvgc2026regma-1947] turn 1 a0=13 a1=None opp_splice=on
DEBUG:websockets.client:> TEXT 'battle-gen9championsvgc2026regma-1947|/choose switch 3, pass' [60 bytes]
DEBUG:websockets.client:< TEXT '>battle-gen9championsvgc2026regma-1947\n|\n|t:|...lity: Imposter\n|turn|2' [164 bytes]
DEBUG:websockets.client:< TEXT '>battle-gen9championsvgc2026regma-1947\n|\n|t:|...lity: Imposter\n|turn|2' [164 bytes]
DEBUG:websockets.client:< TEXT '>battle-gen9championsvgc2026regma-1947\n|reques...ing":false}]},"rqid":8}' [2198 bytes]
DEBUG:websockets.client:< TEXT '>battle-gen9championsvgc2026regma-1947\n|reques...ing":false}]},"rqid":9}' [2235 bytes]
INFO:player:Turn 2 [battle-gen9championsvgc2026regma-1947] value head win-prob: 0.181  (losing)
DEBUG:live_vgc_base:Turn 2 [battle-gen9championsvgc2026regma-1947] a0=0 a1=9 src=model opp_splice=on
DEBUG:websockets.client:> TEXT 'battle-gen9championsvgc2026regma-1947|/choose move heatwave, move icywind' [73 bytes]
DEBUG:vgc_base:Turn 2 [battle-gen9championsvgc2026regma-1947] a0=3 a1=10 src=heuristic g0=0 g1=0
DEBUG:websockets.client:> TEXT 'battle-gen9championsvgc2026regma-1947|/choose m...law 1, move solarbeam 2' [79 bytes]
DEBUG:websockets.client:< TEXT '>battle-gen9championsvgc2026regma-1947\n|\n|t:|...] psn\n|upkeep\n|turn|3' [692 bytes]
DEBUG:websockets.client:< TEXT '>battle-gen9championsvgc2026regma-1947\n|\n|t:|...] psn\n|upkeep\n|turn|3' [694 bytes]
DEBUG:websockets.client:< TEXT '>battle-gen9championsvgc2026regma-1947\n|reques...ng":false}]},"rqid":10}' [2202 bytes]
DEBUG:websockets.client:< TEXT '>battle-gen9championsvgc2026regma-1947\n|reques...ng":false}]},"rqid":11}' [1887 bytes]
DEBUG:vgc_base:Turn 3 [battle-gen9championsvgc2026regma-1947] a0=3 a1=10 src=heuristic g0=0 g1=0
DEBUG:websockets.client:> TEXT 'battle-gen9championsvgc2026regma-1947|/choose m...law 1, move solarbeam 2' [79 bytes]
INFO:player:Turn 3 [battle-gen9championsvgc2026regma-1947] value head win-prob: 0.270  (losing)
DEBUG:live_vgc_base:Turn 3 [battle-gen9championsvgc2026regma-1947] a0=0 a1=9 src=model opp_splice=on
DEBUG:websockets.client:> TEXT 'battle-gen9championsvgc2026regma-1947|/choose move heatwave, move icywind' [73 bytes]
DEBUG:websockets.client:< TEXT '>battle-gen9championsvgc2026regma-1947\n|\n|t:|...1b: Zoroark\n|\n|upkeep' [442 bytes]
DEBUG:websockets.client:< TEXT '>battle-gen9championsvgc2026regma-1947\n|\n|t:|...1b: Zoroark\n|\n|upkeep' [442 bytes]
DEBUG:websockets.client:< TEXT '>battle-gen9championsvgc2026regma-1947\n|reques...Cancel":true,"rqid":12}' [1417 bytes]
DEBUG:websockets.client:< TEXT '>battle-gen9championsvgc2026regma-1947\n|reques...ng":false}]},"rqid":13}' [1452 bytes]
DEBUG:vgc_base:switchDIAG [battle-gen9championsvgc2026regma-1947] turn=3 slot=0 ctx=replacement chosen=charizard#9248 in_active_set=False active=['None', 'None'] own_bench=['charizard#9248'] available_switches=[['charizard'], ['charizard']] request={'p1: Ditto': (True, True), 'p1: Zoroark': (True, True), 'p1: Whimsicott': (False, True), 'p1: Charizard': (False, False)}
DEBUG:live_vgc_base:forceSwitch forced_switch_model [battle-gen9championsvgc2026regma-1947] turn 3 a0=12 a1=None opp_splice=on
DEBUG:websockets.client:> TEXT 'battle-gen9championsvgc2026regma-1947|/choose switch 4, pass' [60 bytes]
DEBUG:websockets.client:< TEXT '>battle-gen9championsvgc2026regma-1947\n|\n|t:|...L50, F|168/168\n|turn|4' [112 bytes]
DEBUG:websockets.client:< TEXT '>battle-gen9championsvgc2026regma-1947\n|\n|t:|...L50, F|100/100\n|turn|4' [112 bytes]
DEBUG:websockets.client:< TEXT '>battle-gen9championsvgc2026regma-1947\n|reques...ng":false}]},"rqid":14}' [2183 bytes]
DEBUG:websockets.client:< TEXT '>battle-gen9championsvgc2026regma-1947\n|reques...ng":false}]},"rqid":15}' [2225 bytes]
DEBUG:vgc_base:Turn 4 [battle-gen9championsvgc2026regma-1947] a0=3 a1=0 src=heuristic g0=0 g1=0
DEBUG:websockets.client:> TEXT 'battle-gen9championsvgc2026regma-1947|/choose m...reclaw 1, move heatwave' [76 bytes]
INFO:player:Turn 4 [battle-gen9championsvgc2026regma-1947] value head win-prob: 0.045  (losing)
DEBUG:live_vgc_base:Turn 4 [battle-gen9championsvgc2026regma-1947] a0=0 a1=0 src=model opp_splice=on
DEBUG:vgc_base:_safe_order: action 0 slot 1 → None, scanning legal actions.
DEBUG:vgc_base:_safe_order: slot 1 has no decodable legal action — sending Pass.
DEBUG:websockets.client:> TEXT 'battle-gen9championsvgc2026regma-1947|/choose move heatwave mega, pass' [70 bytes]
DEBUG:websockets.client:< TEXT '>battle-gen9championsvgc2026regma-1947\n|\n|t:|...nyDay|[upkeep]\n|upkeep' [527 bytes]
DEBUG:websockets.client:< TEXT '>battle-gen9championsvgc2026regma-1947\n|\n|t:|...nyDay|[upkeep]\n|upkeep' [527 bytes]
DEBUG:websockets.client:< TEXT '>battle-gen9championsvgc2026regma-1947\n|reques...Cancel":true,"rqid":17}' [1480 bytes]
DEBUG:websockets.client:< TEXT '>battle-gen9championsvgc2026regma-1947\n|reques...ng":false}]},"rqid":16}' [1388 bytes]
DEBUG:vgc_base:forceSwitch [battle-gen9championsvgc2026regma-1947] force=[True, True] → /choose switch Basculegion / /choose switch Whimsicott
DEBUG:websockets.client:> TEXT 'battle-gen9championsvgc2026regma-1947|/choose s...gion, switch Whimsicott' [83 bytes]
DEBUG:websockets.client:< TEXT '>battle-gen9championsvgc2026regma-1947\n|\n|t:|...L50, M|100/100\n|turn|5' [167 bytes]
DEBUG:websockets.client:< TEXT '>battle-gen9championsvgc2026regma-1947\n|\n|t:|...L50, M|137/137\n|turn|5' [167 bytes]
DEBUG:websockets.client:< TEXT '>battle-gen9championsvgc2026regma-1947\n|reques...ng":false}]},"rqid":18}' [2166 bytes]
DEBUG:websockets.client:< TEXT '>battle-gen9championsvgc2026regma-1947\n|reques...ng":false}]},"rqid":19}' [2211 bytes]
INFO:player:Turn 5 [battle-gen9championsvgc2026regma-1947] value head win-prob: 0.003  (losing)
DEBUG:live_vgc_base:Turn 5 [battle-gen9championsvgc2026regma-1947] a0=0 a1=0 src=model opp_splice=on
DEBUG:vgc_base:_safe_order: action 0 slot 1 → None, scanning legal actions.
DEBUG:vgc_base:_safe_order: slot 1 has no decodable legal action — sending Pass.
DEBUG:websockets.client:> TEXT 'battle-gen9championsvgc2026regma-1947|/choose move heatwave, pass' [65 bytes]
DEBUG:vgc_base:Turn 5 [battle-gen9championsvgc2026regma-1947] a0=3 a1=6 src=heuristic g0=0 g1=0
DEBUG:websockets.client:> TEXT 'battle-gen9championsvgc2026regma-1947|/choose m...ash 1, move moonblast 1' [80 bytes]
DEBUG:websockets.client:< TEXT '>battle-gen9championsvgc2026regma-1947\n|\n|t:|...Recoil\n|\n|win|OPheur3' [663 bytes]
DEBUG:websockets.client:< TEXT '>battle-gen9championsvgc2026regma-1947\n|\n|t:|...Recoil\n|\n|win|OPheur3' [665 bytes]
DEBUG:websockets.client:< TEXT '|updatesearch|{"searching":[],"games":{"battle-... 2026 Reg M-A Battle"}}' [124 bytes]
INFO:vgc_base:Battle battle-gen9championsvgc2026regma-1947 finished — outcome: LOSS  (W/L/D so far: 0/3/0)
DEBUG:websockets.client:> TEXT '|/leave battle-gen9championsvgc2026regma-1947' [45 bytes]
DEBUG:websockets.client:< TEXT '|updatesearch|{"searching":[],"games":{"battle-... 2026 Reg M-A Battle"}}' [124 bytes]
DEBUG:websockets.client:> TEXT 'battle-gen9championsvgc2026regma-1948|/rejectopenteamsheets' [59 bytes]
INFO:vgc_base:Battle battle-gen9championsvgc2026regma-1947 finished — outcome: WIN  (W/L/D so far: 3/0/0)
DEBUG:websockets.client:> TEXT '|/leave battle-gen9championsvgc2026regma-1947' [45 bytes]
DEBUG:websockets.client:> TEXT '|/utm Sneasler||whiteherb|unburden|fakeout,dire...Naive|32,2,,,,32||||50|' [550 bytes]
DEBUG:websockets.client:> TEXT '|/challenge opheur3, gen9championsvgc2026regma' [46 bytes]
DEBUG:websockets.client:> TEXT 'battle-gen9championsvgc2026regma-1948|/rejectopenteamsheets' [59 bytes]
DEBUG:websockets.client:< TEXT '>battle-gen9championsvgc2026regma-1947\n|deinit' [46 bytes]
DEBUG:websockets.client:< TEXT '>battle-gen9championsvgc2026regma-1947\n|l|☆BC3' [48 bytes]
DEBUG:websockets.client:< TEXT '>battle-gen9championsvgc2026regma-1948\n|uhtmlchange|otsrequest|' [63 bytes]
DEBUG:websockets.client:< TEXT '>battle-gen9championsvgc2026regma-1948\nBC3 rejected open team sheets.' [69 bytes]
DEBUG:websockets.client:< TEXT '>battle-gen9championsvgc2026regma-1948\n|uhtmlchange|otsrequest|' [63 bytes]
DEBUG:websockets.client:< TEXT '>battle-gen9championsvgc2026regma-1948\nBC3 rejected open team sheets.' [69 bytes]
DEBUG:websockets.client:< TEXT '>battle-gen9championsvgc2026regma-1947\n|deinit' [46 bytes]
DEBUG:websockets.client:< TEXT '>battle-gen9championsvgc2026regma-1948\n|uhtmlchange|otsrequest|' [63 bytes]
DEBUG:websockets.client:< TEXT '>battle-gen9championsvgc2026regma-1948\n|uhtmlchange|otsrequest|' [63 bytes]
DEBUG:websockets.client:< TEXT '>battle-gen9championsvgc2026regma-1948\nOPheur3...ected open team sheets.' [73 bytes]
DEBUG:websockets.client:< TEXT '>battle-gen9championsvgc2026regma-1948\nOPheur3...ected open team sheets.' [73 bytes]
INFO:player:Team-preview [battle-gen9championsvgc2026regma-1948] NET drove: bring=['whimsicott', 'zoroarkhisui', 'ditto', 'charizardmegay'] leads=['whimsicott', 'zoroarkhisui'] (vs opp ['sneasler', 'charizard', 'whimsicott', 'basculegion', 'zoroarkhisui', 'ditto'])
INFO:vgc_base:Teampreview [battle-gen9championsvgc2026regma-1948] → /team 3562  (whimsicott, zoroarkhisui, ditto, charizardmegay)
DEBUG:websockets.client:> TEXT 'battle-gen9championsvgc2026regma-1948|/team 3562' [48 bytes]
DEBUG:vgc_base:Teampreview: first-4 roster order → ['sneasler', 'charizardmegay', 'whimsicott', 'basculegion']
INFO:vgc_base:Teampreview [battle-gen9championsvgc2026regma-1948] → /team 1234  (sneasler, charizardmegay, whimsicott, basculegion)
DEBUG:websockets.client:> TEXT 'battle-gen9championsvgc2026regma-1948|/team 1234' [48 bytes]
DEBUG:websockets.client:< TEXT '|pm| BC3| OPheur3|/challenge gen9championsvgc20...hampionsvgc2026regma|||' [83 bytes]
DEBUG:websockets.client:< TEXT '|pm| BC3| OPheur3|/challenge gen9championsvgc20...hampionsvgc2026regma|||' [83 bytes]
DEBUG:websockets.client:< TEXT '|pm| BC3| OPheur3|/log BC3 wants to battle!' [43 bytes]
DEBUG:websockets.client:< TEXT '|pm| BC3| OPheur3|/log BC3 wants to battle!' [43 bytes]
DEBUG:websockets.client:> TEXT '|/utm Sneasler||whiteherb|unburden|fakeout,dire...Naive|32,2,,,,32||||50|' [550 bytes]
DEBUG:websockets.client:> TEXT '|/accept bc3' [12 bytes]
DEBUG:websockets.client:< TEXT '>battle-gen9championsvgc2026regma-1948\n|\n|t:|...L50, F|100/100\n|turn|1' [321 bytes]
DEBUG:websockets.client:< TEXT '>battle-gen9championsvgc2026regma-1948\n|\n|t:|...L50, F|168/168\n|turn|1' [321 bytes]
DEBUG:websockets.client:< TEXT '>battle-gen9championsvgc2026regma-1948\n|reques...ing":false}]},"rqid":5}' [2236 bytes]
DEBUG:websockets.client:< TEXT '>battle-gen9championsvgc2026regma-1948\n|reques...ing":false}]},"rqid":4}' [2167 bytes]
DEBUG:websockets.client:< TEXT '|pm| OPheur3| BC3|/challenge' [28 bytes]
DEBUG:vgc_base:Turn 1 [battle-gen9championsvgc2026regma-1948] a0=3 a1=0 src=heuristic g0=0 g1=0
DEBUG:websockets.client:> TEXT 'battle-gen9championsvgc2026regma-1948|/choose m...reclaw 1, move heatwave' [76 bytes]
DEBUG:websockets.client:< TEXT '|pm| OPheur3| BC3|/challenge' [28 bytes]
DEBUG:websockets.client:< TEXT '|updatesearch|{"searching":[],"games":{"battle-... 2026 Reg M-A Battle"}}' [124 bytes]
DEBUG:websockets.client:< TEXT '|updatesearch|{"searching":[],"games":{"battle-... 2026 Reg M-A Battle"}}' [124 bytes]
DEBUG:websockets.client:< TEXT '|updatesearch|{"searching":[],"games":{"battle-... 2026 Reg M-A Battle"}}' [208 bytes]
DEBUG:websockets.client:< TEXT '|updatesearch|{"searching":[],"games":{"battle-... 2026 Reg M-A Battle"}}' [208 bytes]
DEBUG:websockets.client:< TEXT '|updatesearch|{"searching":[],"games":{"battle-... 2026 Reg M-A Battle"}}' [208 bytes]
DEBUG:websockets.client:< TEXT '|updatesearch|{"searching":[],"games":{"battle-... 2026 Reg M-A Battle"}}' [208 bytes]
DEBUG:websockets.client:< TEXT '>battle-gen9championsvgc2026regma-1949\n|init|b... vs. OPheur3\n|j|☆BC3\n' [85 bytes]
DEBUG:websockets.client:< TEXT '>battle-gen9championsvgc2026regma-1949\n|j|☆OPheur3' [52 bytes]
DEBUG:websockets.client:< TEXT '|pm| OPheur3| BC3|/nonotify OPheur3 accepted th...26regma-1949</a>&raquo;' [173 bytes]
DEBUG:websockets.client:< TEXT '>battle-gen9championsvgc2026regma-1949\n|t:|1781646849\n|gametype|doubles' [71 bytes]
DEBUG:websockets.client:< TEXT '>battle-gen9championsvgc2026regma-1949\n|player|p1|BC3|169|' [58 bytes]
DEBUG:websockets.client:< TEXT '>battle-gen9championsvgc2026regma-1949\n|player...heets</strong></button>' [855 bytes]
DEBUG:websockets.client:< TEXT '>battle-gen9championsvgc2026regma-1949\n|reques...ing":false}]},"rqid":2}' [2093 bytes]
INFO:player:Turn 1 [battle-gen9championsvgc2026regma-1948] value head win-prob: 0.351  (losing)
DEBUG:live_vgc_base:Turn 1 [battle-gen9championsvgc2026regma-1948] a0=0 a1=9 src=model opp_splice=on
DEBUG:websockets.client:> TEXT 'battle-gen9championsvgc2026regma-1948|/choose move encore 1, move icywind' [73 bytes]
DEBUG:websockets.client:< TEXT '>battle-gen9championsvgc2026regma-1949\n|init|b...n|j|☆BC3\n|j|☆OPheur3\n' [99 bytes]
DEBUG:websockets.client:< TEXT '|pm| OPheur3| BC3|/nonotify OPheur3 accepted th...26regma-1949</a>&raquo;' [173 bytes]
DEBUG:websockets.client:< TEXT '>battle-gen9championsvgc2026regma-1949\n|t:|1781646849\n|gametype|doubles' [71 bytes]
DEBUG:websockets.client:< TEXT '>battle-gen9championsvgc2026regma-1949\n|player|p1|BC3|169|' [58 bytes]
DEBUG:websockets.client:< TEXT '>battle-gen9championsvgc2026regma-1949\n|player...heets</strong></button>' [855 bytes]
DEBUG:websockets.client:< TEXT '>battle-gen9championsvgc2026regma-1949\n|reques...ing":false}]},"rqid":3}' [2097 bytes]
DEBUG:websockets.client:< TEXT '>battle-gen9championsvgc2026regma-1948\n|\n|t:|...: Charizard\n|\n|upkeep' [613 bytes]
DEBUG:websockets.client:< TEXT '>battle-gen9championsvgc2026regma-1948\n|\n|t:|...: Charizard\n|\n|upkeep' [615 bytes]
DEBUG:websockets.client:< TEXT '>battle-gen9championsvgc2026regma-1948\n|reques...oCancel":true,"rqid":6}' [1421 bytes]
DEBUG:websockets.client:< TEXT '>battle-gen9championsvgc2026regma-1948\n|reques...ing":false}]},"rqid":7}' [1453 bytes]
DEBUG:vgc_base:switchDIAG [battle-gen9championsvgc2026regma-1948] turn=1 slot=0 ctx=replacement chosen=ditto#7328 in_active_set=False active=['None', 'zoroarkhisui#6960(act=True,fnt=False)'] own_bench=['charizard#5856', 'ditto#7328'] available_switches=[['ditto', 'charizard'], ['ditto', 'charizard']] request={'p1: Whimsicott': (True, True), 'p1: Zoroark': (True, False), 'p1: Ditto': (False, False), 'p1: Charizard': (False, False)}
DEBUG:live_vgc_base:forceSwitch forced_switch_model [battle-gen9championsvgc2026regma-1948] turn 1 a0=13 a1=None opp_splice=on
DEBUG:websockets.client:> TEXT 'battle-gen9championsvgc2026regma-1948|/choose switch 3, pass' [60 bytes]
DEBUG:websockets.client:< TEXT '>battle-gen9championsvgc2026regma-1948\n|\n|t:|...lity: Imposter\n|turn|2' [164 bytes]
DEBUG:websockets.client:< TEXT '>battle-gen9championsvgc2026regma-1948\n|\n|t:|...lity: Imposter\n|turn|2' [164 bytes]
DEBUG:websockets.client:< TEXT '>battle-gen9championsvgc2026regma-1948\n|reques...ing":false}]},"rqid":8}' [2199 bytes]
DEBUG:websockets.client:< TEXT '>battle-gen9championsvgc2026regma-1948\n|reques...ing":false}]},"rqid":9}' [2226 bytes]
INFO:player:Turn 2 [battle-gen9championsvgc2026regma-1948] value head win-prob: 0.362  (losing)
DEBUG:live_vgc_base:Turn 2 [battle-gen9championsvgc2026regma-1948] a0=0 a1=9 src=model opp_splice=on
DEBUG:websockets.client:> TEXT 'battle-gen9championsvgc2026regma-1948|/choose move heatwave, move icywind' [73 bytes]
DEBUG:vgc_base:Turn 2 [battle-gen9championsvgc2026regma-1948] a0=3 a1=0 src=heuristic g0=0 g1=0
DEBUG:websockets.client:> TEXT 'battle-gen9championsvgc2026regma-1948|/choose m...reclaw 1, move heatwave' [76 bytes]
DEBUG:websockets.client:< TEXT '>battle-gen9championsvgc2026regma-1948\n|\n|t:|...on\n|\n|upkeep\n|turn|3' [591 bytes]
DEBUG:websockets.client:< TEXT '>battle-gen9championsvgc2026regma-1948\n|\n|t:|...on\n|\n|upkeep\n|turn|3' [592 bytes]
DEBUG:websockets.client:< TEXT '>battle-gen9championsvgc2026regma-1948\n|reques...ng":false}]},"rqid":10}' [2202 bytes]
DEBUG:websockets.client:< TEXT '>battle-gen9championsvgc2026regma-1948\n|reques...ng":false}]},"rqid":11}' [2226 bytes]
DEBUG:vgc_base:Turn 3 [battle-gen9championsvgc2026regma-1948] a0=3 a1=10 src=heuristic g0=0 g1=0
DEBUG:websockets.client:> TEXT 'battle-gen9championsvgc2026regma-1948|/choose m...law 1, move solarbeam 2' [79 bytes]
INFO:player:Turn 3 [battle-gen9championsvgc2026regma-1948] value head win-prob: 0.036  (losing)
DEBUG:live_vgc_base:Turn 3 [battle-gen9championsvgc2026regma-1948] a0=0 a1=9 src=model opp_splice=on
DEBUG:websockets.client:> TEXT 'battle-gen9championsvgc2026regma-1948|/choose move heatwave, move icywind' [73 bytes]
DEBUG:websockets.client:< TEXT '>battle-gen9championsvgc2026regma-1948\n|\n|t:|...|Solar Beam\n|\n|upkeep' [408 bytes]
DEBUG:websockets.client:< TEXT '>battle-gen9championsvgc2026regma-1948\n|\n|t:|...|Solar Beam\n|\n|upkeep' [408 bytes]
DEBUG:websockets.client:< TEXT '>battle-gen9championsvgc2026regma-1948\n|reques...Cancel":true,"rqid":12}' [1419 bytes]
DEBUG:websockets.client:< TEXT '>battle-gen9championsvgc2026regma-1948\n|reques...ng":false}]},"rqid":13}' [1452 bytes]
DEBUG:vgc_base:switchDIAG [battle-gen9championsvgc2026regma-1948] turn=3 slot=0 ctx=replacement chosen=charizard#5856 in_active_set=False active=['None', 'zoroarkhisui#6960(act=True,fnt=False)'] own_bench=['charizard#5856'] available_switches=[['charizard'], ['charizard']] request={'p1: Ditto': (True, True), 'p1: Zoroark': (True, False), 'p1: Whimsicott': (False, True), 'p1: Charizard': (False, False)}
DEBUG:live_vgc_base:forceSwitch forced_switch_model [battle-gen9championsvgc2026regma-1948] turn 3 a0=12 a1=None opp_splice=on
DEBUG:websockets.client:> TEXT 'battle-gen9championsvgc2026regma-1948|/choose switch 4, pass' [60 bytes]
DEBUG:websockets.client:< TEXT '>battle-gen9championsvgc2026regma-1948\n|\n|t:|...L50, M|168/168\n|turn|4' [112 bytes]
DEBUG:websockets.client:< TEXT '>battle-gen9championsvgc2026regma-1948\n|\n|t:|...L50, M|100/100\n|turn|4' [112 bytes]
DEBUG:websockets.client:< TEXT '>battle-gen9championsvgc2026regma-1948\n|reques...ng":false}]},"rqid":14}' [2184 bytes]
DEBUG:websockets.client:< TEXT '>battle-gen9championsvgc2026regma-1948\n|reques...ng":false}]},"rqid":15}' [1887 bytes]
INFO:player:Turn 4 [battle-gen9championsvgc2026regma-1948] value head win-prob: 0.161  (losing)
DEBUG:live_vgc_base:Turn 4 [battle-gen9championsvgc2026regma-1948] a0=0 a1=9 src=model opp_splice=on
DEBUG:websockets.client:> TEXT 'battle-gen9championsvgc2026regma-1948|/choose m...wave mega, move icywind' [78 bytes]
DEBUG:vgc_base:Turn 4 [battle-gen9championsvgc2026regma-1948] a0=3 a1=10 src=heuristic g0=0 g1=0
DEBUG:websockets.client:> TEXT 'battle-gen9championsvgc2026regma-1948|/choose m...law 1, move solarbeam 2' [79 bytes]
DEBUG:websockets.client:< TEXT '>battle-gen9championsvgc2026regma-1948\n|\n|t:|...nyDay|[upkeep]\n|upkeep' [708 bytes]
DEBUG:websockets.client:< TEXT '>battle-gen9championsvgc2026regma-1948\n|\n|t:|...nyDay|[upkeep]\n|upkeep' [708 bytes]
DEBUG:websockets.client:< TEXT '>battle-gen9championsvgc2026regma-1948\n|reques...ng":false}]},"rqid":16}' [1389 bytes]
DEBUG:websockets.client:< TEXT '>battle-gen9championsvgc2026regma-1948\n|reques...Cancel":true,"rqid":17}' [1480 bytes]
DEBUG:vgc_base:forceSwitch [battle-gen9championsvgc2026regma-1948] force=[True, True] → /choose switch Whimsicott / /choose switch Basculegion
DEBUG:websockets.client:> TEXT 'battle-gen9championsvgc2026regma-1948|/choose s...ott, switch Basculegion' [83 bytes]
DEBUG:websockets.client:< TEXT '>battle-gen9championsvgc2026regma-1948\n|\n|t:|...L50, M|100/100\n|turn|5' [167 bytes]
DEBUG:websockets.client:< TEXT '>battle-gen9championsvgc2026regma-1948\n|\n|t:|...L50, M|197/197\n|turn|5' [167 bytes]
DEBUG:websockets.client:< TEXT '>battle-gen9championsvgc2026regma-1948\n|reques...ng":false}]},"rqid":18}' [2167 bytes]
DEBUG:websockets.client:< TEXT '>battle-gen9championsvgc2026regma-1948\n|reques...ng":false}]},"rqid":19}' [2211 bytes]
INFO:player:Turn 5 [battle-gen9championsvgc2026regma-1948] value head win-prob: 0.018  (losing)
DEBUG:live_vgc_base:Turn 5 [battle-gen9championsvgc2026regma-1948] a0=0 a1=9 src=model opp_splice=on
DEBUG:websockets.client:> TEXT 'battle-gen9championsvgc2026regma-1948|/choose move heatwave, move icywind' [73 bytes]
DEBUG:vgc_base:Turn 5 [battle-gen9championsvgc2026regma-1948] a0=7 a1=3 src=heuristic g0=0 g1=0
DEBUG:websockets.client:> TEXT 'battle-gen9championsvgc2026regma-1948|/choose m...ast 2, move wavecrash 1' [80 bytes]
DEBUG:websockets.client:< TEXT '>battle-gen9championsvgc2026regma-1948\n|\n|t:|...Recoil\n|\n|win|OPheur3' [670 bytes]
DEBUG:websockets.client:< TEXT '>battle-gen9championsvgc2026regma-1948\n|\n|t:|...Recoil\n|\n|win|OPheur3' [671 bytes]
DEBUG:websockets.client:< TEXT '|updatesearch|{"searching":[],"games":{"battle-... 2026 Reg M-A Battle"}}' [124 bytes]
INFO:vgc_base:Battle battle-gen9championsvgc2026regma-1948 finished — outcome: LOSS  (W/L/D so far: 0/4/0)
DEBUG:websockets.client:> TEXT '|/leave battle-gen9championsvgc2026regma-1948' [45 bytes]
DEBUG:websockets.client:< TEXT '|updatesearch|{"searching":[],"games":{"battle-... 2026 Reg M-A Battle"}}' [124 bytes]
DEBUG:websockets.client:> TEXT 'battle-gen9championsvgc2026regma-1949|/rejectopenteamsheets' [59 bytes]
INFO:vgc_base:Battle battle-gen9championsvgc2026regma-1948 finished — outcome: WIN  (W/L/D so far: 4/0/0)
DEBUG:websockets.client:> TEXT '|/leave battle-gen9championsvgc2026regma-1948' [45 bytes]
DEBUG:websockets.client:> TEXT 'battle-gen9championsvgc2026regma-1949|/rejectopenteamsheets' [59 bytes]
DEBUG:websockets.client:< TEXT '>battle-gen9championsvgc2026regma-1948\n|deinit' [46 bytes]
DEBUG:websockets.client:< TEXT '>battle-gen9championsvgc2026regma-1948\n|l|☆BC3' [48 bytes]
DEBUG:websockets.client:< TEXT '>battle-gen9championsvgc2026regma-1949\n|uhtmlchange|otsrequest|' [63 bytes]
DEBUG:websockets.client:< TEXT '>battle-gen9championsvgc2026regma-1949\nBC3 rejected open team sheets.' [69 bytes]
DEBUG:websockets.client:< TEXT '>battle-gen9championsvgc2026regma-1949\n|uhtmlchange|otsrequest|' [63 bytes]
DEBUG:websockets.client:< TEXT '>battle-gen9championsvgc2026regma-1949\nBC3 rejected open team sheets.' [69 bytes]
DEBUG:websockets.client:< TEXT '>battle-gen9championsvgc2026regma-1948\n|deinit' [46 bytes]
DEBUG:websockets.client:< TEXT '>battle-gen9championsvgc2026regma-1949\n|uhtmlchange|otsrequest|' [63 bytes]
DEBUG:websockets.client:< TEXT '>battle-gen9championsvgc2026regma-1949\n|uhtmlchange|otsrequest|' [63 bytes]
DEBUG:websockets.client:< TEXT '>battle-gen9championsvgc2026regma-1949\nOPheur3...ected open team sheets.' [73 bytes]
DEBUG:websockets.client:< TEXT '>battle-gen9championsvgc2026regma-1949\nOPheur3...ected open team sheets.' [73 bytes]
INFO:player:Team-preview [battle-gen9championsvgc2026regma-1949] NET drove: bring=['whimsicott', 'zoroarkhisui', 'ditto', 'charizardmegay'] leads=['whimsicott', 'zoroarkhisui'] (vs opp ['sneasler', 'charizard', 'whimsicott', 'basculegion', 'zoroarkhisui', 'ditto'])
INFO:vgc_base:Teampreview [battle-gen9championsvgc2026regma-1949] → /team 3562  (whimsicott, zoroarkhisui, ditto, charizardmegay)
DEBUG:websockets.client:> TEXT 'battle-gen9championsvgc2026regma-1949|/team 3562' [48 bytes]
DEBUG:vgc_base:Teampreview: first-4 roster order → ['sneasler', 'charizardmegay', 'whimsicott', 'basculegion']
INFO:vgc_base:Teampreview [battle-gen9championsvgc2026regma-1949] → /team 1234  (sneasler, charizardmegay, whimsicott, basculegion)
DEBUG:websockets.client:> TEXT 'battle-gen9championsvgc2026regma-1949|/team 1234' [48 bytes]
DEBUG:websockets.client:< TEXT '>battle-gen9championsvgc2026regma-1949\n|\n|t:|...L50, M|100/100\n|turn|1' [321 bytes]
DEBUG:websockets.client:< TEXT '>battle-gen9championsvgc2026regma-1949\n|\n|t:|...L50, M|168/168\n|turn|1' [321 bytes]
DEBUG:websockets.client:< TEXT '>battle-gen9championsvgc2026regma-1949\n|reques...ing":false}]},"rqid":5}' [2236 bytes]
DEBUG:websockets.client:< TEXT '>battle-gen9championsvgc2026regma-1949\n|reques...ing":false}]},"rqid":4}' [2167 bytes]
DEBUG:vgc_base:Turn 1 [battle-gen9championsvgc2026regma-1949] a0=3 a1=0 src=heuristic g0=0 g1=0
DEBUG:websockets.client:> TEXT 'battle-gen9championsvgc2026regma-1949|/choose m...reclaw 1, move heatwave' [76 bytes]
INFO:player:Turn 1 [battle-gen9championsvgc2026regma-1949] value head win-prob: 0.351  (losing)
DEBUG:live_vgc_base:Turn 1 [battle-gen9championsvgc2026regma-1949] a0=0 a1=9 src=model opp_splice=on
DEBUG:websockets.client:> TEXT 'battle-gen9championsvgc2026regma-1949|/choose move encore 1, move icywind' [73 bytes]
DEBUG:websockets.client:< TEXT '>battle-gen9championsvgc2026regma-1949\n|\n|t:|...rk|Illusion\n|\n|upkeep' [565 bytes]
DEBUG:websockets.client:< TEXT '>battle-gen9championsvgc2026regma-1949\n|\n|t:|...rk|Illusion\n|\n|upkeep' [566 bytes]
DEBUG:websockets.client:< TEXT '>battle-gen9championsvgc2026regma-1949\n|reques...oCancel":true,"rqid":6}' [1420 bytes]
DEBUG:vgc_base:switchDIAG [battle-gen9championsvgc2026regma-1949] turn=1 slot=0 ctx=replacement chosen=ditto#8624 in_active_set=False active=['None', 'zoroarkhisui#8256(act=True,fnt=False)'] own_bench=['charizard#7152', 'ditto#8624'] available_switches=[['ditto', 'charizard'], ['ditto', 'charizard']] request={'p1: Whimsicott': (True, True), 'p1: Zoroark': (True, False), 'p1: Ditto': (False, False), 'p1: Charizard': (False, False)}
DEBUG:live_vgc_base:forceSwitch forced_switch_model [battle-gen9championsvgc2026regma-1949] turn 1 a0=13 a1=None opp_splice=on
DEBUG:websockets.client:> TEXT 'battle-gen9championsvgc2026regma-1949|/choose switch 3, pass' [60 bytes]
DEBUG:websockets.client:< TEXT '>battle-gen9championsvgc2026regma-1949\n|reques...ing":false}]},"rqid":7}' [1462 bytes]
DEBUG:websockets.client:< TEXT '>battle-gen9championsvgc2026regma-1949\n|\n|t:|...lity: Imposter\n|turn|2' [164 bytes]
DEBUG:websockets.client:< TEXT '>battle-gen9championsvgc2026regma-1949\n|\n|t:|...lity: Imposter\n|turn|2' [164 bytes]
DEBUG:websockets.client:< TEXT '>battle-gen9championsvgc2026regma-1949\n|reques...ing":false}]},"rqid":8}' [2198 bytes]
DEBUG:websockets.client:< TEXT '>battle-gen9championsvgc2026regma-1949\n|reques...ing":false}]},"rqid":9}' [2235 bytes]
DEBUG:vgc_base:Turn 2 [battle-gen9championsvgc2026regma-1949] a0=3 a1=10 src=heuristic g0=0 g1=0
DEBUG:websockets.client:> TEXT 'battle-gen9championsvgc2026regma-1949|/choose m...law 1, move solarbeam 2' [79 bytes]
INFO:player:Turn 2 [battle-gen9championsvgc2026regma-1949] value head win-prob: 0.187  (losing)
DEBUG:live_vgc_base:Turn 2 [battle-gen9championsvgc2026regma-1949] a0=0 a1=9 src=model opp_splice=on
DEBUG:websockets.client:> TEXT 'battle-gen9championsvgc2026regma-1949|/choose move heatwave, move icywind' [73 bytes]
DEBUG:websockets.client:< TEXT '>battle-gen9championsvgc2026regma-1949\n|\n|t:|...am\n|\n|upkeep\n|turn|3' [597 bytes]
DEBUG:websockets.client:< TEXT '>battle-gen9championsvgc2026regma-1949\n|\n|t:|...am\n|\n|upkeep\n|turn|3' [599 bytes]
DEBUG:websockets.client:< TEXT '>battle-gen9championsvgc2026regma-1949\n|reques...ng":false}]},"rqid":10}' [2198 bytes]
DEBUG:websockets.client:< TEXT '>battle-gen9championsvgc2026regma-1949\n|reques...ng":false}]},"rqid":11}' [1888 bytes]
DEBUG:vgc_base:Turn 3 [battle-gen9championsvgc2026regma-1949] a0=3 a1=10 src=heuristic g0=0 g1=0
DEBUG:websockets.client:> TEXT 'battle-gen9championsvgc2026regma-1949|/choose m...law 1, move solarbeam 2' [79 bytes]
INFO:player:Turn 3 [battle-gen9championsvgc2026regma-1949] value head win-prob: 0.353  (losing)
DEBUG:live_vgc_base:Turn 3 [battle-gen9championsvgc2026regma-1949] a0=0 a1=9 src=model opp_splice=on
DEBUG:websockets.client:> TEXT 'battle-gen9championsvgc2026regma-1949|/choose move heatwave, move icywind' [73 bytes]
DEBUG:websockets.client:< TEXT '>battle-gen9championsvgc2026regma-1949\n|\n|t:|...1b: Zoroark\n|\n|upkeep' [442 bytes]
DEBUG:websockets.client:< TEXT '>battle-gen9championsvgc2026regma-1949\n|\n|t:|...1b: Zoroark\n|\n|upkeep' [442 bytes]
DEBUG:websockets.client:< TEXT '>battle-gen9championsvgc2026regma-1949\n|reques...Cancel":true,"rqid":12}' [1417 bytes]
DEBUG:websockets.client:< TEXT '>battle-gen9championsvgc2026regma-1949\n|reques...ng":false}]},"rqid":13}' [1452 bytes]
DEBUG:vgc_base:switchDIAG [battle-gen9championsvgc2026regma-1949] turn=3 slot=0 ctx=replacement chosen=charizard#7152 in_active_set=False active=['None', 'None'] own_bench=['charizard#7152'] available_switches=[['charizard'], ['charizard']] request={'p1: Ditto': (True, True), 'p1: Zoroark': (True, True), 'p1: Whimsicott': (False, True), 'p1: Charizard': (False, False)}
DEBUG:live_vgc_base:forceSwitch forced_switch_model [battle-gen9championsvgc2026regma-1949] turn 3 a0=12 a1=None opp_splice=on
DEBUG:websockets.client:> TEXT 'battle-gen9championsvgc2026regma-1949|/choose switch 4, pass' [60 bytes]
DEBUG:websockets.client:< TEXT '>battle-gen9championsvgc2026regma-1949\n|\n|t:|...L50, F|168/168\n|turn|4' [112 bytes]
DEBUG:websockets.client:< TEXT '>battle-gen9championsvgc2026regma-1949\n|\n|t:|...L50, F|100/100\n|turn|4' [112 bytes]
DEBUG:websockets.client:< TEXT '>battle-gen9championsvgc2026regma-1949\n|reques...ng":false}]},"rqid":14}' [2183 bytes]
DEBUG:websockets.client:< TEXT '>battle-gen9championsvgc2026regma-1949\n|reques...ng":false}]},"rqid":15}' [2225 bytes]
INFO:player:Turn 4 [battle-gen9championsvgc2026regma-1949] value head win-prob: 0.035  (losing)
DEBUG:live_vgc_base:Turn 4 [battle-gen9championsvgc2026regma-1949] a0=0 a1=0 src=model opp_splice=on
DEBUG:vgc_base:_safe_order: action 0 slot 1 → None, scanning legal actions.
DEBUG:vgc_base:_safe_order: slot 1 has no decodable legal action — sending Pass.
DEBUG:websockets.client:> TEXT 'battle-gen9championsvgc2026regma-1949|/choose move heatwave mega, pass' [70 bytes]
DEBUG:vgc_base:Turn 4 [battle-gen9championsvgc2026regma-1949] a0=3 a1=0 src=heuristic g0=0 g1=0
DEBUG:websockets.client:> TEXT 'battle-gen9championsvgc2026regma-1949|/choose m...reclaw 1, move heatwave' [76 bytes]
DEBUG:websockets.client:< TEXT '>battle-gen9championsvgc2026regma-1949\n|\n|t:|...p2b: Charizard\n|upkeep' [688 bytes]
DEBUG:websockets.client:< TEXT '>battle-gen9championsvgc2026regma-1949\n|\n|t:|...p2b: Charizard\n|upkeep' [688 bytes]
DEBUG:websockets.client:< TEXT '>battle-gen9championsvgc2026regma-1949\n|reques...ng":false}]},"rqid":16}' [1388 bytes]
DEBUG:websockets.client:< TEXT '>battle-gen9championsvgc2026regma-1949\n|reques...Cancel":true,"rqid":17}' [1481 bytes]
DEBUG:vgc_base:forceSwitch [battle-gen9championsvgc2026regma-1949] force=[True, False] → /choose switch Whimsicott / /choose pass
DEBUG:websockets.client:> TEXT 'battle-gen9championsvgc2026regma-1949|/choose switch Whimsicott, pass' [69 bytes]
DEBUG:websockets.client:< TEXT '>battle-gen9championsvgc2026regma-1949\n|\n|t:|...L50, M|100/100\n|turn|5' [114 bytes]
DEBUG:websockets.client:< TEXT '>battle-gen9championsvgc2026regma-1949\n|\n|t:|...L50, M|137/137\n|turn|5' [114 bytes]
DEBUG:websockets.client:< TEXT '>battle-gen9championsvgc2026regma-1949\n|reques...ng":false}]},"rqid":18}' [2166 bytes]
DEBUG:websockets.client:< TEXT '>battle-gen9championsvgc2026regma-1949\n|reques...ng":false}]},"rqid":19}' [2236 bytes]
INFO:player:Turn 5 [battle-gen9championsvgc2026regma-1949] value head win-prob: 0.005  (losing)
DEBUG:live_vgc_base:Turn 5 [battle-gen9championsvgc2026regma-1949] a0=0 a1=0 src=model opp_splice=on
DEBUG:vgc_base:_safe_order: action 0 slot 1 → None, scanning legal actions.
DEBUG:vgc_base:_safe_order: slot 1 has no decodable legal action — sending Pass.
DEBUG:websockets.client:> TEXT 'battle-gen9championsvgc2026regma-1949|/choose move heatwave, pass' [65 bytes]
DEBUG:vgc_base:Turn 5 [battle-gen9championsvgc2026regma-1949] a0=6 a1=0 src=heuristic g0=0 g1=0
DEBUG:websockets.client:> TEXT 'battle-gen9championsvgc2026regma-1949|/choose m...nblast 1, move heatwave' [77 bytes]
DEBUG:websockets.client:< TEXT '>battle-gen9championsvgc2026regma-1949\n|\n|t:|...rizard\n|\n|win|OPheur3' [197 bytes]
DEBUG:websockets.client:< TEXT '>battle-gen9championsvgc2026regma-1949\n|\n|t:|...rizard\n|\n|win|OPheur3' [197 bytes]
DEBUG:websockets.client:< TEXT '|updatesearch|{"searching":[],"games":null}' [43 bytes]
DEBUG:websockets.client:< TEXT '|updatesearch|{"searching":[],"games":null}' [43 bytes]
INFO:vgc_base:Battle battle-gen9championsvgc2026regma-1949 finished — outcome: LOSS  (W/L/D so far: 0/5/0)
DEBUG:websockets.client:> TEXT '|/leave battle-gen9championsvgc2026regma-1949' [45 bytes]
INFO:vgc_base:Battle battle-gen9championsvgc2026regma-1949 finished — outcome: WIN  (W/L/D so far: 5/0/0)
DEBUG:websockets.client:> TEXT '|/leave battle-gen9championsvgc2026regma-1949' [45 bytes]
DEBUG:websockets.client:< TEXT '>battle-gen9championsvgc2026regma-1949\n|deinit' [46 bytes]
DEBUG:websockets.client:< TEXT '>battle-gen9championsvgc2026regma-1949\n|l|☆BC3' [48 bytes]
DEBUG:websockets.client:< TEXT '>battle-gen9championsvgc2026regma-1949\n|deinit' [46 bytes]
DEBUG:websockets.client:> CLOSE 1000 (OK) [2 bytes]
DEBUG:websockets.client:= connection is CLOSING
DEBUG:websockets.client:< CLOSE 1000 (OK) [2 bytes]
DEBUG:websockets.client:< EOF
DEBUG:websockets.client:> EOF
DEBUG:websockets.client:= connection is CLOSED
DEBUG:websockets.client:x half-closing TCP connection
DEBUG:websockets.client:> CLOSE 1000 (OK) [2 bytes]
DEBUG:websockets.client:= connection is CLOSING
DEBUG:websockets.client:< CLOSE 1000 (OK) [2 bytes]
DEBUG:websockets.client:< EOF
DEBUG:websockets.client:> EOF
DEBUG:websockets.client:= connection is CLOSED
DEBUG:websockets.client:x half-closing TCP connection
INFO:__main__:vs heuristic: 0/5
