DEBUG:asyncio:Using proactor: IocpProactor
DEBUG:asyncio:Using proactor: IocpProactor
INFO:run_local_battle:Showdown server already running on port 8000 — skipping launch.
INFO:run_local_battle:Loaded team from D:\ShowdownProject\Victory-Dance\teams\M-A\Trickery
INFO:run_local_battle:Loaded team from D:\ShowdownProject\Victory-Dance\teams\M-A\Trickery
INFO:vgc_base:Loaded default BeliefState from D:\ShowdownProject\Victory-Dance\data\pikalytics_regma.json
INFO:player:VGCPlayer: loaded battle model from ai_train_scripts\BC_model\checkpoints_v3\bc_best.pt (heads=('our_a', 'our_b'))
INFO:player:VGCPlayer: loaded team-chooser from D:\ShowdownProject\Victory-Dance\ai_train_scripts\teamPreview_model\checkpoints\teampreview_best.pt (vocab=190)
INFO:player:VGCPlayer ready (gap-#6 splice) | battle_model=loaded (ai_train_scripts\BC_model\checkpoints_v3\bc_best.pt) | team_chooser=loaded (D:\ShowdownProject\Victory-Dance\ai_train_scripts\teamPreview_model\checkpoints\teampreview_best.pt) | replay=D:\ShowdownProject\Victory-Dance\replay_buffer\BC1.jsonl
INFO:random_player:RandomVGCPlayer ready (gap-#6 splice) | replay=D:\ShowdownProject\Victory-Dance\replay_buffer\OPrand1.jsonl
DEBUG:websockets.client:= connection is CONNECTING
DEBUG:websockets.client:> GET /showdown/websocket HTTP/1.1
DEBUG:websockets.client:> Host: localhost:8000
DEBUG:websockets.client:> Upgrade: websocket
DEBUG:websockets.client:> Connection: Upgrade
DEBUG:websockets.client:> Sec-WebSocket-Key: 2xMIUWuG9CuZDUwKhEPMeQ==
DEBUG:websockets.client:> Sec-WebSocket-Version: 13
DEBUG:websockets.client:> Sec-WebSocket-Extensions: permessage-deflate; client_max_window_bits
DEBUG:websockets.client:> User-Agent: Python/3.12 websockets/16.0
DEBUG:websockets.client:< HTTP/1.1 101 Switching Protocols
DEBUG:websockets.client:< Upgrade: websocket
DEBUG:websockets.client:< Connection: Upgrade
DEBUG:websockets.client:< Sec-WebSocket-Accept: eh+C4GNqxsg19RQOPhJeiG3V6Ck=
DEBUG:websockets.client:= connection is OPEN
DEBUG:websockets.client:< TEXT '|updateuser| Guest 947|0|265|{"blockChallenges"...c|[Gen 1] Custom Game,c' [8617 bytes]
DEBUG:websockets.client:< TEXT '|challstr|4|cfa717f5a4c7d884bceb3196f1f1a97b359...12620016a7a11ecffe918bc' [268 bytes]
DEBUG:websockets.client:> TEXT '|/trn BC1,0,' [12 bytes]
DEBUG:websockets.client:< TEXT '|updatesearch|{"searching":[],"games":null}' [43 bytes]
DEBUG:websockets.client:< TEXT '|updateuser| BC1|1|266|{"blockChallenges":false...:false,"language":null}' [346 bytes]
DEBUG:websockets.client:< TEXT '|updatesearch|{"searching":[],"games":null}' [43 bytes]
DEBUG:websockets.client:= connection is CONNECTING
DEBUG:websockets.client:> GET /showdown/websocket HTTP/1.1
DEBUG:websockets.client:> Host: localhost:8000
DEBUG:websockets.client:> Upgrade: websocket
DEBUG:websockets.client:> Connection: Upgrade
DEBUG:websockets.client:> Sec-WebSocket-Key: +yhMXz6DANhzwyTXS113lw==
DEBUG:websockets.client:> Sec-WebSocket-Version: 13
DEBUG:websockets.client:> Sec-WebSocket-Extensions: permessage-deflate; client_max_window_bits
DEBUG:websockets.client:> User-Agent: Python/3.12 websockets/16.0
DEBUG:websockets.client:< HTTP/1.1 101 Switching Protocols
DEBUG:websockets.client:< Upgrade: websocket
DEBUG:websockets.client:< Connection: Upgrade
DEBUG:websockets.client:< Sec-WebSocket-Accept: QSkzAcD+QaqCrFewX3Cw+NX3nWA=
DEBUG:websockets.client:= connection is OPEN
DEBUG:websockets.client:< TEXT '|updateuser| Guest 948|0|102|{"blockChallenges"...c|[Gen 1] Custom Game,c' [8617 bytes]
DEBUG:websockets.client:< TEXT '|challstr|4|25db3cd46be864d427e1a593e0a48de0778...c5ecc0d4773871e6eebe6f7' [268 bytes]
DEBUG:websockets.client:> TEXT '|/trn OPrand1,0,' [16 bytes]
DEBUG:websockets.client:< TEXT '|updatesearch|{"searching":[],"games":null}' [43 bytes]
DEBUG:websockets.client:< TEXT '|updateuser| OPrand1|1|266|{"blockChallenges":f...:false,"language":null}' [350 bytes]
DEBUG:websockets.client:< TEXT '|updatesearch|{"searching":[],"games":null}' [43 bytes]
DEBUG:websockets.client:> TEXT '|/utm Sneasler||whiteherb|unburden|fakeout,dire...Naive|32,2,,,,32||||50|' [550 bytes]
DEBUG:websockets.client:> TEXT '|/challenge oprand1, gen9championsvgc2026regma' [46 bytes]
DEBUG:websockets.client:< TEXT '|pm| BC1| OPrand1|/challenge gen9championsvgc20...hampionsvgc2026regma|||' [83 bytes]
DEBUG:websockets.client:< TEXT '|pm| BC1| OPrand1|/challenge gen9championsvgc20...hampionsvgc2026regma|||' [83 bytes]
DEBUG:websockets.client:< TEXT '|pm| BC1| OPrand1|/log BC1 wants to battle!' [43 bytes]
DEBUG:websockets.client:< TEXT '|pm| BC1| OPrand1|/log BC1 wants to battle!' [43 bytes]
DEBUG:websockets.client:> TEXT '|/utm Sneasler||whiteherb|unburden|fakeout,dire...Naive|32,2,,,,32||||50|' [550 bytes]
DEBUG:websockets.client:> TEXT '|/accept bc1' [12 bytes]
DEBUG:websockets.client:< TEXT '|pm| OPrand1| BC1|/challenge' [28 bytes]
DEBUG:websockets.client:< TEXT '|pm| OPrand1| BC1|/challenge' [28 bytes]
DEBUG:websockets.client:< TEXT '|updatesearch|{"searching":[],"games":null}' [43 bytes]
DEBUG:websockets.client:< TEXT '|updatesearch|{"searching":[],"games":null}' [43 bytes]
DEBUG:websockets.client:< TEXT '|updatesearch|{"searching":[],"games":{"battle-... 2026 Reg M-A Battle"}}' [124 bytes]
DEBUG:websockets.client:< TEXT '|updatesearch|{"searching":[],"games":{"battle-... 2026 Reg M-A Battle"}}' [124 bytes]
DEBUG:websockets.client:< TEXT '|updatesearch|{"searching":[],"games":{"battle-... 2026 Reg M-A Battle"}}' [124 bytes]
DEBUG:websockets.client:< TEXT '|updatesearch|{"searching":[],"games":{"battle-... 2026 Reg M-A Battle"}}' [124 bytes]
DEBUG:websockets.client:< TEXT '>battle-gen9championsvgc2026regma-1588\n|init|b... vs. OPrand1\n|j|\u2606BC1\n' [85 bytes]
DEBUG:websockets.client:< TEXT '>battle-gen9championsvgc2026regma-1588\n|j|\u2606OPrand1' [52 bytes]
DEBUG:websockets.client:< TEXT '>battle-gen9championsvgc2026regma-1588\n|init|b...n|j|\u2606BC1\n|j|\u2606OPrand1\n' [99 bytes]
DEBUG:websockets.client:< TEXT '|pm| OPrand1| BC1|/nonotify OPrand1 accepted th...26regma-1588</a>&raquo;' [173 bytes]
DEBUG:websockets.client:> TEXT 'battle-gen9championsvgc2026regma-1588|/rejectopenteamsheets' [59 bytes]
DEBUG:websockets.client:< TEXT '|pm| OPrand1| BC1|/nonotify OPrand1 accepted th...26regma-1588</a>&raquo;' [173 bytes]
DEBUG:websockets.client:> TEXT 'battle-gen9championsvgc2026regma-1588|/rejectopenteamsheets' [59 bytes]
DEBUG:websockets.client:< TEXT '>battle-gen9championsvgc2026regma-1588\n|t:|1781643013\n|gametype|doubles' [71 bytes]
DEBUG:websockets.client:< TEXT '>battle-gen9championsvgc2026regma-1588\n|t:|1781643013\n|gametype|doubles' [71 bytes]
DEBUG:websockets.client:< TEXT '>battle-gen9championsvgc2026regma-1588\n|player|p1|BC1|266|' [58 bytes]
DEBUG:websockets.client:> TEXT '|/utm Sneasler||whiteherb|unburden|fakeout,dire...Naive|32,2,,,,32||||50|' [550 bytes]
DEBUG:websockets.client:> TEXT '|/challenge oprand1, gen9championsvgc2026regma' [46 bytes]
DEBUG:websockets.client:< TEXT '>battle-gen9championsvgc2026regma-1588\n|player|p1|BC1|266|' [58 bytes]
DEBUG:websockets.client:< TEXT '>battle-gen9championsvgc2026regma-1588\n|uhtmlchange|otsrequest|' [63 bytes]
DEBUG:websockets.client:< TEXT '>battle-gen9championsvgc2026regma-1588\nOPrand1...ected open team sheets.' [73 bytes]
DEBUG:websockets.client:< TEXT '>battle-gen9championsvgc2026regma-1588\n|uhtmlchange|otsrequest|' [63 bytes]
DEBUG:websockets.client:< TEXT '>battle-gen9championsvgc2026regma-1588\nOPrand1...ected open team sheets.' [73 bytes]
DEBUG:websockets.client:< TEXT '>battle-gen9championsvgc2026regma-1588\n|player...heets</strong></button>' [857 bytes]
DEBUG:websockets.client:< TEXT '>battle-gen9championsvgc2026regma-1588\n|player...heets</strong></button>' [857 bytes]
DEBUG:websockets.client:< TEXT '>battle-gen9championsvgc2026regma-1588\n|reques...ing":false}]},"rqid":3}' [2097 bytes]
DEBUG:websockets.client:< TEXT '>battle-gen9championsvgc2026regma-1588\n|uhtmlchange|otsrequest|' [63 bytes]
DEBUG:websockets.client:< TEXT '>battle-gen9championsvgc2026regma-1588\nBC1 rejected open team sheets.' [69 bytes]
DEBUG:websockets.client:< TEXT '>battle-gen9championsvgc2026regma-1588\n|reques...ing":false}]},"rqid":2}' [2093 bytes]
DEBUG:websockets.client:< TEXT '>battle-gen9championsvgc2026regma-1588\n|uhtmlchange|otsrequest|' [63 bytes]
DEBUG:websockets.client:< TEXT '>battle-gen9championsvgc2026regma-1588\nBC1 rejected open team sheets.' [69 bytes]
INFO:vgc_base:Teampreview [battle-gen9championsvgc2026regma-1588] \u2192 /team 2645  (charizardmegay, ditto, basculegion, zoroarkhisui)
DEBUG:websockets.client:> TEXT 'battle-gen9championsvgc2026regma-1588|/team 2645' [48 bytes]
INFO:player:Team-preview [battle-gen9championsvgc2026regma-1588] NET drove: bring=['whimsicott', 'zoroarkhisui', 'ditto', 'charizardmegay'] leads=['whimsicott', 'zoroarkhisui'] (vs opp ['sneasler', 'charizard', 'whimsicott', 'basculegion', 'zoroarkhisui', 'ditto'])
INFO:vgc_base:Teampreview [battle-gen9championsvgc2026regma-1588] \u2192 /team 3562  (whimsicott, zoroarkhisui, ditto, charizardmegay)
DEBUG:websockets.client:> TEXT 'battle-gen9championsvgc2026regma-1588|/team 3562' [48 bytes]
DEBUG:websockets.client:< TEXT '|pm| BC1| OPrand1|/challenge gen9championsvgc20...hampionsvgc2026regma|||' [83 bytes]
DEBUG:websockets.client:< TEXT '|pm| BC1| OPrand1|/challenge gen9championsvgc20...hampionsvgc2026regma|||' [83 bytes]
DEBUG:websockets.client:< TEXT '|pm| BC1| OPrand1|/log BC1 wants to battle!' [43 bytes]
DEBUG:websockets.client:< TEXT '|pm| BC1| OPrand1|/log BC1 wants to battle!' [43 bytes]
DEBUG:websockets.client:> TEXT '|/utm Sneasler||whiteherb|unburden|fakeout,dire...Naive|32,2,,,,32||||50|' [550 bytes]
DEBUG:websockets.client:> TEXT '|/accept bc1' [12 bytes]
DEBUG:websockets.client:< TEXT '|pm| OPrand1| BC1|/challenge' [28 bytes]
DEBUG:websockets.client:< TEXT '|pm| OPrand1| BC1|/challenge' [28 bytes]
DEBUG:websockets.client:< TEXT '|updatesearch|{"searching":[],"games":{"battle-... 2026 Reg M-A Battle"}}' [124 bytes]
DEBUG:websockets.client:< TEXT '|updatesearch|{"searching":[],"games":{"battle-... 2026 Reg M-A Battle"}}' [124 bytes]
DEBUG:websockets.client:< TEXT '|updatesearch|{"searching":[],"games":{"battle-... 2026 Reg M-A Battle"}}' [208 bytes]
DEBUG:websockets.client:< TEXT '|updatesearch|{"searching":[],"games":{"battle-... 2026 Reg M-A Battle"}}' [208 bytes]
DEBUG:websockets.client:< TEXT '|updatesearch|{"searching":[],"games":{"battle-... 2026 Reg M-A Battle"}}' [208 bytes]
DEBUG:websockets.client:< TEXT '|updatesearch|{"searching":[],"games":{"battle-... 2026 Reg M-A Battle"}}' [208 bytes]
DEBUG:websockets.client:< TEXT '>battle-gen9championsvgc2026regma-1589\n|init|b... vs. OPrand1\n|j|\u2606BC1\n' [85 bytes]
DEBUG:websockets.client:< TEXT '>battle-gen9championsvgc2026regma-1589\n|j|\u2606OPrand1' [52 bytes]
DEBUG:websockets.client:< TEXT '>battle-gen9championsvgc2026regma-1589\n|init|b...n|j|\u2606BC1\n|j|\u2606OPrand1\n' [99 bytes]
DEBUG:websockets.client:< TEXT '|pm| OPrand1| BC1|/nonotify OPrand1 accepted th...26regma-1589</a>&raquo;' [173 bytes]
DEBUG:websockets.client:< TEXT '|pm| OPrand1| BC1|/nonotify OPrand1 accepted th...26regma-1589</a>&raquo;' [173 bytes]
DEBUG:websockets.client:< TEXT '>battle-gen9championsvgc2026regma-1588\n|\n|t:|...lity: Imposter\n|turn|1' [376 bytes]
DEBUG:websockets.client:< TEXT '>battle-gen9championsvgc2026regma-1588\n|\n|t:|...lity: Imposter\n|turn|1' [376 bytes]
DEBUG:websockets.client:< TEXT '>battle-gen9championsvgc2026regma-1588\n|reques...ing":false}]},"rqid":4}' [2167 bytes]
DEBUG:websockets.client:< TEXT '>battle-gen9championsvgc2026regma-1589\n|t:|1781643013\n|gametype|doubles' [71 bytes]
DEBUG:websockets.client:< TEXT '>battle-gen9championsvgc2026regma-1588\n|reques...ing":false}]},"rqid":5}' [2222 bytes]
DEBUG:websockets.client:< TEXT '>battle-gen9championsvgc2026regma-1589\n|t:|1781643013\n|gametype|doubles' [71 bytes]
DEBUG:websockets.client:< TEXT '>battle-gen9championsvgc2026regma-1589\n|player|p1|BC1|266|' [58 bytes]
DEBUG:websockets.client:< TEXT '>battle-gen9championsvgc2026regma-1589\n|player|p1|BC1|266|' [58 bytes]
DEBUG:websockets.client:< TEXT '>battle-gen9championsvgc2026regma-1589\n|player...heets</strong></button>' [857 bytes]
DEBUG:websockets.client:< TEXT '>battle-gen9championsvgc2026regma-1589\n|player...heets</strong></button>' [857 bytes]
DEBUG:websockets.client:< TEXT '>battle-gen9championsvgc2026regma-1589\n|reques...ing":false}]},"rqid":3}' [2097 bytes]
DEBUG:live_vgc_base:Turn 1 [battle-gen9championsvgc2026regma-1588] a0=9 a1=6 src=random opp_splice=on
DEBUG:websockets.client:> TEXT 'battle-gen9championsvgc2026regma-1588|/choose m...eam 1, move moonblast 1' [80 bytes]
DEBUG:websockets.client:< TEXT '>battle-gen9championsvgc2026regma-1589\n|reques...ing":false}]},"rqid":2}' [2093 bytes]
INFO:player:Turn 1 [battle-gen9championsvgc2026regma-1588] value head win-prob: 0.355  (losing)
DEBUG:live_vgc_base:Turn 1 [battle-gen9championsvgc2026regma-1588] a0=0 a1=9 src=model opp_splice=on
DEBUG:websockets.client:> TEXT 'battle-gen9championsvgc2026regma-1588|/choose move encore 1, move icywind' [73 bytes]
DEBUG:websockets.client:< TEXT '>battle-gen9championsvgc2026regma-1588\n|\n|t:|...am\n|\n|upkeep\n|turn|2' [490 bytes]
DEBUG:websockets.client:< TEXT '>battle-gen9championsvgc2026regma-1588\n|\n|t:|...am\n|\n|upkeep\n|turn|2' [491 bytes]
DEBUG:websockets.client:< TEXT '>battle-gen9championsvgc2026regma-1588\n|reques...ing":false}]},"rqid":7}' [1883 bytes]
DEBUG:websockets.client:< TEXT '>battle-gen9championsvgc2026regma-1588\n|reques...ing":false}]},"rqid":6}' [2166 bytes]
DEBUG:live_vgc_base:Turn 2 [battle-gen9championsvgc2026regma-1588] a0=10 a1=0 src=random opp_splice=on
DEBUG:websockets.client:> TEXT 'battle-gen9championsvgc2026regma-1588|/choose m...arbeam 2, move encore 1' [77 bytes]
INFO:player:Turn 2 [battle-gen9championsvgc2026regma-1588] value head win-prob: 0.293  (losing)
DEBUG:live_vgc_base:Turn 2 [battle-gen9championsvgc2026regma-1588] a0=0 a1=9 src=model opp_splice=on
DEBUG:websockets.client:> TEXT 'battle-gen9championsvgc2026regma-1588|/choose move encore 1, move icywind' [73 bytes]
DEBUG:websockets.client:< TEXT '>battle-gen9championsvgc2026regma-1588\n|\n|t:|...37\n|\n|upkeep\n|turn|3' [529 bytes]
DEBUG:websockets.client:< TEXT '>battle-gen9championsvgc2026regma-1588\n|\n|t:|...00\n|\n|upkeep\n|turn|3' [530 bytes]
DEBUG:websockets.client:< TEXT '>battle-gen9championsvgc2026regma-1588\n|reques...ing":false}]},"rqid":8}' [2166 bytes]
DEBUG:websockets.client:< TEXT '>battle-gen9championsvgc2026regma-1588\n|reques...ing":false}]},"rqid":9}' [2218 bytes]
DEBUG:live_vgc_base:Turn 3 [battle-gen9championsvgc2026regma-1588] a0=12 a1=7 src=random opp_splice=on
DEBUG:websockets.client:> TEXT 'battle-gen9championsvgc2026regma-1588|/choose s...egion, move moonblast 2' [82 bytes]
INFO:player:Turn 3 [battle-gen9championsvgc2026regma-1588] value head win-prob: 0.361  (losing)
DEBUG:live_vgc_base:Turn 3 [battle-gen9championsvgc2026regma-1588] a0=0 a1=9 src=model opp_splice=on
DEBUG:websockets.client:> TEXT 'battle-gen9championsvgc2026regma-1588|/choose move encore 1, move icywind' [73 bytes]
DEBUG:websockets.client:< TEXT '>battle-gen9championsvgc2026regma-1588\n|\n|t:|...|p2b: Ditto\n|\n|upkeep' [413 bytes]
DEBUG:websockets.client:< TEXT '>battle-gen9championsvgc2026regma-1588\n|\n|t:|...|p2b: Ditto\n|\n|upkeep' [414 bytes]
DEBUG:websockets.client:< TEXT '>battle-gen9championsvgc2026regma-1588\n|reques...ng":false}]},"rqid":10}' [1392 bytes]
DEBUG:websockets.client:< TEXT '>battle-gen9championsvgc2026regma-1588\n|reques...Cancel":true,"rqid":11}' [1437 bytes]
DEBUG:vgc_base:forceSwitch [battle-gen9championsvgc2026regma-1588] force=[False, True] \u2192 /choose pass / /choose switch Charizard
DEBUG:websockets.client:> TEXT 'battle-gen9championsvgc2026regma-1588|/choose pass, switch Charizard' [68 bytes]
DEBUG:websockets.client:< TEXT '>battle-gen9championsvgc2026regma-1588\n|\n|t:|... L50, F|64/100\n|turn|4' [111 bytes]
DEBUG:websockets.client:< TEXT '>battle-gen9championsvgc2026regma-1588\n|\n|t:|...L50, F|109/168\n|turn|4' [112 bytes]
DEBUG:websockets.client:< TEXT '>battle-gen9championsvgc2026regma-1588\n|reques...ng":false}]},"rqid":12}' [2167 bytes]
DEBUG:websockets.client:< TEXT '>battle-gen9championsvgc2026regma-1588\n|reques...ng":false}]},"rqid":13}' [2188 bytes]
INFO:player:Turn 4 [battle-gen9championsvgc2026regma-1588] value head win-prob: 0.689  (winning)
DEBUG:live_vgc_base:Turn 4 [battle-gen9championsvgc2026regma-1588] a0=0 a1=9 src=model opp_splice=on
DEBUG:websockets.client:> TEXT 'battle-gen9championsvgc2026regma-1588|/choose move encore 1, move icywind' [73 bytes]
DEBUG:live_vgc_base:Turn 4 [battle-gen9championsvgc2026regma-1588] a0=6 a1=11 src=random opp_splice=on
DEBUG:websockets.client:> TEXT 'battle-gen9championsvgc2026regma-1588|/choose m...tect, move solarbeam -1' [77 bytes]
DEBUG:websockets.client:< TEXT '>battle-gen9championsvgc2026regma-1588\n|\n|t:|...am\n|\n|upkeep\n|turn|5' [486 bytes]
DEBUG:websockets.client:< TEXT '>battle-gen9championsvgc2026regma-1588\n|\n|t:|...am\n|\n|upkeep\n|turn|5' [486 bytes]
DEBUG:websockets.client:< TEXT '>battle-gen9championsvgc2026regma-1588\n|reques...ng":false}]},"rqid":14}' [2167 bytes]
DEBUG:websockets.client:< TEXT '>battle-gen9championsvgc2026regma-1588\n|reques...ng":false}]},"rqid":15}' [1849 bytes]
DEBUG:live_vgc_base:Turn 5 [battle-gen9championsvgc2026regma-1588] a0=2 a1=9 src=random opp_splice=on
DEBUG:websockets.client:> TEXT 'battle-gen9championsvgc2026regma-1588|/choose m...rn -2, move solarbeam 1' [80 bytes]
INFO:player:Turn 5 [battle-gen9championsvgc2026regma-1588] value head win-prob: 0.881  (winning)
DEBUG:live_vgc_base:Turn 5 [battle-gen9championsvgc2026regma-1588] a0=0 a1=9 src=model opp_splice=on
DEBUG:websockets.client:> TEXT 'battle-gen9championsvgc2026regma-1588|/choose move encore 1, move icywind' [73 bytes]
DEBUG:websockets.client:< TEXT '>battle-gen9championsvgc2026regma-1588\n|\n|t:|...ct\n|\n|upkeep\n|turn|6' [508 bytes]
DEBUG:websockets.client:< TEXT '>battle-gen9championsvgc2026regma-1588\n|\n|t:|...ct\n|\n|upkeep\n|turn|6' [508 bytes]
DEBUG:websockets.client:< TEXT '>battle-gen9championsvgc2026regma-1588\n|reques...ng":false}]},"rqid":16}' [2167 bytes]
DEBUG:websockets.client:< TEXT '>battle-gen9championsvgc2026regma-1588\n|reques...ng":false}]},"rqid":17}' [2184 bytes]
DEBUG:live_vgc_base:Turn 6 [battle-gen9championsvgc2026regma-1588] a0=12 a1=6 src=random opp_splice=on
DEBUG:websockets.client:> TEXT 'battle-gen9championsvgc2026regma-1588|/choose s...h Zoroark, move protect' [74 bytes]
INFO:player:Turn 6 [battle-gen9championsvgc2026regma-1588] value head win-prob: 0.909  (winning)
DEBUG:live_vgc_base:Turn 6 [battle-gen9championsvgc2026regma-1588] a0=0 a1=9 src=model opp_splice=on
DEBUG:websockets.client:> TEXT 'battle-gen9championsvgc2026regma-1588|/choose move encore 1, move icywind' [73 bytes]
DEBUG:websockets.client:< TEXT '>battle-gen9championsvgc2026regma-1588\n|\n|t:|...on\n|\n|upkeep\n|turn|7' [529 bytes]
DEBUG:websockets.client:< TEXT '>battle-gen9championsvgc2026regma-1588\n|\n|t:|...on\n|\n|upkeep\n|turn|7' [529 bytes]
DEBUG:websockets.client:< TEXT '>battle-gen9championsvgc2026regma-1588\n|reques...ng":false}]},"rqid":18}' [2167 bytes]
DEBUG:websockets.client:< TEXT '>battle-gen9championsvgc2026regma-1588\n|reques...ng":false}]},"rqid":19}' [2200 bytes]
INFO:player:Turn 7 [battle-gen9championsvgc2026regma-1588] value head win-prob: 0.989  (winning)
DEBUG:live_vgc_base:Turn 7 [battle-gen9championsvgc2026regma-1588] a0=0 a1=0 src=model opp_splice=on
DEBUG:websockets.client:> TEXT 'battle-gen9championsvgc2026regma-1588|/choose m...core 1, move hypervoice' [76 bytes]
DEBUG:live_vgc_base:Turn 7 [battle-gen9championsvgc2026regma-1588] a0=5 a1=10 src=random opp_splice=on
DEBUG:websockets.client:> TEXT 'battle-gen9championsvgc2026regma-1588|/choose m...ll -2, move solarbeam 2' [82 bytes]
DEBUG:websockets.client:< TEXT '>battle-gen9championsvgc2026regma-1588\n|\n|t:|...2a: Zoroark\n|\n|upkeep' [335 bytes]
DEBUG:websockets.client:< TEXT '>battle-gen9championsvgc2026regma-1588\n|\n|t:|...2a: Zoroark\n|\n|upkeep' [335 bytes]
DEBUG:websockets.client:< TEXT '>battle-gen9championsvgc2026regma-1588\n|reques...ng":false}]},"rqid":20}' [1392 bytes]
DEBUG:websockets.client:< TEXT '>battle-gen9championsvgc2026regma-1588\n|reques...Cancel":true,"rqid":21}' [1434 bytes]
DEBUG:vgc_base:forceSwitch [battle-gen9championsvgc2026regma-1588] force=[False, True] \u2192 /choose pass / /choose switch Basculegion
DEBUG:websockets.client:> TEXT 'battle-gen9championsvgc2026regma-1588|/choose pass, switch Basculegion' [70 bytes]
DEBUG:websockets.client:< TEXT '>battle-gen9championsvgc2026regma-1588\n|\n|t:|... L50, M|91/100\n|turn|8' [115 bytes]
DEBUG:websockets.client:< TEXT '>battle-gen9championsvgc2026regma-1588\n|\n|t:|...L50, M|180/197\n|turn|8' [116 bytes]
DEBUG:websockets.client:< TEXT '>battle-gen9championsvgc2026regma-1588\n|reques...ng":false}]},"rqid":22}' [2167 bytes]
DEBUG:websockets.client:< TEXT '>battle-gen9championsvgc2026regma-1588\n|reques...ng":false}]},"rqid":23}' [2174 bytes]
DEBUG:live_vgc_base:Turn 8 [battle-gen9championsvgc2026regma-1588] a0=9 a1=9 src=random opp_splice=on
DEBUG:websockets.client:> TEXT 'battle-gen9championsvgc2026regma-1588|/choose m...nd, move lastrespects 1' [79 bytes]
INFO:player:Turn 8 [battle-gen9championsvgc2026regma-1588] value head win-prob: 0.990  (winning)
DEBUG:live_vgc_base:Turn 8 [battle-gen9championsvgc2026regma-1588] a0=0 a1=0 src=model opp_splice=on
DEBUG:websockets.client:> TEXT 'battle-gen9championsvgc2026regma-1588|/choose m...core 1, move hypervoice' [76 bytes]
DEBUG:websockets.client:< TEXT '>battle-gen9championsvgc2026regma-1588\n|\n|t:|...: Charizard\n|\n|upkeep' [420 bytes]
DEBUG:websockets.client:< TEXT '>battle-gen9championsvgc2026regma-1588\n|\n|t:|...: Charizard\n|\n|upkeep' [420 bytes]
DEBUG:websockets.client:< TEXT '>battle-gen9championsvgc2026regma-1588\n|reques...Cancel":true,"rqid":24}' [1422 bytes]
DEBUG:websockets.client:< TEXT '>battle-gen9championsvgc2026regma-1588\n|reques...ng":false}]},"rqid":25}' [1403 bytes]
DEBUG:live_vgc_base:forceSwitch forced_switch_model [battle-gen9championsvgc2026regma-1588] turn 8 a0=13 a1=None opp_splice=on
DEBUG:websockets.client:> TEXT 'battle-gen9championsvgc2026regma-1588|/choose switch Ditto, pass' [64 bytes]
DEBUG:websockets.client:< TEXT '>battle-gen9championsvgc2026regma-1588\n|\n|t:|...lity: Imposter\n|turn|9' [166 bytes]
DEBUG:websockets.client:< TEXT '>battle-gen9championsvgc2026regma-1588\n|\n|t:|...lity: Imposter\n|turn|9' [166 bytes]
DEBUG:websockets.client:< TEXT '>battle-gen9championsvgc2026regma-1588\n|reques...ng":false}]},"rqid":26}' [2196 bytes]
DEBUG:websockets.client:< TEXT '>battle-gen9championsvgc2026regma-1588\n|reques...ng":false}]},"rqid":27}' [2171 bytes]
DEBUG:live_vgc_base:Turn 9 [battle-gen9championsvgc2026regma-1588] a0=3 a1=4 src=random opp_splice=on
DEBUG:websockets.client:> TEXT 'battle-gen9championsvgc2026regma-1588|/choose m...all 1, move wavecrash 2' [81 bytes]
INFO:player:Turn 9 [battle-gen9championsvgc2026regma-1588] value head win-prob: 0.996  (winning)
DEBUG:live_vgc_base:Turn 9 [battle-gen9championsvgc2026regma-1588] a0=0 a1=12 src=model opp_splice=on
DEBUG:websockets.client:> TEXT 'battle-gen9championsvgc2026regma-1588|/choose m...otect, switch Charizard' [76 bytes]
DEBUG:websockets.client:< TEXT '>battle-gen9championsvgc2026regma-1588\n|\n|t:|...ve: Protect\n|\n|upkeep' [464 bytes]
DEBUG:websockets.client:< TEXT '>battle-gen9championsvgc2026regma-1588\n|\n|t:|...ve: Protect\n|\n|upkeep' [465 bytes]
DEBUG:websockets.client:< TEXT '>battle-gen9championsvgc2026regma-1588\n|reques...Cancel":true,"rqid":28}' [1460 bytes]
DEBUG:websockets.client:< TEXT '>battle-gen9championsvgc2026regma-1588\n|reques...ng":false}]},"rqid":29}' [1403 bytes]
DEBUG:live_vgc_base:forceSwitch forced_switch_model [battle-gen9championsvgc2026regma-1588] turn 9 a0=None a1=12 opp_splice=on
DEBUG:websockets.client:> TEXT 'battle-gen9championsvgc2026regma-1588|/choose pass, switch Zoroark' [66 bytes]
DEBUG:websockets.client:< TEXT '>battle-gen9championsvgc2026regma-1588\n|\n|t:|...50, M|132/132\n|turn|10' [115 bytes]
DEBUG:websockets.client:< TEXT '>battle-gen9championsvgc2026regma-1588\n|\n|t:|...50, M|100/100\n|turn|10' [115 bytes]
DEBUG:websockets.client:< TEXT '>battle-gen9championsvgc2026regma-1588\n|reques...ng":false}]},"rqid":30}' [2194 bytes]
DEBUG:websockets.client:< TEXT '>battle-gen9championsvgc2026regma-1588\n|reques...ng":false}]},"rqid":31}' [2171 bytes]
INFO:player:Turn 10 [battle-gen9championsvgc2026regma-1588] value head win-prob: 0.976  (winning)
DEBUG:live_vgc_base:Turn 10 [battle-gen9championsvgc2026regma-1588] a0=0 a1=0 src=model opp_splice=on
DEBUG:websockets.client:> TEXT 'battle-gen9championsvgc2026regma-1588|/choose m...rotect, move hypervoice' [75 bytes]
DEBUG:live_vgc_base:Turn 10 [battle-gen9championsvgc2026regma-1588] a0=3 a1=10 src=random opp_splice=on
DEBUG:websockets.client:> TEXT 'battle-gen9championsvgc2026regma-1588|/choose m... 1, move lastrespects 2' [84 bytes]
DEBUG:websockets.client:< TEXT '>battle-gen9championsvgc2026regma-1588\n|\n|t:|...core\n|upkeep\n|turn|11' [442 bytes]
DEBUG:websockets.client:< TEXT '>battle-gen9championsvgc2026regma-1588\n|\n|t:|...core\n|upkeep\n|turn|11' [442 bytes]
DEBUG:websockets.client:< TEXT '>battle-gen9championsvgc2026regma-1588\n|reques...ng":false}]},"rqid":32}' [1882 bytes]
DEBUG:websockets.client:< TEXT '>battle-gen9championsvgc2026regma-1588\n|reques...ng":false}]},"rqid":33}' [2174 bytes]
INFO:player:Turn 11 [battle-gen9championsvgc2026regma-1588] value head win-prob: 0.563  (winning)
DEBUG:live_vgc_base:Turn 11 [battle-gen9championsvgc2026regma-1588] a0=0 a1=0 src=model opp_splice=on
DEBUG:vgc_base:_safe_order: action 0 slot 0 \u2192 None, scanning legal actions.
DEBUG:vgc_base:_safe_order: slot 0 has no decodable legal action — sending Pass.
DEBUG:websockets.client:> TEXT 'battle-gen9championsvgc2026regma-1588|/choose pass, move hypervoice' [67 bytes]
DEBUG:live_vgc_base:Turn 11 [battle-gen9championsvgc2026regma-1588] a0=9 a1=11 src=random opp_splice=on
DEBUG:websockets.client:> TEXT 'battle-gen9championsvgc2026regma-1588|/choose m...d, move lastrespects -1' [80 bytes]
DEBUG:websockets.client:< TEXT '>battle-gen9championsvgc2026regma-1588\n|\n|t:|...1\n|\n|upkeep\n|turn|12' [351 bytes]
DEBUG:websockets.client:< TEXT '>battle-gen9championsvgc2026regma-1588\n|\n|t:|...1\n|\n|upkeep\n|turn|12' [351 bytes]
DEBUG:websockets.client:< TEXT '>battle-gen9championsvgc2026regma-1588\n|reques...ng":false}]},"rqid":34}' [1881 bytes]
DEBUG:websockets.client:< TEXT '>battle-gen9championsvgc2026regma-1588\n|reques...ng":false}]},"rqid":35}' [2173 bytes]
INFO:player:Turn 12 [battle-gen9championsvgc2026regma-1588] value head win-prob: 0.167  (losing)
DEBUG:live_vgc_base:Turn 12 [battle-gen9championsvgc2026regma-1588] a0=0 a1=0 src=model opp_splice=on
DEBUG:vgc_base:_safe_order: action 0 slot 0 \u2192 None, scanning legal actions.
DEBUG:vgc_base:_safe_order: slot 0 has no decodable legal action — sending Pass.
DEBUG:websockets.client:> TEXT 'battle-gen9championsvgc2026regma-1588|/choose pass, move hypervoice' [67 bytes]
DEBUG:live_vgc_base:Turn 12 [battle-gen9championsvgc2026regma-1588] a0=5 a1=6 src=random opp_splice=on
DEBUG:websockets.client:> TEXT 'battle-gen9championsvgc2026regma-1588|/choose m...owball -2, move protect' [78 bytes]
DEBUG:websockets.client:< TEXT '>battle-gen9championsvgc2026regma-1588\n|\n|t:|...t\n|\n|upkeep\n|turn|13' [372 bytes]
DEBUG:websockets.client:< TEXT '>battle-gen9championsvgc2026regma-1588\n|\n|t:|...t\n|\n|upkeep\n|turn|13' [372 bytes]
DEBUG:websockets.client:< TEXT '>battle-gen9championsvgc2026regma-1588\n|reques...ng":false}]},"rqid":36}' [1881 bytes]
DEBUG:websockets.client:< TEXT '>battle-gen9championsvgc2026regma-1588\n|reques...ng":false}]},"rqid":37}' [2173 bytes]
INFO:player:Turn 13 [battle-gen9championsvgc2026regma-1588] value head win-prob: 0.156  (losing)
DEBUG:live_vgc_base:Turn 13 [battle-gen9championsvgc2026regma-1588] a0=0 a1=0 src=model opp_splice=on
DEBUG:vgc_base:_safe_order: action 0 slot 0 \u2192 None, scanning legal actions.
DEBUG:vgc_base:_safe_order: slot 0 has no decodable legal action — sending Pass.
DEBUG:websockets.client:> TEXT 'battle-gen9championsvgc2026regma-1588|/choose pass, move hypervoice' [67 bytes]
DEBUG:live_vgc_base:Turn 13 [battle-gen9championsvgc2026regma-1588] a0=5 a1=1 src=random opp_splice=on
DEBUG:websockets.client:> TEXT 'battle-gen9championsvgc2026regma-1588|/choose m...all -2, move flipturn 2' [81 bytes]
DEBUG:websockets.client:< TEXT '>battle-gen9championsvgc2026regma-1588\n|\n|t:|...oroark\n|\n|win|OPrand1' [164 bytes]
DEBUG:websockets.client:< TEXT '>battle-gen9championsvgc2026regma-1588\n|\n|t:|...oroark\n|\n|win|OPrand1' [164 bytes]
INFO:vgc_base:Battle battle-gen9championsvgc2026regma-1588 finished — outcome: LOSS  (W/L/D so far: 0/1/0)
DEBUG:websockets.client:> TEXT '|/leave battle-gen9championsvgc2026regma-1588' [45 bytes]
DEBUG:websockets.client:< TEXT '|updatesearch|{"searching":[],"games":{"battle-... 2026 Reg M-A Battle"}}' [124 bytes]
DEBUG:websockets.client:< TEXT '|updatesearch|{"searching":[],"games":{"battle-... 2026 Reg M-A Battle"}}' [124 bytes]
DEBUG:websockets.client:> TEXT 'battle-gen9championsvgc2026regma-1589|/rejectopenteamsheets' [59 bytes]
INFO:vgc_base:Battle battle-gen9championsvgc2026regma-1588 finished — outcome: WIN  (W/L/D so far: 1/0/0)
DEBUG:websockets.client:> TEXT '|/leave battle-gen9championsvgc2026regma-1588' [45 bytes]
DEBUG:websockets.client:> TEXT '|/utm Sneasler||whiteherb|unburden|fakeout,dire...Naive|32,2,,,,32||||50|' [550 bytes]
DEBUG:websockets.client:> TEXT '|/challenge oprand1, gen9championsvgc2026regma' [46 bytes]
DEBUG:websockets.client:> TEXT 'battle-gen9championsvgc2026regma-1589|/rejectopenteamsheets' [59 bytes]
DEBUG:websockets.client:< TEXT '>battle-gen9championsvgc2026regma-1588\n|deinit' [46 bytes]
DEBUG:websockets.client:< TEXT '>battle-gen9championsvgc2026regma-1588\n|l|\u2606BC1' [48 bytes]
DEBUG:websockets.client:< TEXT '>battle-gen9championsvgc2026regma-1589\n|uhtmlchange|otsrequest|' [63 bytes]
DEBUG:websockets.client:< TEXT '>battle-gen9championsvgc2026regma-1589\nBC1 rejected open team sheets.' [69 bytes]
DEBUG:websockets.client:< TEXT '>battle-gen9championsvgc2026regma-1589\n|uhtmlchange|otsrequest|' [63 bytes]
DEBUG:websockets.client:< TEXT '>battle-gen9championsvgc2026regma-1589\nBC1 rejected open team sheets.' [69 bytes]
DEBUG:websockets.client:< TEXT '>battle-gen9championsvgc2026regma-1588\n|deinit' [46 bytes]
DEBUG:websockets.client:< TEXT '>battle-gen9championsvgc2026regma-1589\n|uhtmlchange|otsrequest|' [63 bytes]
DEBUG:websockets.client:< TEXT '>battle-gen9championsvgc2026regma-1589\n|uhtmlchange|otsrequest|' [63 bytes]
DEBUG:websockets.client:< TEXT '>battle-gen9championsvgc2026regma-1589\nOPrand1...ected open team sheets.' [73 bytes]
DEBUG:websockets.client:< TEXT '>battle-gen9championsvgc2026regma-1589\nOPrand1...ected open team sheets.' [73 bytes]
INFO:player:Team-preview [battle-gen9championsvgc2026regma-1589] NET drove: bring=['whimsicott', 'zoroarkhisui', 'ditto', 'charizardmegay'] leads=['whimsicott', 'zoroarkhisui'] (vs opp ['sneasler', 'charizard', 'whimsicott', 'basculegion', 'zoroarkhisui', 'ditto'])
INFO:vgc_base:Teampreview [battle-gen9championsvgc2026regma-1589] \u2192 /team 3562  (whimsicott, zoroarkhisui, ditto, charizardmegay)
DEBUG:websockets.client:> TEXT 'battle-gen9championsvgc2026regma-1589|/team 3562' [48 bytes]
INFO:vgc_base:Teampreview [battle-gen9championsvgc2026regma-1589] \u2192 /team 5136  (zoroarkhisui, sneasler, whimsicott, ditto)
DEBUG:websockets.client:> TEXT 'battle-gen9championsvgc2026regma-1589|/team 5136' [48 bytes]
DEBUG:websockets.client:< TEXT '|pm| BC1| OPrand1|/challenge gen9championsvgc20...hampionsvgc2026regma|||' [83 bytes]
DEBUG:websockets.client:< TEXT '|pm| BC1| OPrand1|/challenge gen9championsvgc20...hampionsvgc2026regma|||' [83 bytes]
DEBUG:websockets.client:< TEXT '|pm| BC1| OPrand1|/log BC1 wants to battle!' [43 bytes]
DEBUG:websockets.client:< TEXT '|pm| BC1| OPrand1|/log BC1 wants to battle!' [43 bytes]
DEBUG:websockets.client:> TEXT '|/utm Sneasler||whiteherb|unburden|fakeout,dire...Naive|32,2,,,,32||||50|' [550 bytes]
DEBUG:websockets.client:> TEXT '|/accept bc1' [12 bytes]
DEBUG:websockets.client:< TEXT '|pm| OPrand1| BC1|/challenge' [28 bytes]
DEBUG:websockets.client:< TEXT '|pm| OPrand1| BC1|/challenge' [28 bytes]
DEBUG:websockets.client:< TEXT '|updatesearch|{"searching":[],"games":{"battle-... 2026 Reg M-A Battle"}}' [124 bytes]
DEBUG:websockets.client:< TEXT '|updatesearch|{"searching":[],"games":{"battle-... 2026 Reg M-A Battle"}}' [124 bytes]
DEBUG:websockets.client:< TEXT '|updatesearch|{"searching":[],"games":{"battle-... 2026 Reg M-A Battle"}}' [208 bytes]
DEBUG:websockets.client:< TEXT '|updatesearch|{"searching":[],"games":{"battle-... 2026 Reg M-A Battle"}}' [208 bytes]
DEBUG:websockets.client:< TEXT '|updatesearch|{"searching":[],"games":{"battle-... 2026 Reg M-A Battle"}}' [208 bytes]
DEBUG:websockets.client:< TEXT '|updatesearch|{"searching":[],"games":{"battle-... 2026 Reg M-A Battle"}}' [208 bytes]
DEBUG:websockets.client:< TEXT '>battle-gen9championsvgc2026regma-1590\n|init|b... vs. OPrand1\n|j|\u2606BC1\n' [85 bytes]
DEBUG:websockets.client:< TEXT '>battle-gen9championsvgc2026regma-1590\n|init|b...n|j|\u2606BC1\n|j|\u2606OPrand1\n' [99 bytes]
DEBUG:websockets.client:< TEXT '|pm| OPrand1| BC1|/nonotify OPrand1 accepted th...26regma-1590</a>&raquo;' [173 bytes]
DEBUG:websockets.client:< TEXT '>battle-gen9championsvgc2026regma-1590\n|j|\u2606OPrand1' [52 bytes]
DEBUG:websockets.client:< TEXT '|pm| OPrand1| BC1|/nonotify OPrand1 accepted th...26regma-1590</a>&raquo;' [173 bytes]
DEBUG:websockets.client:< TEXT '>battle-gen9championsvgc2026regma-1589\n|\n|t:|...L50, F|100/100\n|turn|1' [310 bytes]
DEBUG:websockets.client:< TEXT '>battle-gen9championsvgc2026regma-1589\n|\n|t:|...L50, F|157/157\n|turn|1' [310 bytes]
DEBUG:websockets.client:< TEXT '>battle-gen9championsvgc2026regma-1589\n|reques...ing":false}]},"rqid":5}' [2146 bytes]
DEBUG:websockets.client:< TEXT '>battle-gen9championsvgc2026regma-1589\n|reques...ing":false}]},"rqid":4}' [2167 bytes]
DEBUG:websockets.client:< TEXT '>battle-gen9championsvgc2026regma-1590\n|t:|1781643014\n|gametype|doubles' [71 bytes]
DEBUG:websockets.client:< TEXT '>battle-gen9championsvgc2026regma-1590\n|player|p1|BC1|266|' [58 bytes]
DEBUG:websockets.client:< TEXT '>battle-gen9championsvgc2026regma-1590\n|t:|1781643014\n|gametype|doubles' [71 bytes]
DEBUG:websockets.client:< TEXT '>battle-gen9championsvgc2026regma-1590\n|player|p1|BC1|266|' [58 bytes]
DEBUG:live_vgc_base:Turn 1 [battle-gen9championsvgc2026regma-1589] a0=5 a1=4 src=random opp_splice=on
DEBUG:websockets.client:> TEXT 'battle-gen9championsvgc2026regma-1589|/choose m...all -2, move direclaw 2' [81 bytes]
DEBUG:websockets.client:< TEXT '>battle-gen9championsvgc2026regma-1590\n|player...heets</strong></button>' [857 bytes]
INFO:player:Turn 1 [battle-gen9championsvgc2026regma-1589] value head win-prob: 0.351  (losing)
DEBUG:live_vgc_base:Turn 1 [battle-gen9championsvgc2026regma-1589] a0=0 a1=9 src=model opp_splice=on
DEBUG:websockets.client:> TEXT 'battle-gen9championsvgc2026regma-1589|/choose move encore 1, move icywind' [73 bytes]
DEBUG:websockets.client:< TEXT '>battle-gen9championsvgc2026regma-1590\n|player...heets</strong></button>' [857 bytes]
DEBUG:websockets.client:< TEXT '>battle-gen9championsvgc2026regma-1590\n|reques...ing":false}]},"rqid":3}' [2097 bytes]
DEBUG:websockets.client:< TEXT '>battle-gen9championsvgc2026regma-1590\n|reques...ing":false}]},"rqid":2}' [2093 bytes]
DEBUG:websockets.client:< TEXT '>battle-gen9championsvgc2026regma-1589\n|\n|t:|...lp\n|\n|upkeep\n|turn|2' [434 bytes]
DEBUG:websockets.client:< TEXT '>battle-gen9championsvgc2026regma-1589\n|\n|t:|...lp\n|\n|upkeep\n|turn|2' [434 bytes]
DEBUG:websockets.client:< TEXT '>battle-gen9championsvgc2026regma-1589\n|reques...ing":false}]},"rqid":6}' [2170 bytes]
DEBUG:websockets.client:< TEXT '>battle-gen9championsvgc2026regma-1589\n|reques...ing":false}]},"rqid":7}' [2144 bytes]
INFO:player:Turn 2 [battle-gen9championsvgc2026regma-1589] value head win-prob: 0.265  (losing)
DEBUG:live_vgc_base:Turn 2 [battle-gen9championsvgc2026regma-1589] a0=0 a1=9 src=model opp_splice=on
DEBUG:websockets.client:> TEXT 'battle-gen9championsvgc2026regma-1589|/choose move encore 1, move icywind' [73 bytes]
DEBUG:live_vgc_base:Turn 2 [battle-gen9championsvgc2026regma-1589] a0=6 a1=4 src=random opp_splice=on
DEBUG:websockets.client:> TEXT 'battle-gen9championsvgc2026regma-1589|/choose m...rotect, move direclaw 2' [75 bytes]
DEBUG:websockets.client:< TEXT '>battle-gen9championsvgc2026regma-1589\n|\n|t:|...lp\n|\n|upkeep\n|turn|3' [342 bytes]
DEBUG:websockets.client:< TEXT '>battle-gen9championsvgc2026regma-1589\n|\n|t:|...lp\n|\n|upkeep\n|turn|3' [342 bytes]
DEBUG:websockets.client:< TEXT '>battle-gen9championsvgc2026regma-1589\n|reques...ing":false}]},"rqid":8}' [2170 bytes]
DEBUG:websockets.client:< TEXT '>battle-gen9championsvgc2026regma-1589\n|reques...ing":false}]},"rqid":9}' [2144 bytes]
INFO:player:Turn 3 [battle-gen9championsvgc2026regma-1589] value head win-prob: 0.196  (losing)
DEBUG:live_vgc_base:Turn 3 [battle-gen9championsvgc2026regma-1589] a0=0 a1=13 src=model opp_splice=on
DEBUG:websockets.client:> TEXT 'battle-gen9championsvgc2026regma-1589|/choose move encore 1, switch Ditto' [73 bytes]
DEBUG:live_vgc_base:Turn 3 [battle-gen9championsvgc2026regma-1589] a0=0 a1=12 src=random opp_splice=on
DEBUG:websockets.client:> TEXT 'battle-gen9championsvgc2026regma-1589|/choose m...oice, switch Whimsicott' [80 bytes]
DEBUG:websockets.client:< TEXT '>battle-gen9championsvgc2026regma-1589\n|\n|t:|...to\n|\n|upkeep\n|turn|4' [280 bytes]
DEBUG:websockets.client:< TEXT '>battle-gen9championsvgc2026regma-1589\n|\n|t:|...to\n|\n|upkeep\n|turn|4' [280 bytes]
DEBUG:websockets.client:< TEXT '>battle-gen9championsvgc2026regma-1589\n|reques...ng":false}]},"rqid":10}' [1882 bytes]
DEBUG:websockets.client:< TEXT '>battle-gen9championsvgc2026regma-1589\n|reques...ng":false}]},"rqid":11}' [2155 bytes]
INFO:player:Turn 4 [battle-gen9championsvgc2026regma-1589] value head win-prob: 0.363  (losing)
DEBUG:live_vgc_base:Turn 4 [battle-gen9championsvgc2026regma-1589] a0=0 a1=0 src=model opp_splice=on
DEBUG:websockets.client:> TEXT 'battle-gen9championsvgc2026regma-1589|/choose m...ore 1, move transform 1' [77 bytes]
DEBUG:live_vgc_base:Turn 4 [battle-gen9championsvgc2026regma-1589] a0=6 a1=3 src=random opp_splice=on
DEBUG:websockets.client:> TEXT 'battle-gen9championsvgc2026regma-1589|/choose move protect, move tailwind' [73 bytes]
DEBUG:websockets.client:< TEXT '>battle-gen9championsvgc2026regma-1589\n|\n|t:|...to\n|\n|upkeep\n|turn|5' [357 bytes]
DEBUG:websockets.client:< TEXT '>battle-gen9championsvgc2026regma-1589\n|\n|t:|...to\n|\n|upkeep\n|turn|5' [357 bytes]
DEBUG:websockets.client:< TEXT '>battle-gen9championsvgc2026regma-1589\n|reques...ng":false}]},"rqid":12}' [1882 bytes]
DEBUG:websockets.client:< TEXT '>battle-gen9championsvgc2026regma-1589\n|reques...ng":false}]},"rqid":13}' [2155 bytes]
DEBUG:live_vgc_base:Turn 5 [battle-gen9championsvgc2026regma-1589] a0=13 a1=7 src=random opp_splice=on
DEBUG:websockets.client:> TEXT 'battle-gen9championsvgc2026regma-1589|/choose s...Ditto, move moonblast 2' [76 bytes]
INFO:player:Turn 5 [battle-gen9championsvgc2026regma-1589] value head win-prob: 0.324  (losing)
DEBUG:live_vgc_base:Turn 5 [battle-gen9championsvgc2026regma-1589] a0=0 a1=0 src=model opp_splice=on
DEBUG:websockets.client:> TEXT 'battle-gen9championsvgc2026regma-1589|/choose m...ore 1, move transform 1' [77 bytes]
DEBUG:websockets.client:< TEXT '>battle-gen9championsvgc2026regma-1589\n|\n|t:|...to\n|\n|upkeep\n|turn|6' [355 bytes]
DEBUG:websockets.client:< TEXT '>battle-gen9championsvgc2026regma-1589\n|\n|t:|...to\n|\n|upkeep\n|turn|6' [355 bytes]
DEBUG:websockets.client:< TEXT '>battle-gen9championsvgc2026regma-1589\n|reques...ng":false}]},"rqid":14}' [1881 bytes]
DEBUG:websockets.client:< TEXT '>battle-gen9championsvgc2026regma-1589\n|reques...ng":false}]},"rqid":15}' [1867 bytes]
DEBUG:live_vgc_base:Turn 6 [battle-gen9championsvgc2026regma-1589] a0=1 a1=6 src=random opp_splice=on
DEBUG:websockets.client:> TEXT 'battle-gen9championsvgc2026regma-1589|/choose m...orm 2, move moonblast 1' [80 bytes]
INFO:player:Turn 6 [battle-gen9championsvgc2026regma-1589] value head win-prob: 0.216  (losing)
DEBUG:live_vgc_base:Turn 6 [battle-gen9championsvgc2026regma-1589] a0=0 a1=12 src=model opp_splice=on
DEBUG:websockets.client:> TEXT 'battle-gen9championsvgc2026regma-1589|/choose m...ore 1, switch Charizard' [77 bytes]
DEBUG:websockets.client:< TEXT '>battle-gen9championsvgc2026regma-1589\n|\n|t:|...to\n|\n|upkeep\n|turn|7' [317 bytes]
DEBUG:websockets.client:< TEXT '>battle-gen9championsvgc2026regma-1589\n|\n|t:|...to\n|\n|upkeep\n|turn|7' [317 bytes]
DEBUG:websockets.client:< TEXT '>battle-gen9championsvgc2026regma-1589\n|reques...ng":false}]},"rqid":16}' [2180 bytes]
DEBUG:websockets.client:< TEXT '>battle-gen9championsvgc2026regma-1589\n|reques...ng":false}]},"rqid":17}' [1867 bytes]
INFO:player:Turn 7 [battle-gen9championsvgc2026regma-1589] value head win-prob: 0.077  (losing)
DEBUG:live_vgc_base:Turn 7 [battle-gen9championsvgc2026regma-1589] a0=0 a1=6 src=model opp_splice=on
DEBUG:websockets.client:> TEXT 'battle-gen9championsvgc2026regma-1589|/choose m...re 1, move protect mega' [78 bytes]
DEBUG:live_vgc_base:Turn 7 [battle-gen9championsvgc2026regma-1589] a0=1 a1=12 src=random opp_splice=on
DEBUG:websockets.client:> TEXT 'battle-gen9championsvgc2026regma-1589|/choose m...form 2, switch Sneasler' [79 bytes]
DEBUG:websockets.client:< TEXT '>battle-gen9championsvgc2026regma-1589\n|\n|t:|...lwind\n|upkeep\n|turn|8' [544 bytes]
DEBUG:websockets.client:< TEXT '>battle-gen9championsvgc2026regma-1589\n|\n|t:|...lwind\n|upkeep\n|turn|8' [544 bytes]
DEBUG:websockets.client:< TEXT '>battle-gen9championsvgc2026regma-1589\n|reques...ng":false}]},"rqid":18}' [2164 bytes]
DEBUG:websockets.client:< TEXT '>battle-gen9championsvgc2026regma-1589\n|reques...ng":false}]},"rqid":19}' [1855 bytes]
INFO:player:Turn 8 [battle-gen9championsvgc2026regma-1589] value head win-prob: 0.231  (losing)
DEBUG:live_vgc_base:Turn 8 [battle-gen9championsvgc2026regma-1589] a0=0 a1=6 src=model opp_splice=on
DEBUG:websockets.client:> TEXT 'battle-gen9championsvgc2026regma-1589|/choose move encore 1, move protect' [73 bytes]
DEBUG:live_vgc_base:Turn 8 [battle-gen9championsvgc2026regma-1589] a0=2 a1=11 src=random opp_splice=on
DEBUG:websockets.client:> TEXT 'battle-gen9championsvgc2026regma-1589|/choose m...-2, move closecombat -1' [84 bytes]
DEBUG:websockets.client:< TEXT '>battle-gen9championsvgc2026regma-1589\n|\n|t:|...nyDay|[upkeep]\n|upkeep' [491 bytes]
DEBUG:websockets.client:< TEXT '>battle-gen9championsvgc2026regma-1589\n|\n|t:|...nyDay|[upkeep]\n|upkeep' [491 bytes]
DEBUG:websockets.client:< TEXT '>battle-gen9championsvgc2026regma-1589\n|reques...ng":false}]},"rqid":20}' [1396 bytes]
DEBUG:websockets.client:< TEXT '>battle-gen9championsvgc2026regma-1589\n|reques...Cancel":true,"rqid":21}' [1403 bytes]
DEBUG:vgc_base:forceSwitch [battle-gen9championsvgc2026regma-1589] force=[True, False] \u2192 /choose switch Whimsicott / /choose pass
DEBUG:websockets.client:> TEXT 'battle-gen9championsvgc2026regma-1589|/choose switch Whimsicott, pass' [69 bytes]
DEBUG:websockets.client:< TEXT '>battle-gen9championsvgc2026regma-1589\n|\n|t:|...L50, F|100/100\n|turn|9' [114 bytes]
DEBUG:websockets.client:< TEXT '>battle-gen9championsvgc2026regma-1589\n|\n|t:|...L50, F|137/137\n|turn|9' [114 bytes]
DEBUG:websockets.client:< TEXT '>battle-gen9championsvgc2026regma-1589\n|reques...ng":false}]},"rqid":22}' [2163 bytes]
DEBUG:websockets.client:< TEXT '>battle-gen9championsvgc2026regma-1589\n|reques...ng":false}]},"rqid":23}' [2124 bytes]
DEBUG:live_vgc_base:Turn 9 [battle-gen9championsvgc2026regma-1589] a0=2 a1=4 src=random opp_splice=on
DEBUG:websockets.client:> TEXT 'battle-gen9championsvgc2026regma-1589|/choose m...ore -2, move direclaw 2' [77 bytes]
INFO:player:Turn 9 [battle-gen9championsvgc2026regma-1589] value head win-prob: 0.423  (losing)
DEBUG:live_vgc_base:Turn 9 [battle-gen9championsvgc2026regma-1589] a0=3 a1=6 src=model opp_splice=on
DEBUG:websockets.client:> TEXT 'battle-gen9championsvgc2026regma-1589|/choose move tailwind, move protect' [73 bytes]
DEBUG:websockets.client:< TEXT '>battle-gen9championsvgc2026regma-1589\n|\n|t:|...eep]\n|upkeep\n|turn|10' [485 bytes]
DEBUG:websockets.client:< TEXT '>battle-gen9championsvgc2026regma-1589\n|\n|t:|...eep]\n|upkeep\n|turn|10' [485 bytes]
DEBUG:websockets.client:< TEXT '>battle-gen9championsvgc2026regma-1589\n|reques...ng":false}]},"rqid":24}' [2162 bytes]
DEBUG:websockets.client:< TEXT '>battle-gen9championsvgc2026regma-1589\n|reques...ng":false}]},"rqid":25}' [2122 bytes]
INFO:player:Turn 10 [battle-gen9championsvgc2026regma-1589] value head win-prob: 0.512  (even)
DEBUG:live_vgc_base:Turn 10 [battle-gen9championsvgc2026regma-1589] a0=3 a1=6 src=model opp_splice=on
DEBUG:websockets.client:> TEXT 'battle-gen9championsvgc2026regma-1589|/choose move tailwind, move protect' [73 bytes]
DEBUG:live_vgc_base:Turn 10 [battle-gen9championsvgc2026regma-1589] a0=3 a1=10 src=random opp_splice=on
DEBUG:websockets.client:> TEXT 'battle-gen9championsvgc2026regma-1589|/choose m...ind, move closecombat 2' [79 bytes]
DEBUG:websockets.client:< TEXT '>battle-gen9championsvgc2026regma-1589\n|\n|t:|...eep]\n|upkeep\n|turn|11' [419 bytes]
DEBUG:websockets.client:< TEXT '>battle-gen9championsvgc2026regma-1589\n|\n|t:|...eep]\n|upkeep\n|turn|11' [419 bytes]
DEBUG:websockets.client:< TEXT '>battle-gen9championsvgc2026regma-1589\n|reques...ng":false}]},"rqid":26}' [2162 bytes]
DEBUG:websockets.client:< TEXT '>battle-gen9championsvgc2026regma-1589\n|reques...ng":false}]},"rqid":27}' [2122 bytes]
DEBUG:live_vgc_base:Turn 11 [battle-gen9championsvgc2026regma-1589] a0=7 a1=9 src=random opp_splice=on
DEBUG:websockets.client:> TEXT 'battle-gen9championsvgc2026regma-1589|/choose m...t 2, move closecombat 1' [82 bytes]
INFO:player:Turn 11 [battle-gen9championsvgc2026regma-1589] value head win-prob: 0.377  (losing)
DEBUG:live_vgc_base:Turn 11 [battle-gen9championsvgc2026regma-1589] a0=13 a1=6 src=model opp_splice=on
DEBUG:websockets.client:> TEXT 'battle-gen9championsvgc2026regma-1589|/choose switch Ditto, move protect' [72 bytes]
DEBUG:websockets.client:< TEXT '>battle-gen9championsvgc2026regma-1589\n|\n|t:|...neasler|Encore\n|upkeep' [545 bytes]
DEBUG:websockets.client:< TEXT '>battle-gen9championsvgc2026regma-1589\n|\n|t:|...neasler|Encore\n|upkeep' [544 bytes]
DEBUG:websockets.client:< TEXT '>battle-gen9championsvgc2026regma-1589\n|reques...Cancel":true,"rqid":28}' [1425 bytes]
DEBUG:websockets.client:< TEXT '>battle-gen9championsvgc2026regma-1589\n|reques...ng":false}]},"rqid":29}' [1372 bytes]
DEBUG:live_vgc_base:forceSwitch forced_switch_model [battle-gen9championsvgc2026regma-1589] turn 11 a0=13 a1=None opp_splice=on
DEBUG:websockets.client:> TEXT 'battle-gen9championsvgc2026regma-1589|/choose switch Zoroark, pass' [66 bytes]
DEBUG:websockets.client:< TEXT '>battle-gen9championsvgc2026regma-1589\n|\n|t:|... M|18/132 slp\n|turn|12' [118 bytes]
DEBUG:websockets.client:< TEXT '>battle-gen9championsvgc2026regma-1589\n|\n|t:|... M|13/100 slp\n|turn|12' [118 bytes]
DEBUG:websockets.client:< TEXT '>battle-gen9championsvgc2026regma-1589\n|reques...ng":false}]},"rqid":30}' [2172 bytes]
DEBUG:websockets.client:< TEXT '>battle-gen9championsvgc2026regma-1589\n|reques...ng":false}]},"rqid":31}' [2124 bytes]
INFO:player:Turn 12 [battle-gen9championsvgc2026regma-1589] value head win-prob: 0.704  (winning)
DEBUG:live_vgc_base:Turn 12 [battle-gen9championsvgc2026regma-1589] a0=12 a1=10 src=model opp_splice=on
DEBUG:websockets.client:> TEXT 'battle-gen9championsvgc2026regma-1589|/choose s...icott, move solarbeam 2' [81 bytes]
DEBUG:live_vgc_base:Turn 12 [battle-gen9championsvgc2026regma-1589] a0=12 a1=9 src=random opp_splice=on
DEBUG:websockets.client:> TEXT 'battle-gen9championsvgc2026regma-1589|/choose s...ark, move closecombat 1' [80 bytes]
DEBUG:websockets.client:< TEXT '>battle-gen9championsvgc2026regma-1589\n|\n|t:|...move: Tailwind\n|upkeep' [467 bytes]
DEBUG:websockets.client:< TEXT '>battle-gen9championsvgc2026regma-1589\n|\n|t:|...move: Tailwind\n|upkeep' [467 bytes]
DEBUG:websockets.client:< TEXT '>battle-gen9championsvgc2026regma-1589\n|reques...Cancel":true,"rqid":32}' [1425 bytes]
DEBUG:websockets.client:< TEXT '>battle-gen9championsvgc2026regma-1589\n|reques...ng":false}]},"rqid":33}' [1372 bytes]
DEBUG:live_vgc_base:forceSwitch forced_switch_model [battle-gen9championsvgc2026regma-1589] turn 12 a0=12 a1=None opp_splice=on
DEBUG:websockets.client:> TEXT 'battle-gen9championsvgc2026regma-1589|/choose switch Zoroark, pass' [66 bytes]
DEBUG:websockets.client:< TEXT '>battle-gen9championsvgc2026regma-1589\n|\n|t:|... M|18/132 slp\n|turn|13' [123 bytes]
DEBUG:websockets.client:< TEXT '>battle-gen9championsvgc2026regma-1589\n|\n|t:|... M|13/100 slp\n|turn|13' [123 bytes]
DEBUG:websockets.client:< TEXT '>battle-gen9championsvgc2026regma-1589\n|reques...ng":false}]},"rqid":34}' [1852 bytes]
DEBUG:websockets.client:< TEXT '>battle-gen9championsvgc2026regma-1589\n|reques...ng":false}]},"rqid":35}' [2134 bytes]
INFO:player:Turn 13 [battle-gen9championsvgc2026regma-1589] value head win-prob: 0.083  (losing)
DEBUG:live_vgc_base:Turn 13 [battle-gen9championsvgc2026regma-1589] a0=0 a1=9 src=model opp_splice=on
DEBUG:websockets.client:> TEXT 'battle-gen9championsvgc2026regma-1589|/choose m...voice, move solarbeam 1' [79 bytes]
DEBUG:live_vgc_base:Turn 13 [battle-gen9championsvgc2026regma-1589] a0=0 a1=6 src=random opp_splice=on
DEBUG:websockets.client:> TEXT 'battle-gen9championsvgc2026regma-1589|/choose m...ypervoice, move protect' [75 bytes]
DEBUG:websockets.client:< TEXT '>battle-gen9championsvgc2026regma-1589\n|\n|t:|...wind\n|upkeep\n|turn|14' [567 bytes]
DEBUG:websockets.client:< TEXT '>battle-gen9championsvgc2026regma-1589\n|\n|t:|...wind\n|upkeep\n|turn|14' [567 bytes]
DEBUG:websockets.client:< TEXT '>battle-gen9championsvgc2026regma-1589\n|reques...ng":false}]},"rqid":36}' [2167 bytes]
DEBUG:websockets.client:< TEXT '>battle-gen9championsvgc2026regma-1589\n|reques...ng":false}]},"rqid":37}' [2134 bytes]
DEBUG:live_vgc_base:Turn 14 [battle-gen9championsvgc2026regma-1589] a0=9 a1=3 src=random opp_splice=on
DEBUG:websockets.client:> TEXT 'battle-gen9championsvgc2026regma-1589|/choose m...cywind, move direclaw 1' [75 bytes]
INFO:player:Turn 14 [battle-gen9championsvgc2026regma-1589] value head win-prob: 0.203  (losing)
DEBUG:live_vgc_base:Turn 14 [battle-gen9championsvgc2026regma-1589] a0=0 a1=6 src=model opp_splice=on
DEBUG:websockets.client:> TEXT 'battle-gen9championsvgc2026regma-1589|/choose m...ypervoice, move protect' [75 bytes]
DEBUG:websockets.client:< TEXT '>battle-gen9championsvgc2026regma-1589\n|\n|t:|...t\n|\n|upkeep\n|turn|15' [435 bytes]
DEBUG:websockets.client:< TEXT '>battle-gen9championsvgc2026regma-1589\n|\n|t:|...t\n|\n|upkeep\n|turn|15' [435 bytes]
DEBUG:websockets.client:< TEXT '>battle-gen9championsvgc2026regma-1589\n|reques...ng":false}]},"rqid":38}' [2166 bytes]
DEBUG:websockets.client:< TEXT '>battle-gen9championsvgc2026regma-1589\n|reques...ng":false}]},"rqid":39}' [2134 bytes]
INFO:player:Turn 15 [battle-gen9championsvgc2026regma-1589] value head win-prob: 0.025  (losing)
DEBUG:live_vgc_base:Turn 15 [battle-gen9championsvgc2026regma-1589] a0=0 a1=0 src=model opp_splice=on
DEBUG:vgc_base:_safe_order: action 0 slot 0 \u2192 None, scanning legal actions.
DEBUG:vgc_base:_safe_order: slot 0 has no decodable legal action — sending Pass.
DEBUG:websockets.client:> TEXT 'battle-gen9championsvgc2026regma-1589|/choose pass, move heatwave' [65 bytes]
DEBUG:live_vgc_base:Turn 15 [battle-gen9championsvgc2026regma-1589] a0=9 a1=6 src=random opp_splice=on
DEBUG:websockets.client:> TEXT 'battle-gen9championsvgc2026regma-1589|/choose move icywind, move protect' [72 bytes]
DEBUG:websockets.client:< TEXT '>battle-gen9championsvgc2026regma-1589\n|\n|t:|...n\n|\n|upkeep\n|turn|16' [460 bytes]
DEBUG:websockets.client:< TEXT '>battle-gen9championsvgc2026regma-1589\n|\n|t:|...n\n|\n|upkeep\n|turn|16' [460 bytes]
DEBUG:websockets.client:< TEXT '>battle-gen9championsvgc2026regma-1589\n|reques...ng":false}]},"rqid":40}' [2166 bytes]
DEBUG:websockets.client:< TEXT '>battle-gen9championsvgc2026regma-1589\n|reques...ng":false}]},"rqid":41}' [2133 bytes]
INFO:player:Turn 16 [battle-gen9championsvgc2026regma-1589] value head win-prob: 0.290  (losing)
DEBUG:live_vgc_base:Turn 16 [battle-gen9championsvgc2026regma-1589] a0=0 a1=0 src=model opp_splice=on
DEBUG:vgc_base:_safe_order: action 0 slot 0 \u2192 None, scanning legal actions.
DEBUG:vgc_base:_safe_order: slot 0 has no decodable legal action — sending Pass.
DEBUG:websockets.client:> TEXT 'battle-gen9championsvgc2026regma-1589|/choose pass, move heatwave' [65 bytes]
DEBUG:live_vgc_base:Turn 16 [battle-gen9championsvgc2026regma-1589] a0=6 a1=11 src=random opp_splice=on
DEBUG:websockets.client:> TEXT 'battle-gen9championsvgc2026regma-1589|/choose m...ct, move closecombat -1' [79 bytes]
DEBUG:websockets.client:< TEXT '>battle-gen9championsvgc2026regma-1589\n|\n|t:|...b: Sneasler\n|\n|upkeep' [368 bytes]
DEBUG:websockets.client:< TEXT '>battle-gen9championsvgc2026regma-1589\n|\n|t:|...b: Sneasler\n|\n|upkeep' [368 bytes]
DEBUG:websockets.client:< TEXT '>battle-gen9championsvgc2026regma-1589\n|reques...ng":false}]},"rqid":42}' [1388 bytes]
DEBUG:websockets.client:< TEXT '>battle-gen9championsvgc2026regma-1589\n|reques...Cancel":true,"rqid":43}' [1401 bytes]
DEBUG:vgc_base:forceSwitch [battle-gen9championsvgc2026regma-1589] force=[False, True] \u2192 /choose pass / /choose switch Whimsicott
DEBUG:websockets.client:> TEXT 'battle-gen9championsvgc2026regma-1589|/choose pass, switch Whimsicott' [69 bytes]
DEBUG:websockets.client:< TEXT '>battle-gen9championsvgc2026regma-1589\n|\n|t:|...50, F|100/100\n|turn|17' [115 bytes]
DEBUG:websockets.client:< TEXT '>battle-gen9championsvgc2026regma-1589\n|\n|t:|...50, F|137/137\n|turn|17' [115 bytes]
DEBUG:websockets.client:< TEXT '>battle-gen9championsvgc2026regma-1589\n|reques...ng":false}]},"rqid":44}' [2166 bytes]
DEBUG:websockets.client:< TEXT '>battle-gen9championsvgc2026regma-1589\n|reques...ng":false}]},"rqid":45}' [2145 bytes]
INFO:player:Turn 17 [battle-gen9championsvgc2026regma-1589] value head win-prob: 0.100  (losing)
DEBUG:live_vgc_base:Turn 17 [battle-gen9championsvgc2026regma-1589] a0=0 a1=0 src=model opp_splice=on
DEBUG:vgc_base:_safe_order: action 0 slot 0 \u2192 None, scanning legal actions.
DEBUG:vgc_base:_safe_order: slot 0 has no decodable legal action — sending Pass.
DEBUG:websockets.client:> TEXT 'battle-gen9championsvgc2026regma-1589|/choose pass, move heatwave' [65 bytes]
DEBUG:live_vgc_base:Turn 17 [battle-gen9championsvgc2026regma-1589] a0=5 a1=8 src=random opp_splice=on
DEBUG:websockets.client:> TEXT 'battle-gen9championsvgc2026regma-1589|/choose m...l -2, move moonblast -1' [83 bytes]
DEBUG:websockets.client:< TEXT '>battle-gen9championsvgc2026regma-1589\n|\n|t:|...Whimsicott\n|\n|win|BC1' [477 bytes]
DEBUG:websockets.client:< TEXT '>battle-gen9championsvgc2026regma-1589\n|\n|t:|...Whimsicott\n|\n|win|BC1' [477 bytes]
INFO:vgc_base:Battle battle-gen9championsvgc2026regma-1589 finished — outcome: WIN  (W/L/D so far: 1/1/0)
DEBUG:websockets.client:> TEXT '|/leave battle-gen9championsvgc2026regma-1589' [45 bytes]
DEBUG:websockets.client:< TEXT '|updatesearch|{"searching":[],"games":{"battle-... 2026 Reg M-A Battle"}}' [124 bytes]
DEBUG:websockets.client:< TEXT '|updatesearch|{"searching":[],"games":{"battle-... 2026 Reg M-A Battle"}}' [124 bytes]
DEBUG:websockets.client:> TEXT 'battle-gen9championsvgc2026regma-1590|/rejectopenteamsheets' [59 bytes]
INFO:vgc_base:Battle battle-gen9championsvgc2026regma-1589 finished — outcome: LOSS  (W/L/D so far: 1/1/0)
DEBUG:websockets.client:> TEXT '|/leave battle-gen9championsvgc2026regma-1589' [45 bytes]
DEBUG:websockets.client:> TEXT '|/utm Sneasler||whiteherb|unburden|fakeout,dire...Naive|32,2,,,,32||||50|' [550 bytes]
DEBUG:websockets.client:> TEXT '|/challenge oprand1, gen9championsvgc2026regma' [46 bytes]
DEBUG:websockets.client:> TEXT 'battle-gen9championsvgc2026regma-1590|/rejectopenteamsheets' [59 bytes]
DEBUG:websockets.client:< TEXT '>battle-gen9championsvgc2026regma-1589\n|deinit' [46 bytes]
DEBUG:websockets.client:< TEXT '>battle-gen9championsvgc2026regma-1589\n|l|\u2606BC1' [48 bytes]
DEBUG:websockets.client:< TEXT '>battle-gen9championsvgc2026regma-1590\n|uhtmlchange|otsrequest|' [63 bytes]
DEBUG:websockets.client:< TEXT '>battle-gen9championsvgc2026regma-1590\nBC1 rejected open team sheets.' [69 bytes]
DEBUG:websockets.client:< TEXT '>battle-gen9championsvgc2026regma-1590\n|uhtmlchange|otsrequest|' [63 bytes]
DEBUG:websockets.client:< TEXT '>battle-gen9championsvgc2026regma-1590\nBC1 rejected open team sheets.' [69 bytes]
DEBUG:websockets.client:< TEXT '>battle-gen9championsvgc2026regma-1589\n|deinit' [46 bytes]
DEBUG:websockets.client:< TEXT '>battle-gen9championsvgc2026regma-1590\n|uhtmlchange|otsrequest|' [63 bytes]
DEBUG:websockets.client:< TEXT '>battle-gen9championsvgc2026regma-1590\n|uhtmlchange|otsrequest|' [63 bytes]
DEBUG:websockets.client:< TEXT '>battle-gen9championsvgc2026regma-1590\nOPrand1...ected open team sheets.' [73 bytes]
INFO:player:Team-preview [battle-gen9championsvgc2026regma-1590] NET drove: bring=['whimsicott', 'zoroarkhisui', 'ditto', 'charizardmegay'] leads=['whimsicott', 'zoroarkhisui'] (vs opp ['sneasler', 'charizard', 'whimsicott', 'basculegion', 'zoroarkhisui', 'ditto'])
INFO:vgc_base:Teampreview [battle-gen9championsvgc2026regma-1590] \u2192 /team 3562  (whimsicott, zoroarkhisui, ditto, charizardmegay)
DEBUG:websockets.client:> TEXT 'battle-gen9championsvgc2026regma-1590|/team 3562' [48 bytes]
INFO:vgc_base:Teampreview [battle-gen9championsvgc2026regma-1590] \u2192 /team 5134  (zoroarkhisui, sneasler, whimsicott, basculegion)
DEBUG:websockets.client:> TEXT 'battle-gen9championsvgc2026regma-1590|/team 5134' [48 bytes]
DEBUG:websockets.client:< TEXT '>battle-gen9championsvgc2026regma-1590\nOPrand1...ected open team sheets.' [73 bytes]
DEBUG:websockets.client:< TEXT '|pm| BC1| OPrand1|/challenge gen9championsvgc20...hampionsvgc2026regma|||' [83 bytes]
DEBUG:websockets.client:< TEXT '|pm| BC1| OPrand1|/log BC1 wants to battle!' [43 bytes]
DEBUG:websockets.client:< TEXT '|pm| BC1| OPrand1|/challenge gen9championsvgc20...hampionsvgc2026regma|||' [83 bytes]
DEBUG:websockets.client:< TEXT '|pm| BC1| OPrand1|/log BC1 wants to battle!' [43 bytes]
DEBUG:websockets.client:> TEXT '|/utm Sneasler||whiteherb|unburden|fakeout,dire...Naive|32,2,,,,32||||50|' [550 bytes]
DEBUG:websockets.client:> TEXT '|/accept bc1' [12 bytes]
DEBUG:websockets.client:< TEXT '>battle-gen9championsvgc2026regma-1590\n|\n|t:|...L50, F|100/100\n|turn|1' [325 bytes]
DEBUG:websockets.client:< TEXT '>battle-gen9championsvgc2026regma-1590\n|\n|t:|...L50, F|157/157\n|turn|1' [325 bytes]
DEBUG:websockets.client:< TEXT '>battle-gen9championsvgc2026regma-1590\n|reques...ing":false}]},"rqid":4}' [2167 bytes]
DEBUG:websockets.client:< TEXT '>battle-gen9championsvgc2026regma-1590\n|reques...ing":false}]},"rqid":5}' [2217 bytes]
INFO:player:Turn 1 [battle-gen9championsvgc2026regma-1590] value head win-prob: 0.333  (losing)
DEBUG:live_vgc_base:Turn 1 [battle-gen9championsvgc2026regma-1590] a0=0 a1=9 src=model opp_splice=on
DEBUG:websockets.client:> TEXT 'battle-gen9championsvgc2026regma-1590|/choose move encore 1, move icywind' [73 bytes]
DEBUG:live_vgc_base:Turn 1 [battle-gen9championsvgc2026regma-1590] a0=0 a1=2 src=random opp_splice=on
DEBUG:websockets.client:> TEXT 'battle-gen9championsvgc2026regma-1590|/choose m...rvoice, move fakeout -1' [78 bytes]
DEBUG:websockets.client:< TEXT '|pm| OPrand1| BC1|/challenge' [28 bytes]
DEBUG:websockets.client:< TEXT '|updatesearch|{"searching":[],"games":{"battle-... 2026 Reg M-A Battle"}}' [124 bytes]
DEBUG:websockets.client:< TEXT '|updatesearch|{"searching":[],"games":{"battle-... 2026 Reg M-A Battle"}}' [208 bytes]
DEBUG:websockets.client:< TEXT '|updatesearch|{"searching":[],"games":{"battle-... 2026 Reg M-A Battle"}}' [208 bytes]
DEBUG:websockets.client:< TEXT '>battle-gen9championsvgc2026regma-1591\n|init|b...n|j|\u2606BC1\n|j|\u2606OPrand1\n' [99 bytes]
DEBUG:websockets.client:< TEXT '|pm| OPrand1| BC1|/nonotify OPrand1 accepted th...26regma-1591</a>&raquo;' [173 bytes]
DEBUG:websockets.client:< TEXT '>battle-gen9championsvgc2026regma-1591\n|t:|1781643014\n|gametype|doubles' [71 bytes]
DEBUG:websockets.client:< TEXT '>battle-gen9championsvgc2026regma-1591\n|player|p1|BC1|266|' [58 bytes]
DEBUG:websockets.client:< TEXT '>battle-gen9championsvgc2026regma-1591\n|player...heets</strong></button>' [857 bytes]
DEBUG:websockets.client:< TEXT '>battle-gen9championsvgc2026regma-1591\n|reques...ing":false}]},"rqid":3}' [2097 bytes]
DEBUG:websockets.client:< TEXT '|pm| OPrand1| BC1|/challenge' [28 bytes]
DEBUG:websockets.client:< TEXT '|updatesearch|{"searching":[],"games":{"battle-... 2026 Reg M-A Battle"}}' [124 bytes]
DEBUG:websockets.client:< TEXT '|updatesearch|{"searching":[],"games":{"battle-... 2026 Reg M-A Battle"}}' [208 bytes]
DEBUG:websockets.client:< TEXT '|updatesearch|{"searching":[],"games":{"battle-... 2026 Reg M-A Battle"}}' [208 bytes]
DEBUG:websockets.client:< TEXT '>battle-gen9championsvgc2026regma-1591\n|init|b... vs. OPrand1\n|j|\u2606BC1\n' [85 bytes]
DEBUG:websockets.client:< TEXT '>battle-gen9championsvgc2026regma-1591\n|j|\u2606OPrand1' [52 bytes]
DEBUG:websockets.client:< TEXT '|pm| OPrand1| BC1|/nonotify OPrand1 accepted th...26regma-1591</a>&raquo;' [173 bytes]
DEBUG:websockets.client:< TEXT '>battle-gen9championsvgc2026regma-1591\n|t:|1781643014\n|gametype|doubles' [71 bytes]
DEBUG:websockets.client:< TEXT '>battle-gen9championsvgc2026regma-1591\n|player|p1|BC1|266|' [58 bytes]
DEBUG:websockets.client:< TEXT '>battle-gen9championsvgc2026regma-1591\n|player...heets</strong></button>' [857 bytes]
DEBUG:websockets.client:< TEXT '>battle-gen9championsvgc2026regma-1591\n|reques...ing":false}]},"rqid":2}' [2093 bytes]
DEBUG:websockets.client:< TEXT '>battle-gen9championsvgc2026regma-1590\n|\n|t:|...t]\n|\n|upkeep\n|turn|2' [691 bytes]
DEBUG:websockets.client:< TEXT '>battle-gen9championsvgc2026regma-1590\n|\n|t:|...t]\n|\n|upkeep\n|turn|2' [692 bytes]
DEBUG:websockets.client:< TEXT '>battle-gen9championsvgc2026regma-1590\n|reques...ing":false}]},"rqid":6}' [2166 bytes]
DEBUG:websockets.client:< TEXT '>battle-gen9championsvgc2026regma-1590\n|reques...ing":false}]},"rqid":7}' [2206 bytes]
INFO:player:Turn 2 [battle-gen9championsvgc2026regma-1590] value head win-prob: 0.315  (losing)
DEBUG:live_vgc_base:Turn 2 [battle-gen9championsvgc2026regma-1590] a0=0 a1=9 src=model opp_splice=on
DEBUG:websockets.client:> TEXT 'battle-gen9championsvgc2026regma-1590|/choose move encore 1, move icywind' [73 bytes]
DEBUG:live_vgc_base:Turn 2 [battle-gen9championsvgc2026regma-1590] a0=3 a1=6 src=random opp_splice=on
DEBUG:websockets.client:> TEXT 'battle-gen9championsvgc2026regma-1590|/choose m...dowball 1, move protect' [77 bytes]
DEBUG:websockets.client:< TEXT '>battle-gen9championsvgc2026regma-1590\n|\n|t:|... Whimsicott\n|\n|upkeep' [503 bytes]
DEBUG:websockets.client:< TEXT '>battle-gen9championsvgc2026regma-1590\n|\n|t:|... Whimsicott\n|\n|upkeep' [503 bytes]
DEBUG:websockets.client:< TEXT '>battle-gen9championsvgc2026regma-1590\n|reques...oCancel":true,"rqid":8}' [1421 bytes]
DEBUG:websockets.client:< TEXT '>battle-gen9championsvgc2026regma-1590\n|reques...ing":false}]},"rqid":9}' [1444 bytes]
DEBUG:live_vgc_base:forceSwitch forced_switch_model [battle-gen9championsvgc2026regma-1590] turn 2 a0=13 a1=None opp_splice=on
DEBUG:websockets.client:> TEXT 'battle-gen9championsvgc2026regma-1590|/choose switch Ditto, pass' [64 bytes]
DEBUG:websockets.client:< TEXT '>battle-gen9championsvgc2026regma-1590\n|\n|t:|...lity: Imposter\n|turn|3' [163 bytes]
DEBUG:websockets.client:< TEXT '>battle-gen9championsvgc2026regma-1590\n|\n|t:|...lity: Imposter\n|turn|3' [163 bytes]
DEBUG:websockets.client:< TEXT '>battle-gen9championsvgc2026regma-1590\n|reques...ng":false}]},"rqid":10}' [2183 bytes]
DEBUG:websockets.client:< TEXT '>battle-gen9championsvgc2026regma-1590\n|reques...ng":false}]},"rqid":11}' [2204 bytes]
DEBUG:live_vgc_base:Turn 3 [battle-gen9championsvgc2026regma-1590] a0=12 a1=6 src=random opp_splice=on
DEBUG:websockets.client:> TEXT 'battle-gen9championsvgc2026regma-1590|/choose s...himsicott, move protect' [77 bytes]
INFO:player:Turn 3 [battle-gen9championsvgc2026regma-1590] value head win-prob: 0.524  (even)
DEBUG:live_vgc_base:Turn 3 [battle-gen9championsvgc2026regma-1590] a0=0 a1=9 src=model opp_splice=on
DEBUG:websockets.client:> TEXT 'battle-gen9championsvgc2026regma-1590|/choose m...fakeout 1, move icywind' [74 bytes]
DEBUG:websockets.client:< TEXT '>battle-gen9championsvgc2026regma-1590\n|\n|t:|...|1\n|\n|upkeep\n|turn|4' [470 bytes]
DEBUG:websockets.client:< TEXT '>battle-gen9championsvgc2026regma-1590\n|\n|t:|...|1\n|\n|upkeep\n|turn|4' [471 bytes]
DEBUG:websockets.client:< TEXT '>battle-gen9championsvgc2026regma-1590\n|reques...ng":false}]},"rqid":12}' [2182 bytes]
DEBUG:websockets.client:< TEXT '>battle-gen9championsvgc2026regma-1590\n|reques...ng":false}]},"rqid":13}' [2196 bytes]
INFO:player:Turn 4 [battle-gen9championsvgc2026regma-1590] value head win-prob: 0.361  (losing)
DEBUG:live_vgc_base:Turn 4 [battle-gen9championsvgc2026regma-1590] a0=3 a1=9 src=model opp_splice=on
DEBUG:websockets.client:> TEXT 'battle-gen9championsvgc2026regma-1590|/choose move protect, move icywind' [72 bytes]
DEBUG:live_vgc_base:Turn 4 [battle-gen9championsvgc2026regma-1590] a0=12 a1=4 src=random opp_splice=on
DEBUG:websockets.client:> TEXT 'battle-gen9championsvgc2026regma-1590|/choose s...legion, move direclaw 2' [81 bytes]
DEBUG:websockets.client:< TEXT '>battle-gen9championsvgc2026regma-1590\n|\n|t:|...|1\n|\n|upkeep\n|turn|5' [585 bytes]
DEBUG:websockets.client:< TEXT '>battle-gen9championsvgc2026regma-1590\n|\n|t:|...|1\n|\n|upkeep\n|turn|5' [586 bytes]
DEBUG:websockets.client:< TEXT '>battle-gen9championsvgc2026regma-1590\n|reques...ng":false}]},"rqid":14}' [2181 bytes]
DEBUG:websockets.client:< TEXT '>battle-gen9championsvgc2026regma-1590\n|reques...ng":false}]},"rqid":15}' [2191 bytes]
DEBUG:live_vgc_base:Turn 5 [battle-gen9championsvgc2026regma-1590] a0=0 a1=13 src=random opp_splice=on
DEBUG:websockets.client:> TEXT 'battle-gen9championsvgc2026regma-1590|/choose m...pturn 1, switch Zoroark' [77 bytes]
INFO:player:Turn 5 [battle-gen9championsvgc2026regma-1590] value head win-prob: 0.627  (winning)
DEBUG:live_vgc_base:Turn 5 [battle-gen9championsvgc2026regma-1590] a0=6 a1=9 src=model opp_splice=on
DEBUG:websockets.client:> TEXT 'battle-gen9championsvgc2026regma-1590|/choose m...ireclaw 1, move icywind' [75 bytes]
DEBUG:websockets.client:< TEXT '>battle-gen9championsvgc2026regma-1590\n|\n|t:|...amage|p1a: Ditto|27/155' [576 bytes]
DEBUG:websockets.client:< TEXT '>battle-gen9championsvgc2026regma-1590\n|\n|t:|...amage|p1a: Ditto|17/100' [578 bytes]
DEBUG:websockets.client:< TEXT '>battle-gen9championsvgc2026regma-1590\n|reques...ng":false}]},"rqid":16}' [1422 bytes]
DEBUG:websockets.client:< TEXT '>battle-gen9championsvgc2026regma-1590\n|reques...Cancel":true,"rqid":17}' [1473 bytes]
DEBUG:vgc_base:forceSwitch [battle-gen9championsvgc2026regma-1590] force=[True, False] \u2192 /choose switch Whimsicott / /choose pass
DEBUG:websockets.client:> TEXT 'battle-gen9championsvgc2026regma-1590|/choose switch Whimsicott, pass' [69 bytes]
DEBUG:websockets.client:< TEXT '>battle-gen9championsvgc2026regma-1590\n|\n|t:|...rn\n|\n|upkeep\n|turn|6' [140 bytes]
DEBUG:websockets.client:< TEXT '>battle-gen9championsvgc2026regma-1590\n|\n|t:|...rn\n|\n|upkeep\n|turn|6' [140 bytes]
DEBUG:websockets.client:< TEXT '>battle-gen9championsvgc2026regma-1590\n|reques...ng":false}]},"rqid":18}' [2180 bytes]
DEBUG:websockets.client:< TEXT '>battle-gen9championsvgc2026regma-1590\n|reques...ng":false}]},"rqid":19}' [2217 bytes]
INFO:player:Turn 6 [battle-gen9championsvgc2026regma-1590] value head win-prob: 0.046  (losing)
DEBUG:live_vgc_base:Turn 6 [battle-gen9championsvgc2026regma-1590] a0=12 a1=9 src=model opp_splice=on
DEBUG:websockets.client:> TEXT 'battle-gen9championsvgc2026regma-1590|/choose s...Charizard, move icywind' [76 bytes]
DEBUG:live_vgc_base:Turn 6 [battle-gen9championsvgc2026regma-1590] a0=12 a1=4 src=random opp_splice=on
DEBUG:websockets.client:> TEXT 'battle-gen9championsvgc2026regma-1590|/choose s...sler, move shadowball 2' [80 bytes]
DEBUG:websockets.client:< TEXT '>battle-gen9championsvgc2026regma-1590\n|\n|t:|...2b: Zoroark\n|\n|upkeep' [327 bytes]
DEBUG:websockets.client:< TEXT '>battle-gen9championsvgc2026regma-1590\n|\n|t:|...2b: Zoroark\n|\n|upkeep' [327 bytes]
DEBUG:websockets.client:< TEXT '>battle-gen9championsvgc2026regma-1590\n|reques...ng":false}]},"rqid":20}' [1389 bytes]
DEBUG:websockets.client:< TEXT '>battle-gen9championsvgc2026regma-1590\n|reques...Cancel":true,"rqid":21}' [1473 bytes]
DEBUG:vgc_base:forceSwitch [battle-gen9championsvgc2026regma-1590] force=[False, True] \u2192 /choose pass / /choose switch Basculegion
DEBUG:websockets.client:> TEXT 'battle-gen9championsvgc2026regma-1590|/choose pass, switch Basculegion' [70 bytes]
DEBUG:websockets.client:< TEXT '>battle-gen9championsvgc2026regma-1590\n|\n|t:|... L50, M|56/100\n|turn|7' [115 bytes]
DEBUG:websockets.client:< TEXT '>battle-gen9championsvgc2026regma-1590\n|\n|t:|...L50, M|111/197\n|turn|7' [116 bytes]
DEBUG:websockets.client:< TEXT '>battle-gen9championsvgc2026regma-1590\n|reques...ng":false}]},"rqid":22}' [2185 bytes]
DEBUG:websockets.client:< TEXT '>battle-gen9championsvgc2026regma-1590\n|reques...ng":false}]},"rqid":23}' [2191 bytes]
INFO:player:Turn 7 [battle-gen9championsvgc2026regma-1590] value head win-prob: 0.371  (losing)
DEBUG:live_vgc_base:Turn 7 [battle-gen9championsvgc2026regma-1590] a0=0 a1=12 src=model opp_splice=on
DEBUG:websockets.client:> TEXT 'battle-gen9championsvgc2026regma-1590|/choose m...wave mega, switch Ditto' [78 bytes]
DEBUG:live_vgc_base:Turn 7 [battle-gen9championsvgc2026regma-1590] a0=2 a1=6 src=random opp_splice=on
DEBUG:websockets.client:> TEXT 'battle-gen9championsvgc2026regma-1590|/choose m...akeout -2, move protect' [75 bytes]
DEBUG:websockets.client:< TEXT '>battle-gen9championsvgc2026regma-1590\n|\n|t:|...nyDay|[upkeep]\n|upkeep' [684 bytes]
DEBUG:websockets.client:< TEXT '>battle-gen9championsvgc2026regma-1590\n|\n|t:|...nyDay|[upkeep]\n|upkeep' [684 bytes]
DEBUG:websockets.client:< TEXT '>battle-gen9championsvgc2026regma-1590\n|reques...ng":false}]},"rqid":24}' [1424 bytes]
DEBUG:websockets.client:< TEXT '>battle-gen9championsvgc2026regma-1590\n|reques...Cancel":true,"rqid":25}' [1472 bytes]
DEBUG:vgc_base:forceSwitch [battle-gen9championsvgc2026regma-1590] force=[True, False] \u2192 /choose switch Whimsicott / /choose pass
DEBUG:websockets.client:> TEXT 'battle-gen9championsvgc2026regma-1590|/choose switch Whimsicott, pass' [69 bytes]
DEBUG:websockets.client:< TEXT '>battle-gen9championsvgc2026regma-1590\n|\n|t:|... L50, F|35/100\n|turn|8' [113 bytes]
DEBUG:websockets.client:< TEXT '>battle-gen9championsvgc2026regma-1590\n|\n|t:|... L50, F|48/137\n|turn|8' [113 bytes]
DEBUG:websockets.client:< TEXT '>battle-gen9championsvgc2026regma-1590\n|reques...ng":false}]},"rqid":26}' [2176 bytes]
DEBUG:websockets.client:< TEXT '>battle-gen9championsvgc2026regma-1590\n|reques...ng":false}]},"rqid":27}' [2202 bytes]
INFO:player:Turn 8 [battle-gen9championsvgc2026regma-1590] value head win-prob: 0.530  (even)
DEBUG:live_vgc_base:Turn 8 [battle-gen9championsvgc2026regma-1590] a0=0 a1=1 src=model opp_splice=on
DEBUG:websockets.client:> TEXT 'battle-gen9championsvgc2026regma-1590|/choose m...eatwave, move fakeout 2' [75 bytes]
DEBUG:live_vgc_base:Turn 8 [battle-gen9championsvgc2026regma-1590] a0=1 a1=6 src=random opp_splice=on
DEBUG:websockets.client:> TEXT 'battle-gen9championsvgc2026regma-1590|/choose move encore 2, move protect' [73 bytes]
DEBUG:websockets.client:< TEXT '>battle-gen9championsvgc2026regma-1590\n|\n|t:|...keep]\n|upkeep\n|turn|9' [619 bytes]
DEBUG:websockets.client:< TEXT '>battle-gen9championsvgc2026regma-1590\n|\n|t:|...keep]\n|upkeep\n|turn|9' [619 bytes]
DEBUG:websockets.client:< TEXT '>battle-gen9championsvgc2026regma-1590\n|reques...ng":false}]},"rqid":28}' [1898 bytes]
DEBUG:websockets.client:< TEXT '>battle-gen9championsvgc2026regma-1590\n|reques...ng":false}]},"rqid":29}' [2192 bytes]
INFO:player:Turn 9 [battle-gen9championsvgc2026regma-1590] value head win-prob: 0.987  (winning)
DEBUG:live_vgc_base:Turn 9 [battle-gen9championsvgc2026regma-1590] a0=0 a1=12 src=model opp_splice=on
DEBUG:websockets.client:> TEXT 'battle-gen9championsvgc2026regma-1590|/choose m...eatwave, switch Zoroark' [75 bytes]
DEBUG:live_vgc_base:Turn 9 [battle-gen9championsvgc2026regma-1590] a0=0 a1=1 src=random opp_splice=on
DEBUG:vgc_base:_safe_order: action 0 slot 0 \u2192 None, scanning legal actions.
DEBUG:vgc_base:_safe_order: slot 0 has no decodable legal action — sending Pass.
DEBUG:websockets.client:> TEXT 'battle-gen9championsvgc2026regma-1590|/choose pass, move flipturn 2' [67 bytes]
DEBUG:websockets.client:< TEXT '>battle-gen9championsvgc2026regma-1590\n|\n|t:|...eep]\n|upkeep\n|turn|10' [393 bytes]
DEBUG:websockets.client:< TEXT '>battle-gen9championsvgc2026regma-1590\n|\n|t:|...eep]\n|upkeep\n|turn|10' [392 bytes]
DEBUG:websockets.client:< TEXT '>battle-gen9championsvgc2026regma-1590\n|reques...ng":false}]},"rqid":30}' [2168 bytes]
DEBUG:websockets.client:< TEXT '>battle-gen9championsvgc2026regma-1590\n|reques...ng":false}]},"rqid":31}' [2191 bytes]
INFO:player:Turn 10 [battle-gen9championsvgc2026regma-1590] value head win-prob: 1.000  (winning)
DEBUG:live_vgc_base:Turn 10 [battle-gen9championsvgc2026regma-1590] a0=0 a1=9 src=model opp_splice=on
DEBUG:websockets.client:> TEXT 'battle-gen9championsvgc2026regma-1590|/choose move heatwave, move icywind' [73 bytes]
DEBUG:live_vgc_base:Turn 10 [battle-gen9championsvgc2026regma-1590] a0=0 a1=4 src=random opp_splice=on
DEBUG:vgc_base:_safe_order: action 0 slot 0 \u2192 None, scanning legal actions.
DEBUG:vgc_base:_safe_order: slot 0 has no decodable legal action — sending Pass.
DEBUG:websockets.client:> TEXT 'battle-gen9championsvgc2026regma-1590|/choose pass, move wavecrash 2' [68 bytes]
DEBUG:websockets.client:< TEXT '>battle-gen9championsvgc2026regma-1590\n|\n|t:|...asculegion\n|\n|win|BC1' [340 bytes]
DEBUG:websockets.client:< TEXT '>battle-gen9championsvgc2026regma-1590\n|\n|t:|...asculegion\n|\n|win|BC1' [340 bytes]
DEBUG:websockets.client:< TEXT '|updatesearch|{"searching":[],"games":{"battle-... 2026 Reg M-A Battle"}}' [124 bytes]
DEBUG:websockets.client:< TEXT '|updatesearch|{"searching":[],"games":{"battle-... 2026 Reg M-A Battle"}}' [124 bytes]
INFO:vgc_base:Battle battle-gen9championsvgc2026regma-1590 finished — outcome: WIN  (W/L/D so far: 2/1/0)
DEBUG:websockets.client:> TEXT '|/leave battle-gen9championsvgc2026regma-1590' [45 bytes]
INFO:vgc_base:Battle battle-gen9championsvgc2026regma-1590 finished — outcome: LOSS  (W/L/D so far: 1/2/0)
DEBUG:websockets.client:> TEXT '|/leave battle-gen9championsvgc2026regma-1590' [45 bytes]
DEBUG:websockets.client:> TEXT 'battle-gen9championsvgc2026regma-1591|/rejectopenteamsheets' [59 bytes]
DEBUG:websockets.client:> TEXT 'battle-gen9championsvgc2026regma-1591|/rejectopenteamsheets' [59 bytes]
DEBUG:websockets.client:< TEXT '>battle-gen9championsvgc2026regma-1590\n|deinit' [46 bytes]
DEBUG:websockets.client:< TEXT '>battle-gen9championsvgc2026regma-1590\n|l|\u2606BC1' [48 bytes]
DEBUG:websockets.client:> TEXT '|/utm Sneasler||whiteherb|unburden|fakeout,dire...Naive|32,2,,,,32||||50|' [550 bytes]
DEBUG:websockets.client:> TEXT '|/challenge oprand1, gen9championsvgc2026regma' [46 bytes]
DEBUG:websockets.client:< TEXT '>battle-gen9championsvgc2026regma-1590\n|deinit' [46 bytes]
DEBUG:websockets.client:< TEXT '>battle-gen9championsvgc2026regma-1591\n|uhtmlchange|otsrequest|' [63 bytes]
DEBUG:websockets.client:< TEXT '>battle-gen9championsvgc2026regma-1591\nBC1 rejected open team sheets.' [69 bytes]
DEBUG:websockets.client:< TEXT '>battle-gen9championsvgc2026regma-1591\n|uhtmlchange|otsrequest|' [63 bytes]
DEBUG:websockets.client:< TEXT '>battle-gen9championsvgc2026regma-1591\nBC1 rejected open team sheets.' [69 bytes]
DEBUG:websockets.client:< TEXT '>battle-gen9championsvgc2026regma-1591\n|uhtmlchange|otsrequest|' [63 bytes]
DEBUG:websockets.client:< TEXT '>battle-gen9championsvgc2026regma-1591\nOPrand1...ected open team sheets.' [73 bytes]
DEBUG:websockets.client:< TEXT '>battle-gen9championsvgc2026regma-1591\n|uhtmlchange|otsrequest|' [63 bytes]
INFO:vgc_base:Teampreview [battle-gen9championsvgc2026regma-1591] \u2192 /team 5143  (zoroarkhisui, sneasler, basculegion, whimsicott)
DEBUG:websockets.client:> TEXT 'battle-gen9championsvgc2026regma-1591|/team 5143' [48 bytes]
DEBUG:websockets.client:< TEXT '>battle-gen9championsvgc2026regma-1591\nOPrand1...ected open team sheets.' [73 bytes]
INFO:player:Team-preview [battle-gen9championsvgc2026regma-1591] NET drove: bring=['whimsicott', 'zoroarkhisui', 'ditto', 'charizardmegay'] leads=['whimsicott', 'zoroarkhisui'] (vs opp ['sneasler', 'charizard', 'whimsicott', 'basculegion', 'zoroarkhisui', 'ditto'])
INFO:vgc_base:Teampreview [battle-gen9championsvgc2026regma-1591] \u2192 /team 3562  (whimsicott, zoroarkhisui, ditto, charizardmegay)
DEBUG:websockets.client:> TEXT 'battle-gen9championsvgc2026regma-1591|/team 3562' [48 bytes]
DEBUG:websockets.client:< TEXT '|pm| BC1| OPrand1|/challenge gen9championsvgc20...hampionsvgc2026regma|||' [83 bytes]
DEBUG:websockets.client:< TEXT '|pm| BC1| OPrand1|/challenge gen9championsvgc20...hampionsvgc2026regma|||' [83 bytes]
DEBUG:websockets.client:< TEXT '|pm| BC1| OPrand1|/log BC1 wants to battle!' [43 bytes]
DEBUG:websockets.client:< TEXT '|pm| BC1| OPrand1|/log BC1 wants to battle!' [43 bytes]
DEBUG:websockets.client:> TEXT '|/utm Sneasler||whiteherb|unburden|fakeout,dire...Naive|32,2,,,,32||||50|' [550 bytes]
DEBUG:websockets.client:> TEXT '|/accept bc1' [12 bytes]
DEBUG:websockets.client:< TEXT '>battle-gen9championsvgc2026regma-1591\n|\n|t:|...L50, M|100/100\n|turn|1' [323 bytes]
DEBUG:websockets.client:< TEXT '>battle-gen9championsvgc2026regma-1591\n|\n|t:|...L50, M|157/157\n|turn|1' [323 bytes]
DEBUG:websockets.client:< TEXT '>battle-gen9championsvgc2026regma-1591\n|reques...ing":false}]},"rqid":4}' [2167 bytes]
DEBUG:websockets.client:< TEXT '|pm| OPrand1| BC1|/challenge' [28 bytes]
DEBUG:websockets.client:< TEXT '|pm| OPrand1| BC1|/challenge' [28 bytes]
DEBUG:websockets.client:< TEXT '|updatesearch|{"searching":[],"games":{"battle-... 2026 Reg M-A Battle"}}' [124 bytes]
DEBUG:websockets.client:< TEXT '|updatesearch|{"searching":[],"games":{"battle-... 2026 Reg M-A Battle"}}' [208 bytes]
DEBUG:websockets.client:< TEXT '|updatesearch|{"searching":[],"games":{"battle-... 2026 Reg M-A Battle"}}' [124 bytes]
DEBUG:websockets.client:< TEXT '|updatesearch|{"searching":[],"games":{"battle-... 2026 Reg M-A Battle"}}' [208 bytes]
DEBUG:websockets.client:< TEXT '|updatesearch|{"searching":[],"games":{"battle-... 2026 Reg M-A Battle"}}' [208 bytes]
DEBUG:websockets.client:< TEXT '|updatesearch|{"searching":[],"games":{"battle-... 2026 Reg M-A Battle"}}' [208 bytes]
DEBUG:websockets.client:< TEXT '>battle-gen9championsvgc2026regma-1592\n|init|b... vs. OPrand1\n|j|\u2606BC1\n' [85 bytes]
INFO:player:Turn 1 [battle-gen9championsvgc2026regma-1591] value head win-prob: 0.187  (losing)
DEBUG:live_vgc_base:Turn 1 [battle-gen9championsvgc2026regma-1591] a0=0 a1=9 src=model opp_splice=on
DEBUG:websockets.client:> TEXT 'battle-gen9championsvgc2026regma-1591|/choose move encore 1, move icywind' [73 bytes]
DEBUG:websockets.client:< TEXT '>battle-gen9championsvgc2026regma-1592\n|init|b...n|j|\u2606BC1\n|j|\u2606OPrand1\n' [99 bytes]
DEBUG:websockets.client:< TEXT '>battle-gen9championsvgc2026regma-1592\n|j|\u2606OPrand1' [52 bytes]
DEBUG:websockets.client:< TEXT '|pm| OPrand1| BC1|/nonotify OPrand1 accepted th...26regma-1592</a>&raquo;' [173 bytes]
DEBUG:websockets.client:< TEXT '|pm| OPrand1| BC1|/nonotify OPrand1 accepted th...26regma-1592</a>&raquo;' [173 bytes]
DEBUG:websockets.client:< TEXT '>battle-gen9championsvgc2026regma-1591\n|reques...ing":false}]},"rqid":5}' [2217 bytes]
DEBUG:websockets.client:< TEXT '>battle-gen9championsvgc2026regma-1592\n|t:|1781643015\n|gametype|doubles' [71 bytes]
DEBUG:websockets.client:< TEXT '>battle-gen9championsvgc2026regma-1592\n|player|p1|BC1|266|' [58 bytes]
DEBUG:websockets.client:< TEXT '>battle-gen9championsvgc2026regma-1592\n|player...heets</strong></button>' [857 bytes]
DEBUG:websockets.client:< TEXT '>battle-gen9championsvgc2026regma-1592\n|reques...ing":false}]},"rqid":3}' [2097 bytes]
DEBUG:websockets.client:< TEXT '>battle-gen9championsvgc2026regma-1592\n|t:|1781643015\n|gametype|doubles' [71 bytes]
DEBUG:websockets.client:< TEXT '>battle-gen9championsvgc2026regma-1592\n|player|p1|BC1|266|' [58 bytes]
DEBUG:websockets.client:< TEXT '>battle-gen9championsvgc2026regma-1592\n|player...heets</strong></button>' [857 bytes]
DEBUG:websockets.client:< TEXT '>battle-gen9championsvgc2026regma-1592\n|reques...ing":false}]},"rqid":2}' [2093 bytes]
DEBUG:live_vgc_base:Turn 1 [battle-gen9championsvgc2026regma-1591] a0=5 a1=0 src=random opp_splice=on
DEBUG:websockets.client:> TEXT 'battle-gen9championsvgc2026regma-1591|/choose m...ball -2, move fakeout 1' [80 bytes]
DEBUG:websockets.client:< TEXT '>battle-gen9championsvgc2026regma-1591\n|\n|t:|...t]\n|\n|upkeep\n|turn|2' [596 bytes]
DEBUG:websockets.client:< TEXT '>battle-gen9championsvgc2026regma-1591\n|\n|t:|...t]\n|\n|upkeep\n|turn|2' [595 bytes]
DEBUG:websockets.client:< TEXT '>battle-gen9championsvgc2026regma-1591\n|reques...ing":false}]},"rqid":6}' [2167 bytes]
DEBUG:websockets.client:< TEXT '>battle-gen9championsvgc2026regma-1591\n|reques...ing":false}]},"rqid":7}' [2205 bytes]
INFO:player:Turn 2 [battle-gen9championsvgc2026regma-1591] value head win-prob: 0.364  (losing)
DEBUG:live_vgc_base:Turn 2 [battle-gen9championsvgc2026regma-1591] a0=0 a1=9 src=model opp_splice=on
DEBUG:websockets.client:> TEXT 'battle-gen9championsvgc2026regma-1591|/choose move encore 1, move icywind' [73 bytes]
DEBUG:live_vgc_base:Turn 2 [battle-gen9championsvgc2026regma-1591] a0=0 a1=6 src=random opp_splice=on
DEBUG:websockets.client:> TEXT 'battle-gen9championsvgc2026regma-1591|/choose m...ypervoice, move protect' [75 bytes]
DEBUG:websockets.client:< TEXT '>battle-gen9championsvgc2026regma-1591\n|\n|t:|...37\n|\n|upkeep\n|turn|3' [453 bytes]
DEBUG:websockets.client:< TEXT '>battle-gen9championsvgc2026regma-1591\n|\n|t:|...00\n|\n|upkeep\n|turn|3' [453 bytes]
DEBUG:websockets.client:< TEXT '>battle-gen9championsvgc2026regma-1591\n|reques...ing":false}]},"rqid":8}' [2166 bytes]
DEBUG:websockets.client:< TEXT '>battle-gen9championsvgc2026regma-1591\n|reques...ing":false}]},"rqid":9}' [2202 bytes]
DEBUG:live_vgc_base:Turn 3 [battle-gen9championsvgc2026regma-1591] a0=13 a1=12 src=random opp_splice=on
DEBUG:websockets.client:> TEXT 'battle-gen9championsvgc2026regma-1591|/choose s...gion, switch Whimsicott' [83 bytes]
INFO:player:Turn 3 [battle-gen9championsvgc2026regma-1591] value head win-prob: 0.339  (losing)
DEBUG:live_vgc_base:Turn 3 [battle-gen9championsvgc2026regma-1591] a0=0 a1=9 src=model opp_splice=on
DEBUG:websockets.client:> TEXT 'battle-gen9championsvgc2026regma-1591|/choose move encore 1, move icywind' [73 bytes]
DEBUG:websockets.client:< TEXT '>battle-gen9championsvgc2026regma-1591\n|\n|t:|...|1\n|\n|upkeep\n|turn|4' [496 bytes]
DEBUG:websockets.client:< TEXT '>battle-gen9championsvgc2026regma-1591\n|\n|t:|...|1\n|\n|upkeep\n|turn|4' [497 bytes]
DEBUG:websockets.client:< TEXT '>battle-gen9championsvgc2026regma-1591\n|reques...ng":false}]},"rqid":10}' [2167 bytes]
DEBUG:websockets.client:< TEXT '>battle-gen9championsvgc2026regma-1591\n|reques...ng":false}]},"rqid":11}' [2204 bytes]
INFO:player:Turn 4 [battle-gen9championsvgc2026regma-1591] value head win-prob: 0.467  (even)
DEBUG:live_vgc_base:Turn 4 [battle-gen9championsvgc2026regma-1591] a0=13 a1=9 src=model opp_splice=on
DEBUG:websockets.client:> TEXT 'battle-gen9championsvgc2026regma-1591|/choose switch Ditto, move icywind' [72 bytes]
DEBUG:live_vgc_base:Turn 4 [battle-gen9championsvgc2026regma-1591] a0=9 a1=12 src=random opp_splice=on
DEBUG:websockets.client:> TEXT 'battle-gen9championsvgc2026regma-1591|/choose m...ects 1, switch Sneasler' [82 bytes]
DEBUG:websockets.client:< TEXT '>battle-gen9championsvgc2026regma-1591\n|\n|t:|...itto|21/155\n|\n|upkeep' [434 bytes]
DEBUG:websockets.client:< TEXT '>battle-gen9championsvgc2026regma-1591\n|\n|t:|...itto|13/100\n|\n|upkeep' [434 bytes]
DEBUG:websockets.client:< TEXT '>battle-gen9championsvgc2026regma-1591\n|reques...ng":false}]},"rqid":12}' [1426 bytes]
DEBUG:websockets.client:< TEXT '>battle-gen9championsvgc2026regma-1591\n|reques...Cancel":true,"rqid":13}' [1473 bytes]
DEBUG:vgc_base:forceSwitch [battle-gen9championsvgc2026regma-1591] force=[False, True] \u2192 /choose pass / /choose switch Whimsicott
DEBUG:websockets.client:> TEXT 'battle-gen9championsvgc2026regma-1591|/choose pass, switch Whimsicott' [69 bytes]
DEBUG:websockets.client:< TEXT '>battle-gen9championsvgc2026regma-1591\n|\n|t:|... L50, M|51/100\n|turn|5' [113 bytes]
DEBUG:websockets.client:< TEXT '>battle-gen9championsvgc2026regma-1591\n|\n|t:|... L50, M|71/137\n|turn|5' [113 bytes]
DEBUG:websockets.client:< TEXT '>battle-gen9championsvgc2026regma-1591\n|reques...ng":false}]},"rqid":14}' [2195 bytes]
DEBUG:websockets.client:< TEXT '>battle-gen9championsvgc2026regma-1591\n|reques...ng":false}]},"rqid":15}' [2203 bytes]
INFO:player:Turn 5 [battle-gen9championsvgc2026regma-1591] value head win-prob: 0.969  (winning)
DEBUG:live_vgc_base:Turn 5 [battle-gen9championsvgc2026regma-1591] a0=13 a1=9 src=model opp_splice=on
DEBUG:websockets.client:> TEXT 'battle-gen9championsvgc2026regma-1591|/choose s...himsicott, move icywind' [77 bytes]
DEBUG:live_vgc_base:Turn 5 [battle-gen9championsvgc2026regma-1591] a0=0 a1=11 src=random opp_splice=on
DEBUG:websockets.client:> TEXT 'battle-gen9championsvgc2026regma-1591|/choose m... 1, move helpinghand -1' [82 bytes]
DEBUG:websockets.client:< TEXT ">battle-gen9championsvgc2026regma-1591\n|error|...ch to an active Pokémon" [115 bytes]
INFO:player:Turn 5 [battle-gen9championsvgc2026regma-1591] value head win-prob: 0.969  (winning)
WARNING:live_vgc_base:Turn 5 [battle-gen9championsvgc2026regma-1591] order REJECTED by Showdown — perturbing to a fresh legal action (src=retry). The model did NOT drive this slot.
DEBUG:live_vgc_base:Turn 5 [battle-gen9championsvgc2026regma-1591] a0=4 a1=5 src=retry opp_splice=on
DEBUG:websockets.client:> TEXT 'battle-gen9championsvgc2026regma-1591|/choose m...e 2, move shadowball -1' [79 bytes]
DEBUG:websockets.client:< TEXT '>battle-gen9championsvgc2026regma-1591\n|\n|t:|...d|p1b: Zoroark|Illusion' [516 bytes]
DEBUG:websockets.client:< TEXT '>battle-gen9championsvgc2026regma-1591\n|\n|t:|...d|p1b: Zoroark|Illusion' [516 bytes]
DEBUG:websockets.client:< TEXT '>battle-gen9championsvgc2026regma-1591\n|reques...ng":false}]},"rqid":16}' [1379 bytes]
DEBUG:websockets.client:< TEXT '>battle-gen9championsvgc2026regma-1591\n|reques...Cancel":true,"rqid":17}' [1473 bytes]
DEBUG:vgc_base:forceSwitch [battle-gen9championsvgc2026regma-1591] force=[True, False] \u2192 /choose switch Zoroark / /choose pass
DEBUG:websockets.client:> TEXT 'battle-gen9championsvgc2026regma-1591|/choose switch Zoroark, pass' [66 bytes]
DEBUG:websockets.client:< TEXT '>battle-gen9championsvgc2026regma-1591\n|\n|t:|...] Flip Turn\n|\n|upkeep' [134 bytes]
DEBUG:websockets.client:< TEXT '>battle-gen9championsvgc2026regma-1591\n|\n|t:|...] Flip Turn\n|\n|upkeep' [134 bytes]
DEBUG:websockets.client:< TEXT '>battle-gen9championsvgc2026regma-1591\n|reques...Cancel":true,"rqid":18}' [1410 bytes]
DEBUG:websockets.client:< TEXT '>battle-gen9championsvgc2026regma-1591\n|reques...ng":false}]},"rqid":19}' [1442 bytes]
DEBUG:live_vgc_base:forceSwitch forced_switch_model [battle-gen9championsvgc2026regma-1591] turn 5 a0=13 a1=None opp_splice=on
DEBUG:websockets.client:> TEXT 'battle-gen9championsvgc2026regma-1591|/choose switch Whimsicott, pass' [69 bytes]
DEBUG:websockets.client:< TEXT '>battle-gen9championsvgc2026regma-1591\n|\n|t:|... L50, M|18/137\n|turn|6' [113 bytes]
DEBUG:websockets.client:< TEXT '>battle-gen9championsvgc2026regma-1591\n|\n|t:|... L50, M|13/100\n|turn|6' [113 bytes]
DEBUG:websockets.client:< TEXT '>battle-gen9championsvgc2026regma-1591\n|reques...ng":false}]},"rqid":20}' [2154 bytes]
DEBUG:websockets.client:< TEXT '>battle-gen9championsvgc2026regma-1591\n|reques...ng":false}]},"rqid":21}' [2214 bytes]
INFO:player:Turn 6 [battle-gen9championsvgc2026regma-1591] value head win-prob: 0.885  (winning)
DEBUG:live_vgc_base:Turn 6 [battle-gen9championsvgc2026regma-1591] a0=0 a1=9 src=model opp_splice=on
DEBUG:websockets.client:> TEXT 'battle-gen9championsvgc2026regma-1591|/choose move encore 1, move icywind' [73 bytes]
DEBUG:live_vgc_base:Turn 6 [battle-gen9championsvgc2026regma-1591] a0=5 a1=11 src=random opp_splice=on
DEBUG:websockets.client:> TEXT 'battle-gen9championsvgc2026regma-1591|/choose m...-2, move helpinghand -1' [85 bytes]
DEBUG:websockets.client:< TEXT '>battle-gen9championsvgc2026regma-1591\n|\n|t:|...rk|Illusion\n|\n|upkeep' [529 bytes]
DEBUG:websockets.client:< TEXT '>battle-gen9championsvgc2026regma-1591\n|\n|t:|...rk|Illusion\n|\n|upkeep' [529 bytes]
DEBUG:websockets.client:< TEXT '>battle-gen9championsvgc2026regma-1591\n|reques...ng":false}]},"rqid":22}' [1379 bytes]
DEBUG:websockets.client:< TEXT '>battle-gen9championsvgc2026regma-1591\n|reques...Cancel":true,"rqid":23}' [1471 bytes]
DEBUG:vgc_base:forceSwitch [battle-gen9championsvgc2026regma-1591] force=[False, True] \u2192 /choose pass / /choose switch Basculegion
DEBUG:websockets.client:> TEXT 'battle-gen9championsvgc2026regma-1591|/choose pass, switch Basculegion' [70 bytes]
DEBUG:websockets.client:< TEXT '>battle-gen9championsvgc2026regma-1591\n|\n|t:|... L50, M|91/100\n|turn|7' [115 bytes]
DEBUG:websockets.client:< TEXT '>battle-gen9championsvgc2026regma-1591\n|\n|t:|...L50, M|181/197\n|turn|7' [116 bytes]
DEBUG:websockets.client:< TEXT '>battle-gen9championsvgc2026regma-1591\n|reques...ng":false}]},"rqid":24}' [2154 bytes]
DEBUG:websockets.client:< TEXT '>battle-gen9championsvgc2026regma-1591\n|reques...ng":false}]},"rqid":25}' [2211 bytes]
DEBUG:live_vgc_base:Turn 7 [battle-gen9championsvgc2026regma-1591] a0=4 a1=11 src=random opp_splice=on
DEBUG:websockets.client:> TEXT 'battle-gen9championsvgc2026regma-1591|/choose m...2, move lastrespects -1' [85 bytes]
INFO:player:Turn 7 [battle-gen9championsvgc2026regma-1591] value head win-prob: 0.973  (winning)
DEBUG:live_vgc_base:Turn 7 [battle-gen9championsvgc2026regma-1591] a0=0 a1=0 src=model opp_splice=on
DEBUG:websockets.client:> TEXT 'battle-gen9championsvgc2026regma-1591|/choose m...core 1, move hypervoice' [76 bytes]
DEBUG:websockets.client:< TEXT '>battle-gen9championsvgc2026regma-1591\n|\n|t:|...rk\n|\n|upkeep\n|turn|8' [383 bytes]
DEBUG:websockets.client:< TEXT '>battle-gen9championsvgc2026regma-1591\n|\n|t:|...rk\n|\n|upkeep\n|turn|8' [383 bytes]
DEBUG:websockets.client:< TEXT '>battle-gen9championsvgc2026regma-1591\n|reques...ng":false}]},"rqid":26}' [2154 bytes]
DEBUG:websockets.client:< TEXT '>battle-gen9championsvgc2026regma-1591\n|reques...ng":false}]},"rqid":27}' [2208 bytes]
DEBUG:live_vgc_base:Turn 8 [battle-gen9championsvgc2026regma-1591] a0=5 a1=0 src=random opp_splice=on
DEBUG:websockets.client:> TEXT 'battle-gen9championsvgc2026regma-1591|/choose m...all -2, move flipturn 1' [81 bytes]
INFO:player:Turn 8 [battle-gen9championsvgc2026regma-1591] value head win-prob: 0.974  (winning)
DEBUG:live_vgc_base:Turn 8 [battle-gen9championsvgc2026regma-1591] a0=0 a1=0 src=model opp_splice=on
DEBUG:websockets.client:> TEXT 'battle-gen9championsvgc2026regma-1591|/choose m...core 1, move hypervoice' [76 bytes]
DEBUG:websockets.client:< TEXT '>battle-gen9championsvgc2026regma-1591\n|\n|t:|...Basculegion\n|\n|upkeep' [500 bytes]
DEBUG:websockets.client:< TEXT '>battle-gen9championsvgc2026regma-1591\n|\n|t:|...Basculegion\n|\n|upkeep' [500 bytes]
DEBUG:websockets.client:< TEXT '>battle-gen9championsvgc2026regma-1591\n|reques...Cancel":true,"rqid":28}' [1409 bytes]
DEBUG:websockets.client:< TEXT '>battle-gen9championsvgc2026regma-1591\n|reques...ng":false}]},"rqid":29}' [1438 bytes]
DEBUG:live_vgc_base:forceSwitch forced_switch_model [battle-gen9championsvgc2026regma-1591] turn 8 a0=12 a1=None opp_splice=on
DEBUG:websockets.client:> TEXT 'battle-gen9championsvgc2026regma-1591|/choose switch Charizard, pass' [68 bytes]
DEBUG:websockets.client:< TEXT '>battle-gen9championsvgc2026regma-1591\n|\n|t:|...L50, F|168/168\n|turn|9' [112 bytes]
DEBUG:websockets.client:< TEXT '>battle-gen9championsvgc2026regma-1591\n|\n|t:|...L50, F|100/100\n|turn|9' [112 bytes]
DEBUG:websockets.client:< TEXT '>battle-gen9championsvgc2026regma-1591\n|reques...ng":false}]},"rqid":30}' [2174 bytes]
DEBUG:websockets.client:< TEXT '>battle-gen9championsvgc2026regma-1591\n|reques...ng":false}]},"rqid":31}' [2206 bytes]
INFO:player:Turn 9 [battle-gen9championsvgc2026regma-1591] value head win-prob: 0.970  (winning)
DEBUG:live_vgc_base:Turn 9 [battle-gen9championsvgc2026regma-1591] a0=0 a1=0 src=model opp_splice=on
DEBUG:websockets.client:> TEXT 'battle-gen9championsvgc2026regma-1591|/choose m...e mega, move hypervoice' [81 bytes]
DEBUG:live_vgc_base:Turn 9 [battle-gen9championsvgc2026regma-1591] a0=4 a1=0 src=random opp_splice=on
DEBUG:vgc_base:_safe_order: action 0 slot 1 \u2192 None, scanning legal actions.
DEBUG:vgc_base:_safe_order: slot 1 has no decodable legal action — sending Pass.
DEBUG:websockets.client:> TEXT 'battle-gen9championsvgc2026regma-1591|/choose move shadowball 2, pass' [69 bytes]
DEBUG:websockets.client:< TEXT '>battle-gen9championsvgc2026regma-1591\n|\n|t:|...a: Zoroark\n|\n|win|BC1' [389 bytes]
DEBUG:websockets.client:< TEXT '>battle-gen9championsvgc2026regma-1591\n|\n|t:|...a: Zoroark\n|\n|win|BC1' [389 bytes]
INFO:vgc_base:Battle battle-gen9championsvgc2026regma-1591 finished — outcome: WIN  (W/L/D so far: 3/1/0)
DEBUG:websockets.client:> TEXT '|/leave battle-gen9championsvgc2026regma-1591' [45 bytes]
DEBUG:websockets.client:< TEXT '|updatesearch|{"searching":[],"games":{"battle-... 2026 Reg M-A Battle"}}' [124 bytes]
DEBUG:websockets.client:< TEXT '|updatesearch|{"searching":[],"games":{"battle-... 2026 Reg M-A Battle"}}' [124 bytes]
DEBUG:websockets.client:> TEXT 'battle-gen9championsvgc2026regma-1592|/rejectopenteamsheets' [59 bytes]
INFO:vgc_base:Battle battle-gen9championsvgc2026regma-1591 finished — outcome: LOSS  (W/L/D so far: 1/3/0)
DEBUG:websockets.client:> TEXT '|/leave battle-gen9championsvgc2026regma-1591' [45 bytes]
DEBUG:websockets.client:> TEXT '|/utm Sneasler||whiteherb|unburden|fakeout,dire...Naive|32,2,,,,32||||50|' [550 bytes]
DEBUG:websockets.client:> TEXT '|/challenge oprand1, gen9championsvgc2026regma' [46 bytes]
DEBUG:websockets.client:> TEXT 'battle-gen9championsvgc2026regma-1592|/rejectopenteamsheets' [59 bytes]
DEBUG:websockets.client:< TEXT '>battle-gen9championsvgc2026regma-1591\n|deinit' [46 bytes]
DEBUG:websockets.client:< TEXT '>battle-gen9championsvgc2026regma-1591\n|l|\u2606BC1' [48 bytes]
DEBUG:websockets.client:< TEXT '>battle-gen9championsvgc2026regma-1592\n|uhtmlchange|otsrequest|' [63 bytes]
DEBUG:websockets.client:< TEXT '>battle-gen9championsvgc2026regma-1592\nBC1 rejected open team sheets.' [69 bytes]
DEBUG:websockets.client:< TEXT '>battle-gen9championsvgc2026regma-1592\n|uhtmlchange|otsrequest|' [63 bytes]
DEBUG:websockets.client:< TEXT '>battle-gen9championsvgc2026regma-1592\nBC1 rejected open team sheets.' [69 bytes]
DEBUG:websockets.client:< TEXT '>battle-gen9championsvgc2026regma-1591\n|deinit' [46 bytes]
DEBUG:websockets.client:< TEXT '>battle-gen9championsvgc2026regma-1592\n|uhtmlchange|otsrequest|' [63 bytes]
DEBUG:websockets.client:< TEXT '>battle-gen9championsvgc2026regma-1592\n|uhtmlchange|otsrequest|' [63 bytes]
DEBUG:websockets.client:< TEXT '>battle-gen9championsvgc2026regma-1592\nOPrand1...ected open team sheets.' [73 bytes]
DEBUG:websockets.client:< TEXT '>battle-gen9championsvgc2026regma-1592\nOPrand1...ected open team sheets.' [73 bytes]
INFO:player:Team-preview [battle-gen9championsvgc2026regma-1592] NET drove: bring=['whimsicott', 'zoroarkhisui', 'ditto', 'charizardmegay'] leads=['whimsicott', 'zoroarkhisui'] (vs opp ['sneasler', 'charizard', 'whimsicott', 'basculegion', 'zoroarkhisui', 'ditto'])
INFO:vgc_base:Teampreview [battle-gen9championsvgc2026regma-1592] \u2192 /team 3562  (whimsicott, zoroarkhisui, ditto, charizardmegay)
DEBUG:websockets.client:> TEXT 'battle-gen9championsvgc2026regma-1592|/team 3562' [48 bytes]
INFO:vgc_base:Teampreview [battle-gen9championsvgc2026regma-1592] \u2192 /team 6543  (ditto, zoroarkhisui, basculegion, whimsicott)
DEBUG:websockets.client:> TEXT 'battle-gen9championsvgc2026regma-1592|/team 6543' [48 bytes]
DEBUG:websockets.client:< TEXT '|pm| BC1| OPrand1|/challenge gen9championsvgc20...hampionsvgc2026regma|||' [83 bytes]
DEBUG:websockets.client:< TEXT '|pm| BC1| OPrand1|/challenge gen9championsvgc20...hampionsvgc2026regma|||' [83 bytes]
DEBUG:websockets.client:< TEXT '|pm| BC1| OPrand1|/log BC1 wants to battle!' [43 bytes]
DEBUG:websockets.client:< TEXT '|pm| BC1| OPrand1|/log BC1 wants to battle!' [43 bytes]
DEBUG:websockets.client:> TEXT '|/utm Sneasler||whiteherb|unburden|fakeout,dire...Naive|32,2,,,,32||||50|' [550 bytes]
DEBUG:websockets.client:> TEXT '|/accept bc1' [12 bytes]
DEBUG:websockets.client:< TEXT '>battle-gen9championsvgc2026regma-1592\n|\n|t:|...L50, M|100/100\n|turn|1' [314 bytes]
DEBUG:websockets.client:< TEXT '>battle-gen9championsvgc2026regma-1592\n|\n|t:|...L50, M|132/132\n|turn|1' [314 bytes]
DEBUG:websockets.client:< TEXT '>battle-gen9championsvgc2026regma-1592\n|reques...ing":false}]},"rqid":4}' [2167 bytes]
DEBUG:websockets.client:< TEXT '>battle-gen9championsvgc2026regma-1592\n|reques...ing":false}]},"rqid":5}' [1897 bytes]
DEBUG:websockets.client:< TEXT '|pm| OPrand1| BC1|/challenge' [28 bytes]
DEBUG:websockets.client:< TEXT '|updatesearch|{"searching":[],"games":{"battle-... 2026 Reg M-A Battle"}}' [124 bytes]
DEBUG:websockets.client:< TEXT '|pm| OPrand1| BC1|/challenge' [28 bytes]
DEBUG:websockets.client:< TEXT '|updatesearch|{"searching":[],"games":{"battle-... 2026 Reg M-A Battle"}}' [124 bytes]
DEBUG:websockets.client:< TEXT '|updatesearch|{"searching":[],"games":{"battle-... 2026 Reg M-A Battle"}}' [208 bytes]
DEBUG:websockets.client:< TEXT '|updatesearch|{"searching":[],"games":{"battle-... 2026 Reg M-A Battle"}}' [208 bytes]
INFO:player:Turn 1 [battle-gen9championsvgc2026regma-1592] value head win-prob: 0.360  (losing)
DEBUG:live_vgc_base:Turn 1 [battle-gen9championsvgc2026regma-1592] a0=0 a1=9 src=model opp_splice=on
DEBUG:websockets.client:> TEXT 'battle-gen9championsvgc2026regma-1592|/choose move encore 1, move icywind' [73 bytes]
DEBUG:websockets.client:< TEXT '|updatesearch|{"searching":[],"games":{"battle-... 2026 Reg M-A Battle"}}' [208 bytes]
DEBUG:websockets.client:< TEXT '|updatesearch|{"searching":[],"games":{"battle-... 2026 Reg M-A Battle"}}' [208 bytes]
DEBUG:websockets.client:< TEXT '>battle-gen9championsvgc2026regma-1593\n|init|b...n|j|\u2606BC1\n|j|\u2606OPrand1\n' [99 bytes]
DEBUG:live_vgc_base:Turn 1 [battle-gen9championsvgc2026regma-1592] a0=13 a1=4 src=random opp_splice=on
DEBUG:websockets.client:> TEXT 'battle-gen9championsvgc2026regma-1592|/choose s...gion, move shadowball 2' [83 bytes]
DEBUG:websockets.client:< TEXT '>battle-gen9championsvgc2026regma-1593\n|init|b... vs. OPrand1\n|j|\u2606BC1\n' [85 bytes]
DEBUG:websockets.client:< TEXT '>battle-gen9championsvgc2026regma-1593\n|j|\u2606OPrand1' [52 bytes]
DEBUG:websockets.client:< TEXT '|pm| OPrand1| BC1|/nonotify OPrand1 accepted th...26regma-1593</a>&raquo;' [173 bytes]
DEBUG:websockets.client:< TEXT '>battle-gen9championsvgc2026regma-1593\n|t:|1781643015\n|gametype|doubles' [71 bytes]
DEBUG:websockets.client:< TEXT '|pm| OPrand1| BC1|/nonotify OPrand1 accepted th...26regma-1593</a>&raquo;' [173 bytes]
DEBUG:websockets.client:< TEXT '>battle-gen9championsvgc2026regma-1593\n|t:|1781643015\n|gametype|doubles' [71 bytes]
DEBUG:websockets.client:< TEXT '>battle-gen9championsvgc2026regma-1593\n|player|p1|BC1|266|' [58 bytes]
DEBUG:websockets.client:< TEXT '>battle-gen9championsvgc2026regma-1593\n|player...heets</strong></button>' [857 bytes]
DEBUG:websockets.client:< TEXT '>battle-gen9championsvgc2026regma-1593\n|reques...ing":false}]},"rqid":3}' [2097 bytes]
DEBUG:websockets.client:< TEXT '>battle-gen9championsvgc2026regma-1593\n|player|p1|BC1|266|' [58 bytes]
DEBUG:websockets.client:< TEXT '>battle-gen9championsvgc2026regma-1593\n|player...heets</strong></button>' [857 bytes]
DEBUG:websockets.client:< TEXT '>battle-gen9championsvgc2026regma-1593\n|reques...ing":false}]},"rqid":2}' [2093 bytes]
DEBUG:websockets.client:< TEXT '>battle-gen9championsvgc2026regma-1592\n|\n|t:|...rd\n|\n|upkeep\n|turn|2' [553 bytes]
DEBUG:websockets.client:< TEXT '>battle-gen9championsvgc2026regma-1592\n|\n|t:|...rd\n|\n|upkeep\n|turn|2' [554 bytes]
DEBUG:websockets.client:< TEXT '>battle-gen9championsvgc2026regma-1592\n|reques...ing":false}]},"rqid":7}' [2171 bytes]
DEBUG:websockets.client:< TEXT '>battle-gen9championsvgc2026regma-1592\n|reques...ing":false}]},"rqid":6}' [2167 bytes]
DEBUG:live_vgc_base:Turn 2 [battle-gen9championsvgc2026regma-1592] a0=10 a1=9 src=random opp_splice=on
DEBUG:websockets.client:> TEXT 'battle-gen9championsvgc2026regma-1592|/choose m...espects 2, move icywind' [79 bytes]
INFO:player:Turn 2 [battle-gen9championsvgc2026regma-1592] value head win-prob: 0.434  (losing)
DEBUG:live_vgc_base:Turn 2 [battle-gen9championsvgc2026regma-1592] a0=0 a1=9 src=model opp_splice=on
DEBUG:websockets.client:> TEXT 'battle-gen9championsvgc2026regma-1592|/choose move encore 1, move icywind' [73 bytes]
DEBUG:websockets.client:< TEXT '>battle-gen9championsvgc2026regma-1592\n|\n|t:|...rk\n|\n|upkeep\n|turn|3' [713 bytes]
DEBUG:websockets.client:< TEXT '>battle-gen9championsvgc2026regma-1592\n|\n|t:|...rk\n|\n|upkeep\n|turn|3' [714 bytes]
DEBUG:websockets.client:< TEXT '>battle-gen9championsvgc2026regma-1592\n|reques...ing":false}]},"rqid":8}' [2165 bytes]
DEBUG:websockets.client:< TEXT '>battle-gen9championsvgc2026regma-1592\n|reques...ing":false}]},"rqid":9}' [2171 bytes]
DEBUG:live_vgc_base:Turn 3 [battle-gen9championsvgc2026regma-1592] a0=2 a1=13 src=random opp_splice=on
DEBUG:websockets.client:> TEXT 'battle-gen9championsvgc2026regma-1592|/choose m...ipturn -2, switch Ditto' [76 bytes]
INFO:player:Turn 3 [battle-gen9championsvgc2026regma-1592] value head win-prob: 0.371  (losing)
DEBUG:live_vgc_base:Turn 3 [battle-gen9championsvgc2026regma-1592] a0=0 a1=9 src=model opp_splice=on
DEBUG:websockets.client:> TEXT 'battle-gen9championsvgc2026regma-1592|/choose move encore 1, move icywind' [73 bytes]
DEBUG:websockets.client:< TEXT '>battle-gen9championsvgc2026regma-1592\n|\n|t:|...rk\n|\n|upkeep\n|turn|4' [567 bytes]
DEBUG:websockets.client:< TEXT '>battle-gen9championsvgc2026regma-1592\n|\n|t:|...rk\n|\n|upkeep\n|turn|4' [568 bytes]
DEBUG:websockets.client:< TEXT '>battle-gen9championsvgc2026regma-1592\n|reques...ng":false}]},"rqid":10}' [2166 bytes]
DEBUG:websockets.client:< TEXT '>battle-gen9championsvgc2026regma-1592\n|reques...ng":false}]},"rqid":11}' [2187 bytes]
DEBUG:live_vgc_base:Turn 4 [battle-gen9championsvgc2026regma-1592] a0=9 a1=2 src=random opp_splice=on
DEBUG:websockets.client:> TEXT 'battle-gen9championsvgc2026regma-1592|/choose m...pects 1, move encore -1' [81 bytes]
INFO:player:Turn 4 [battle-gen9championsvgc2026regma-1592] value head win-prob: 0.572  (winning)
DEBUG:live_vgc_base:Turn 4 [battle-gen9championsvgc2026regma-1592] a0=0 a1=9 src=model opp_splice=on
DEBUG:websockets.client:> TEXT 'battle-gen9championsvgc2026regma-1592|/choose move encore 1, move icywind' [73 bytes]
DEBUG:websockets.client:< TEXT '>battle-gen9championsvgc2026regma-1592\n|\n|t:|...37\n|\n|upkeep\n|turn|5' [512 bytes]
DEBUG:websockets.client:< TEXT '>battle-gen9championsvgc2026regma-1592\n|\n|t:|...00\n|\n|upkeep\n|turn|5' [512 bytes]
DEBUG:websockets.client:< TEXT '>battle-gen9championsvgc2026regma-1592\n|reques...ng":false}]},"rqid":12}' [2165 bytes]
DEBUG:websockets.client:< TEXT '>battle-gen9championsvgc2026regma-1592\n|reques...ng":false}]},"rqid":13}' [2186 bytes]
DEBUG:live_vgc_base:Turn 5 [battle-gen9championsvgc2026regma-1592] a0=12 a1=6 src=random opp_splice=on
DEBUG:websockets.client:> TEXT 'battle-gen9championsvgc2026regma-1592|/choose s...icott, move moonblast 1' [81 bytes]
INFO:player:Turn 5 [battle-gen9championsvgc2026regma-1592] value head win-prob: 0.641  (winning)
DEBUG:live_vgc_base:Turn 5 [battle-gen9championsvgc2026regma-1592] a0=0 a1=9 src=model opp_splice=on
DEBUG:websockets.client:> TEXT 'battle-gen9championsvgc2026regma-1592|/choose move encore 1, move icywind' [73 bytes]
DEBUG:websockets.client:< TEXT ">battle-gen9championsvgc2026regma-1592\n|error|...ch to an active Pokémon" [115 bytes]
DEBUG:live_vgc_base:Turn 5 [battle-gen9championsvgc2026regma-1592] a0=9 a1=3 src=random opp_splice=on
DEBUG:websockets.client:> TEXT 'battle-gen9championsvgc2026regma-1592|/choose m...spects 1, move tailwind' [80 bytes]
DEBUG:websockets.client:< TEXT '>battle-gen9championsvgc2026regma-1592\n|\n|t:|...ulegion|Encore\n|upkeep' [571 bytes]
DEBUG:websockets.client:< TEXT '>battle-gen9championsvgc2026regma-1592\n|\n|t:|...ulegion|Encore\n|upkeep' [572 bytes]
DEBUG:websockets.client:< TEXT '>battle-gen9championsvgc2026regma-1592\n|reques...ng":false}]},"rqid":14}' [1405 bytes]
DEBUG:websockets.client:< TEXT '>battle-gen9championsvgc2026regma-1592\n|reques...ng":false}]},"rqid":15}' [1414 bytes]
DEBUG:vgc_base:forceSwitch [battle-gen9championsvgc2026regma-1592] force=[False, True] \u2192 /choose pass / /choose switch Whimsicott
DEBUG:websockets.client:> TEXT 'battle-gen9championsvgc2026regma-1592|/choose pass, switch Whimsicott' [69 bytes]
DEBUG:live_vgc_base:forceSwitch forced_switch_model [battle-gen9championsvgc2026regma-1592] turn 5 a0=13 a1=None opp_splice=on
DEBUG:websockets.client:> TEXT 'battle-gen9championsvgc2026regma-1592|/choose switch Ditto, pass' [64 bytes]
DEBUG:websockets.client:< TEXT '>battle-gen9championsvgc2026regma-1592\n|\n|t:|...lity: Imposter\n|turn|6' [216 bytes]
DEBUG:websockets.client:< TEXT '>battle-gen9championsvgc2026regma-1592\n|\n|t:|...lity: Imposter\n|turn|6' [216 bytes]
DEBUG:websockets.client:< TEXT '>battle-gen9championsvgc2026regma-1592\n|reques...ng":false}]},"rqid":16}' [2194 bytes]
DEBUG:websockets.client:< TEXT '>battle-gen9championsvgc2026regma-1592\n|reques...ng":false}]},"rqid":17}' [2159 bytes]
INFO:player:Turn 6 [battle-gen9championsvgc2026regma-1592] value head win-prob: 0.680  (winning)
DEBUG:live_vgc_base:Turn 6 [battle-gen9championsvgc2026regma-1592] a0=0 a1=9 src=model opp_splice=on
DEBUG:websockets.client:> TEXT 'battle-gen9championsvgc2026regma-1592|/choose move encore 1, move icywind' [73 bytes]
DEBUG:live_vgc_base:Turn 6 [battle-gen9championsvgc2026regma-1592] a0=5 a1=11 src=random opp_splice=on
DEBUG:websockets.client:> TEXT 'battle-gen9championsvgc2026regma-1592|/choose m...-2, move helpinghand -1' [84 bytes]
DEBUG:websockets.client:< TEXT '>battle-gen9championsvgc2026regma-1592\n|\n|t:|...|p1a: Ditto\n|\n|upkeep' [602 bytes]
DEBUG:websockets.client:< TEXT '>battle-gen9championsvgc2026regma-1592\n|\n|t:|...|p1a: Ditto\n|\n|upkeep' [603 bytes]
DEBUG:websockets.client:< TEXT '>battle-gen9championsvgc2026regma-1592\n|reques...Cancel":true,"rqid":18}' [1419 bytes]
DEBUG:websockets.client:< TEXT '>battle-gen9championsvgc2026regma-1592\n|reques...ng":false}]},"rqid":19}' [1398 bytes]
DEBUG:live_vgc_base:forceSwitch forced_switch_model [battle-gen9championsvgc2026regma-1592] turn 6 a0=12 a1=None opp_splice=on
DEBUG:websockets.client:> TEXT 'battle-gen9championsvgc2026regma-1592|/choose switch Charizard, pass' [68 bytes]
DEBUG:websockets.client:< TEXT '>battle-gen9championsvgc2026regma-1592\n|\n|t:|...L50, M|168/168\n|turn|7' [112 bytes]
DEBUG:websockets.client:< TEXT '>battle-gen9championsvgc2026regma-1592\n|\n|t:|...L50, M|100/100\n|turn|7' [112 bytes]
DEBUG:websockets.client:< TEXT '>battle-gen9championsvgc2026regma-1592\n|reques...ng":false}]},"rqid":20}' [2184 bytes]
DEBUG:websockets.client:< TEXT '>battle-gen9championsvgc2026regma-1592\n|reques...ng":false}]},"rqid":21}' [2155 bytes]
INFO:player:Turn 7 [battle-gen9championsvgc2026regma-1592] value head win-prob: 0.332  (losing)
DEBUG:live_vgc_base:Turn 7 [battle-gen9championsvgc2026regma-1592] a0=0 a1=9 src=model opp_splice=on
DEBUG:websockets.client:> TEXT 'battle-gen9championsvgc2026regma-1592|/choose m...wave mega, move icywind' [78 bytes]
DEBUG:live_vgc_base:Turn 7 [battle-gen9championsvgc2026regma-1592] a0=9 a1=2 src=random opp_splice=on
DEBUG:websockets.client:> TEXT 'battle-gen9championsvgc2026regma-1592|/choose m...pects 1, move encore -1' [81 bytes]
DEBUG:websockets.client:< TEXT '>battle-gen9championsvgc2026regma-1592\n|\n|t:|...nyDay|[upkeep]\n|upkeep' [859 bytes]
DEBUG:websockets.client:< TEXT '>battle-gen9championsvgc2026regma-1592\n|\n|t:|...nyDay|[upkeep]\n|upkeep' [859 bytes]
DEBUG:websockets.client:< TEXT '>battle-gen9championsvgc2026regma-1592\n|reques...ng":false}]},"rqid":22}' [1388 bytes]
DEBUG:websockets.client:< TEXT '>battle-gen9championsvgc2026regma-1592\n|reques...Cancel":true,"rqid":23}' [1417 bytes]
DEBUG:vgc_base:forceSwitch [battle-gen9championsvgc2026regma-1592] force=[False, True] \u2192 /choose pass / /choose switch Zoroark
DEBUG:websockets.client:> TEXT 'battle-gen9championsvgc2026regma-1592|/choose pass, switch Zoroark' [66 bytes]
DEBUG:websockets.client:< TEXT '>battle-gen9championsvgc2026regma-1592\n|\n|t:|... L50, M|46/100\n|turn|8' [113 bytes]
DEBUG:websockets.client:< TEXT '>battle-gen9championsvgc2026regma-1592\n|\n|t:|... L50, M|62/132\n|turn|8' [113 bytes]
DEBUG:websockets.client:< TEXT '>battle-gen9championsvgc2026regma-1592\n|reques...ng":false}]},"rqid":24}' [2165 bytes]
DEBUG:websockets.client:< TEXT '>battle-gen9championsvgc2026regma-1592\n|reques...ng":false}]},"rqid":25}' [2153 bytes]
INFO:player:Turn 8 [battle-gen9championsvgc2026regma-1592] value head win-prob: 0.581  (winning)
DEBUG:live_vgc_base:Turn 8 [battle-gen9championsvgc2026regma-1592] a0=0 a1=9 src=model opp_splice=on
DEBUG:vgc_base:_safe_order: action 0 slot 0 \u2192 None, scanning legal actions.
DEBUG:vgc_base:_safe_order: slot 0 has no decodable legal action — sending Pass.
DEBUG:websockets.client:> TEXT 'battle-gen9championsvgc2026regma-1592|/choose pass, move icywind' [64 bytes]
DEBUG:live_vgc_base:Turn 8 [battle-gen9championsvgc2026regma-1592] a0=10 a1=5 src=random opp_splice=on
DEBUG:websockets.client:> TEXT 'battle-gen9championsvgc2026regma-1592|/choose m...s 2, move shadowball -1' [85 bytes]
DEBUG:websockets.client:< TEXT '>battle-gen9championsvgc2026regma-1592\n|\n|t:|...lwind\n|upkeep\n|turn|9' [376 bytes]
DEBUG:websockets.client:< TEXT '>battle-gen9championsvgc2026regma-1592\n|\n|t:|...lwind\n|upkeep\n|turn|9' [377 bytes]
DEBUG:websockets.client:< TEXT '>battle-gen9championsvgc2026regma-1592\n|reques...ng":false}]},"rqid":26}' [2165 bytes]
DEBUG:websockets.client:< TEXT '>battle-gen9championsvgc2026regma-1592\n|reques...ng":false}]},"rqid":27}' [2156 bytes]
INFO:player:Turn 9 [battle-gen9championsvgc2026regma-1592] value head win-prob: 0.957  (winning)
DEBUG:live_vgc_base:Turn 9 [battle-gen9championsvgc2026regma-1592] a0=0 a1=4 src=model opp_splice=on
DEBUG:vgc_base:_safe_order: action 0 slot 0 \u2192 None, scanning legal actions.
DEBUG:vgc_base:_safe_order: slot 0 has no decodable legal action — sending Pass.
DEBUG:websockets.client:> TEXT 'battle-gen9championsvgc2026regma-1592|/choose pass, move shadowball 2' [69 bytes]
DEBUG:live_vgc_base:Turn 9 [battle-gen9championsvgc2026regma-1592] a0=0 a1=0 src=random opp_splice=on
DEBUG:vgc_base:_safe_order: action 0 slot 0 \u2192 None, scanning legal actions.
DEBUG:vgc_base:_safe_order: slot 0 has no decodable legal action — sending Pass.
DEBUG:websockets.client:> TEXT 'battle-gen9championsvgc2026regma-1592|/choose pass, move hypervoice' [67 bytes]
DEBUG:websockets.client:< TEXT '>battle-gen9championsvgc2026regma-1592\n|\n|t:|...eep]\n|upkeep\n|turn|10' [234 bytes]
DEBUG:websockets.client:< TEXT '>battle-gen9championsvgc2026regma-1592\n|\n|t:|...eep]\n|upkeep\n|turn|10' [234 bytes]
DEBUG:websockets.client:< TEXT '>battle-gen9championsvgc2026regma-1592\n|reques...ng":false}]},"rqid":28}' [2165 bytes]
DEBUG:websockets.client:< TEXT '>battle-gen9championsvgc2026regma-1592\n|reques...ng":false}]},"rqid":29}' [2156 bytes]
INFO:player:Turn 10 [battle-gen9championsvgc2026regma-1592] value head win-prob: 0.957  (winning)
DEBUG:live_vgc_base:Turn 10 [battle-gen9championsvgc2026regma-1592] a0=0 a1=4 src=model opp_splice=on
DEBUG:vgc_base:_safe_order: action 0 slot 0 \u2192 None, scanning legal actions.
DEBUG:vgc_base:_safe_order: slot 0 has no decodable legal action — sending Pass.
DEBUG:websockets.client:> TEXT 'battle-gen9championsvgc2026regma-1592|/choose pass, move shadowball 2' [69 bytes]
DEBUG:live_vgc_base:Turn 10 [battle-gen9championsvgc2026regma-1592] a0=0 a1=9 src=random opp_splice=on
DEBUG:vgc_base:_safe_order: action 0 slot 0 \u2192 None, scanning legal actions.
DEBUG:vgc_base:_safe_order: slot 0 has no decodable legal action — sending Pass.
DEBUG:websockets.client:> TEXT 'battle-gen9championsvgc2026regma-1592|/choose pass, move icywind' [64 bytes]
DEBUG:websockets.client:< TEXT '>battle-gen9championsvgc2026regma-1592\n|\n|t:|...eep]\n|upkeep\n|turn|11' [267 bytes]
DEBUG:websockets.client:< TEXT '>battle-gen9championsvgc2026regma-1592\n|\n|t:|...eep]\n|upkeep\n|turn|11' [267 bytes]
DEBUG:websockets.client:< TEXT '>battle-gen9championsvgc2026regma-1592\n|reques...ng":false}]},"rqid":31}' [2156 bytes]
DEBUG:websockets.client:< TEXT '>battle-gen9championsvgc2026regma-1592\n|reques...ng":false}]},"rqid":30}' [2165 bytes]
DEBUG:live_vgc_base:Turn 11 [battle-gen9championsvgc2026regma-1592] a0=0 a1=6 src=random opp_splice=on
DEBUG:vgc_base:_safe_order: action 0 slot 0 \u2192 None, scanning legal actions.
DEBUG:vgc_base:_safe_order: slot 0 has no decodable legal action — sending Pass.
DEBUG:websockets.client:> TEXT 'battle-gen9championsvgc2026regma-1592|/choose pass, move protect' [64 bytes]
INFO:player:Turn 11 [battle-gen9championsvgc2026regma-1592] value head win-prob: 0.853  (winning)
DEBUG:live_vgc_base:Turn 11 [battle-gen9championsvgc2026regma-1592] a0=0 a1=4 src=model opp_splice=on
DEBUG:vgc_base:_safe_order: action 0 slot 0 \u2192 None, scanning legal actions.
DEBUG:vgc_base:_safe_order: slot 0 has no decodable legal action — sending Pass.
DEBUG:websockets.client:> TEXT 'battle-gen9championsvgc2026regma-1592|/choose pass, move shadowball 2' [69 bytes]
DEBUG:websockets.client:< TEXT '>battle-gen9championsvgc2026regma-1592\n|\n|t:|...none\n|upkeep\n|turn|12' [245 bytes]
DEBUG:websockets.client:< TEXT '>battle-gen9championsvgc2026regma-1592\n|\n|t:|...none\n|upkeep\n|turn|12' [245 bytes]
DEBUG:websockets.client:< TEXT '>battle-gen9championsvgc2026regma-1592\n|reques...ng":false}]},"rqid":32}' [2165 bytes]
DEBUG:websockets.client:< TEXT '>battle-gen9championsvgc2026regma-1592\n|reques...ng":false}]},"rqid":33}' [2156 bytes]
INFO:player:Turn 12 [battle-gen9championsvgc2026regma-1592] value head win-prob: 0.774  (winning)
DEBUG:live_vgc_base:Turn 12 [battle-gen9championsvgc2026regma-1592] a0=0 a1=4 src=model opp_splice=on
DEBUG:vgc_base:_safe_order: action 0 slot 0 \u2192 None, scanning legal actions.
DEBUG:vgc_base:_safe_order: slot 0 has no decodable legal action — sending Pass.
DEBUG:websockets.client:> TEXT 'battle-gen9championsvgc2026regma-1592|/choose pass, move shadowball 2' [69 bytes]
DEBUG:live_vgc_base:Turn 12 [battle-gen9championsvgc2026regma-1592] a0=0 a1=9 src=random opp_splice=on
DEBUG:vgc_base:_safe_order: action 0 slot 0 \u2192 None, scanning legal actions.
DEBUG:vgc_base:_safe_order: slot 0 has no decodable legal action — sending Pass.
DEBUG:websockets.client:> TEXT 'battle-gen9championsvgc2026regma-1592|/choose pass, move icywind' [64 bytes]
DEBUG:websockets.client:< TEXT '>battle-gen9championsvgc2026regma-1592\n|\n|t:|...oroark\n|\n|win|OPrand1' [159 bytes]
DEBUG:websockets.client:< TEXT '>battle-gen9championsvgc2026regma-1592\n|\n|t:|...oroark\n|\n|win|OPrand1' [159 bytes]
INFO:vgc_base:Battle battle-gen9championsvgc2026regma-1592 finished — outcome: LOSS  (W/L/D so far: 3/2/0)
DEBUG:websockets.client:> TEXT '|/leave battle-gen9championsvgc2026regma-1592' [45 bytes]
DEBUG:websockets.client:< TEXT '|updatesearch|{"searching":[],"games":{"battle-... 2026 Reg M-A Battle"}}' [124 bytes]
DEBUG:websockets.client:< TEXT '|updatesearch|{"searching":[],"games":{"battle-... 2026 Reg M-A Battle"}}' [124 bytes]
DEBUG:websockets.client:> TEXT 'battle-gen9championsvgc2026regma-1593|/rejectopenteamsheets' [59 bytes]
INFO:vgc_base:Battle battle-gen9championsvgc2026regma-1592 finished — outcome: WIN  (W/L/D so far: 2/3/0)
DEBUG:websockets.client:> TEXT '|/leave battle-gen9championsvgc2026regma-1592' [45 bytes]
DEBUG:websockets.client:> TEXT '|/utm Sneasler||whiteherb|unburden|fakeout,dire...Naive|32,2,,,,32||||50|' [550 bytes]
DEBUG:websockets.client:> TEXT '|/challenge oprand1, gen9championsvgc2026regma' [46 bytes]
DEBUG:websockets.client:> TEXT 'battle-gen9championsvgc2026regma-1593|/rejectopenteamsheets' [59 bytes]
DEBUG:websockets.client:< TEXT '>battle-gen9championsvgc2026regma-1592\n|deinit' [46 bytes]
DEBUG:websockets.client:< TEXT '>battle-gen9championsvgc2026regma-1592\n|l|\u2606BC1' [48 bytes]
DEBUG:websockets.client:< TEXT '>battle-gen9championsvgc2026regma-1593\n|uhtmlchange|otsrequest|' [63 bytes]
DEBUG:websockets.client:< TEXT '>battle-gen9championsvgc2026regma-1593\nBC1 rejected open team sheets.' [69 bytes]
DEBUG:websockets.client:< TEXT '>battle-gen9championsvgc2026regma-1593\n|uhtmlchange|otsrequest|' [63 bytes]
DEBUG:websockets.client:< TEXT '>battle-gen9championsvgc2026regma-1593\nBC1 rejected open team sheets.' [69 bytes]
DEBUG:websockets.client:< TEXT '>battle-gen9championsvgc2026regma-1592\n|deinit' [46 bytes]
DEBUG:websockets.client:< TEXT '>battle-gen9championsvgc2026regma-1593\n|uhtmlchange|otsrequest|' [63 bytes]
DEBUG:websockets.client:< TEXT '>battle-gen9championsvgc2026regma-1593\n|uhtmlchange|otsrequest|' [63 bytes]
DEBUG:websockets.client:< TEXT '>battle-gen9championsvgc2026regma-1593\nOPrand1...ected open team sheets.' [73 bytes]
DEBUG:websockets.client:< TEXT '>battle-gen9championsvgc2026regma-1593\nOPrand1...ected open team sheets.' [73 bytes]
INFO:player:Team-preview [battle-gen9championsvgc2026regma-1593] NET drove: bring=['whimsicott', 'zoroarkhisui', 'ditto', 'charizardmegay'] leads=['whimsicott', 'zoroarkhisui'] (vs opp ['sneasler', 'charizard', 'whimsicott', 'basculegion', 'zoroarkhisui', 'ditto'])
INFO:vgc_base:Teampreview [battle-gen9championsvgc2026regma-1593] \u2192 /team 3562  (whimsicott, zoroarkhisui, ditto, charizardmegay)
DEBUG:websockets.client:> TEXT 'battle-gen9championsvgc2026regma-1593|/team 3562' [48 bytes]
INFO:vgc_base:Teampreview [battle-gen9championsvgc2026regma-1593] \u2192 /team 4256  (basculegion, charizardmegay, zoroarkhisui, ditto)
DEBUG:websockets.client:> TEXT 'battle-gen9championsvgc2026regma-1593|/team 4256' [48 bytes]
DEBUG:websockets.client:< TEXT '|pm| BC1| OPrand1|/challenge gen9championsvgc20...hampionsvgc2026regma|||' [83 bytes]
DEBUG:websockets.client:< TEXT '|pm| BC1| OPrand1|/challenge gen9championsvgc20...hampionsvgc2026regma|||' [83 bytes]
DEBUG:websockets.client:< TEXT '|pm| BC1| OPrand1|/log BC1 wants to battle!' [43 bytes]
DEBUG:websockets.client:< TEXT '|pm| BC1| OPrand1|/log BC1 wants to battle!' [43 bytes]
DEBUG:websockets.client:> TEXT '|/utm Sneasler||whiteherb|unburden|fakeout,dire...Naive|32,2,,,,32||||50|' [550 bytes]
DEBUG:websockets.client:> TEXT '|/accept bc1' [12 bytes]
DEBUG:websockets.client:< TEXT '>battle-gen9championsvgc2026regma-1593\n|\n|t:|...L50, M|100/100\n|turn|1' [327 bytes]
DEBUG:websockets.client:< TEXT '>battle-gen9championsvgc2026regma-1593\n|\n|t:|...L50, M|168/168\n|turn|1' [327 bytes]
DEBUG:websockets.client:< TEXT '|pm| OPrand1| BC1|/challenge' [28 bytes]
DEBUG:websockets.client:< TEXT '|pm| OPrand1| BC1|/challenge' [28 bytes]
DEBUG:websockets.client:< TEXT '|updatesearch|{"searching":[],"games":{"battle-... 2026 Reg M-A Battle"}}' [124 bytes]
DEBUG:websockets.client:< TEXT '|updatesearch|{"searching":[],"games":{"battle-... 2026 Reg M-A Battle"}}' [124 bytes]
DEBUG:websockets.client:< TEXT '|updatesearch|{"searching":[],"games":{"battle-... 2026 Reg M-A Battle"}}' [208 bytes]
DEBUG:websockets.client:< TEXT '|updatesearch|{"searching":[],"games":{"battle-... 2026 Reg M-A Battle"}}' [208 bytes]
DEBUG:websockets.client:< TEXT '|updatesearch|{"searching":[],"games":{"battle-... 2026 Reg M-A Battle"}}' [208 bytes]
DEBUG:websockets.client:< TEXT '|updatesearch|{"searching":[],"games":{"battle-... 2026 Reg M-A Battle"}}' [208 bytes]
DEBUG:websockets.client:< TEXT '>battle-gen9championsvgc2026regma-1594\n|init|b... vs. OPrand1\n|j|\u2606BC1\n' [85 bytes]
DEBUG:websockets.client:< TEXT '>battle-gen9championsvgc2026regma-1594\n|j|\u2606OPrand1' [52 bytes]
DEBUG:websockets.client:< TEXT '>battle-gen9championsvgc2026regma-1594\n|init|b...n|j|\u2606BC1\n|j|\u2606OPrand1\n' [99 bytes]
DEBUG:websockets.client:< TEXT '|pm| OPrand1| BC1|/nonotify OPrand1 accepted th...26regma-1594</a>&raquo;' [173 bytes]
DEBUG:websockets.client:< TEXT '|pm| OPrand1| BC1|/nonotify OPrand1 accepted th...26regma-1594</a>&raquo;' [173 bytes]
DEBUG:websockets.client:< TEXT '>battle-gen9championsvgc2026regma-1593\n|reques...ing":false}]},"rqid":4}' [2167 bytes]
DEBUG:websockets.client:< TEXT '>battle-gen9championsvgc2026regma-1593\n|reques...ing":false}]},"rqid":5}' [2189 bytes]
DEBUG:websockets.client:< TEXT '>battle-gen9championsvgc2026regma-1594\n|t:|1781643015\n|gametype|doubles' [71 bytes]
DEBUG:websockets.client:< TEXT '>battle-gen9championsvgc2026regma-1594\n|t:|1781643015\n|gametype|doubles' [71 bytes]
DEBUG:websockets.client:< TEXT '>battle-gen9championsvgc2026regma-1594\n|player|p1|BC1|266|' [58 bytes]
DEBUG:websockets.client:< TEXT '>battle-gen9championsvgc2026regma-1594\n|player...heets</strong></button>' [857 bytes]
INFO:player:Turn 1 [battle-gen9championsvgc2026regma-1593] value head win-prob: 0.136  (losing)
DEBUG:live_vgc_base:Turn 1 [battle-gen9championsvgc2026regma-1593] a0=0 a1=9 src=model opp_splice=on
DEBUG:websockets.client:> TEXT 'battle-gen9championsvgc2026regma-1593|/choose move encore 1, move icywind' [73 bytes]
DEBUG:websockets.client:< TEXT '>battle-gen9championsvgc2026regma-1594\n|player|p1|BC1|266|' [58 bytes]
DEBUG:websockets.client:< TEXT '>battle-gen9championsvgc2026regma-1594\n|player...heets</strong></button>' [857 bytes]
DEBUG:websockets.client:< TEXT '>battle-gen9championsvgc2026regma-1594\n|reques...ing":false}]},"rqid":3}' [2097 bytes]
DEBUG:live_vgc_base:Turn 1 [battle-gen9championsvgc2026regma-1593] a0=2 a1=6 src=random opp_splice=on
DEBUG:websockets.client:> TEXT 'battle-gen9championsvgc2026regma-1593|/choose m...ipturn -2, move protect' [76 bytes]
DEBUG:websockets.client:< TEXT '>battle-gen9championsvgc2026regma-1594\n|reques...ing":false}]},"rqid":2}' [2093 bytes]
DEBUG:websockets.client:< TEXT '>battle-gen9championsvgc2026regma-1593\n|\n|t:|...ct\n|\n|upkeep\n|turn|2' [496 bytes]
DEBUG:websockets.client:< TEXT '>battle-gen9championsvgc2026regma-1593\n|\n|t:|...ct\n|\n|upkeep\n|turn|2' [497 bytes]
DEBUG:websockets.client:< TEXT '>battle-gen9championsvgc2026regma-1593\n|reques...ing":false}]},"rqid":6}' [2167 bytes]
DEBUG:websockets.client:< TEXT '>battle-gen9championsvgc2026regma-1593\n|reques...ing":false}]},"rqid":7}' [2189 bytes]
DEBUG:live_vgc_base:Turn 2 [battle-gen9championsvgc2026regma-1593] a0=6 a1=12 src=random opp_splice=on
DEBUG:websockets.client:> TEXT 'battle-gen9championsvgc2026regma-1593|/choose m...protect, switch Zoroark' [74 bytes]
INFO:player:Turn 2 [battle-gen9championsvgc2026regma-1593] value head win-prob: 0.393  (losing)
DEBUG:live_vgc_base:Turn 2 [battle-gen9championsvgc2026regma-1593] a0=0 a1=9 src=model opp_splice=on
DEBUG:websockets.client:> TEXT 'battle-gen9championsvgc2026regma-1593|/choose move encore 1, move icywind' [73 bytes]
DEBUG:websockets.client:< TEXT '>battle-gen9championsvgc2026regma-1593\n|\n|t:|...on\n|\n|upkeep\n|turn|3' [513 bytes]
DEBUG:websockets.client:< TEXT '>battle-gen9championsvgc2026regma-1593\n|\n|t:|...on\n|\n|upkeep\n|turn|3' [513 bytes]
DEBUG:websockets.client:< TEXT '>battle-gen9championsvgc2026regma-1593\n|reques...ing":false}]},"rqid":8}' [2167 bytes]
DEBUG:websockets.client:< TEXT '>battle-gen9championsvgc2026regma-1593\n|reques...ing":false}]},"rqid":9}' [2177 bytes]
INFO:player:Turn 3 [battle-gen9championsvgc2026regma-1593] value head win-prob: 0.337  (losing)
DEBUG:live_vgc_base:Turn 3 [battle-gen9championsvgc2026regma-1593] a0=0 a1=9 src=model opp_splice=on
DEBUG:websockets.client:> TEXT 'battle-gen9championsvgc2026regma-1593|/choose move encore 1, move icywind' [73 bytes]
DEBUG:live_vgc_base:Turn 3 [battle-gen9championsvgc2026regma-1593] a0=3 a1=4 src=random opp_splice=on
DEBUG:websockets.client:> TEXT 'battle-gen9championsvgc2026regma-1593|/choose m...sh 1, move shadowball 2' [81 bytes]
DEBUG:websockets.client:< TEXT '>battle-gen9championsvgc2026regma-1593\n|\n|t:|...rd\n|\n|upkeep\n|turn|4' [463 bytes]
DEBUG:websockets.client:< TEXT '>battle-gen9championsvgc2026regma-1593\n|\n|t:|...rd\n|\n|upkeep\n|turn|4' [463 bytes]
DEBUG:websockets.client:< TEXT '>battle-gen9championsvgc2026regma-1593\n|reques...ng":false}]},"rqid":10}' [2168 bytes]
DEBUG:websockets.client:< TEXT '>battle-gen9championsvgc2026regma-1593\n|reques...ng":false}]},"rqid":11}' [2175 bytes]
INFO:player:Turn 4 [battle-gen9championsvgc2026regma-1593] value head win-prob: 0.440  (losing)
DEBUG:live_vgc_base:Turn 4 [battle-gen9championsvgc2026regma-1593] a0=0 a1=9 src=model opp_splice=on
DEBUG:websockets.client:> TEXT 'battle-gen9championsvgc2026regma-1593|/choose move encore 1, move icywind' [73 bytes]
DEBUG:live_vgc_base:Turn 4 [battle-gen9championsvgc2026regma-1593] a0=13 a1=9 src=random opp_splice=on
DEBUG:websockets.client:> TEXT 'battle-gen9championsvgc2026regma-1593|/choose switch Ditto, move icywind' [72 bytes]
DEBUG:websockets.client:< TEXT '>battle-gen9championsvgc2026regma-1593\n|\n|t:|...on\n|\n|upkeep\n|turn|5' [655 bytes]
DEBUG:websockets.client:< TEXT '>battle-gen9championsvgc2026regma-1593\n|\n|t:|...on\n|\n|upkeep\n|turn|5' [656 bytes]
DEBUG:websockets.client:< TEXT '>battle-gen9championsvgc2026regma-1593\n|reques...ng":false}]},"rqid":12}' [2166 bytes]
DEBUG:websockets.client:< TEXT '>battle-gen9championsvgc2026regma-1593\n|reques...ng":false}]},"rqid":13}' [1902 bytes]
DEBUG:live_vgc_base:Turn 5 [battle-gen9championsvgc2026regma-1593] a0=1 a1=12 src=random opp_splice=on
DEBUG:websockets.client:> TEXT 'battle-gen9championsvgc2026regma-1593|/choose m...orm 2, switch Charizard' [80 bytes]
INFO:player:Turn 5 [battle-gen9championsvgc2026regma-1593] value head win-prob: 0.567  (winning)
DEBUG:live_vgc_base:Turn 5 [battle-gen9championsvgc2026regma-1593] a0=0 a1=9 src=model opp_splice=on
DEBUG:websockets.client:> TEXT 'battle-gen9championsvgc2026regma-1593|/choose move encore 1, move icywind' [73 bytes]
DEBUG:websockets.client:< TEXT '>battle-gen9championsvgc2026regma-1593\n|\n|t:|...rk\n|\n|upkeep\n|turn|6' [435 bytes]
DEBUG:websockets.client:< TEXT '>battle-gen9championsvgc2026regma-1593\n|\n|t:|...rk\n|\n|upkeep\n|turn|6' [436 bytes]
DEBUG:websockets.client:< TEXT '>battle-gen9championsvgc2026regma-1593\n|reques...ng":false}]},"rqid":14}' [2166 bytes]
DEBUG:websockets.client:< TEXT '>battle-gen9championsvgc2026regma-1593\n|reques...ng":false}]},"rqid":15}' [2229 bytes]
INFO:player:Turn 6 [battle-gen9championsvgc2026regma-1593] value head win-prob: 0.293  (losing)
DEBUG:live_vgc_base:Turn 6 [battle-gen9championsvgc2026regma-1593] a0=0 a1=9 src=model opp_splice=on
DEBUG:websockets.client:> TEXT 'battle-gen9championsvgc2026regma-1593|/choose move encore 1, move icywind' [73 bytes]
DEBUG:live_vgc_base:Turn 6 [battle-gen9championsvgc2026regma-1593] a0=7 a1=13 src=random opp_splice=on
DEBUG:websockets.client:> TEXT 'battle-gen9championsvgc2026regma-1593|/choose m...wball 2, switch Zoroark' [79 bytes]
DEBUG:websockets.client:< TEXT '>battle-gen9championsvgc2026regma-1593\n|\n|t:|...2b: Zoroark\n|\n|upkeep' [480 bytes]
DEBUG:websockets.client:< TEXT '>battle-gen9championsvgc2026regma-1593\n|\n|t:|...2b: Zoroark\n|\n|upkeep' [481 bytes]
DEBUG:websockets.client:< TEXT '>battle-gen9championsvgc2026regma-1593\n|reques...ng":false}]},"rqid":16}' [1391 bytes]
DEBUG:websockets.client:< TEXT '>battle-gen9championsvgc2026regma-1593\n|reques...Cancel":true,"rqid":17}' [1470 bytes]
DEBUG:vgc_base:forceSwitch [battle-gen9championsvgc2026regma-1593] force=[False, True] \u2192 /choose pass / /choose switch Basculegion
DEBUG:websockets.client:> TEXT 'battle-gen9championsvgc2026regma-1593|/choose pass, switch Basculegion' [70 bytes]
DEBUG:websockets.client:< TEXT '>battle-gen9championsvgc2026regma-1593\n|\n|t:|... L50, M|92/100\n|turn|7' [115 bytes]
DEBUG:websockets.client:< TEXT '>battle-gen9championsvgc2026regma-1593\n|\n|t:|...L50, M|182/197\n|turn|7' [116 bytes]
DEBUG:websockets.client:< TEXT '>battle-gen9championsvgc2026regma-1593\n|reques...ng":false}]},"rqid":18}' [2166 bytes]
DEBUG:websockets.client:< TEXT '>battle-gen9championsvgc2026regma-1593\n|reques...ng":false}]},"rqid":19}' [2204 bytes]
DEBUG:live_vgc_base:Turn 7 [battle-gen9championsvgc2026regma-1593] a0=9 a1=11 src=random opp_splice=on
DEBUG:websockets.client:> TEXT 'battle-gen9championsvgc2026regma-1593|/choose m...t, move lastrespects -1' [80 bytes]
INFO:player:Turn 7 [battle-gen9championsvgc2026regma-1593] value head win-prob: 0.963  (winning)
DEBUG:live_vgc_base:Turn 7 [battle-gen9championsvgc2026regma-1593] a0=0 a1=0 src=model opp_splice=on
DEBUG:websockets.client:> TEXT 'battle-gen9championsvgc2026regma-1593|/choose m...core 1, move hypervoice' [76 bytes]
DEBUG:websockets.client:< TEXT '>battle-gen9championsvgc2026regma-1593\n|\n|t:|...on\n|\n|upkeep\n|turn|8' [415 bytes]
DEBUG:websockets.client:< TEXT '>battle-gen9championsvgc2026regma-1593\n|\n|t:|...on\n|\n|upkeep\n|turn|8' [415 bytes]
DEBUG:websockets.client:< TEXT '>battle-gen9championsvgc2026regma-1593\n|reques...ng":false}]},"rqid":20}' [2166 bytes]
DEBUG:websockets.client:< TEXT '>battle-gen9championsvgc2026regma-1593\n|reques...ng":false}]},"rqid":21}' [2204 bytes]
DEBUG:live_vgc_base:Turn 8 [battle-gen9championsvgc2026regma-1593] a0=12 a1=12 src=random opp_splice=on
DEBUG:websockets.client:> TEXT 'battle-gen9championsvgc2026regma-1593|/choose s...izard, switch Charizard' [80 bytes]
INFO:player:Turn 8 [battle-gen9championsvgc2026regma-1593] value head win-prob: 0.964  (winning)
DEBUG:live_vgc_base:Turn 8 [battle-gen9championsvgc2026regma-1593] a0=0 a1=0 src=model opp_splice=on
DEBUG:websockets.client:> TEXT 'battle-gen9championsvgc2026regma-1593|/choose m...core 1, move hypervoice' [76 bytes]
DEBUG:websockets.client:< TEXT ">battle-gen9championsvgc2026regma-1593\n|error|...can only switch in once" [123 bytes]
DEBUG:live_vgc_base:Turn 8 [battle-gen9championsvgc2026regma-1593] a0=3 a1=1 src=random opp_splice=on
DEBUG:websockets.client:> TEXT 'battle-gen9championsvgc2026regma-1593|/choose m...rvoice, move flipturn 2' [78 bytes]
DEBUG:websockets.client:< TEXT '>battle-gen9championsvgc2026regma-1593\n|\n|t:|...nt\n|faint|p1b: Zoroark' [283 bytes]
DEBUG:websockets.client:< TEXT '>battle-gen9championsvgc2026regma-1593\n|\n|t:|...nt\n|faint|p1b: Zoroark' [283 bytes]
DEBUG:websockets.client:< TEXT '>battle-gen9championsvgc2026regma-1593\n|reques...ng":false}]},"rqid":22}' [1390 bytes]
DEBUG:websockets.client:< TEXT '>battle-gen9championsvgc2026regma-1593\n|reques...Cancel":true,"rqid":23}' [1470 bytes]
DEBUG:vgc_base:forceSwitch [battle-gen9championsvgc2026regma-1593] force=[False, True] \u2192 /choose pass / /choose switch Charizard
DEBUG:websockets.client:> TEXT 'battle-gen9championsvgc2026regma-1593|/choose pass, switch Charizard' [68 bytes]
DEBUG:websockets.client:< TEXT '>battle-gen9championsvgc2026regma-1593\n|\n|t:|...] Flip Turn\n|\n|upkeep' [130 bytes]
DEBUG:websockets.client:< TEXT '>battle-gen9championsvgc2026regma-1593\n|\n|t:|...] Flip Turn\n|\n|upkeep' [131 bytes]
DEBUG:websockets.client:< TEXT '>battle-gen9championsvgc2026regma-1593\n|reques...Cancel":true,"rqid":24}' [1421 bytes]
DEBUG:websockets.client:< TEXT '>battle-gen9championsvgc2026regma-1593\n|reques...ng":false}]},"rqid":25}' [1439 bytes]
DEBUG:live_vgc_base:forceSwitch forced_switch_model [battle-gen9championsvgc2026regma-1593] turn 8 a0=None a1=12 opp_splice=on
DEBUG:websockets.client:> TEXT 'battle-gen9championsvgc2026regma-1593|/choose pass, switch Charizard' [68 bytes]
DEBUG:websockets.client:< TEXT '>battle-gen9championsvgc2026regma-1593\n|\n|t:|...L50, M|168/168\n|turn|9' [112 bytes]
DEBUG:websockets.client:< TEXT '>battle-gen9championsvgc2026regma-1593\n|\n|t:|...L50, M|100/100\n|turn|9' [112 bytes]
DEBUG:websockets.client:< TEXT '>battle-gen9championsvgc2026regma-1593\n|reques...ng":false}]},"rqid":26}' [2175 bytes]
DEBUG:websockets.client:< TEXT '>battle-gen9championsvgc2026regma-1593\n|reques...ng":false}]},"rqid":27}' [2226 bytes]
INFO:player:Turn 9 [battle-gen9championsvgc2026regma-1593] value head win-prob: 0.528  (even)
DEBUG:live_vgc_base:Turn 9 [battle-gen9championsvgc2026regma-1593] a0=12 a1=0 src=model opp_splice=on
DEBUG:websockets.client:> TEXT 'battle-gen9championsvgc2026regma-1593|/choose s...tto, move heatwave mega' [78 bytes]
DEBUG:live_vgc_base:Turn 9 [battle-gen9championsvgc2026regma-1593] a0=9 a1=11 src=random opp_splice=on
DEBUG:websockets.client:> TEXT 'battle-gen9championsvgc2026regma-1593|/choose m...tect, move solarbeam -1' [77 bytes]
DEBUG:websockets.client:< TEXT '>battle-gen9championsvgc2026regma-1593\n|\n|t:|...of] p1a: Ditto\n|upkeep' [832 bytes]
DEBUG:websockets.client:< TEXT '>battle-gen9championsvgc2026regma-1593\n|\n|t:|...of] p1a: Ditto\n|upkeep' [831 bytes]
DEBUG:websockets.client:< TEXT '>battle-gen9championsvgc2026regma-1593\n|reques...ng":false}]},"rqid":28}' [1429 bytes]
DEBUG:websockets.client:< TEXT '>battle-gen9championsvgc2026regma-1593\n|reques...Cancel":true,"rqid":29}' [1434 bytes]
DEBUG:vgc_base:forceSwitch [battle-gen9championsvgc2026regma-1593] force=[True, False] \u2192 /choose switch Basculegion / /choose pass
DEBUG:websockets.client:> TEXT 'battle-gen9championsvgc2026regma-1593|/choose switch Basculegion, pass' [70 bytes]
DEBUG:websockets.client:< TEXT '>battle-gen9championsvgc2026regma-1593\n|\n|t:|...L50, M|92/100\n|turn|10' [116 bytes]
DEBUG:websockets.client:< TEXT '>battle-gen9championsvgc2026regma-1593\n|\n|t:|...50, M|182/197\n|turn|10' [117 bytes]
DEBUG:websockets.client:< TEXT '>battle-gen9championsvgc2026regma-1593\n|reques...ng":false}]},"rqid":30}' [2194 bytes]
DEBUG:websockets.client:< TEXT '>battle-gen9championsvgc2026regma-1593\n|reques...ng":false}]},"rqid":31}' [2185 bytes]
INFO:player:Turn 10 [battle-gen9championsvgc2026regma-1593] value head win-prob: 0.983  (winning)
DEBUG:live_vgc_base:Turn 10 [battle-gen9championsvgc2026regma-1593] a0=3 a1=12 src=model opp_splice=on
DEBUG:websockets.client:> TEXT 'battle-gen9championsvgc2026regma-1593|/choose m...wave, switch Whimsicott' [78 bytes]
DEBUG:live_vgc_base:Turn 10 [battle-gen9championsvgc2026regma-1593] a0=9 a1=11 src=random opp_splice=on
DEBUG:websockets.client:> TEXT 'battle-gen9championsvgc2026regma-1593|/choose m...ts 1, move solarbeam -1' [84 bytes]
DEBUG:websockets.client:< TEXT '>battle-gen9championsvgc2026regma-1593\n|\n|t:|...brn|[from] brn\n|upkeep' [589 bytes]
DEBUG:websockets.client:< TEXT '>battle-gen9championsvgc2026regma-1593\n|\n|t:|...brn|[from] brn\n|upkeep' [588 bytes]
DEBUG:websockets.client:< TEXT '>battle-gen9championsvgc2026regma-1593\n|reques...Cancel":true,"rqid":32}' [1421 bytes]
DEBUG:websockets.client:< TEXT '>battle-gen9championsvgc2026regma-1593\n|reques...ng":false}]},"rqid":33}' [1405 bytes]
DEBUG:live_vgc_base:forceSwitch forced_switch_model [battle-gen9championsvgc2026regma-1593] turn 10 a0=12 a1=None opp_splice=on
DEBUG:websockets.client:> TEXT 'battle-gen9championsvgc2026regma-1593|/choose switch Charizard, pass' [68 bytes]
DEBUG:websockets.client:< TEXT '>battle-gen9championsvgc2026regma-1593\n|\n|t:|...50, M|168/168\n|turn|11' [120 bytes]
DEBUG:websockets.client:< TEXT '>battle-gen9championsvgc2026regma-1593\n|\n|t:|...50, M|100/100\n|turn|11' [120 bytes]
DEBUG:websockets.client:< TEXT '>battle-gen9championsvgc2026regma-1593\n|reques...ng":false}]},"rqid":34}' [2157 bytes]
DEBUG:websockets.client:< TEXT '>battle-gen9championsvgc2026regma-1593\n|reques...ng":false}]},"rqid":35}' [2187 bytes]
INFO:player:Turn 11 [battle-gen9championsvgc2026regma-1593] value head win-prob: 0.998  (winning)
DEBUG:live_vgc_base:Turn 11 [battle-gen9championsvgc2026regma-1593] a0=0 a1=3 src=model opp_splice=on
DEBUG:websockets.client:> TEXT 'battle-gen9championsvgc2026regma-1593|/choose m...heatwave, move tailwind' [74 bytes]
DEBUG:live_vgc_base:Turn 11 [battle-gen9championsvgc2026regma-1593] a0=4 a1=0 src=random opp_splice=on
DEBUG:vgc_base:_safe_order: action 0 slot 1 \u2192 None, scanning legal actions.
DEBUG:vgc_base:_safe_order: slot 1 has no decodable legal action — sending Pass.
DEBUG:websockets.client:> TEXT 'battle-gen9championsvgc2026regma-1593|/choose move wavecrash 2, pass' [68 bytes]
DEBUG:websockets.client:< TEXT '>battle-gen9championsvgc2026regma-1593\n|\n|t:|...asculegion\n|\n|win|BC1' [466 bytes]
DEBUG:websockets.client:< TEXT '>battle-gen9championsvgc2026regma-1593\n|\n|t:|...asculegion\n|\n|win|BC1' [467 bytes]
INFO:vgc_base:Battle battle-gen9championsvgc2026regma-1593 finished — outcome: WIN  (W/L/D so far: 4/2/0)
DEBUG:websockets.client:> TEXT '|/leave battle-gen9championsvgc2026regma-1593' [45 bytes]
DEBUG:websockets.client:< TEXT '|updatesearch|{"searching":[],"games":{"battle-... 2026 Reg M-A Battle"}}' [124 bytes]
DEBUG:websockets.client:< TEXT '|updatesearch|{"searching":[],"games":{"battle-... 2026 Reg M-A Battle"}}' [124 bytes]
DEBUG:websockets.client:> TEXT 'battle-gen9championsvgc2026regma-1594|/rejectopenteamsheets' [59 bytes]
INFO:vgc_base:Battle battle-gen9championsvgc2026regma-1593 finished — outcome: LOSS  (W/L/D so far: 2/4/0)
DEBUG:websockets.client:> TEXT '|/leave battle-gen9championsvgc2026regma-1593' [45 bytes]
DEBUG:websockets.client:> TEXT '|/utm Sneasler||whiteherb|unburden|fakeout,dire...Naive|32,2,,,,32||||50|' [550 bytes]
DEBUG:websockets.client:> TEXT '|/challenge oprand1, gen9championsvgc2026regma' [46 bytes]
DEBUG:websockets.client:> TEXT 'battle-gen9championsvgc2026regma-1594|/rejectopenteamsheets' [59 bytes]
DEBUG:websockets.client:< TEXT '>battle-gen9championsvgc2026regma-1593\n|deinit' [46 bytes]
DEBUG:websockets.client:< TEXT '>battle-gen9championsvgc2026regma-1593\n|l|\u2606BC1' [48 bytes]
DEBUG:websockets.client:< TEXT '>battle-gen9championsvgc2026regma-1594\n|uhtmlchange|otsrequest|' [63 bytes]
DEBUG:websockets.client:< TEXT '>battle-gen9championsvgc2026regma-1594\nBC1 rejected open team sheets.' [69 bytes]
DEBUG:websockets.client:< TEXT '>battle-gen9championsvgc2026regma-1594\n|uhtmlchange|otsrequest|' [63 bytes]
DEBUG:websockets.client:< TEXT '>battle-gen9championsvgc2026regma-1594\nBC1 rejected open team sheets.' [69 bytes]
DEBUG:websockets.client:< TEXT '>battle-gen9championsvgc2026regma-1593\n|deinit' [46 bytes]
DEBUG:websockets.client:< TEXT '>battle-gen9championsvgc2026regma-1594\n|uhtmlchange|otsrequest|' [63 bytes]
DEBUG:websockets.client:< TEXT '>battle-gen9championsvgc2026regma-1594\n|uhtmlchange|otsrequest|' [63 bytes]
DEBUG:websockets.client:< TEXT '>battle-gen9championsvgc2026regma-1594\nOPrand1...ected open team sheets.' [73 bytes]
DEBUG:websockets.client:< TEXT '>battle-gen9championsvgc2026regma-1594\nOPrand1...ected open team sheets.' [73 bytes]
INFO:player:Team-preview [battle-gen9championsvgc2026regma-1594] NET drove: bring=['whimsicott', 'zoroarkhisui', 'ditto', 'charizardmegay'] leads=['whimsicott', 'zoroarkhisui'] (vs opp ['sneasler', 'charizard', 'whimsicott', 'basculegion', 'zoroarkhisui', 'ditto'])
INFO:vgc_base:Teampreview [battle-gen9championsvgc2026regma-1594] \u2192 /team 3562  (whimsicott, zoroarkhisui, ditto, charizardmegay)
DEBUG:websockets.client:> TEXT 'battle-gen9championsvgc2026regma-1594|/team 3562' [48 bytes]
INFO:vgc_base:Teampreview [battle-gen9championsvgc2026regma-1594] \u2192 /team 5632  (zoroarkhisui, ditto, whimsicott, charizardmegay)
DEBUG:websockets.client:> TEXT 'battle-gen9championsvgc2026regma-1594|/team 5632' [48 bytes]
DEBUG:websockets.client:< TEXT '|pm| BC1| OPrand1|/challenge gen9championsvgc20...hampionsvgc2026regma|||' [83 bytes]
DEBUG:websockets.client:< TEXT '|pm| BC1| OPrand1|/challenge gen9championsvgc20...hampionsvgc2026regma|||' [83 bytes]
DEBUG:websockets.client:< TEXT '|pm| BC1| OPrand1|/log BC1 wants to battle!' [43 bytes]
DEBUG:websockets.client:< TEXT '|pm| BC1| OPrand1|/log BC1 wants to battle!' [43 bytes]
DEBUG:websockets.client:> TEXT '|/utm Sneasler||whiteherb|unburden|fakeout,dire...Naive|32,2,,,,32||||50|' [550 bytes]
DEBUG:websockets.client:> TEXT '|/accept bc1' [12 bytes]
DEBUG:websockets.client:< TEXT '>battle-gen9championsvgc2026regma-1594\n|\n|t:|...lity: Imposter\n|turn|1' [376 bytes]
DEBUG:websockets.client:< TEXT '>battle-gen9championsvgc2026regma-1594\n|\n|t:|...lity: Imposter\n|turn|1' [376 bytes]
DEBUG:websockets.client:< TEXT '>battle-gen9championsvgc2026regma-1594\n|reques...ing":false}]},"rqid":4}' [2167 bytes]
DEBUG:websockets.client:< TEXT '>battle-gen9championsvgc2026regma-1594\n|reques...ing":false}]},"rqid":5}' [2200 bytes]
DEBUG:websockets.client:< TEXT '|pm| OPrand1| BC1|/challenge' [28 bytes]
INFO:player:Turn 1 [battle-gen9championsvgc2026regma-1594] value head win-prob: 0.355  (losing)
DEBUG:live_vgc_base:Turn 1 [battle-gen9championsvgc2026regma-1594] a0=0 a1=9 src=model opp_splice=on
DEBUG:websockets.client:> TEXT 'battle-gen9championsvgc2026regma-1594|/choose move encore 1, move icywind' [73 bytes]
DEBUG:websockets.client:< TEXT '|pm| OPrand1| BC1|/challenge' [28 bytes]
DEBUG:websockets.client:< TEXT '|updatesearch|{"searching":[],"games":{"battle-... 2026 Reg M-A Battle"}}' [124 bytes]
DEBUG:websockets.client:< TEXT '|updatesearch|{"searching":[],"games":{"battle-... 2026 Reg M-A Battle"}}' [124 bytes]
DEBUG:websockets.client:< TEXT '|updatesearch|{"searching":[],"games":{"battle-... 2026 Reg M-A Battle"}}' [208 bytes]
DEBUG:websockets.client:< TEXT '|updatesearch|{"searching":[],"games":{"battle-... 2026 Reg M-A Battle"}}' [208 bytes]
DEBUG:websockets.client:< TEXT '|updatesearch|{"searching":[],"games":{"battle-... 2026 Reg M-A Battle"}}' [208 bytes]
DEBUG:websockets.client:< TEXT '|updatesearch|{"searching":[],"games":{"battle-... 2026 Reg M-A Battle"}}' [208 bytes]
DEBUG:websockets.client:< TEXT '>battle-gen9championsvgc2026regma-1595\n|init|b...n|j|\u2606BC1\n|j|\u2606OPrand1\n' [99 bytes]
DEBUG:websockets.client:< TEXT '|pm| OPrand1| BC1|/nonotify OPrand1 accepted th...26regma-1595</a>&raquo;' [173 bytes]
DEBUG:websockets.client:< TEXT '>battle-gen9championsvgc2026regma-1595\n|t:|1781643016\n|gametype|doubles' [71 bytes]
DEBUG:websockets.client:< TEXT '>battle-gen9championsvgc2026regma-1595\n|player|p1|BC1|266|' [58 bytes]
DEBUG:websockets.client:< TEXT '>battle-gen9championsvgc2026regma-1595\n|player...heets</strong></button>' [857 bytes]
DEBUG:websockets.client:< TEXT '>battle-gen9championsvgc2026regma-1595\n|reques...ing":false}]},"rqid":3}' [2097 bytes]
DEBUG:live_vgc_base:Turn 1 [battle-gen9championsvgc2026regma-1594] a0=0 a1=13 src=random opp_splice=on
DEBUG:websockets.client:> TEXT 'battle-gen9championsvgc2026regma-1594|/choose m...oice, switch Whimsicott' [80 bytes]
DEBUG:websockets.client:< TEXT '>battle-gen9championsvgc2026regma-1595\n|init|b... vs. OPrand1\n|j|\u2606BC1\n' [85 bytes]
DEBUG:websockets.client:< TEXT '>battle-gen9championsvgc2026regma-1595\n|j|\u2606OPrand1' [52 bytes]
DEBUG:websockets.client:< TEXT '|pm| OPrand1| BC1|/nonotify OPrand1 accepted th...26regma-1595</a>&raquo;' [173 bytes]
DEBUG:websockets.client:< TEXT '>battle-gen9championsvgc2026regma-1595\n|t:|1781643016\n|gametype|doubles' [71 bytes]
DEBUG:websockets.client:< TEXT '>battle-gen9championsvgc2026regma-1595\n|player|p1|BC1|266|' [58 bytes]
DEBUG:websockets.client:< TEXT '>battle-gen9championsvgc2026regma-1595\n|player...heets</strong></button>' [857 bytes]
DEBUG:websockets.client:< TEXT '>battle-gen9championsvgc2026regma-1595\n|reques...ing":false}]},"rqid":2}' [2093 bytes]
DEBUG:websockets.client:< TEXT ">battle-gen9championsvgc2026regma-1594\n|error|...ch to an active Pokémon" [115 bytes]
DEBUG:live_vgc_base:Turn 1 [battle-gen9championsvgc2026regma-1594] a0=0 a1=11 src=random opp_splice=on
DEBUG:websockets.client:> TEXT 'battle-gen9championsvgc2026regma-1594|/choose m...ce, move helpinghand -1' [82 bytes]
DEBUG:websockets.client:< TEXT '>battle-gen9championsvgc2026regma-1594\n|\n|t:|...on\n|\n|upkeep\n|turn|2' [630 bytes]
DEBUG:websockets.client:< TEXT '>battle-gen9championsvgc2026regma-1594\n|\n|t:|...on\n|\n|upkeep\n|turn|2' [629 bytes]
DEBUG:websockets.client:< TEXT '>battle-gen9championsvgc2026regma-1594\n|reques...ing":false}]},"rqid":6}' [2166 bytes]
DEBUG:websockets.client:< TEXT '>battle-gen9championsvgc2026regma-1594\n|reques...ing":false}]},"rqid":7}' [2198 bytes]
INFO:player:Turn 2 [battle-gen9championsvgc2026regma-1594] value head win-prob: 0.445  (losing)
DEBUG:live_vgc_base:Turn 2 [battle-gen9championsvgc2026regma-1594] a0=0 a1=9 src=model opp_splice=on
DEBUG:websockets.client:> TEXT 'battle-gen9championsvgc2026regma-1594|/choose move encore 1, move icywind' [73 bytes]
DEBUG:live_vgc_base:Turn 2 [battle-gen9championsvgc2026regma-1594] a0=12 a1=11 src=random opp_splice=on
DEBUG:websockets.client:> TEXT 'battle-gen9championsvgc2026regma-1594|/choose s...rd, move helpinghand -1' [83 bytes]
DEBUG:websockets.client:< TEXT '>battle-gen9championsvgc2026regma-1594\n|\n|t:|...|1\n|\n|upkeep\n|turn|3' [494 bytes]
DEBUG:websockets.client:< TEXT '>battle-gen9championsvgc2026regma-1594\n|\n|t:|...|1\n|\n|upkeep\n|turn|3' [494 bytes]
DEBUG:websockets.client:< TEXT '>battle-gen9championsvgc2026regma-1594\n|reques...ing":false}]},"rqid":9}' [2209 bytes]
DEBUG:websockets.client:< TEXT '>battle-gen9championsvgc2026regma-1594\n|reques...ing":false}]},"rqid":8}' [2166 bytes]
DEBUG:live_vgc_base:Turn 3 [battle-gen9championsvgc2026regma-1594] a0=10 a1=2 src=random opp_splice=on
DEBUG:websockets.client:> TEXT 'battle-gen9championsvgc2026regma-1594|/choose m...rbeam 2, move encore -1' [78 bytes]
INFO:player:Turn 3 [battle-gen9championsvgc2026regma-1594] value head win-prob: 0.852  (winning)
DEBUG:live_vgc_base:Turn 3 [battle-gen9championsvgc2026regma-1594] a0=0 a1=9 src=model opp_splice=on
DEBUG:websockets.client:> TEXT 'battle-gen9championsvgc2026regma-1594|/choose move encore 1, move icywind' [73 bytes]
DEBUG:websockets.client:< TEXT '>battle-gen9championsvgc2026regma-1594\n|\n|t:|...|Solar Beam\n|\n|upkeep' [452 bytes]
DEBUG:websockets.client:< TEXT '>battle-gen9championsvgc2026regma-1594\n|\n|t:|...|Solar Beam\n|\n|upkeep' [453 bytes]
DEBUG:websockets.client:< TEXT '>battle-gen9championsvgc2026regma-1594\n|reques...ng":false}]},"rqid":10}' [1392 bytes]
DEBUG:websockets.client:< TEXT '>battle-gen9championsvgc2026regma-1594\n|reques...Cancel":true,"rqid":11}' [1425 bytes]
DEBUG:vgc_base:forceSwitch [battle-gen9championsvgc2026regma-1594] force=[False, True] \u2192 /choose pass / /choose switch Zoroark
DEBUG:websockets.client:> TEXT 'battle-gen9championsvgc2026regma-1594|/choose pass, switch Zoroark' [66 bytes]
DEBUG:websockets.client:< TEXT '>battle-gen9championsvgc2026regma-1594\n|\n|t:|... L50, F|72/100\n|turn|4' [113 bytes]
DEBUG:websockets.client:< TEXT '>battle-gen9championsvgc2026regma-1594\n|\n|t:|... L50, F|96/132\n|turn|4' [113 bytes]
DEBUG:websockets.client:< TEXT '>battle-gen9championsvgc2026regma-1594\n|reques...ng":false}]},"rqid":12}' [2167 bytes]
DEBUG:websockets.client:< TEXT '>battle-gen9championsvgc2026regma-1594\n|reques...ng":false}]},"rqid":13}' [1852 bytes]
INFO:player:Turn 4 [battle-gen9championsvgc2026regma-1594] value head win-prob: 0.941  (winning)
DEBUG:live_vgc_base:Turn 4 [battle-gen9championsvgc2026regma-1594] a0=0 a1=9 src=model opp_splice=on
DEBUG:websockets.client:> TEXT 'battle-gen9championsvgc2026regma-1594|/choose move encore 1, move icywind' [73 bytes]
DEBUG:live_vgc_base:Turn 4 [battle-gen9championsvgc2026regma-1594] a0=11 a1=6 src=random opp_splice=on
DEBUG:websockets.client:> TEXT 'battle-gen9championsvgc2026regma-1594|/choose m...arbeam -2, move protect' [77 bytes]
DEBUG:websockets.client:< TEXT '>battle-gen9championsvgc2026regma-1594\n|\n|t:|...on\n|\n|upkeep\n|turn|5' [559 bytes]
DEBUG:websockets.client:< TEXT '>battle-gen9championsvgc2026regma-1594\n|\n|t:|...on\n|\n|upkeep\n|turn|5' [559 bytes]
DEBUG:websockets.client:< TEXT '>battle-gen9championsvgc2026regma-1594\n|reques...ng":false}]},"rqid":14}' [2166 bytes]
DEBUG:websockets.client:< TEXT '>battle-gen9championsvgc2026regma-1594\n|reques...ng":false}]},"rqid":15}' [2186 bytes]
DEBUG:live_vgc_base:Turn 5 [battle-gen9championsvgc2026regma-1594] a0=9 a1=6 src=random opp_splice=on
DEBUG:websockets.client:> TEXT 'battle-gen9championsvgc2026regma-1594|/choose m...larbeam 1, move protect' [76 bytes]
INFO:player:Turn 5 [battle-gen9championsvgc2026regma-1594] value head win-prob: 0.932  (winning)
DEBUG:live_vgc_base:Turn 5 [battle-gen9championsvgc2026regma-1594] a0=0 a1=9 src=model opp_splice=on
DEBUG:websockets.client:> TEXT 'battle-gen9championsvgc2026regma-1594|/choose move encore 1, move icywind' [73 bytes]
DEBUG:websockets.client:< TEXT '>battle-gen9championsvgc2026regma-1594\n|\n|t:|...am\n|\n|upkeep\n|turn|6' [553 bytes]
DEBUG:websockets.client:< TEXT '>battle-gen9championsvgc2026regma-1594\n|\n|t:|...am\n|\n|upkeep\n|turn|6' [553 bytes]
DEBUG:websockets.client:< TEXT '>battle-gen9championsvgc2026regma-1594\n|reques...ng":false}]},"rqid":16}' [2166 bytes]
DEBUG:websockets.client:< TEXT '>battle-gen9championsvgc2026regma-1594\n|reques...ng":false}]},"rqid":17}' [1851 bytes]
DEBUG:live_vgc_base:Turn 6 [battle-gen9championsvgc2026regma-1594] a0=9 a1=4 src=random opp_splice=on
DEBUG:websockets.client:> TEXT 'battle-gen9championsvgc2026regma-1594|/choose m...am 1, move shadowball 2' [81 bytes]
INFO:player:Turn 6 [battle-gen9championsvgc2026regma-1594] value head win-prob: 0.857  (winning)
DEBUG:live_vgc_base:Turn 6 [battle-gen9championsvgc2026regma-1594] a0=0 a1=9 src=model opp_splice=on
DEBUG:websockets.client:> TEXT 'battle-gen9championsvgc2026regma-1594|/choose move encore 1, move icywind' [73 bytes]
DEBUG:websockets.client:< TEXT '>battle-gen9championsvgc2026regma-1594\n|\n|t:|...arizard|Encore\n|upkeep' [547 bytes]
DEBUG:websockets.client:< TEXT '>battle-gen9championsvgc2026regma-1594\n|\n|t:|...arizard|Encore\n|upkeep' [547 bytes]
DEBUG:websockets.client:< TEXT '>battle-gen9championsvgc2026regma-1594\n|reques...Cancel":true,"rqid":18}' [1421 bytes]
DEBUG:websockets.client:< TEXT '>battle-gen9championsvgc2026regma-1594\n|reques...ng":false}]},"rqid":19}' [1393 bytes]
DEBUG:live_vgc_base:forceSwitch forced_switch_model [battle-gen9championsvgc2026regma-1594] turn 6 a0=13 a1=None opp_splice=on
DEBUG:websockets.client:> TEXT 'battle-gen9championsvgc2026regma-1594|/choose switch Ditto, pass' [64 bytes]
DEBUG:websockets.client:< TEXT '>battle-gen9championsvgc2026regma-1594\n|\n|t:|...lity: Imposter\n|turn|7' [162 bytes]
DEBUG:websockets.client:< TEXT '>battle-gen9championsvgc2026regma-1594\n|\n|t:|...lity: Imposter\n|turn|7' [162 bytes]
DEBUG:websockets.client:< TEXT '>battle-gen9championsvgc2026regma-1594\n|reques...ng":false}]},"rqid":20}' [2203 bytes]
DEBUG:websockets.client:< TEXT '>battle-gen9championsvgc2026regma-1594\n|reques...ng":false}]},"rqid":21}' [2189 bytes]
INFO:player:Turn 7 [battle-gen9championsvgc2026regma-1594] value head win-prob: 0.893  (winning)
DEBUG:live_vgc_base:Turn 7 [battle-gen9championsvgc2026regma-1594] a0=0 a1=9 src=model opp_splice=on
DEBUG:websockets.client:> TEXT 'battle-gen9championsvgc2026regma-1594|/choose m...dowball 1, move icywind' [77 bytes]
DEBUG:live_vgc_base:Turn 7 [battle-gen9championsvgc2026regma-1594] a0=5 a1=3 src=random opp_splice=on
DEBUG:websockets.client:> TEXT 'battle-gen9championsvgc2026regma-1594|/choose m...l -2, move shadowball 1' [84 bytes]
DEBUG:websockets.client:< TEXT '>battle-gen9championsvgc2026regma-1594\n|\n|t:|...|p1a: Ditto\n|\n|upkeep' [297 bytes]
DEBUG:websockets.client:< TEXT '>battle-gen9championsvgc2026regma-1594\n|\n|t:|...|p1a: Ditto\n|\n|upkeep' [297 bytes]
DEBUG:websockets.client:< TEXT '>battle-gen9championsvgc2026regma-1594\n|reques...ng":false}]},"rqid":22}' [1424 bytes]
DEBUG:websockets.client:< TEXT '>battle-gen9championsvgc2026regma-1594\n|reques...Cancel":true,"rqid":23}' [1421 bytes]
DEBUG:vgc_base:forceSwitch slot 1: no available switch — '/choose default' (handled poke-env desync).
DEBUG:vgc_base:forceSwitch DIAG [battle-gen9championsvgc2026regma-1594] turn=7 slot=1 force=[True, True] available_switches=[['whimsicott'], ['whimsicott']] own_bench_mons=['whimsicott'] request_state={'Charizard': 'actfnt', 'Zoroark': 'actfnt', 'Whimsicott': '', 'Ditto': 'fnt'} team_keys=['p2: Sneasler', 'p2: Charizard', 'p2: Whimsicott', 'p2: Basculegion', 'p2: Zoroark', 'p2: Ditto'] team=[sneasler(act=True,fnt=False,hp=1.0), charizard(act=True,fnt=True,hp=0), whimsicott(act=False,fnt=False,hp=1.0), basculegion(act=False,fnt=False,hp=1.0), zoroarkhisui(act=True,fnt=True,hp=0), ditto(act=False,fnt=True,hp=0)]
DEBUG:websockets.client:> TEXT 'battle-gen9championsvgc2026regma-1594|/choose default' [53 bytes]
DEBUG:websockets.client:< TEXT '>battle-gen9championsvgc2026regma-1594\n|\n|t:|...L50, F|100/100\n|turn|8' [114 bytes]
DEBUG:websockets.client:< TEXT '>battle-gen9championsvgc2026regma-1594\n|\n|t:|...L50, F|137/137\n|turn|8' [114 bytes]
DEBUG:websockets.client:< TEXT '>battle-gen9championsvgc2026regma-1594\n|reques...ng":false}]},"rqid":24}' [2202 bytes]
DEBUG:websockets.client:< TEXT '>battle-gen9championsvgc2026regma-1594\n|reques...ng":false}]},"rqid":25}' [2166 bytes]
INFO:player:Turn 8 [battle-gen9championsvgc2026regma-1594] value head win-prob: 0.997  (winning)
DEBUG:live_vgc_base:Turn 8 [battle-gen9championsvgc2026regma-1594] a0=0 a1=9 src=model opp_splice=on
DEBUG:websockets.client:> TEXT 'battle-gen9championsvgc2026regma-1594|/choose m...dowball 1, move icywind' [77 bytes]
DEBUG:live_vgc_base:Turn 8 [battle-gen9championsvgc2026regma-1594] a0=1 a1=0 src=random opp_splice=on
DEBUG:vgc_base:_safe_order: action 0 slot 1 \u2192 None, scanning legal actions.
DEBUG:vgc_base:_safe_order: slot 1 has no decodable legal action — sending Pass.
DEBUG:websockets.client:> TEXT 'battle-gen9championsvgc2026regma-1594|/choose move encore 2, pass' [65 bytes]
DEBUG:websockets.client:< TEXT '>battle-gen9championsvgc2026regma-1594\n|\n|t:|...Whimsicott\n|\n|win|BC1' [378 bytes]
DEBUG:websockets.client:< TEXT '>battle-gen9championsvgc2026regma-1594\n|\n|t:|...Whimsicott\n|\n|win|BC1' [378 bytes]
INFO:vgc_base:Battle battle-gen9championsvgc2026regma-1594 finished — outcome: WIN  (W/L/D so far: 5/2/0)
DEBUG:websockets.client:> TEXT '|/leave battle-gen9championsvgc2026regma-1594' [45 bytes]
DEBUG:websockets.client:< TEXT '|updatesearch|{"searching":[],"games":{"battle-... 2026 Reg M-A Battle"}}' [124 bytes]
DEBUG:websockets.client:< TEXT '|updatesearch|{"searching":[],"games":{"battle-... 2026 Reg M-A Battle"}}' [124 bytes]
DEBUG:websockets.client:> TEXT 'battle-gen9championsvgc2026regma-1595|/rejectopenteamsheets' [59 bytes]
INFO:vgc_base:Battle battle-gen9championsvgc2026regma-1594 finished — outcome: LOSS  (W/L/D so far: 2/5/0)
DEBUG:websockets.client:> TEXT '|/leave battle-gen9championsvgc2026regma-1594' [45 bytes]
DEBUG:websockets.client:> TEXT 'battle-gen9championsvgc2026regma-1595|/rejectopenteamsheets' [59 bytes]
DEBUG:websockets.client:< TEXT '>battle-gen9championsvgc2026regma-1594\n|deinit' [46 bytes]
DEBUG:websockets.client:< TEXT '>battle-gen9championsvgc2026regma-1594\n|l|\u2606BC1' [48 bytes]
DEBUG:websockets.client:< TEXT '>battle-gen9championsvgc2026regma-1595\n|uhtmlchange|otsrequest|' [63 bytes]
DEBUG:websockets.client:< TEXT '>battle-gen9championsvgc2026regma-1595\nBC1 rejected open team sheets.' [69 bytes]
DEBUG:websockets.client:< TEXT '>battle-gen9championsvgc2026regma-1595\n|uhtmlchange|otsrequest|' [63 bytes]
DEBUG:websockets.client:< TEXT '>battle-gen9championsvgc2026regma-1595\nBC1 rejected open team sheets.' [69 bytes]
DEBUG:websockets.client:< TEXT '>battle-gen9championsvgc2026regma-1594\n|deinit' [46 bytes]
DEBUG:websockets.client:< TEXT '>battle-gen9championsvgc2026regma-1595\n|uhtmlchange|otsrequest|' [63 bytes]
DEBUG:websockets.client:< TEXT '>battle-gen9championsvgc2026regma-1595\n|uhtmlchange|otsrequest|' [63 bytes]
DEBUG:websockets.client:< TEXT '>battle-gen9championsvgc2026regma-1595\nOPrand1...ected open team sheets.' [73 bytes]
DEBUG:websockets.client:< TEXT '>battle-gen9championsvgc2026regma-1595\nOPrand1...ected open team sheets.' [73 bytes]
INFO:player:Team-preview [battle-gen9championsvgc2026regma-1595] NET drove: bring=['whimsicott', 'zoroarkhisui', 'ditto', 'charizardmegay'] leads=['whimsicott', 'zoroarkhisui'] (vs opp ['sneasler', 'charizard', 'whimsicott', 'basculegion', 'zoroarkhisui', 'ditto'])
INFO:vgc_base:Teampreview [battle-gen9championsvgc2026regma-1595] \u2192 /team 3562  (whimsicott, zoroarkhisui, ditto, charizardmegay)
DEBUG:websockets.client:> TEXT 'battle-gen9championsvgc2026regma-1595|/team 3562' [48 bytes]
INFO:vgc_base:Teampreview [battle-gen9championsvgc2026regma-1595] \u2192 /team 2531  (charizardmegay, zoroarkhisui, whimsicott, sneasler)
DEBUG:websockets.client:> TEXT 'battle-gen9championsvgc2026regma-1595|/team 2531' [48 bytes]
DEBUG:websockets.client:< TEXT '>battle-gen9championsvgc2026regma-1595\n|\n|t:|...L50, M|100/100\n|turn|1' [321 bytes]
DEBUG:websockets.client:< TEXT '>battle-gen9championsvgc2026regma-1595\n|\n|t:|...L50, M|132/132\n|turn|1' [321 bytes]
DEBUG:websockets.client:< TEXT '>battle-gen9championsvgc2026regma-1595\n|reques...ing":false}]},"rqid":4}' [2167 bytes]
DEBUG:websockets.client:< TEXT '>battle-gen9championsvgc2026regma-1595\n|reques...ing":false}]},"rqid":5}' [2245 bytes]
INFO:player:Turn 1 [battle-gen9championsvgc2026regma-1595] value head win-prob: 0.492  (even)
DEBUG:live_vgc_base:Turn 1 [battle-gen9championsvgc2026regma-1595] a0=0 a1=9 src=model opp_splice=on
DEBUG:websockets.client:> TEXT 'battle-gen9championsvgc2026regma-1595|/choose move encore 1, move icywind' [73 bytes]
DEBUG:live_vgc_base:Turn 1 [battle-gen9championsvgc2026regma-1595] a0=11 a1=4 src=random opp_splice=on
DEBUG:websockets.client:> TEXT 'battle-gen9championsvgc2026regma-1595|/choose m...m -2, move shadowball 2' [82 bytes]
DEBUG:websockets.client:< TEXT '>battle-gen9championsvgc2026regma-1595\n|\n|t:|...am\n|\n|upkeep\n|turn|2' [536 bytes]
DEBUG:websockets.client:< TEXT '>battle-gen9championsvgc2026regma-1595\n|\n|t:|...am\n|\n|upkeep\n|turn|2' [537 bytes]
DEBUG:websockets.client:< TEXT '>battle-gen9championsvgc2026regma-1595\n|reques...ing":false}]},"rqid":6}' [2167 bytes]
DEBUG:websockets.client:< TEXT '>battle-gen9championsvgc2026regma-1595\n|reques...ing":false}]},"rqid":7}' [1906 bytes]
INFO:player:Turn 2 [battle-gen9championsvgc2026regma-1595] value head win-prob: 0.111  (losing)
DEBUG:live_vgc_base:Turn 2 [battle-gen9championsvgc2026regma-1595] a0=0 a1=9 src=model opp_splice=on
DEBUG:websockets.client:> TEXT 'battle-gen9championsvgc2026regma-1595|/choose move encore 1, move icywind' [73 bytes]
DEBUG:live_vgc_base:Turn 2 [battle-gen9championsvgc2026regma-1595] a0=9 a1=6 src=random opp_splice=on
DEBUG:websockets.client:> TEXT 'battle-gen9championsvgc2026regma-1595|/choose m...larbeam 1, move protect' [76 bytes]
DEBUG:websockets.client:< TEXT '>battle-gen9championsvgc2026regma-1595\n|\n|t:|...ct\n|\n|upkeep\n|turn|3' [478 bytes]
DEBUG:websockets.client:< TEXT '>battle-gen9championsvgc2026regma-1595\n|\n|t:|...ct\n|\n|upkeep\n|turn|3' [479 bytes]
DEBUG:websockets.client:< TEXT '>battle-gen9championsvgc2026regma-1595\n|reques...ing":false}]},"rqid":8}' [2167 bytes]
DEBUG:websockets.client:< TEXT '>battle-gen9championsvgc2026regma-1595\n|reques...ing":false}]},"rqid":9}' [2241 bytes]
INFO:player:Turn 3 [battle-gen9championsvgc2026regma-1595] value head win-prob: 0.154  (losing)
DEBUG:live_vgc_base:Turn 3 [battle-gen9championsvgc2026regma-1595] a0=0 a1=9 src=model opp_splice=on
DEBUG:websockets.client:> TEXT 'battle-gen9championsvgc2026regma-1595|/choose move encore 1, move icywind' [73 bytes]
DEBUG:live_vgc_base:Turn 3 [battle-gen9championsvgc2026regma-1595] a0=11 a1=5 src=random opp_splice=on
DEBUG:websockets.client:> TEXT 'battle-gen9championsvgc2026regma-1595|/choose m... -2, move shadowball -1' [83 bytes]
DEBUG:websockets.client:< TEXT '>battle-gen9championsvgc2026regma-1595\n|\n|t:|...am\n|\n|upkeep\n|turn|4' [469 bytes]
DEBUG:websockets.client:< TEXT '>battle-gen9championsvgc2026regma-1595\n|\n|t:|...am\n|\n|upkeep\n|turn|4' [469 bytes]
DEBUG:websockets.client:< TEXT '>battle-gen9championsvgc2026regma-1595\n|reques...ng":false}]},"rqid":10}' [2168 bytes]
DEBUG:websockets.client:< TEXT '>battle-gen9championsvgc2026regma-1595\n|reques...ng":false}]},"rqid":11}' [1905 bytes]
DEBUG:live_vgc_base:Turn 4 [battle-gen9championsvgc2026regma-1595] a0=10 a1=5 src=random opp_splice=on
DEBUG:websockets.client:> TEXT 'battle-gen9championsvgc2026regma-1595|/choose m...m 2, move shadowball -1' [82 bytes]
INFO:player:Turn 4 [battle-gen9championsvgc2026regma-1595] value head win-prob: 0.325  (losing)
DEBUG:live_vgc_base:Turn 4 [battle-gen9championsvgc2026regma-1595] a0=0 a1=9 src=model opp_splice=on
DEBUG:websockets.client:> TEXT 'battle-gen9championsvgc2026regma-1595|/choose move encore 1, move icywind' [73 bytes]
DEBUG:websockets.client:< TEXT '>battle-gen9championsvgc2026regma-1595\n|\n|t:|...2b: Zoroark\n|\n|upkeep' [374 bytes]
DEBUG:websockets.client:< TEXT '>battle-gen9championsvgc2026regma-1595\n|\n|t:|...2b: Zoroark\n|\n|upkeep' [374 bytes]
DEBUG:websockets.client:< TEXT '>battle-gen9championsvgc2026regma-1595\n|reques...ng":false}]},"rqid":12}' [1393 bytes]
DEBUG:websockets.client:< TEXT '>battle-gen9championsvgc2026regma-1595\n|reques...Cancel":true,"rqid":13}' [1478 bytes]
DEBUG:vgc_base:forceSwitch [battle-gen9championsvgc2026regma-1595] force=[True, False] \u2192 /choose switch Sneasler / /choose pass
DEBUG:websockets.client:> TEXT 'battle-gen9championsvgc2026regma-1595|/choose switch Sneasler, pass' [67 bytes]
DEBUG:websockets.client:< TEXT '>battle-gen9championsvgc2026regma-1595\n|\n|t:|...L50, M|100/100\n|turn|5' [110 bytes]
DEBUG:websockets.client:< TEXT '>battle-gen9championsvgc2026regma-1595\n|\n|t:|...L50, M|157/157\n|turn|5' [110 bytes]
DEBUG:websockets.client:< TEXT '>battle-gen9championsvgc2026regma-1595\n|reques...ng":false}]},"rqid":14}' [2168 bytes]
DEBUG:websockets.client:< TEXT '>battle-gen9championsvgc2026regma-1595\n|reques...ng":false}]},"rqid":15}' [2210 bytes]
INFO:player:Turn 5 [battle-gen9championsvgc2026regma-1595] value head win-prob: 0.752  (winning)
DEBUG:live_vgc_base:Turn 5 [battle-gen9championsvgc2026regma-1595] a0=0 a1=9 src=model opp_splice=on
DEBUG:websockets.client:> TEXT 'battle-gen9championsvgc2026regma-1595|/choose move encore 1, move icywind' [73 bytes]
DEBUG:live_vgc_base:Turn 5 [battle-gen9championsvgc2026regma-1595] a0=5 a1=6 src=random opp_splice=on
DEBUG:websockets.client:> TEXT 'battle-gen9championsvgc2026regma-1595|/choose m...reclaw -2, move protect' [76 bytes]
DEBUG:websockets.client:< TEXT '>battle-gen9championsvgc2026regma-1595\n|\n|t:|...t]\n|\n|upkeep\n|turn|6' [523 bytes]
DEBUG:websockets.client:< TEXT '>battle-gen9championsvgc2026regma-1595\n|\n|t:|...t]\n|\n|upkeep\n|turn|6' [524 bytes]
DEBUG:websockets.client:< TEXT '>battle-gen9championsvgc2026regma-1595\n|reques...ng":false}]},"rqid":16}' [2168 bytes]
DEBUG:websockets.client:< TEXT '>battle-gen9championsvgc2026regma-1595\n|reques...ng":false}]},"rqid":17}' [2200 bytes]
DEBUG:live_vgc_base:Turn 6 [battle-gen9championsvgc2026regma-1595] a0=10 a1=0 src=random opp_splice=on
DEBUG:websockets.client:> TEXT 'battle-gen9championsvgc2026regma-1595|/choose m...mbat 2, move hypervoice' [81 bytes]
INFO:player:Turn 6 [battle-gen9championsvgc2026regma-1595] value head win-prob: 0.788  (winning)
DEBUG:live_vgc_base:Turn 6 [battle-gen9championsvgc2026regma-1595] a0=0 a1=9 src=model opp_splice=on
DEBUG:websockets.client:> TEXT 'battle-gen9championsvgc2026regma-1595|/choose move encore 1, move icywind' [73 bytes]
DEBUG:websockets.client:< TEXT '>battle-gen9championsvgc2026regma-1595\n|\n|t:|...37\n|\n|upkeep\n|turn|7' [483 bytes]
DEBUG:websockets.client:< TEXT '>battle-gen9championsvgc2026regma-1595\n|\n|t:|...00\n|\n|upkeep\n|turn|7' [483 bytes]
DEBUG:websockets.client:< TEXT '>battle-gen9championsvgc2026regma-1595\n|reques...ng":false}]},"rqid":18}' [2170 bytes]
DEBUG:websockets.client:< TEXT '>battle-gen9championsvgc2026regma-1595\n|reques...ng":false}]},"rqid":19}' [2198 bytes]
INFO:player:Turn 7 [battle-gen9championsvgc2026regma-1595] value head win-prob: 0.438  (losing)
DEBUG:live_vgc_base:Turn 7 [battle-gen9championsvgc2026regma-1595] a0=0 a1=9 src=model opp_splice=on
DEBUG:websockets.client:> TEXT 'battle-gen9championsvgc2026regma-1595|/choose move encore 1, move icywind' [73 bytes]
DEBUG:live_vgc_base:Turn 7 [battle-gen9championsvgc2026regma-1595] a0=12 a1=6 src=random opp_splice=on
DEBUG:websockets.client:> TEXT 'battle-gen9championsvgc2026regma-1595|/choose s...himsicott, move protect' [77 bytes]
DEBUG:websockets.client:< TEXT '>battle-gen9championsvgc2026regma-1595\n|\n|t:|...lp\n|\n|upkeep\n|turn|8' [282 bytes]
DEBUG:websockets.client:< TEXT '>battle-gen9championsvgc2026regma-1595\n|\n|t:|...lp\n|\n|upkeep\n|turn|8' [282 bytes]
DEBUG:websockets.client:< TEXT '>battle-gen9championsvgc2026regma-1595\n|reques...ng":false}]},"rqid":20}' [2170 bytes]
DEBUG:websockets.client:< TEXT '>battle-gen9championsvgc2026regma-1595\n|reques...ng":false}]},"rqid":21}' [2213 bytes]
INFO:player:Turn 8 [battle-gen9championsvgc2026regma-1595] value head win-prob: 0.037  (losing)
DEBUG:live_vgc_base:Turn 8 [battle-gen9championsvgc2026regma-1595] a0=13 a1=9 src=model opp_splice=on
DEBUG:websockets.client:> TEXT 'battle-gen9championsvgc2026regma-1595|/choose switch Ditto, move icywind' [72 bytes]
DEBUG:live_vgc_base:Turn 8 [battle-gen9championsvgc2026regma-1595] a0=12 a1=5 src=random opp_splice=on
DEBUG:websockets.client:> TEXT 'battle-gen9championsvgc2026regma-1595|/choose s...ler, move shadowball -1' [81 bytes]
DEBUG:websockets.client:< TEXT '>battle-gen9championsvgc2026regma-1595\n|\n|t:|...2b: Zoroark\n|\n|upkeep' [413 bytes]
DEBUG:websockets.client:< TEXT '>battle-gen9championsvgc2026regma-1595\n|\n|t:|...2b: Zoroark\n|\n|upkeep' [414 bytes]
DEBUG:websockets.client:< TEXT '>battle-gen9championsvgc2026regma-1595\n|reques...ng":false}]},"rqid":22}' [1425 bytes]
DEBUG:websockets.client:< TEXT '>battle-gen9championsvgc2026regma-1595\n|reques...Cancel":true,"rqid":23}' [1467 bytes]
DEBUG:vgc_base:forceSwitch [battle-gen9championsvgc2026regma-1595] force=[False, True] \u2192 /choose pass / /choose switch Whimsicott
DEBUG:websockets.client:> TEXT 'battle-gen9championsvgc2026regma-1595|/choose pass, switch Whimsicott' [69 bytes]
DEBUG:websockets.client:< TEXT '>battle-gen9championsvgc2026regma-1595\n|\n|t:|...L50, M|100/100\n|turn|9' [114 bytes]
DEBUG:websockets.client:< TEXT '>battle-gen9championsvgc2026regma-1595\n|\n|t:|...L50, M|137/137\n|turn|9' [114 bytes]
DEBUG:websockets.client:< TEXT '>battle-gen9championsvgc2026regma-1595\n|reques...ng":false}]},"rqid":24}' [2204 bytes]
DEBUG:websockets.client:< TEXT '>battle-gen9championsvgc2026regma-1595\n|reques...ng":false}]},"rqid":25}' [2189 bytes]
INFO:player:Turn 9 [battle-gen9championsvgc2026regma-1595] value head win-prob: 0.989  (winning)
DEBUG:live_vgc_base:Turn 9 [battle-gen9championsvgc2026regma-1595] a0=6 a1=13 src=model opp_splice=on
DEBUG:websockets.client:> TEXT 'battle-gen9championsvgc2026regma-1595|/choose m...oice, switch Whimsicott' [80 bytes]
DEBUG:live_vgc_base:Turn 9 [battle-gen9championsvgc2026regma-1595] a0=9 a1=3 src=random opp_splice=on
DEBUG:websockets.client:> TEXT 'battle-gen9championsvgc2026regma-1595|/choose m...combat 1, move tailwind' [79 bytes]
DEBUG:websockets.client:< TEXT '>battle-gen9championsvgc2026regma-1595\n|\n|t:|...0\n|\n|upkeep\n|turn|10' [398 bytes]
DEBUG:websockets.client:< TEXT '>battle-gen9championsvgc2026regma-1595\n|\n|t:|...7\n|\n|upkeep\n|turn|10' [398 bytes]
DEBUG:websockets.client:< TEXT '>battle-gen9championsvgc2026regma-1595\n|reques...ng":false}]},"rqid":26}' [2194 bytes]
DEBUG:websockets.client:< TEXT '>battle-gen9championsvgc2026regma-1595\n|reques...ng":false}]},"rqid":27}' [2187 bytes]
INFO:player:Turn 10 [battle-gen9championsvgc2026regma-1595] value head win-prob: 0.995  (winning)
DEBUG:live_vgc_base:Turn 10 [battle-gen9championsvgc2026regma-1595] a0=6 a1=13 src=model opp_splice=on
DEBUG:websockets.client:> TEXT 'battle-gen9championsvgc2026regma-1595|/choose m...ervoice, switch Zoroark' [77 bytes]
DEBUG:live_vgc_base:Turn 10 [battle-gen9championsvgc2026regma-1595] a0=6 a1=6 src=random opp_splice=on
DEBUG:websockets.client:> TEXT 'battle-gen9championsvgc2026regma-1595|/choose m...otect, move moonblast 1' [76 bytes]
DEBUG:websockets.client:< TEXT '>battle-gen9championsvgc2026regma-1595\n|\n|t:|...t\n|\n|upkeep\n|turn|11' [418 bytes]
DEBUG:websockets.client:< TEXT '>battle-gen9championsvgc2026regma-1595\n|\n|t:|...t\n|\n|upkeep\n|turn|11' [418 bytes]
DEBUG:websockets.client:< TEXT '>battle-gen9championsvgc2026regma-1595\n|reques...ng":false}]},"rqid":28}' [2203 bytes]
DEBUG:websockets.client:< TEXT '>battle-gen9championsvgc2026regma-1595\n|reques...ng":false}]},"rqid":29}' [2186 bytes]
DEBUG:live_vgc_base:Turn 11 [battle-gen9championsvgc2026regma-1595] a0=10 a1=0 src=random opp_splice=on
DEBUG:vgc_base:_safe_order: action 0 slot 1 \u2192 None, scanning legal actions.
DEBUG:vgc_base:_safe_order: slot 1 has no decodable legal action — sending Pass.
DEBUG:websockets.client:> TEXT 'battle-gen9championsvgc2026regma-1595|/choose move closecombat 2, pass' [70 bytes]
INFO:player:Turn 11 [battle-gen9championsvgc2026regma-1595] value head win-prob: 0.996  (winning)
DEBUG:live_vgc_base:Turn 11 [battle-gen9championsvgc2026regma-1595] a0=12 a1=9 src=model opp_splice=on
DEBUG:websockets.client:> TEXT 'battle-gen9championsvgc2026regma-1595|/choose s...Charizard, move icywind' [76 bytes]
DEBUG:websockets.client:< TEXT '>battle-gen9championsvgc2026regma-1595\n|\n|t:|...: Sneasler\n|\n|win|BC1' [281 bytes]
DEBUG:websockets.client:< TEXT '>battle-gen9championsvgc2026regma-1595\n|\n|t:|...: Sneasler\n|\n|win|BC1' [281 bytes]
DEBUG:websockets.client:< TEXT '|updatesearch|{"searching":[],"games":null}' [43 bytes]
INFO:vgc_base:Battle battle-gen9championsvgc2026regma-1595 finished — outcome: WIN  (W/L/D so far: 6/2/0)
DEBUG:websockets.client:> TEXT '|/leave battle-gen9championsvgc2026regma-1595' [45 bytes]
DEBUG:websockets.client:< TEXT '|updatesearch|{"searching":[],"games":null}' [43 bytes]
INFO:vgc_base:Battle battle-gen9championsvgc2026regma-1595 finished — outcome: LOSS  (W/L/D so far: 2/6/0)
DEBUG:websockets.client:> TEXT '|/leave battle-gen9championsvgc2026regma-1595' [45 bytes]
DEBUG:websockets.client:< TEXT '>battle-gen9championsvgc2026regma-1595\n|deinit' [46 bytes]
DEBUG:websockets.client:< TEXT '>battle-gen9championsvgc2026regma-1595\n|l|\u2606BC1' [48 bytes]
DEBUG:websockets.client:< TEXT '>battle-gen9championsvgc2026regma-1595\n|deinit' [46 bytes]
DEBUG:websockets.client:> CLOSE 1000 (OK) [2 bytes]
DEBUG:websockets.client:= connection is CLOSING
DEBUG:websockets.client:< CLOSE 1000 (OK) [2 bytes]
DEBUG:websockets.client:< EOF
DEBUG:websockets.client:> EOF
DEBUG:websockets.client:= connection is CLOSED
DEBUG:websockets.client:x half-closing TCP connection
DEBUG:websockets.client:> CLOSE 1000 (OK) [2 bytes]
DEBUG:websockets.client:= connection is CLOSING
DEBUG:websockets.client:< CLOSE 1000 (OK) [2 bytes]
DEBUG:websockets.client:< EOF
DEBUG:websockets.client:> EOF
DEBUG:websockets.client:= connection is CLOSED
DEBUG:websockets.client:x half-closing TCP connection
INFO:__main__:vs random: 6/8
INFO:run_local_battle:Loaded team from D:\ShowdownProject\Victory-Dance\teams\M-A\Trickery
INFO:run_local_battle:Loaded team from D:\ShowdownProject\Victory-Dance\teams\M-A\Trickery
INFO:player:VGCPlayer: loaded battle model from ai_train_scripts\BC_model\checkpoints_v3\bc_best.pt (heads=('our_a', 'our_b'))
INFO:player:VGCPlayer: loaded team-chooser from D:\ShowdownProject\Victory-Dance\ai_train_scripts\teamPreview_model\checkpoints\teampreview_best.pt (vocab=190)
INFO:player:VGCPlayer ready (gap-#6 splice) | battle_model=loaded (ai_train_scripts\BC_model\checkpoints_v3\bc_best.pt) | team_chooser=loaded (D:\ShowdownProject\Victory-Dance\ai_train_scripts\teamPreview_model\checkpoints\teampreview_best.pt) | replay=D:\ShowdownProject\Victory-Dance\replay_buffer\BC2.jsonl
DEBUG:websockets.client:= connection is CONNECTING
DEBUG:websockets.client:> GET /showdown/websocket HTTP/1.1
DEBUG:websockets.client:> Host: localhost:8000
DEBUG:websockets.client:> Upgrade: websocket
DEBUG:websockets.client:> Connection: Upgrade
DEBUG:websockets.client:> Sec-WebSocket-Key: PlnNuXU4wrjYSTCGXXUuEQ==
DEBUG:websockets.client:> Sec-WebSocket-Version: 13
DEBUG:websockets.client:> Sec-WebSocket-Extensions: permessage-deflate; client_max_window_bits
DEBUG:websockets.client:> User-Agent: Python/3.12 websockets/16.0
DEBUG:websockets.client:< HTTP/1.1 101 Switching Protocols
DEBUG:websockets.client:< Upgrade: websocket
DEBUG:websockets.client:< Connection: Upgrade
DEBUG:websockets.client:< Sec-WebSocket-Accept: GWtPsnL1l3140uY1EHTwkTXJxlc=
DEBUG:websockets.client:= connection is OPEN
DEBUG:websockets.client:< TEXT '|updateuser| Guest 949|0|170|{"blockChallenges"...c|[Gen 1] Custom Game,c' [8617 bytes]
DEBUG:websockets.client:< TEXT '|challstr|4|6b813e1e38695e8a0919bec452edfeb6e45...ac80f59dc913dcd76bbc1e5' [268 bytes]
DEBUG:websockets.client:> TEXT '|/trn BC2,0,' [12 bytes]
DEBUG:websockets.client:< TEXT '|updatesearch|{"searching":[],"games":null}' [43 bytes]
DEBUG:websockets.client:< TEXT '|updateuser| BC2|1|102|{"blockChallenges":false...:false,"language":null}' [346 bytes]
DEBUG:websockets.client:< TEXT '|updatesearch|{"searching":[],"games":null}' [43 bytes]
DEBUG:websockets.client:= connection is CONNECTING
DEBUG:websockets.client:> GET /showdown/websocket HTTP/1.1
DEBUG:websockets.client:> Host: localhost:8000
DEBUG:websockets.client:> Upgrade: websocket
DEBUG:websockets.client:> Connection: Upgrade
DEBUG:websockets.client:> Sec-WebSocket-Key: YiBocXSQyD24UdrXZJAJNA==
DEBUG:websockets.client:> Sec-WebSocket-Version: 13
DEBUG:websockets.client:> Sec-WebSocket-Extensions: permessage-deflate; client_max_window_bits
DEBUG:websockets.client:> User-Agent: Python/3.12 websockets/16.0
DEBUG:websockets.client:< HTTP/1.1 101 Switching Protocols
DEBUG:websockets.client:< Upgrade: websocket
DEBUG:websockets.client:< Connection: Upgrade
DEBUG:websockets.client:< Sec-WebSocket-Accept: +KJTAumi41qncUbLoi+ymIEzyew=
DEBUG:websockets.client:= connection is OPEN
DEBUG:websockets.client:< TEXT '|updateuser| Guest 950|0|266|{"blockChallenges"...c|[Gen 1] Custom Game,c' [8617 bytes]
DEBUG:websockets.client:< TEXT '|challstr|4|a8e12e7a3303f2dfb414ecf3cb0d3db719c...10b5f668d13285aa0b1b250' [268 bytes]
DEBUG:websockets.client:> TEXT '|/trn OPmax_2,0,' [16 bytes]
DEBUG:websockets.client:< TEXT '|updatesearch|{"searching":[],"games":null}' [43 bytes]
DEBUG:websockets.client:< TEXT '|updateuser| OPmax_2|1|1|{"blockChallenges":fal...:false,"language":null}' [348 bytes]
DEBUG:websockets.client:< TEXT '|updatesearch|{"searching":[],"games":null}' [43 bytes]
DEBUG:websockets.client:> TEXT '|/utm Sneasler||whiteherb|unburden|fakeout,dire...Naive|32,2,,,,32||||50|' [550 bytes]
DEBUG:websockets.client:> TEXT '|/challenge opmax2, gen9championsvgc2026regma' [45 bytes]
DEBUG:websockets.client:< TEXT '|pm| BC2| OPmax_2|/challenge gen9championsvgc20...hampionsvgc2026regma|||' [83 bytes]
DEBUG:websockets.client:< TEXT '|pm| BC2| OPmax_2|/challenge gen9championsvgc20...hampionsvgc2026regma|||' [83 bytes]
DEBUG:websockets.client:< TEXT '|pm| BC2| OPmax_2|/log BC2 wants to battle!' [43 bytes]
DEBUG:websockets.client:< TEXT '|pm| BC2| OPmax_2|/log BC2 wants to battle!' [43 bytes]
DEBUG:websockets.client:> TEXT '|/utm Sneasler||whiteherb|unburden|fakeout,dire...Naive|32,2,,,,32||||50|' [550 bytes]
DEBUG:websockets.client:> TEXT '|/accept bc2' [12 bytes]
DEBUG:websockets.client:< TEXT '|pm| OPmax_2| BC2|/challenge' [28 bytes]
DEBUG:websockets.client:< TEXT '|pm| OPmax_2| BC2|/challenge' [28 bytes]
DEBUG:websockets.client:< TEXT '|updatesearch|{"searching":[],"games":null}' [43 bytes]
DEBUG:websockets.client:< TEXT '|updatesearch|{"searching":[],"games":null}' [43 bytes]
DEBUG:websockets.client:< TEXT '|updatesearch|{"searching":[],"games":{"battle-... 2026 Reg M-A Battle"}}' [124 bytes]
DEBUG:websockets.client:< TEXT '|updatesearch|{"searching":[],"games":{"battle-... 2026 Reg M-A Battle"}}' [124 bytes]
DEBUG:websockets.client:< TEXT '|updatesearch|{"searching":[],"games":{"battle-... 2026 Reg M-A Battle"}}' [124 bytes]
DEBUG:websockets.client:< TEXT '|updatesearch|{"searching":[],"games":{"battle-... 2026 Reg M-A Battle"}}' [124 bytes]
DEBUG:websockets.client:< TEXT '>battle-gen9championsvgc2026regma-1596\n|init|b... vs. OPmax_2\n|j|\u2606BC2\n' [85 bytes]
DEBUG:websockets.client:< TEXT '>battle-gen9championsvgc2026regma-1596\n|j|\u2606OPmax_2' [52 bytes]
DEBUG:websockets.client:< TEXT '|pm| OPmax_2| BC2|/nonotify OPmax_2 accepted th...26regma-1596</a>&raquo;' [173 bytes]
DEBUG:websockets.client:< TEXT '>battle-gen9championsvgc2026regma-1596\n|init|b...n|j|\u2606BC2\n|j|\u2606OPmax_2\n' [99 bytes]
DEBUG:websockets.client:< TEXT '|pm| OPmax_2| BC2|/nonotify OPmax_2 accepted th...26regma-1596</a>&raquo;' [173 bytes]
DEBUG:websockets.client:> TEXT 'battle-gen9championsvgc2026regma-1596|/rejectopenteamsheets' [59 bytes]
DEBUG:websockets.client:< TEXT '>battle-gen9championsvgc2026regma-1596\n|t:|1781643018\n|gametype|doubles' [71 bytes]
DEBUG:websockets.client:> TEXT 'battle-gen9championsvgc2026regma-1596|/rejectopenteamsheets' [59 bytes]
DEBUG:websockets.client:< TEXT '>battle-gen9championsvgc2026regma-1596\n|t:|1781643018\n|gametype|doubles' [71 bytes]
DEBUG:websockets.client:> TEXT '|/utm Sneasler||whiteherb|unburden|fakeout,dire...Naive|32,2,,,,32||||50|' [550 bytes]
DEBUG:websockets.client:> TEXT '|/challenge opmax2, gen9championsvgc2026regma' [45 bytes]
DEBUG:websockets.client:< TEXT '>battle-gen9championsvgc2026regma-1596\n|player|p1|BC2|102|' [58 bytes]
DEBUG:websockets.client:< TEXT '>battle-gen9championsvgc2026regma-1596\n|player|p1|BC2|102|' [58 bytes]
DEBUG:websockets.client:< TEXT '>battle-gen9championsvgc2026regma-1596\n|player...heets</strong></button>' [855 bytes]
DEBUG:websockets.client:< TEXT '>battle-gen9championsvgc2026regma-1596\n|reques...ing":false}]},"rqid":2}' [2093 bytes]
DEBUG:websockets.client:< TEXT '>battle-gen9championsvgc2026regma-1596\n|uhtmlchange|otsrequest|' [63 bytes]
DEBUG:websockets.client:< TEXT '>battle-gen9championsvgc2026regma-1596\nBC2 rejected open team sheets.' [69 bytes]
DEBUG:websockets.client:< TEXT '>battle-gen9championsvgc2026regma-1596\n|player...heets</strong></button>' [855 bytes]
DEBUG:websockets.client:< TEXT '>battle-gen9championsvgc2026regma-1596\n|reques...ing":false}]},"rqid":3}' [2097 bytes]
DEBUG:websockets.client:< TEXT '>battle-gen9championsvgc2026regma-1596\n|uhtmlchange|otsrequest|' [63 bytes]
DEBUG:websockets.client:< TEXT '>battle-gen9championsvgc2026regma-1596\nBC2 rejected open team sheets.' [69 bytes]
DEBUG:websockets.client:< TEXT '>battle-gen9championsvgc2026regma-1596\n|uhtmlchange|otsrequest|' [63 bytes]
DEBUG:websockets.client:< TEXT '>battle-gen9championsvgc2026regma-1596\nOPmax_2...ected open team sheets.' [73 bytes]
DEBUG:websockets.client:< TEXT '>battle-gen9championsvgc2026regma-1596\n|uhtmlchange|otsrequest|' [63 bytes]
DEBUG:websockets.client:< TEXT '>battle-gen9championsvgc2026regma-1596\nOPmax_2...ected open team sheets.' [73 bytes]
INFO:player:Team-preview [battle-gen9championsvgc2026regma-1596] NET drove: bring=['whimsicott', 'zoroarkhisui', 'ditto', 'charizardmegay'] leads=['whimsicott', 'zoroarkhisui'] (vs opp ['sneasler', 'charizard', 'whimsicott', 'basculegion', 'zoroarkhisui', 'ditto'])
INFO:vgc_base:Teampreview [battle-gen9championsvgc2026regma-1596] \u2192 /team 3562  (whimsicott, zoroarkhisui, ditto, charizardmegay)
DEBUG:websockets.client:> TEXT 'battle-gen9championsvgc2026regma-1596|/team 3562' [48 bytes]
DEBUG:websockets.client:< TEXT '|pm| BC2| OPmax_2|/challenge gen9championsvgc20...hampionsvgc2026regma|||' [83 bytes]
DEBUG:websockets.client:< TEXT '|pm| BC2| OPmax_2|/challenge gen9championsvgc20...hampionsvgc2026regma|||' [83 bytes]
DEBUG:vgc_base:Teampreview: first-4 roster order \u2192 ['sneasler', 'charizardmegay', 'whimsicott', 'basculegion']
INFO:vgc_base:Teampreview [battle-gen9championsvgc2026regma-1596] \u2192 /team 1234  (sneasler, charizardmegay, whimsicott, basculegion)
DEBUG:websockets.client:> TEXT 'battle-gen9championsvgc2026regma-1596|/team 1234' [48 bytes]
DEBUG:websockets.client:< TEXT '|pm| BC2| OPmax_2|/log BC2 wants to battle!' [43 bytes]
DEBUG:websockets.client:< TEXT '|pm| BC2| OPmax_2|/log BC2 wants to battle!' [43 bytes]
DEBUG:websockets.client:> TEXT '|/utm Sneasler||whiteherb|unburden|fakeout,dire...Naive|32,2,,,,32||||50|' [550 bytes]
DEBUG:websockets.client:> TEXT '|/accept bc2' [12 bytes]
DEBUG:websockets.client:< TEXT '>battle-gen9championsvgc2026regma-1596\n|\n|t:|...L50, F|100/100\n|turn|1' [321 bytes]
DEBUG:websockets.client:< TEXT '>battle-gen9championsvgc2026regma-1596\n|\n|t:|...L50, F|168/168\n|turn|1' [321 bytes]
DEBUG:websockets.client:< TEXT '>battle-gen9championsvgc2026regma-1596\n|reques...ing":false}]},"rqid":5}' [2236 bytes]
DEBUG:websockets.client:< TEXT '|pm| OPmax_2| BC2|/challenge' [28 bytes]
DEBUG:websockets.client:< TEXT '>battle-gen9championsvgc2026regma-1596\n|reques...ing":false}]},"rqid":4}' [2167 bytes]
DEBUG:websockets.client:< TEXT '|updatesearch|{"searching":[],"games":{"battle-... 2026 Reg M-A Battle"}}' [124 bytes]
DEBUG:vgc_base:Turn 1 [battle-gen9championsvgc2026regma-1596] a0=9 a1=9 src=max_damage g0=0 g1=0
DEBUG:websockets.client:> TEXT 'battle-gen9championsvgc2026regma-1596|/choose m...bat 1, move solarbeam 1' [82 bytes]
DEBUG:websockets.client:< TEXT '|pm| OPmax_2| BC2|/challenge' [28 bytes]
DEBUG:websockets.client:< TEXT '|updatesearch|{"searching":[],"games":{"battle-... 2026 Reg M-A Battle"}}' [124 bytes]
DEBUG:websockets.client:< TEXT '|updatesearch|{"searching":[],"games":{"battle-... 2026 Reg M-A Battle"}}' [208 bytes]
DEBUG:websockets.client:< TEXT '|updatesearch|{"searching":[],"games":{"battle-... 2026 Reg M-A Battle"}}' [208 bytes]
DEBUG:websockets.client:< TEXT '|updatesearch|{"searching":[],"games":{"battle-... 2026 Reg M-A Battle"}}' [208 bytes]
DEBUG:websockets.client:< TEXT '|updatesearch|{"searching":[],"games":{"battle-... 2026 Reg M-A Battle"}}' [208 bytes]
DEBUG:websockets.client:< TEXT '>battle-gen9championsvgc2026regma-1597\n|init|b...n|j|\u2606BC2\n|j|\u2606OPmax_2\n' [99 bytes]
DEBUG:websockets.client:< TEXT '|pm| OPmax_2| BC2|/nonotify OPmax_2 accepted th...26regma-1597</a>&raquo;' [173 bytes]
DEBUG:websockets.client:< TEXT '>battle-gen9championsvgc2026regma-1597\n|init|b... vs. OPmax_2\n|j|\u2606BC2\n' [85 bytes]
DEBUG:websockets.client:< TEXT '>battle-gen9championsvgc2026regma-1597\n|j|\u2606OPmax_2' [52 bytes]
DEBUG:websockets.client:< TEXT '|pm| OPmax_2| BC2|/nonotify OPmax_2 accepted th...26regma-1597</a>&raquo;' [173 bytes]
DEBUG:websockets.client:< TEXT '>battle-gen9championsvgc2026regma-1597\n|t:|1781643018\n|gametype|doubles' [71 bytes]
DEBUG:websockets.client:< TEXT '>battle-gen9championsvgc2026regma-1597\n|player|p1|BC2|102|' [58 bytes]
DEBUG:websockets.client:< TEXT '>battle-gen9championsvgc2026regma-1597\n|player...heets</strong></button>' [855 bytes]
DEBUG:websockets.client:< TEXT '>battle-gen9championsvgc2026regma-1597\n|reques...ing":false}]},"rqid":2}' [2093 bytes]
INFO:player:Turn 1 [battle-gen9championsvgc2026regma-1596] value head win-prob: 0.351  (losing)
DEBUG:live_vgc_base:Turn 1 [battle-gen9championsvgc2026regma-1596] a0=0 a1=9 src=model opp_splice=on
DEBUG:websockets.client:> TEXT 'battle-gen9championsvgc2026regma-1596|/choose move encore 1, move icywind' [73 bytes]
DEBUG:websockets.client:< TEXT '>battle-gen9championsvgc2026regma-1597\n|t:|1781643018\n|gametype|doubles' [71 bytes]
DEBUG:websockets.client:< TEXT '>battle-gen9championsvgc2026regma-1597\n|player|p1|BC2|102|' [58 bytes]
DEBUG:websockets.client:< TEXT '>battle-gen9championsvgc2026regma-1597\n|player...heets</strong></button>' [855 bytes]
DEBUG:websockets.client:< TEXT '>battle-gen9championsvgc2026regma-1597\n|reques...ing":false}]},"rqid":3}' [2097 bytes]
DEBUG:websockets.client:< TEXT '>battle-gen9championsvgc2026regma-1596\n|\n|t:|...am\n|\n|upkeep\n|turn|2' [616 bytes]
DEBUG:websockets.client:< TEXT '>battle-gen9championsvgc2026regma-1596\n|\n|t:|...am\n|\n|upkeep\n|turn|2' [617 bytes]
DEBUG:websockets.client:< TEXT '>battle-gen9championsvgc2026regma-1596\n|reques...ing":false}]},"rqid":6}' [2166 bytes]
DEBUG:websockets.client:< TEXT '>battle-gen9championsvgc2026regma-1596\n|reques...ing":false}]},"rqid":7}' [1888 bytes]
DEBUG:vgc_base:Turn 2 [battle-gen9championsvgc2026regma-1596] a0=9 a1=9 src=max_damage g0=0 g1=0
DEBUG:websockets.client:> TEXT 'battle-gen9championsvgc2026regma-1596|/choose m...bat 1, move solarbeam 1' [82 bytes]
INFO:player:Turn 2 [battle-gen9championsvgc2026regma-1596] value head win-prob: 0.226  (losing)
DEBUG:live_vgc_base:Turn 2 [battle-gen9championsvgc2026regma-1596] a0=0 a1=9 src=model opp_splice=on
DEBUG:websockets.client:> TEXT 'battle-gen9championsvgc2026regma-1596|/choose move encore 1, move icywind' [73 bytes]
DEBUG:websockets.client:< TEXT '>battle-gen9championsvgc2026regma-1596\n|\n|t:|... Whimsicott\n|\n|upkeep' [640 bytes]
DEBUG:websockets.client:< TEXT '>battle-gen9championsvgc2026regma-1596\n|\n|t:|... Whimsicott\n|\n|upkeep' [642 bytes]
DEBUG:websockets.client:< TEXT '>battle-gen9championsvgc2026regma-1596\n|reques...oCancel":true,"rqid":8}' [1421 bytes]
DEBUG:websockets.client:< TEXT '>battle-gen9championsvgc2026regma-1596\n|reques...ing":false}]},"rqid":9}' [1453 bytes]
DEBUG:live_vgc_base:forceSwitch forced_switch_model [battle-gen9championsvgc2026regma-1596] turn 2 a0=13 a1=None opp_splice=on
DEBUG:websockets.client:> TEXT 'battle-gen9championsvgc2026regma-1596|/choose switch Ditto, pass' [64 bytes]
DEBUG:websockets.client:< TEXT '>battle-gen9championsvgc2026regma-1596\n|\n|t:|...lity: Imposter\n|turn|3' [164 bytes]
DEBUG:websockets.client:< TEXT '>battle-gen9championsvgc2026regma-1596\n|\n|t:|...lity: Imposter\n|turn|3' [164 bytes]
DEBUG:websockets.client:< TEXT '>battle-gen9championsvgc2026regma-1596\n|reques...ng":false}]},"rqid":10}' [2200 bytes]
DEBUG:websockets.client:< TEXT '>battle-gen9championsvgc2026regma-1596\n|reques...ng":false}]},"rqid":11}' [2225 bytes]
INFO:player:Turn 3 [battle-gen9championsvgc2026regma-1596] value head win-prob: 0.405  (losing)
DEBUG:live_vgc_base:Turn 3 [battle-gen9championsvgc2026regma-1596] a0=3 a1=9 src=model opp_splice=on
DEBUG:websockets.client:> TEXT 'battle-gen9championsvgc2026regma-1596|/choose move heatwave, move icywind' [73 bytes]
DEBUG:vgc_base:Turn 3 [battle-gen9championsvgc2026regma-1596] a0=9 a1=9 src=max_damage g0=0 g1=0
DEBUG:websockets.client:> TEXT 'battle-gen9championsvgc2026regma-1596|/choose m...bat 1, move solarbeam 1' [82 bytes]
DEBUG:websockets.client:< TEXT '>battle-gen9championsvgc2026regma-1596\n|\n|t:|...|Solar Beam\n|\n|upkeep' [650 bytes]
DEBUG:websockets.client:< TEXT '>battle-gen9championsvgc2026regma-1596\n|\n|t:|...|Solar Beam\n|\n|upkeep' [649 bytes]
DEBUG:websockets.client:< TEXT '>battle-gen9championsvgc2026regma-1596\n|reques...ng":false}]},"rqid":12}' [1428 bytes]
DEBUG:websockets.client:< TEXT '>battle-gen9championsvgc2026regma-1596\n|reques...Cancel":true,"rqid":13}' [1482 bytes]
DEBUG:vgc_base:forceSwitch [battle-gen9championsvgc2026regma-1596] force=[True, False] \u2192 /choose switch Basculegion / /choose pass
DEBUG:websockets.client:> TEXT 'battle-gen9championsvgc2026regma-1596|/choose switch Basculegion, pass' [70 bytes]
DEBUG:websockets.client:< TEXT '>battle-gen9championsvgc2026regma-1596\n|\n|t:|...L50, M|100/100\n|turn|4' [116 bytes]
DEBUG:websockets.client:< TEXT '>battle-gen9championsvgc2026regma-1596\n|\n|t:|...L50, M|197/197\n|turn|4' [116 bytes]
DEBUG:websockets.client:< TEXT '>battle-gen9championsvgc2026regma-1596\n|reques...ng":false}]},"rqid":14}' [2200 bytes]
DEBUG:websockets.client:< TEXT '>battle-gen9championsvgc2026regma-1596\n|reques...ng":false}]},"rqid":15}' [1895 bytes]
DEBUG:vgc_base:Turn 4 [battle-gen9championsvgc2026regma-1596] a0=3 a1=9 src=max_damage g0=0 g1=0
DEBUG:websockets.client:> TEXT 'battle-gen9championsvgc2026regma-1596|/choose m...ash 1, move solarbeam 1' [80 bytes]
INFO:player:Turn 4 [battle-gen9championsvgc2026regma-1596] value head win-prob: 0.144  (losing)
DEBUG:live_vgc_base:Turn 4 [battle-gen9championsvgc2026regma-1596] a0=3 a1=0 src=model opp_splice=on
DEBUG:websockets.client:> TEXT 'battle-gen9championsvgc2026regma-1596|/choose m...atwave, move hypervoice' [76 bytes]
DEBUG:websockets.client:< TEXT '>battle-gen9championsvgc2026regma-1596\n|\n|t:|...rom] Recoil\n|\n|upkeep' [372 bytes]
DEBUG:websockets.client:< TEXT '>battle-gen9championsvgc2026regma-1596\n|\n|t:|...rom] Recoil\n|\n|upkeep' [373 bytes]
DEBUG:websockets.client:< TEXT '>battle-gen9championsvgc2026regma-1596\n|reques...ng":false}]},"rqid":16}' [1404 bytes]
DEBUG:websockets.client:< TEXT '>battle-gen9championsvgc2026regma-1596\n|reques...ng":false}]},"rqid":17}' [1465 bytes]
DEBUG:live_vgc_base:forceSwitch forced_switch_model [battle-gen9championsvgc2026regma-1596] turn 4 a0=12 a1=None opp_splice=on
DEBUG:websockets.client:> TEXT 'battle-gen9championsvgc2026regma-1596|/choose switch Charizard, pass' [68 bytes]
DEBUG:vgc_base:forceSwitch [battle-gen9championsvgc2026regma-1596] force=[False, True] \u2192 /choose pass / /choose switch Whimsicott
DEBUG:websockets.client:> TEXT 'battle-gen9championsvgc2026regma-1596|/choose pass, switch Whimsicott' [69 bytes]
DEBUG:websockets.client:< TEXT '>battle-gen9championsvgc2026regma-1596\n|\n|t:|...L50, F|168/168\n|turn|5' [163 bytes]
DEBUG:websockets.client:< TEXT '>battle-gen9championsvgc2026regma-1596\n|\n|t:|...L50, F|100/100\n|turn|5' [163 bytes]
DEBUG:websockets.client:< TEXT '>battle-gen9championsvgc2026regma-1596\n|reques...ng":false}]},"rqid":18}' [2185 bytes]
DEBUG:websockets.client:< TEXT '>battle-gen9championsvgc2026regma-1596\n|reques...ng":false}]},"rqid":19}' [2211 bytes]
INFO:player:Turn 5 [battle-gen9championsvgc2026regma-1596] value head win-prob: 0.160  (losing)
DEBUG:live_vgc_base:Turn 5 [battle-gen9championsvgc2026regma-1596] a0=0 a1=0 src=model opp_splice=on
DEBUG:websockets.client:> TEXT 'battle-gen9championsvgc2026regma-1596|/choose m...e mega, move hypervoice' [81 bytes]
DEBUG:vgc_base:Turn 5 [battle-gen9championsvgc2026regma-1596] a0=3 a1=6 src=max_damage g0=0 g1=0
DEBUG:websockets.client:> TEXT 'battle-gen9championsvgc2026regma-1596|/choose m...ash 1, move moonblast 1' [80 bytes]
DEBUG:websockets.client:< TEXT '>battle-gen9championsvgc2026regma-1596\n|\n|t:|...] brn\n|upkeep\n|turn|6' [1042 bytes]
DEBUG:websockets.client:< TEXT '>battle-gen9championsvgc2026regma-1596\n|\n|t:|...] brn\n|upkeep\n|turn|6' [1041 bytes]
DEBUG:websockets.client:< TEXT '>battle-gen9championsvgc2026regma-1596\n|reques...ng":false}]},"rqid":20}' [2168 bytes]
DEBUG:websockets.client:< TEXT '>battle-gen9championsvgc2026regma-1596\n|reques...ng":false}]},"rqid":21}' [2203 bytes]
DEBUG:vgc_base:Turn 6 [battle-gen9championsvgc2026regma-1596] a0=3 a1=0 src=max_damage g0=0 g1=0
DEBUG:vgc_base:_safe_order: action 0 slot 1 \u2192 None, scanning legal actions.
DEBUG:vgc_base:_safe_order: slot 1 has no decodable legal action — sending Pass.
DEBUG:websockets.client:> TEXT 'battle-gen9championsvgc2026regma-1596|/choose move wavecrash 1, pass' [68 bytes]
INFO:player:Turn 6 [battle-gen9championsvgc2026regma-1596] value head win-prob: 0.992  (winning)
DEBUG:live_vgc_base:Turn 6 [battle-gen9championsvgc2026regma-1596] a0=0 a1=0 src=model opp_splice=on
DEBUG:websockets.client:> TEXT 'battle-gen9championsvgc2026regma-1596|/choose m...atwave, move hypervoice' [76 bytes]
DEBUG:websockets.client:< TEXT '>battle-gen9championsvgc2026regma-1596\n|\n|t:|...asculegion\n|\n|win|BC2' [276 bytes]
DEBUG:websockets.client:< TEXT '>battle-gen9championsvgc2026regma-1596\n|\n|t:|...asculegion\n|\n|win|BC2' [276 bytes]
DEBUG:websockets.client:< TEXT '|updatesearch|{"searching":[],"games":{"battle-... 2026 Reg M-A Battle"}}' [124 bytes]
INFO:vgc_base:Battle battle-gen9championsvgc2026regma-1596 finished — outcome: WIN  (W/L/D so far: 1/0/0)
DEBUG:websockets.client:> TEXT '|/leave battle-gen9championsvgc2026regma-1596' [45 bytes]
DEBUG:websockets.client:< TEXT '|updatesearch|{"searching":[],"games":{"battle-... 2026 Reg M-A Battle"}}' [124 bytes]
DEBUG:websockets.client:> TEXT 'battle-gen9championsvgc2026regma-1597|/rejectopenteamsheets' [59 bytes]
INFO:vgc_base:Battle battle-gen9championsvgc2026regma-1596 finished — outcome: LOSS  (W/L/D so far: 0/1/0)
DEBUG:websockets.client:> TEXT '|/leave battle-gen9championsvgc2026regma-1596' [45 bytes]
DEBUG:websockets.client:> TEXT '|/utm Sneasler||whiteherb|unburden|fakeout,dire...Naive|32,2,,,,32||||50|' [550 bytes]
DEBUG:websockets.client:> TEXT '|/challenge opmax2, gen9championsvgc2026regma' [45 bytes]
DEBUG:websockets.client:> TEXT 'battle-gen9championsvgc2026regma-1597|/rejectopenteamsheets' [59 bytes]
DEBUG:websockets.client:< TEXT '>battle-gen9championsvgc2026regma-1596\n|deinit' [46 bytes]
DEBUG:websockets.client:< TEXT '>battle-gen9championsvgc2026regma-1596\n|l|\u2606BC2' [48 bytes]
DEBUG:websockets.client:< TEXT '>battle-gen9championsvgc2026regma-1597\n|uhtmlchange|otsrequest|' [63 bytes]
DEBUG:websockets.client:< TEXT '>battle-gen9championsvgc2026regma-1597\nBC2 rejected open team sheets.' [69 bytes]
DEBUG:websockets.client:< TEXT '>battle-gen9championsvgc2026regma-1597\n|uhtmlchange|otsrequest|' [63 bytes]
DEBUG:websockets.client:< TEXT '>battle-gen9championsvgc2026regma-1597\nBC2 rejected open team sheets.' [69 bytes]
DEBUG:websockets.client:< TEXT '>battle-gen9championsvgc2026regma-1596\n|deinit' [46 bytes]
DEBUG:websockets.client:< TEXT '>battle-gen9championsvgc2026regma-1597\n|uhtmlchange|otsrequest|' [63 bytes]
DEBUG:websockets.client:< TEXT '>battle-gen9championsvgc2026regma-1597\n|uhtmlchange|otsrequest|' [63 bytes]
DEBUG:websockets.client:< TEXT '>battle-gen9championsvgc2026regma-1597\nOPmax_2...ected open team sheets.' [73 bytes]
DEBUG:websockets.client:< TEXT '>battle-gen9championsvgc2026regma-1597\nOPmax_2...ected open team sheets.' [73 bytes]
INFO:player:Team-preview [battle-gen9championsvgc2026regma-1597] NET drove: bring=['whimsicott', 'zoroarkhisui', 'ditto', 'charizardmegay'] leads=['whimsicott', 'zoroarkhisui'] (vs opp ['sneasler', 'charizard', 'whimsicott', 'basculegion', 'zoroarkhisui', 'ditto'])
INFO:vgc_base:Teampreview [battle-gen9championsvgc2026regma-1597] \u2192 /team 3562  (whimsicott, zoroarkhisui, ditto, charizardmegay)
DEBUG:websockets.client:> TEXT 'battle-gen9championsvgc2026regma-1597|/team 3562' [48 bytes]
DEBUG:vgc_base:Teampreview: first-4 roster order \u2192 ['sneasler', 'charizardmegay', 'whimsicott', 'basculegion']
INFO:vgc_base:Teampreview [battle-gen9championsvgc2026regma-1597] \u2192 /team 1234  (sneasler, charizardmegay, whimsicott, basculegion)
DEBUG:websockets.client:> TEXT 'battle-gen9championsvgc2026regma-1597|/team 1234' [48 bytes]
DEBUG:websockets.client:< TEXT '|pm| BC2| OPmax_2|/challenge gen9championsvgc20...hampionsvgc2026regma|||' [83 bytes]
DEBUG:websockets.client:< TEXT '|pm| BC2| OPmax_2|/challenge gen9championsvgc20...hampionsvgc2026regma|||' [83 bytes]
DEBUG:websockets.client:< TEXT '|pm| BC2| OPmax_2|/log BC2 wants to battle!' [43 bytes]
DEBUG:websockets.client:< TEXT '|pm| BC2| OPmax_2|/log BC2 wants to battle!' [43 bytes]
DEBUG:websockets.client:> TEXT '|/utm Sneasler||whiteherb|unburden|fakeout,dire...Naive|32,2,,,,32||||50|' [550 bytes]
DEBUG:websockets.client:> TEXT '|/accept bc2' [12 bytes]
DEBUG:websockets.client:< TEXT '>battle-gen9championsvgc2026regma-1597\n|\n|t:|...L50, M|100/100\n|turn|1' [321 bytes]
DEBUG:websockets.client:< TEXT '>battle-gen9championsvgc2026regma-1597\n|\n|t:|...L50, M|168/168\n|turn|1' [321 bytes]
DEBUG:websockets.client:< TEXT '>battle-gen9championsvgc2026regma-1597\n|reques...ing":false}]},"rqid":4}' [2167 bytes]
DEBUG:websockets.client:< TEXT '>battle-gen9championsvgc2026regma-1597\n|reques...ing":false}]},"rqid":5}' [2236 bytes]
INFO:player:Turn 1 [battle-gen9championsvgc2026regma-1597] value head win-prob: 0.351  (losing)
DEBUG:live_vgc_base:Turn 1 [battle-gen9championsvgc2026regma-1597] a0=0 a1=9 src=model opp_splice=on
DEBUG:websockets.client:> TEXT 'battle-gen9championsvgc2026regma-1597|/choose move encore 1, move icywind' [73 bytes]
DEBUG:vgc_base:Turn 1 [battle-gen9championsvgc2026regma-1597] a0=9 a1=9 src=max_damage g0=0 g1=0
DEBUG:websockets.client:> TEXT 'battle-gen9championsvgc2026regma-1597|/choose m...bat 1, move solarbeam 1' [82 bytes]
DEBUG:websockets.client:< TEXT '|pm| OPmax_2| BC2|/challenge' [28 bytes]
DEBUG:websockets.client:< TEXT '|pm| OPmax_2| BC2|/challenge' [28 bytes]
DEBUG:websockets.client:< TEXT '|updatesearch|{"searching":[],"games":{"battle-... 2026 Reg M-A Battle"}}' [124 bytes]
DEBUG:websockets.client:< TEXT '|updatesearch|{"searching":[],"games":{"battle-... 2026 Reg M-A Battle"}}' [208 bytes]
DEBUG:websockets.client:< TEXT '|updatesearch|{"searching":[],"games":{"battle-... 2026 Reg M-A Battle"}}' [208 bytes]
DEBUG:websockets.client:< TEXT '>battle-gen9championsvgc2026regma-1598\n|init|b...n|j|\u2606BC2\n|j|\u2606OPmax_2\n' [99 bytes]
DEBUG:websockets.client:< TEXT '|pm| OPmax_2| BC2|/nonotify OPmax_2 accepted th...26regma-1598</a>&raquo;' [173 bytes]
DEBUG:websockets.client:< TEXT '>battle-gen9championsvgc2026regma-1598\n|t:|1781643019\n|gametype|doubles' [71 bytes]
DEBUG:websockets.client:< TEXT '>battle-gen9championsvgc2026regma-1598\n|player|p1|BC2|102|' [58 bytes]
DEBUG:websockets.client:< TEXT '>battle-gen9championsvgc2026regma-1598\n|player...heets</strong></button>' [855 bytes]
DEBUG:websockets.client:< TEXT '>battle-gen9championsvgc2026regma-1598\n|reques...ing":false}]},"rqid":3}' [2097 bytes]
DEBUG:websockets.client:< TEXT '|updatesearch|{"searching":[],"games":{"battle-... 2026 Reg M-A Battle"}}' [124 bytes]
DEBUG:websockets.client:< TEXT '|updatesearch|{"searching":[],"games":{"battle-... 2026 Reg M-A Battle"}}' [208 bytes]
DEBUG:websockets.client:< TEXT '|updatesearch|{"searching":[],"games":{"battle-... 2026 Reg M-A Battle"}}' [208 bytes]
DEBUG:websockets.client:< TEXT '>battle-gen9championsvgc2026regma-1598\n|init|b... vs. OPmax_2\n|j|\u2606BC2\n' [85 bytes]
DEBUG:websockets.client:< TEXT '>battle-gen9championsvgc2026regma-1598\n|j|\u2606OPmax_2' [52 bytes]
DEBUG:websockets.client:< TEXT '|pm| OPmax_2| BC2|/nonotify OPmax_2 accepted th...26regma-1598</a>&raquo;' [173 bytes]
DEBUG:websockets.client:< TEXT '>battle-gen9championsvgc2026regma-1598\n|t:|1781643019\n|gametype|doubles' [71 bytes]
DEBUG:websockets.client:< TEXT '>battle-gen9championsvgc2026regma-1598\n|player|p1|BC2|102|' [58 bytes]
DEBUG:websockets.client:< TEXT '>battle-gen9championsvgc2026regma-1598\n|player...heets</strong></button>' [855 bytes]
DEBUG:websockets.client:< TEXT '>battle-gen9championsvgc2026regma-1598\n|reques...ing":false}]},"rqid":2}' [2093 bytes]
DEBUG:websockets.client:< TEXT '>battle-gen9championsvgc2026regma-1597\n|\n|t:|...am\n|\n|upkeep\n|turn|2' [643 bytes]
DEBUG:websockets.client:< TEXT '>battle-gen9championsvgc2026regma-1597\n|\n|t:|...am\n|\n|upkeep\n|turn|2' [646 bytes]
DEBUG:websockets.client:< TEXT '>battle-gen9championsvgc2026regma-1597\n|reques...ing":false}]},"rqid":6}' [2166 bytes]
DEBUG:websockets.client:< TEXT '>battle-gen9championsvgc2026regma-1597\n|reques...ing":false}]},"rqid":7}' [1888 bytes]
DEBUG:vgc_base:Turn 2 [battle-gen9championsvgc2026regma-1597] a0=9 a1=9 src=max_damage g0=0 g1=0
DEBUG:websockets.client:> TEXT 'battle-gen9championsvgc2026regma-1597|/choose m...bat 1, move solarbeam 1' [82 bytes]
INFO:player:Turn 2 [battle-gen9championsvgc2026regma-1597] value head win-prob: 0.257  (losing)
DEBUG:live_vgc_base:Turn 2 [battle-gen9championsvgc2026regma-1597] a0=0 a1=9 src=model opp_splice=on
DEBUG:websockets.client:> TEXT 'battle-gen9championsvgc2026regma-1597|/choose move encore 1, move icywind' [73 bytes]
DEBUG:websockets.client:< TEXT '>battle-gen9championsvgc2026regma-1597\n|\n|t:|... Whimsicott\n|\n|upkeep' [659 bytes]
DEBUG:websockets.client:< TEXT '>battle-gen9championsvgc2026regma-1597\n|\n|t:|... Whimsicott\n|\n|upkeep' [660 bytes]
DEBUG:websockets.client:< TEXT '>battle-gen9championsvgc2026regma-1597\n|reques...oCancel":true,"rqid":8}' [1421 bytes]
DEBUG:websockets.client:< TEXT '>battle-gen9championsvgc2026regma-1597\n|reques...ing":false}]},"rqid":9}' [1452 bytes]
DEBUG:live_vgc_base:forceSwitch forced_switch_model [battle-gen9championsvgc2026regma-1597] turn 2 a0=13 a1=None opp_splice=on
DEBUG:websockets.client:> TEXT 'battle-gen9championsvgc2026regma-1597|/choose switch Ditto, pass' [64 bytes]
DEBUG:websockets.client:< TEXT '>battle-gen9championsvgc2026regma-1597\n|\n|t:|...lity: Imposter\n|turn|3' [164 bytes]
DEBUG:websockets.client:< TEXT '>battle-gen9championsvgc2026regma-1597\n|\n|t:|...lity: Imposter\n|turn|3' [164 bytes]
DEBUG:websockets.client:< TEXT '>battle-gen9championsvgc2026regma-1597\n|reques...ng":false}]},"rqid":10}' [2200 bytes]
DEBUG:websockets.client:< TEXT '>battle-gen9championsvgc2026regma-1597\n|reques...ng":false}]},"rqid":11}' [2224 bytes]
INFO:player:Turn 3 [battle-gen9championsvgc2026regma-1597] value head win-prob: 0.561  (winning)
DEBUG:live_vgc_base:Turn 3 [battle-gen9championsvgc2026regma-1597] a0=3 a1=9 src=model opp_splice=on
DEBUG:websockets.client:> TEXT 'battle-gen9championsvgc2026regma-1597|/choose move heatwave, move icywind' [73 bytes]
DEBUG:vgc_base:Turn 3 [battle-gen9championsvgc2026regma-1597] a0=9 a1=9 src=max_damage g0=0 g1=0
DEBUG:websockets.client:> TEXT 'battle-gen9championsvgc2026regma-1597|/choose m...bat 1, move solarbeam 1' [82 bytes]
DEBUG:websockets.client:< TEXT '>battle-gen9championsvgc2026regma-1597\n|\n|t:|...|Solar Beam\n|\n|upkeep' [646 bytes]
DEBUG:websockets.client:< TEXT '>battle-gen9championsvgc2026regma-1597\n|\n|t:|...|Solar Beam\n|\n|upkeep' [646 bytes]
DEBUG:websockets.client:< TEXT '>battle-gen9championsvgc2026regma-1597\n|reques...ng":false}]},"rqid":12}' [1427 bytes]
DEBUG:websockets.client:< TEXT '>battle-gen9championsvgc2026regma-1597\n|reques...Cancel":true,"rqid":13}' [1482 bytes]
DEBUG:vgc_base:forceSwitch [battle-gen9championsvgc2026regma-1597] force=[True, False] \u2192 /choose switch Basculegion / /choose pass
DEBUG:websockets.client:> TEXT 'battle-gen9championsvgc2026regma-1597|/choose switch Basculegion, pass' [70 bytes]
DEBUG:websockets.client:< TEXT '>battle-gen9championsvgc2026regma-1597\n|\n|t:|...L50, M|100/100\n|turn|4' [116 bytes]
DEBUG:websockets.client:< TEXT '>battle-gen9championsvgc2026regma-1597\n|\n|t:|...L50, M|197/197\n|turn|4' [116 bytes]
DEBUG:websockets.client:< TEXT '>battle-gen9championsvgc2026regma-1597\n|reques...ng":false}]},"rqid":14}' [2199 bytes]
DEBUG:websockets.client:< TEXT '>battle-gen9championsvgc2026regma-1597\n|reques...ng":false}]},"rqid":15}' [1895 bytes]
INFO:player:Turn 4 [battle-gen9championsvgc2026regma-1597] value head win-prob: 0.128  (losing)
DEBUG:live_vgc_base:Turn 4 [battle-gen9championsvgc2026regma-1597] a0=3 a1=0 src=model opp_splice=on
DEBUG:websockets.client:> TEXT 'battle-gen9championsvgc2026regma-1597|/choose m...atwave, move hypervoice' [76 bytes]
DEBUG:vgc_base:Turn 4 [battle-gen9championsvgc2026regma-1597] a0=3 a1=9 src=max_damage g0=0 g1=0
DEBUG:websockets.client:> TEXT 'battle-gen9championsvgc2026regma-1597|/choose m...ash 1, move solarbeam 1' [80 bytes]
DEBUG:websockets.client:< TEXT '>battle-gen9championsvgc2026regma-1597\n|\n|t:|...rom] Recoil\n|\n|upkeep' [372 bytes]
DEBUG:websockets.client:< TEXT '>battle-gen9championsvgc2026regma-1597\n|\n|t:|...rom] Recoil\n|\n|upkeep' [373 bytes]
DEBUG:websockets.client:< TEXT '>battle-gen9championsvgc2026regma-1597\n|reques...ng":false}]},"rqid":16}' [1404 bytes]
DEBUG:websockets.client:< TEXT '>battle-gen9championsvgc2026regma-1597\n|reques...ng":false}]},"rqid":17}' [1465 bytes]
DEBUG:vgc_base:forceSwitch [battle-gen9championsvgc2026regma-1597] force=[False, True] \u2192 /choose pass / /choose switch Whimsicott
DEBUG:websockets.client:> TEXT 'battle-gen9championsvgc2026regma-1597|/choose pass, switch Whimsicott' [69 bytes]
DEBUG:live_vgc_base:forceSwitch forced_switch_model [battle-gen9championsvgc2026regma-1597] turn 4 a0=12 a1=None opp_splice=on
DEBUG:websockets.client:> TEXT 'battle-gen9championsvgc2026regma-1597|/choose switch Charizard, pass' [68 bytes]
DEBUG:websockets.client:< TEXT '>battle-gen9championsvgc2026regma-1597\n|\n|t:|...L50, M|168/168\n|turn|5' [163 bytes]
DEBUG:websockets.client:< TEXT '>battle-gen9championsvgc2026regma-1597\n|\n|t:|...L50, M|100/100\n|turn|5' [163 bytes]
DEBUG:websockets.client:< TEXT '>battle-gen9championsvgc2026regma-1597\n|reques...ng":false}]},"rqid":18}' [2185 bytes]
DEBUG:websockets.client:< TEXT '>battle-gen9championsvgc2026regma-1597\n|reques...ng":false}]},"rqid":19}' [2211 bytes]
DEBUG:vgc_base:Turn 5 [battle-gen9championsvgc2026regma-1597] a0=3 a1=6 src=max_damage g0=0 g1=0
DEBUG:websockets.client:> TEXT 'battle-gen9championsvgc2026regma-1597|/choose m...ash 1, move moonblast 1' [80 bytes]
INFO:player:Turn 5 [battle-gen9championsvgc2026regma-1597] value head win-prob: 0.158  (losing)
DEBUG:live_vgc_base:Turn 5 [battle-gen9championsvgc2026regma-1597] a0=0 a1=0 src=model opp_splice=on
DEBUG:websockets.client:> TEXT 'battle-gen9championsvgc2026regma-1597|/choose m...e mega, move hypervoice' [81 bytes]
DEBUG:websockets.client:< TEXT '>battle-gen9championsvgc2026regma-1597\n|\n|t:|...keep]\n|upkeep\n|turn|6' [1003 bytes]
DEBUG:websockets.client:< TEXT '>battle-gen9championsvgc2026regma-1597\n|\n|t:|...keep]\n|upkeep\n|turn|6' [1003 bytes]
DEBUG:websockets.client:< TEXT '>battle-gen9championsvgc2026regma-1597\n|reques...ng":false}]},"rqid":20}' [2167 bytes]
DEBUG:websockets.client:< TEXT '>battle-gen9championsvgc2026regma-1597\n|reques...ng":false}]},"rqid":21}' [2199 bytes]
DEBUG:vgc_base:Turn 6 [battle-gen9championsvgc2026regma-1597] a0=3 a1=0 src=max_damage g0=0 g1=0
DEBUG:vgc_base:_safe_order: action 0 slot 1 \u2192 None, scanning legal actions.
DEBUG:vgc_base:_safe_order: slot 1 has no decodable legal action — sending Pass.
DEBUG:websockets.client:> TEXT 'battle-gen9championsvgc2026regma-1597|/choose move wavecrash 1, pass' [68 bytes]
INFO:player:Turn 6 [battle-gen9championsvgc2026regma-1597] value head win-prob: 0.987  (winning)
DEBUG:live_vgc_base:Turn 6 [battle-gen9championsvgc2026regma-1597] a0=0 a1=0 src=model opp_splice=on
DEBUG:vgc_base:_safe_order: action 0 slot 0 \u2192 None, scanning legal actions.
DEBUG:vgc_base:_safe_order: slot 0 has no decodable legal action — sending Pass.
DEBUG:websockets.client:> TEXT 'battle-gen9championsvgc2026regma-1597|/choose pass, move hypervoice' [67 bytes]
DEBUG:websockets.client:< TEXT '>battle-gen9championsvgc2026regma-1597\n|\n|t:|...keep]\n|upkeep\n|turn|7' [375 bytes]
DEBUG:websockets.client:< TEXT '>battle-gen9championsvgc2026regma-1597\n|\n|t:|...keep]\n|upkeep\n|turn|7' [375 bytes]
DEBUG:websockets.client:< TEXT '>battle-gen9championsvgc2026regma-1597\n|reques...ng":false}]},"rqid":22}' [2164 bytes]
DEBUG:websockets.client:< TEXT '>battle-gen9championsvgc2026regma-1597\n|reques...ng":false}]},"rqid":23}' [2198 bytes]
INFO:player:Turn 7 [battle-gen9championsvgc2026regma-1597] value head win-prob: 0.966  (winning)
DEBUG:live_vgc_base:Turn 7 [battle-gen9championsvgc2026regma-1597] a0=0 a1=9 src=model opp_splice=on
DEBUG:vgc_base:_safe_order: action 0 slot 0 \u2192 None, scanning legal actions.
DEBUG:vgc_base:_safe_order: slot 0 has no decodable legal action — sending Pass.
DEBUG:websockets.client:> TEXT 'battle-gen9championsvgc2026regma-1597|/choose pass, move icywind' [64 bytes]
DEBUG:vgc_base:Turn 7 [battle-gen9championsvgc2026regma-1597] a0=4 a1=0 src=max_damage g0=0 g1=0
DEBUG:vgc_base:_safe_order: action 0 slot 1 \u2192 None, scanning legal actions.
DEBUG:vgc_base:_safe_order: slot 1 has no decodable legal action — sending Pass.
DEBUG:websockets.client:> TEXT 'battle-gen9championsvgc2026regma-1597|/choose move wavecrash 2, pass' [68 bytes]
DEBUG:websockets.client:< TEXT '>battle-gen9championsvgc2026regma-1597\n|\n|t:|...asculegion\n|\n|win|BC2' [197 bytes]
DEBUG:websockets.client:< TEXT '>battle-gen9championsvgc2026regma-1597\n|\n|t:|...asculegion\n|\n|win|BC2' [197 bytes]
INFO:vgc_base:Battle battle-gen9championsvgc2026regma-1597 finished — outcome: WIN  (W/L/D so far: 2/0/0)
DEBUG:websockets.client:> TEXT '|/leave battle-gen9championsvgc2026regma-1597' [45 bytes]
DEBUG:websockets.client:< TEXT '|updatesearch|{"searching":[],"games":{"battle-... 2026 Reg M-A Battle"}}' [124 bytes]
DEBUG:websockets.client:< TEXT '|updatesearch|{"searching":[],"games":{"battle-... 2026 Reg M-A Battle"}}' [124 bytes]
DEBUG:websockets.client:> TEXT 'battle-gen9championsvgc2026regma-1598|/rejectopenteamsheets' [59 bytes]
INFO:vgc_base:Battle battle-gen9championsvgc2026regma-1597 finished — outcome: LOSS  (W/L/D so far: 0/2/0)
DEBUG:websockets.client:> TEXT '|/leave battle-gen9championsvgc2026regma-1597' [45 bytes]
DEBUG:websockets.client:> TEXT '|/utm Sneasler||whiteherb|unburden|fakeout,dire...Naive|32,2,,,,32||||50|' [550 bytes]
DEBUG:websockets.client:> TEXT '|/challenge opmax2, gen9championsvgc2026regma' [45 bytes]
DEBUG:websockets.client:> TEXT 'battle-gen9championsvgc2026regma-1598|/rejectopenteamsheets' [59 bytes]
DEBUG:websockets.client:< TEXT '>battle-gen9championsvgc2026regma-1597\n|deinit' [46 bytes]
DEBUG:websockets.client:< TEXT '>battle-gen9championsvgc2026regma-1597\n|l|\u2606BC2' [48 bytes]
DEBUG:websockets.client:< TEXT '>battle-gen9championsvgc2026regma-1598\n|uhtmlchange|otsrequest|' [63 bytes]
DEBUG:websockets.client:< TEXT '>battle-gen9championsvgc2026regma-1598\nBC2 rejected open team sheets.' [69 bytes]
DEBUG:websockets.client:< TEXT '>battle-gen9championsvgc2026regma-1598\n|uhtmlchange|otsrequest|' [63 bytes]
DEBUG:websockets.client:< TEXT '>battle-gen9championsvgc2026regma-1598\nBC2 rejected open team sheets.' [69 bytes]
DEBUG:websockets.client:< TEXT '>battle-gen9championsvgc2026regma-1597\n|deinit' [46 bytes]
DEBUG:websockets.client:< TEXT '>battle-gen9championsvgc2026regma-1598\n|uhtmlchange|otsrequest|' [63 bytes]
DEBUG:websockets.client:< TEXT '>battle-gen9championsvgc2026regma-1598\n|uhtmlchange|otsrequest|' [63 bytes]
INFO:player:Team-preview [battle-gen9championsvgc2026regma-1598] NET drove: bring=['whimsicott', 'zoroarkhisui', 'ditto', 'charizardmegay'] leads=['whimsicott', 'zoroarkhisui'] (vs opp ['sneasler', 'charizard', 'whimsicott', 'basculegion', 'zoroarkhisui', 'ditto'])
INFO:vgc_base:Teampreview [battle-gen9championsvgc2026regma-1598] \u2192 /team 3562  (whimsicott, zoroarkhisui, ditto, charizardmegay)
DEBUG:websockets.client:> TEXT 'battle-gen9championsvgc2026regma-1598|/team 3562' [48 bytes]
DEBUG:vgc_base:Teampreview: first-4 roster order \u2192 ['sneasler', 'charizardmegay', 'whimsicott', 'basculegion']
INFO:vgc_base:Teampreview [battle-gen9championsvgc2026regma-1598] \u2192 /team 1234  (sneasler, charizardmegay, whimsicott, basculegion)
DEBUG:websockets.client:> TEXT 'battle-gen9championsvgc2026regma-1598|/team 1234' [48 bytes]
DEBUG:websockets.client:< TEXT '>battle-gen9championsvgc2026regma-1598\nOPmax_2...ected open team sheets.' [73 bytes]
DEBUG:websockets.client:< TEXT '>battle-gen9championsvgc2026regma-1598\nOPmax_2...ected open team sheets.' [73 bytes]
DEBUG:websockets.client:< TEXT '|pm| BC2| OPmax_2|/challenge gen9championsvgc20...hampionsvgc2026regma|||' [83 bytes]
DEBUG:websockets.client:< TEXT '|pm| BC2| OPmax_2|/log BC2 wants to battle!' [43 bytes]
DEBUG:websockets.client:< TEXT '|pm| BC2| OPmax_2|/challenge gen9championsvgc20...hampionsvgc2026regma|||' [83 bytes]
DEBUG:websockets.client:< TEXT '|pm| BC2| OPmax_2|/log BC2 wants to battle!' [43 bytes]
DEBUG:websockets.client:> TEXT '|/utm Sneasler||whiteherb|unburden|fakeout,dire...Naive|32,2,,,,32||||50|' [550 bytes]
DEBUG:websockets.client:> TEXT '|/accept bc2' [12 bytes]
DEBUG:websockets.client:< TEXT '|pm| OPmax_2| BC2|/challenge' [28 bytes]
DEBUG:websockets.client:< TEXT '|pm| OPmax_2| BC2|/challenge' [28 bytes]
DEBUG:websockets.client:< TEXT '|updatesearch|{"searching":[],"games":{"battle-... 2026 Reg M-A Battle"}}' [124 bytes]
DEBUG:websockets.client:< TEXT '|updatesearch|{"searching":[],"games":{"battle-... 2026 Reg M-A Battle"}}' [124 bytes]
DEBUG:websockets.client:< TEXT '|updatesearch|{"searching":[],"games":{"battle-... 2026 Reg M-A Battle"}}' [208 bytes]
DEBUG:websockets.client:< TEXT '|updatesearch|{"searching":[],"games":{"battle-... 2026 Reg M-A Battle"}}' [208 bytes]
DEBUG:websockets.client:< TEXT '|updatesearch|{"searching":[],"games":{"battle-... 2026 Reg M-A Battle"}}' [208 bytes]
DEBUG:websockets.client:< TEXT '|updatesearch|{"searching":[],"games":{"battle-... 2026 Reg M-A Battle"}}' [208 bytes]
DEBUG:websockets.client:< TEXT '>battle-gen9championsvgc2026regma-1599\n|init|b... vs. OPmax_2\n|j|\u2606BC2\n' [85 bytes]
DEBUG:websockets.client:< TEXT '>battle-gen9championsvgc2026regma-1599\n|init|b...n|j|\u2606BC2\n|j|\u2606OPmax_2\n' [99 bytes]
DEBUG:websockets.client:< TEXT '>battle-gen9championsvgc2026regma-1599\n|j|\u2606OPmax_2' [52 bytes]
DEBUG:websockets.client:< TEXT '|pm| OPmax_2| BC2|/nonotify OPmax_2 accepted th...26regma-1599</a>&raquo;' [173 bytes]
DEBUG:websockets.client:< TEXT '>battle-gen9championsvgc2026regma-1598\n|\n|t:|...L50, F|168/168\n|turn|1' [321 bytes]
DEBUG:websockets.client:< TEXT '|pm| OPmax_2| BC2|/nonotify OPmax_2 accepted th...26regma-1599</a>&raquo;' [173 bytes]
DEBUG:websockets.client:< TEXT '>battle-gen9championsvgc2026regma-1598\n|\n|t:|...L50, F|100/100\n|turn|1' [321 bytes]
DEBUG:websockets.client:< TEXT '>battle-gen9championsvgc2026regma-1598\n|reques...ing":false}]},"rqid":4}' [2167 bytes]
DEBUG:websockets.client:< TEXT '>battle-gen9championsvgc2026regma-1598\n|reques...ing":false}]},"rqid":5}' [2236 bytes]
DEBUG:websockets.client:< TEXT '>battle-gen9championsvgc2026regma-1599\n|t:|1781643019\n|gametype|doubles' [71 bytes]
DEBUG:websockets.client:< TEXT '>battle-gen9championsvgc2026regma-1599\n|player|p1|BC2|102|' [58 bytes]
DEBUG:websockets.client:< TEXT '>battle-gen9championsvgc2026regma-1599\n|t:|1781643019\n|gametype|doubles' [71 bytes]
INFO:player:Turn 1 [battle-gen9championsvgc2026regma-1598] value head win-prob: 0.351  (losing)
DEBUG:live_vgc_base:Turn 1 [battle-gen9championsvgc2026regma-1598] a0=0 a1=9 src=model opp_splice=on
DEBUG:websockets.client:> TEXT 'battle-gen9championsvgc2026regma-1598|/choose move encore 1, move icywind' [73 bytes]
DEBUG:websockets.client:< TEXT '>battle-gen9championsvgc2026regma-1599\n|player...heets</strong></button>' [855 bytes]
DEBUG:websockets.client:< TEXT '>battle-gen9championsvgc2026regma-1599\n|reques...ing":false}]},"rqid":3}' [2097 bytes]
DEBUG:vgc_base:Turn 1 [battle-gen9championsvgc2026regma-1598] a0=9 a1=9 src=max_damage g0=0 g1=0
DEBUG:websockets.client:> TEXT 'battle-gen9championsvgc2026regma-1598|/choose m...bat 1, move solarbeam 1' [82 bytes]
DEBUG:websockets.client:< TEXT '>battle-gen9championsvgc2026regma-1599\n|player|p1|BC2|102|' [58 bytes]
DEBUG:websockets.client:< TEXT '>battle-gen9championsvgc2026regma-1599\n|player...heets</strong></button>' [855 bytes]
DEBUG:websockets.client:< TEXT '>battle-gen9championsvgc2026regma-1599\n|reques...ing":false}]},"rqid":2}' [2093 bytes]
DEBUG:websockets.client:< TEXT '>battle-gen9championsvgc2026regma-1598\n|\n|t:|...am\n|\n|upkeep\n|turn|2' [644 bytes]
DEBUG:websockets.client:< TEXT '>battle-gen9championsvgc2026regma-1598\n|\n|t:|...am\n|\n|upkeep\n|turn|2' [646 bytes]
DEBUG:websockets.client:< TEXT '>battle-gen9championsvgc2026regma-1598\n|reques...ing":false}]},"rqid":6}' [2166 bytes]
DEBUG:websockets.client:< TEXT '>battle-gen9championsvgc2026regma-1598\n|reques...ing":false}]},"rqid":7}' [1888 bytes]
INFO:player:Turn 2 [battle-gen9championsvgc2026regma-1598] value head win-prob: 0.268  (losing)
DEBUG:live_vgc_base:Turn 2 [battle-gen9championsvgc2026regma-1598] a0=0 a1=9 src=model opp_splice=on
DEBUG:websockets.client:> TEXT 'battle-gen9championsvgc2026regma-1598|/choose move encore 1, move icywind' [73 bytes]
DEBUG:vgc_base:Turn 2 [battle-gen9championsvgc2026regma-1598] a0=9 a1=9 src=max_damage g0=0 g1=0
DEBUG:websockets.client:> TEXT 'battle-gen9championsvgc2026regma-1598|/choose m...bat 1, move solarbeam 1' [82 bytes]
DEBUG:websockets.client:< TEXT '>battle-gen9championsvgc2026regma-1598\n|\n|t:|... Whimsicott\n|\n|upkeep' [639 bytes]
DEBUG:websockets.client:< TEXT '>battle-gen9championsvgc2026regma-1598\n|\n|t:|... Whimsicott\n|\n|upkeep' [639 bytes]
DEBUG:websockets.client:< TEXT '>battle-gen9championsvgc2026regma-1598\n|reques...oCancel":true,"rqid":8}' [1421 bytes]
DEBUG:websockets.client:< TEXT '>battle-gen9championsvgc2026regma-1598\n|reques...ing":false}]},"rqid":9}' [1452 bytes]
DEBUG:live_vgc_base:forceSwitch forced_switch_model [battle-gen9championsvgc2026regma-1598] turn 2 a0=13 a1=None opp_splice=on
DEBUG:websockets.client:> TEXT 'battle-gen9championsvgc2026regma-1598|/choose switch Ditto, pass' [64 bytes]
DEBUG:websockets.client:< TEXT '>battle-gen9championsvgc2026regma-1598\n|\n|t:|...lity: Imposter\n|turn|3' [164 bytes]
DEBUG:websockets.client:< TEXT '>battle-gen9championsvgc2026regma-1598\n|\n|t:|...lity: Imposter\n|turn|3' [164 bytes]
DEBUG:websockets.client:< TEXT '>battle-gen9championsvgc2026regma-1598\n|reques...ng":false}]},"rqid":10}' [2200 bytes]
DEBUG:websockets.client:< TEXT '>battle-gen9championsvgc2026regma-1598\n|reques...ng":false}]},"rqid":11}' [2224 bytes]
INFO:player:Turn 3 [battle-gen9championsvgc2026regma-1598] value head win-prob: 0.521  (even)
DEBUG:live_vgc_base:Turn 3 [battle-gen9championsvgc2026regma-1598] a0=3 a1=9 src=model opp_splice=on
DEBUG:websockets.client:> TEXT 'battle-gen9championsvgc2026regma-1598|/choose move heatwave, move icywind' [73 bytes]
DEBUG:vgc_base:Turn 3 [battle-gen9championsvgc2026regma-1598] a0=9 a1=9 src=max_damage g0=0 g1=0
DEBUG:websockets.client:> TEXT 'battle-gen9championsvgc2026regma-1598|/choose m...bat 1, move solarbeam 1' [82 bytes]
DEBUG:websockets.client:< TEXT '>battle-gen9championsvgc2026regma-1598\n|\n|t:|...|Solar Beam\n|\n|upkeep' [649 bytes]
DEBUG:websockets.client:< TEXT '>battle-gen9championsvgc2026regma-1598\n|\n|t:|...|Solar Beam\n|\n|upkeep' [649 bytes]
DEBUG:websockets.client:< TEXT '>battle-gen9championsvgc2026regma-1598\n|reques...ng":false}]},"rqid":12}' [1427 bytes]
DEBUG:websockets.client:< TEXT '>battle-gen9championsvgc2026regma-1598\n|reques...Cancel":true,"rqid":13}' [1482 bytes]
DEBUG:vgc_base:forceSwitch [battle-gen9championsvgc2026regma-1598] force=[True, False] \u2192 /choose switch Whimsicott / /choose pass
DEBUG:websockets.client:> TEXT 'battle-gen9championsvgc2026regma-1598|/choose switch Whimsicott, pass' [69 bytes]
DEBUG:websockets.client:< TEXT '>battle-gen9championsvgc2026regma-1598\n|\n|t:|...L50, F|100/100\n|turn|4' [114 bytes]
DEBUG:websockets.client:< TEXT '>battle-gen9championsvgc2026regma-1598\n|\n|t:|...L50, F|137/137\n|turn|4' [114 bytes]
DEBUG:websockets.client:< TEXT '>battle-gen9championsvgc2026regma-1598\n|reques...ng":false}]},"rqid":15}' [1899 bytes]
DEBUG:websockets.client:< TEXT '>battle-gen9championsvgc2026regma-1598\n|reques...ng":false}]},"rqid":14}' [2199 bytes]
DEBUG:vgc_base:Turn 4 [battle-gen9championsvgc2026regma-1598] a0=6 a1=9 src=max_damage g0=0 g1=0
DEBUG:websockets.client:> TEXT 'battle-gen9championsvgc2026regma-1598|/choose m...ast 1, move solarbeam 1' [80 bytes]
INFO:player:Turn 4 [battle-gen9championsvgc2026regma-1598] value head win-prob: 0.164  (losing)
DEBUG:live_vgc_base:Turn 4 [battle-gen9championsvgc2026regma-1598] a0=3 a1=9 src=model opp_splice=on
DEBUG:websockets.client:> TEXT 'battle-gen9championsvgc2026regma-1598|/choose move heatwave, move icywind' [73 bytes]
DEBUG:websockets.client:< TEXT '>battle-gen9championsvgc2026regma-1598\n|\n|t:|...55\n|\n|upkeep\n|turn|5' [776 bytes]
DEBUG:websockets.client:< TEXT '>battle-gen9championsvgc2026regma-1598\n|\n|t:|...00\n|\n|upkeep\n|turn|5' [776 bytes]
DEBUG:websockets.client:< TEXT '>battle-gen9championsvgc2026regma-1598\n|reques...ng":false}]},"rqid":16}' [2199 bytes]
DEBUG:websockets.client:< TEXT '>battle-gen9championsvgc2026regma-1598\n|reques...ng":false}]},"rqid":17}' [2226 bytes]
DEBUG:vgc_base:Turn 5 [battle-gen9championsvgc2026regma-1598] a0=6 a1=9 src=max_damage g0=0 g1=0
DEBUG:websockets.client:> TEXT 'battle-gen9championsvgc2026regma-1598|/choose m...ast 1, move solarbeam 1' [80 bytes]
INFO:player:Turn 5 [battle-gen9championsvgc2026regma-1598] value head win-prob: 0.633  (winning)
DEBUG:live_vgc_base:Turn 5 [battle-gen9championsvgc2026regma-1598] a0=3 a1=9 src=model opp_splice=on
DEBUG:websockets.client:> TEXT 'battle-gen9championsvgc2026regma-1598|/choose move heatwave, move icywind' [73 bytes]
DEBUG:websockets.client:< TEXT '>battle-gen9championsvgc2026regma-1598\n|\n|t:|...|p1a: Ditto\n|\n|upkeep' [339 bytes]
DEBUG:websockets.client:< TEXT '>battle-gen9championsvgc2026regma-1598\n|\n|t:|...|p1a: Ditto\n|\n|upkeep' [339 bytes]
DEBUG:websockets.client:< TEXT '>battle-gen9championsvgc2026regma-1598\n|reques...ng":false}]},"rqid":18}' [1427 bytes]
DEBUG:websockets.client:< TEXT '>battle-gen9championsvgc2026regma-1598\n|reques...Cancel":true,"rqid":19}' [1469 bytes]
DEBUG:vgc_base:forceSwitch slot 1: no available switch — '/choose default' (handled poke-env desync).
DEBUG:vgc_base:forceSwitch DIAG [battle-gen9championsvgc2026regma-1598] turn=5 slot=1 force=[True, True] available_switches=[['basculegion'], ['basculegion']] own_bench_mons=['basculegion'] request_state={'Whimsicott': 'actfnt', 'Charizard': 'actfnt', 'Sneasler': 'fnt', 'Basculegion': ''} team_keys=['p2: Sneasler', 'p2: Charizard', 'p2: Whimsicott', 'p2: Basculegion', 'p2: Zoroark', 'p2: Ditto'] team=[sneasler(act=False,fnt=True,hp=0), charizard(act=True,fnt=True,hp=0), whimsicott(act=True,fnt=True,hp=0), basculegion(act=False,fnt=False,hp=1.0), zoroarkhisui(act=False,fnt=False,hp=1.0), ditto(act=False,fnt=False,hp=1.0)]
DEBUG:websockets.client:> TEXT 'battle-gen9championsvgc2026regma-1598|/choose default' [53 bytes]
DEBUG:websockets.client:< TEXT '>battle-gen9championsvgc2026regma-1598\n|\n|t:|...L50, M|100/100\n|turn|6' [116 bytes]
DEBUG:websockets.client:< TEXT '>battle-gen9championsvgc2026regma-1598\n|\n|t:|...L50, M|197/197\n|turn|6' [116 bytes]
DEBUG:websockets.client:< TEXT '>battle-gen9championsvgc2026regma-1598\n|reques...ng":false}]},"rqid":20}' [2199 bytes]
DEBUG:websockets.client:< TEXT '>battle-gen9championsvgc2026regma-1598\n|reques...ng":false}]},"rqid":21}' [2221 bytes]
INFO:player:Turn 6 [battle-gen9championsvgc2026regma-1598] value head win-prob: 0.974  (winning)
DEBUG:live_vgc_base:Turn 6 [battle-gen9championsvgc2026regma-1598] a0=0 a1=9 src=model opp_splice=on
DEBUG:websockets.client:> TEXT 'battle-gen9championsvgc2026regma-1598|/choose m...larbeam 1, move icywind' [76 bytes]
DEBUG:vgc_base:Turn 6 [battle-gen9championsvgc2026regma-1598] a0=3 a1=0 src=max_damage g0=0 g1=0
DEBUG:vgc_base:_safe_order: action 0 slot 1 \u2192 None, scanning legal actions.
DEBUG:vgc_base:_safe_order: slot 1 has no decodable legal action — sending Pass.
DEBUG:websockets.client:> TEXT 'battle-gen9championsvgc2026regma-1598|/choose move wavecrash 1, pass' [68 bytes]
DEBUG:websockets.client:< TEXT '>battle-gen9championsvgc2026regma-1598\n|\n|t:|...rom] Recoil\n|\n|upkeep' [374 bytes]
DEBUG:websockets.client:< TEXT '>battle-gen9championsvgc2026regma-1598\n|\n|t:|...rom] Recoil\n|\n|upkeep' [376 bytes]
DEBUG:websockets.client:< TEXT '>battle-gen9championsvgc2026regma-1598\n|reques...Cancel":true,"rqid":22}' [1420 bytes]
DEBUG:websockets.client:< TEXT '>battle-gen9championsvgc2026regma-1598\n|reques...ng":false}]},"rqid":23}' [1439 bytes]
DEBUG:live_vgc_base:forceSwitch forced_switch_model [battle-gen9championsvgc2026regma-1598] turn 6 a0=12 a1=None opp_splice=on
DEBUG:websockets.client:> TEXT 'battle-gen9championsvgc2026regma-1598|/choose switch Charizard, pass' [68 bytes]
DEBUG:websockets.client:< TEXT '>battle-gen9championsvgc2026regma-1598\n|\n|t:|...L50, F|168/168\n|turn|7' [112 bytes]
DEBUG:websockets.client:< TEXT '>battle-gen9championsvgc2026regma-1598\n|\n|t:|...L50, F|100/100\n|turn|7' [112 bytes]
DEBUG:websockets.client:< TEXT '>battle-gen9championsvgc2026regma-1598\n|reques...ng":false}]},"rqid":24}' [2185 bytes]
DEBUG:websockets.client:< TEXT '>battle-gen9championsvgc2026regma-1598\n|reques...ng":false}]},"rqid":25}' [2221 bytes]
DEBUG:vgc_base:Turn 7 [battle-gen9championsvgc2026regma-1598] a0=3 a1=0 src=max_damage g0=0 g1=0
DEBUG:vgc_base:_safe_order: action 0 slot 1 \u2192 None, scanning legal actions.
DEBUG:vgc_base:_safe_order: slot 1 has no decodable legal action — sending Pass.
DEBUG:websockets.client:> TEXT 'battle-gen9championsvgc2026regma-1598|/choose move wavecrash 1, pass' [68 bytes]
INFO:player:Turn 7 [battle-gen9championsvgc2026regma-1598] value head win-prob: 0.969  (winning)
DEBUG:live_vgc_base:Turn 7 [battle-gen9championsvgc2026regma-1598] a0=0 a1=0 src=model opp_splice=on
DEBUG:websockets.client:> TEXT 'battle-gen9championsvgc2026regma-1598|/choose m...e mega, move hypervoice' [81 bytes]
DEBUG:websockets.client:< TEXT '>battle-gen9championsvgc2026regma-1598\n|\n|t:|...keep]\n|upkeep\n|turn|8' [612 bytes]
DEBUG:websockets.client:< TEXT '>battle-gen9championsvgc2026regma-1598\n|\n|t:|...keep]\n|upkeep\n|turn|8' [613 bytes]
DEBUG:websockets.client:< TEXT '>battle-gen9championsvgc2026regma-1598\n|reques...ng":false}]},"rqid":26}' [2167 bytes]
DEBUG:websockets.client:< TEXT '>battle-gen9championsvgc2026regma-1598\n|reques...ng":false}]},"rqid":27}' [2220 bytes]
DEBUG:vgc_base:Turn 8 [battle-gen9championsvgc2026regma-1598] a0=3 a1=0 src=max_damage g0=0 g1=0
DEBUG:vgc_base:_safe_order: action 0 slot 1 \u2192 None, scanning legal actions.
DEBUG:vgc_base:_safe_order: slot 1 has no decodable legal action — sending Pass.
DEBUG:websockets.client:> TEXT 'battle-gen9championsvgc2026regma-1598|/choose move wavecrash 1, pass' [68 bytes]
INFO:player:Turn 8 [battle-gen9championsvgc2026regma-1598] value head win-prob: 0.978  (winning)
DEBUG:live_vgc_base:Turn 8 [battle-gen9championsvgc2026regma-1598] a0=0 a1=9 src=model opp_splice=on
DEBUG:websockets.client:> TEXT 'battle-gen9championsvgc2026regma-1598|/choose move heatwave, move icywind' [73 bytes]
DEBUG:websockets.client:< TEXT '>battle-gen9championsvgc2026regma-1598\n|\n|t:|...asculegion\n|\n|win|BC2' [199 bytes]
DEBUG:websockets.client:< TEXT '>battle-gen9championsvgc2026regma-1598\n|\n|t:|...asculegion\n|\n|win|BC2' [199 bytes]
DEBUG:websockets.client:< TEXT '|updatesearch|{"searching":[],"games":{"battle-... 2026 Reg M-A Battle"}}' [124 bytes]
INFO:vgc_base:Battle battle-gen9championsvgc2026regma-1598 finished — outcome: WIN  (W/L/D so far: 3/0/0)
DEBUG:websockets.client:> TEXT '|/leave battle-gen9championsvgc2026regma-1598' [45 bytes]
DEBUG:websockets.client:< TEXT '|updatesearch|{"searching":[],"games":{"battle-... 2026 Reg M-A Battle"}}' [124 bytes]
DEBUG:websockets.client:> TEXT 'battle-gen9championsvgc2026regma-1599|/rejectopenteamsheets' [59 bytes]
INFO:vgc_base:Battle battle-gen9championsvgc2026regma-1598 finished — outcome: LOSS  (W/L/D so far: 0/3/0)
DEBUG:websockets.client:> TEXT '|/leave battle-gen9championsvgc2026regma-1598' [45 bytes]
DEBUG:websockets.client:> TEXT '|/utm Sneasler||whiteherb|unburden|fakeout,dire...Naive|32,2,,,,32||||50|' [550 bytes]
DEBUG:websockets.client:> TEXT '|/challenge opmax2, gen9championsvgc2026regma' [45 bytes]
DEBUG:websockets.client:> TEXT 'battle-gen9championsvgc2026regma-1599|/rejectopenteamsheets' [59 bytes]
DEBUG:websockets.client:< TEXT '>battle-gen9championsvgc2026regma-1598\n|deinit' [46 bytes]
DEBUG:websockets.client:< TEXT '>battle-gen9championsvgc2026regma-1598\n|l|\u2606BC2' [48 bytes]
DEBUG:websockets.client:< TEXT '>battle-gen9championsvgc2026regma-1599\n|uhtmlchange|otsrequest|' [63 bytes]
DEBUG:websockets.client:< TEXT '>battle-gen9championsvgc2026regma-1599\nBC2 rejected open team sheets.' [69 bytes]
DEBUG:websockets.client:< TEXT '>battle-gen9championsvgc2026regma-1599\n|uhtmlchange|otsrequest|' [63 bytes]
DEBUG:websockets.client:< TEXT '>battle-gen9championsvgc2026regma-1599\nBC2 rejected open team sheets.' [69 bytes]
DEBUG:websockets.client:< TEXT '>battle-gen9championsvgc2026regma-1598\n|deinit' [46 bytes]
DEBUG:websockets.client:< TEXT '>battle-gen9championsvgc2026regma-1599\n|uhtmlchange|otsrequest|' [63 bytes]
DEBUG:websockets.client:< TEXT '>battle-gen9championsvgc2026regma-1599\n|uhtmlchange|otsrequest|' [63 bytes]
DEBUG:websockets.client:< TEXT '>battle-gen9championsvgc2026regma-1599\nOPmax_2...ected open team sheets.' [73 bytes]
DEBUG:websockets.client:< TEXT '>battle-gen9championsvgc2026regma-1599\nOPmax_2...ected open team sheets.' [73 bytes]
INFO:player:Team-preview [battle-gen9championsvgc2026regma-1599] NET drove: bring=['whimsicott', 'zoroarkhisui', 'ditto', 'charizardmegay'] leads=['whimsicott', 'zoroarkhisui'] (vs opp ['sneasler', 'charizard', 'whimsicott', 'basculegion', 'zoroarkhisui', 'ditto'])
INFO:vgc_base:Teampreview [battle-gen9championsvgc2026regma-1599] \u2192 /team 3562  (whimsicott, zoroarkhisui, ditto, charizardmegay)
DEBUG:websockets.client:> TEXT 'battle-gen9championsvgc2026regma-1599|/team 3562' [48 bytes]
DEBUG:vgc_base:Teampreview: first-4 roster order \u2192 ['sneasler', 'charizardmegay', 'whimsicott', 'basculegion']
INFO:vgc_base:Teampreview [battle-gen9championsvgc2026regma-1599] \u2192 /team 1234  (sneasler, charizardmegay, whimsicott, basculegion)
DEBUG:websockets.client:> TEXT 'battle-gen9championsvgc2026regma-1599|/team 1234' [48 bytes]
DEBUG:websockets.client:< TEXT '|pm| BC2| OPmax_2|/challenge gen9championsvgc20...hampionsvgc2026regma|||' [83 bytes]
DEBUG:websockets.client:< TEXT '|pm| BC2| OPmax_2|/challenge gen9championsvgc20...hampionsvgc2026regma|||' [83 bytes]
DEBUG:websockets.client:< TEXT '|pm| BC2| OPmax_2|/log BC2 wants to battle!' [43 bytes]
DEBUG:websockets.client:< TEXT '|pm| BC2| OPmax_2|/log BC2 wants to battle!' [43 bytes]
DEBUG:websockets.client:> TEXT '|/utm Sneasler||whiteherb|unburden|fakeout,dire...Naive|32,2,,,,32||||50|' [550 bytes]
DEBUG:websockets.client:> TEXT '|/accept bc2' [12 bytes]
DEBUG:websockets.client:< TEXT '>battle-gen9championsvgc2026regma-1599\n|\n|t:|...L50, F|100/100\n|turn|1' [321 bytes]
DEBUG:websockets.client:< TEXT '>battle-gen9championsvgc2026regma-1599\n|\n|t:|...L50, F|168/168\n|turn|1' [321 bytes]
DEBUG:websockets.client:< TEXT '>battle-gen9championsvgc2026regma-1599\n|reques...ing":false}]},"rqid":4}' [2167 bytes]
DEBUG:websockets.client:< TEXT '>battle-gen9championsvgc2026regma-1599\n|reques...ing":false}]},"rqid":5}' [2236 bytes]
DEBUG:websockets.client:< TEXT '|pm| OPmax_2| BC2|/challenge' [28 bytes]
INFO:player:Turn 1 [battle-gen9championsvgc2026regma-1599] value head win-prob: 0.351  (losing)
DEBUG:live_vgc_base:Turn 1 [battle-gen9championsvgc2026regma-1599] a0=0 a1=9 src=model opp_splice=on
DEBUG:websockets.client:> TEXT 'battle-gen9championsvgc2026regma-1599|/choose move encore 1, move icywind' [73 bytes]
DEBUG:websockets.client:< TEXT '|pm| OPmax_2| BC2|/challenge' [28 bytes]
DEBUG:websockets.client:< TEXT '|updatesearch|{"searching":[],"games":{"battle-... 2026 Reg M-A Battle"}}' [124 bytes]
DEBUG:websockets.client:< TEXT '|updatesearch|{"searching":[],"games":{"battle-... 2026 Reg M-A Battle"}}' [208 bytes]
DEBUG:websockets.client:< TEXT '|updatesearch|{"searching":[],"games":{"battle-... 2026 Reg M-A Battle"}}' [208 bytes]
DEBUG:websockets.client:< TEXT '|updatesearch|{"searching":[],"games":{"battle-... 2026 Reg M-A Battle"}}' [124 bytes]
DEBUG:websockets.client:< TEXT '|updatesearch|{"searching":[],"games":{"battle-... 2026 Reg M-A Battle"}}' [208 bytes]
DEBUG:websockets.client:< TEXT '|updatesearch|{"searching":[],"games":{"battle-... 2026 Reg M-A Battle"}}' [208 bytes]
DEBUG:websockets.client:< TEXT '>battle-gen9championsvgc2026regma-1600\n|init|b... vs. OPmax_2\n|j|\u2606BC2\n' [85 bytes]
DEBUG:websockets.client:< TEXT '>battle-gen9championsvgc2026regma-1600\n|init|b...n|j|\u2606BC2\n|j|\u2606OPmax_2\n' [99 bytes]
DEBUG:websockets.client:< TEXT '|pm| OPmax_2| BC2|/nonotify OPmax_2 accepted th...26regma-1600</a>&raquo;' [173 bytes]
DEBUG:websockets.client:< TEXT '>battle-gen9championsvgc2026regma-1600\n|t:|1781643019\n|gametype|doubles' [71 bytes]
DEBUG:websockets.client:< TEXT '>battle-gen9championsvgc2026regma-1600\n|player|p1|BC2|102|' [58 bytes]
DEBUG:websockets.client:< TEXT '>battle-gen9championsvgc2026regma-1600\n|player...heets</strong></button>' [855 bytes]
DEBUG:websockets.client:< TEXT '>battle-gen9championsvgc2026regma-1600\n|reques...ing":false}]},"rqid":3}' [2097 bytes]
DEBUG:vgc_base:Turn 1 [battle-gen9championsvgc2026regma-1599] a0=9 a1=9 src=max_damage g0=0 g1=0
DEBUG:websockets.client:> TEXT 'battle-gen9championsvgc2026regma-1599|/choose m...bat 1, move solarbeam 1' [82 bytes]
DEBUG:websockets.client:< TEXT '>battle-gen9championsvgc2026regma-1600\n|j|\u2606OPmax_2' [52 bytes]
DEBUG:websockets.client:< TEXT '|pm| OPmax_2| BC2|/nonotify OPmax_2 accepted th...26regma-1600</a>&raquo;' [173 bytes]
DEBUG:websockets.client:< TEXT '>battle-gen9championsvgc2026regma-1600\n|t:|1781643019\n|gametype|doubles' [71 bytes]
DEBUG:websockets.client:< TEXT '>battle-gen9championsvgc2026regma-1600\n|player|p1|BC2|102|' [58 bytes]
DEBUG:websockets.client:< TEXT '>battle-gen9championsvgc2026regma-1600\n|player...heets</strong></button>' [855 bytes]
DEBUG:websockets.client:< TEXT '>battle-gen9championsvgc2026regma-1600\n|reques...ing":false}]},"rqid":2}' [2093 bytes]
DEBUG:websockets.client:< TEXT '>battle-gen9championsvgc2026regma-1599\n|\n|t:|...am\n|\n|upkeep\n|turn|2' [666 bytes]
DEBUG:websockets.client:< TEXT '>battle-gen9championsvgc2026regma-1599\n|\n|t:|...am\n|\n|upkeep\n|turn|2' [668 bytes]
DEBUG:websockets.client:< TEXT '>battle-gen9championsvgc2026regma-1599\n|reques...ing":false}]},"rqid":6}' [2166 bytes]
DEBUG:websockets.client:< TEXT '>battle-gen9championsvgc2026regma-1599\n|reques...ing":false}]},"rqid":7}' [1888 bytes]
INFO:player:Turn 2 [battle-gen9championsvgc2026regma-1599] value head win-prob: 0.205  (losing)
DEBUG:live_vgc_base:Turn 2 [battle-gen9championsvgc2026regma-1599] a0=0 a1=9 src=model opp_splice=on
DEBUG:websockets.client:> TEXT 'battle-gen9championsvgc2026regma-1599|/choose move encore 1, move icywind' [73 bytes]
DEBUG:vgc_base:Turn 2 [battle-gen9championsvgc2026regma-1599] a0=9 a1=9 src=max_damage g0=0 g1=0
DEBUG:websockets.client:> TEXT 'battle-gen9championsvgc2026regma-1599|/choose m...bat 1, move solarbeam 1' [82 bytes]
DEBUG:websockets.client:< TEXT '>battle-gen9championsvgc2026regma-1599\n|\n|t:|...rk|Illusion\n|\n|upkeep' [680 bytes]
DEBUG:websockets.client:< TEXT '>battle-gen9championsvgc2026regma-1599\n|\n|t:|...rk|Illusion\n|\n|upkeep' [681 bytes]
DEBUG:websockets.client:< TEXT '>battle-gen9championsvgc2026regma-1599\n|reques...oCancel":true,"rqid":8}' [1420 bytes]
DEBUG:websockets.client:< TEXT '>battle-gen9championsvgc2026regma-1599\n|reques...ing":false}]},"rqid":9}' [1452 bytes]
DEBUG:live_vgc_base:forceSwitch forced_switch_model [battle-gen9championsvgc2026regma-1599] turn 2 a0=13 a1=None opp_splice=on
DEBUG:websockets.client:> TEXT 'battle-gen9championsvgc2026regma-1599|/choose switch Ditto, pass' [64 bytes]
DEBUG:websockets.client:< TEXT '>battle-gen9championsvgc2026regma-1599\n|\n|t:|...lity: Imposter\n|turn|3' [164 bytes]
DEBUG:websockets.client:< TEXT '>battle-gen9championsvgc2026regma-1599\n|\n|t:|...lity: Imposter\n|turn|3' [164 bytes]
DEBUG:websockets.client:< TEXT '>battle-gen9championsvgc2026regma-1599\n|reques...ng":false}]},"rqid":10}' [2199 bytes]
DEBUG:websockets.client:< TEXT '>battle-gen9championsvgc2026regma-1599\n|reques...ng":false}]},"rqid":11}' [2224 bytes]
DEBUG:vgc_base:Turn 3 [battle-gen9championsvgc2026regma-1599] a0=9 a1=9 src=max_damage g0=0 g1=0
DEBUG:websockets.client:> TEXT 'battle-gen9championsvgc2026regma-1599|/choose m...bat 1, move solarbeam 1' [82 bytes]
INFO:player:Turn 3 [battle-gen9championsvgc2026regma-1599] value head win-prob: 0.329  (losing)
DEBUG:live_vgc_base:Turn 3 [battle-gen9championsvgc2026regma-1599] a0=3 a1=9 src=model opp_splice=on
DEBUG:websockets.client:> TEXT 'battle-gen9championsvgc2026regma-1599|/choose move heatwave, move icywind' [73 bytes]
DEBUG:websockets.client:< TEXT '>battle-gen9championsvgc2026regma-1599\n|\n|t:|...|Solar Beam\n|\n|upkeep' [668 bytes]
DEBUG:websockets.client:< TEXT '>battle-gen9championsvgc2026regma-1599\n|\n|t:|...|Solar Beam\n|\n|upkeep' [668 bytes]
DEBUG:websockets.client:< TEXT '>battle-gen9championsvgc2026regma-1599\n|reques...ng":false}]},"rqid":12}' [1426 bytes]
DEBUG:websockets.client:< TEXT '>battle-gen9championsvgc2026regma-1599\n|reques...Cancel":true,"rqid":13}' [1482 bytes]
DEBUG:vgc_base:forceSwitch [battle-gen9championsvgc2026regma-1599] force=[True, False] \u2192 /choose switch Whimsicott / /choose pass
DEBUG:websockets.client:> TEXT 'battle-gen9championsvgc2026regma-1599|/choose switch Whimsicott, pass' [69 bytes]
DEBUG:websockets.client:< TEXT '>battle-gen9championsvgc2026regma-1599\n|\n|t:|...L50, F|100/100\n|turn|4' [114 bytes]
DEBUG:websockets.client:< TEXT '>battle-gen9championsvgc2026regma-1599\n|\n|t:|...L50, F|137/137\n|turn|4' [114 bytes]
DEBUG:websockets.client:< TEXT '>battle-gen9championsvgc2026regma-1599\n|reques...ng":false}]},"rqid":14}' [2198 bytes]
DEBUG:websockets.client:< TEXT '>battle-gen9championsvgc2026regma-1599\n|reques...ng":false}]},"rqid":15}' [1899 bytes]
INFO:player:Turn 4 [battle-gen9championsvgc2026regma-1599] value head win-prob: 0.096  (losing)
DEBUG:live_vgc_base:Turn 4 [battle-gen9championsvgc2026regma-1599] a0=3 a1=9 src=model opp_splice=on
DEBUG:websockets.client:> TEXT 'battle-gen9championsvgc2026regma-1599|/choose move heatwave, move icywind' [73 bytes]
DEBUG:vgc_base:Turn 4 [battle-gen9championsvgc2026regma-1599] a0=6 a1=9 src=max_damage g0=0 g1=0
DEBUG:websockets.client:> TEXT 'battle-gen9championsvgc2026regma-1599|/choose m...ast 1, move solarbeam 1' [80 bytes]
DEBUG:websockets.client:< TEXT '>battle-gen9championsvgc2026regma-1599\n|\n|t:|...: Charizard\n|\n|upkeep' [674 bytes]
DEBUG:websockets.client:< TEXT '>battle-gen9championsvgc2026regma-1599\n|\n|t:|...: Charizard\n|\n|upkeep' [674 bytes]
DEBUG:websockets.client:< TEXT '>battle-gen9championsvgc2026regma-1599\n|reques...ng":false}]},"rqid":16}' [1426 bytes]
DEBUG:websockets.client:< TEXT '>battle-gen9championsvgc2026regma-1599\n|reques...Cancel":true,"rqid":17}' [1470 bytes]
DEBUG:vgc_base:forceSwitch [battle-gen9championsvgc2026regma-1599] force=[False, True] \u2192 /choose pass / /choose switch Basculegion
DEBUG:websockets.client:> TEXT 'battle-gen9championsvgc2026regma-1599|/choose pass, switch Basculegion' [70 bytes]
DEBUG:websockets.client:< TEXT '>battle-gen9championsvgc2026regma-1599\n|\n|t:|...L50, M|100/100\n|turn|5' [116 bytes]
DEBUG:websockets.client:< TEXT '>battle-gen9championsvgc2026regma-1599\n|\n|t:|...L50, M|197/197\n|turn|5' [116 bytes]
DEBUG:websockets.client:< TEXT '>battle-gen9championsvgc2026regma-1599\n|reques...ng":false}]},"rqid":18}' [2198 bytes]
DEBUG:websockets.client:< TEXT '>battle-gen9championsvgc2026regma-1599\n|reques...ng":false}]},"rqid":19}' [2200 bytes]
DEBUG:vgc_base:Turn 5 [battle-gen9championsvgc2026regma-1599] a0=6 a1=3 src=max_damage g0=0 g1=0
DEBUG:websockets.client:> TEXT 'battle-gen9championsvgc2026regma-1599|/choose m...ast 1, move wavecrash 1' [80 bytes]
INFO:player:Turn 5 [battle-gen9championsvgc2026regma-1599] value head win-prob: 0.355  (losing)
DEBUG:live_vgc_base:Turn 5 [battle-gen9championsvgc2026regma-1599] a0=12 a1=9 src=model opp_splice=on
DEBUG:websockets.client:> TEXT 'battle-gen9championsvgc2026regma-1599|/choose s...Charizard, move icywind' [76 bytes]
DEBUG:websockets.client:< TEXT ">battle-gen9championsvgc2026regma-1599\n|error|...ch to an active Pokémon" [115 bytes]
INFO:player:Turn 5 [battle-gen9championsvgc2026regma-1599] value head win-prob: 0.355  (losing)
WARNING:live_vgc_base:Turn 5 [battle-gen9championsvgc2026regma-1599] order REJECTED by Showdown — perturbing to a fresh legal action (src=retry). The model did NOT drive this slot.
DEBUG:live_vgc_base:Turn 5 [battle-gen9championsvgc2026regma-1599] a0=6 a1=6 src=retry opp_splice=on
DEBUG:websockets.client:> TEXT 'battle-gen9championsvgc2026regma-1599|/choose m...herball 1, move protect' [78 bytes]
DEBUG:websockets.client:< TEXT '>battle-gen9championsvgc2026regma-1599\n|\n|t:|...ve: Protect\n|\n|upkeep' [388 bytes]
DEBUG:websockets.client:< TEXT '>battle-gen9championsvgc2026regma-1599\n|\n|t:|...ve: Protect\n|\n|upkeep' [389 bytes]
DEBUG:websockets.client:< TEXT '>battle-gen9championsvgc2026regma-1599\n|reques...Cancel":true,"rqid":20}' [1419 bytes]
DEBUG:websockets.client:< TEXT '>battle-gen9championsvgc2026regma-1599\n|reques...ng":false}]},"rqid":21}' [1439 bytes]
DEBUG:live_vgc_base:forceSwitch forced_switch_model [battle-gen9championsvgc2026regma-1599] turn 5 a0=12 a1=None opp_splice=on
DEBUG:websockets.client:> TEXT 'battle-gen9championsvgc2026regma-1599|/choose switch Charizard, pass' [68 bytes]
DEBUG:websockets.client:< TEXT '>battle-gen9championsvgc2026regma-1599\n|\n|t:|...L50, F|168/168\n|turn|6' [112 bytes]
DEBUG:websockets.client:< TEXT '>battle-gen9championsvgc2026regma-1599\n|\n|t:|...L50, F|100/100\n|turn|6' [112 bytes]
DEBUG:websockets.client:< TEXT '>battle-gen9championsvgc2026regma-1599\n|reques...ng":false}]},"rqid":22}' [2184 bytes]
DEBUG:websockets.client:< TEXT '>battle-gen9championsvgc2026regma-1599\n|reques...ng":false}]},"rqid":23}' [2200 bytes]
INFO:player:Turn 6 [battle-gen9championsvgc2026regma-1599] value head win-prob: 0.089  (losing)
DEBUG:live_vgc_base:Turn 6 [battle-gen9championsvgc2026regma-1599] a0=0 a1=0 src=model opp_splice=on
DEBUG:websockets.client:> TEXT 'battle-gen9championsvgc2026regma-1599|/choose m...e mega, move hypervoice' [81 bytes]
DEBUG:vgc_base:Turn 6 [battle-gen9championsvgc2026regma-1599] a0=6 a1=3 src=max_damage g0=0 g1=0
DEBUG:websockets.client:> TEXT 'battle-gen9championsvgc2026regma-1599|/choose m...ast 1, move wavecrash 1' [80 bytes]
DEBUG:websockets.client:< TEXT '>battle-gen9championsvgc2026regma-1599\n|\n|t:|...keep]\n|upkeep\n|turn|7' [699 bytes]
DEBUG:websockets.client:< TEXT '>battle-gen9championsvgc2026regma-1599\n|\n|t:|...keep]\n|upkeep\n|turn|7' [699 bytes]
DEBUG:websockets.client:< TEXT '>battle-gen9championsvgc2026regma-1599\n|reques...ng":false}]},"rqid":25}' [2199 bytes]
DEBUG:websockets.client:< TEXT '>battle-gen9championsvgc2026regma-1599\n|reques...ng":false}]},"rqid":24}' [2166 bytes]
DEBUG:vgc_base:Turn 7 [battle-gen9championsvgc2026regma-1599] a0=0 a1=4 src=max_damage g0=0 g1=0
DEBUG:vgc_base:_safe_order: action 0 slot 0 \u2192 None, scanning legal actions.
DEBUG:vgc_base:_safe_order: slot 0 has no decodable legal action — sending Pass.
DEBUG:websockets.client:> TEXT 'battle-gen9championsvgc2026regma-1599|/choose pass, move wavecrash 2' [68 bytes]
INFO:player:Turn 7 [battle-gen9championsvgc2026regma-1599] value head win-prob: 0.468  (even)
DEBUG:live_vgc_base:Turn 7 [battle-gen9championsvgc2026regma-1599] a0=0 a1=0 src=model opp_splice=on
DEBUG:vgc_base:_safe_order: action 0 slot 0 \u2192 None, scanning legal actions.
DEBUG:vgc_base:_safe_order: slot 0 has no decodable legal action — sending Pass.
DEBUG:websockets.client:> TEXT 'battle-gen9championsvgc2026regma-1599|/choose pass, move hypervoice' [67 bytes]
DEBUG:websockets.client:< TEXT '>battle-gen9championsvgc2026regma-1599\n|\n|t:|...Recoil\n|\n|win|OPmax_2' [285 bytes]
DEBUG:websockets.client:< TEXT '>battle-gen9championsvgc2026regma-1599\n|\n|t:|...Recoil\n|\n|win|OPmax_2' [286 bytes]
INFO:vgc_base:Battle battle-gen9championsvgc2026regma-1599 finished — outcome: LOSS  (W/L/D so far: 3/1/0)
DEBUG:websockets.client:> TEXT '|/leave battle-gen9championsvgc2026regma-1599' [45 bytes]
DEBUG:websockets.client:< TEXT '|updatesearch|{"searching":[],"games":{"battle-... 2026 Reg M-A Battle"}}' [124 bytes]
DEBUG:websockets.client:< TEXT '|updatesearch|{"searching":[],"games":{"battle-... 2026 Reg M-A Battle"}}' [124 bytes]
DEBUG:websockets.client:> TEXT 'battle-gen9championsvgc2026regma-1600|/rejectopenteamsheets' [59 bytes]
INFO:vgc_base:Battle battle-gen9championsvgc2026regma-1599 finished — outcome: WIN  (W/L/D so far: 1/3/0)
DEBUG:websockets.client:> TEXT '|/leave battle-gen9championsvgc2026regma-1599' [45 bytes]
DEBUG:websockets.client:> TEXT '|/utm Sneasler||whiteherb|unburden|fakeout,dire...Naive|32,2,,,,32||||50|' [550 bytes]
DEBUG:websockets.client:> TEXT '|/challenge opmax2, gen9championsvgc2026regma' [45 bytes]
DEBUG:websockets.client:> TEXT 'battle-gen9championsvgc2026regma-1600|/rejectopenteamsheets' [59 bytes]
DEBUG:websockets.client:< TEXT '>battle-gen9championsvgc2026regma-1599\n|deinit' [46 bytes]
DEBUG:websockets.client:< TEXT '>battle-gen9championsvgc2026regma-1599\n|l|\u2606BC2' [48 bytes]
DEBUG:websockets.client:< TEXT '>battle-gen9championsvgc2026regma-1600\n|uhtmlchange|otsrequest|' [63 bytes]
DEBUG:websockets.client:< TEXT '>battle-gen9championsvgc2026regma-1600\nBC2 rejected open team sheets.' [69 bytes]
DEBUG:websockets.client:< TEXT '>battle-gen9championsvgc2026regma-1600\n|uhtmlchange|otsrequest|' [63 bytes]
DEBUG:websockets.client:< TEXT '>battle-gen9championsvgc2026regma-1600\nBC2 rejected open team sheets.' [69 bytes]
DEBUG:websockets.client:< TEXT '>battle-gen9championsvgc2026regma-1599\n|deinit' [46 bytes]
DEBUG:websockets.client:< TEXT '>battle-gen9championsvgc2026regma-1600\n|uhtmlchange|otsrequest|' [63 bytes]
DEBUG:websockets.client:< TEXT '>battle-gen9championsvgc2026regma-1600\n|uhtmlchange|otsrequest|' [63 bytes]
DEBUG:websockets.client:< TEXT '>battle-gen9championsvgc2026regma-1600\nOPmax_2...ected open team sheets.' [73 bytes]
DEBUG:websockets.client:< TEXT '>battle-gen9championsvgc2026regma-1600\nOPmax_2...ected open team sheets.' [73 bytes]
INFO:player:Team-preview [battle-gen9championsvgc2026regma-1600] NET drove: bring=['whimsicott', 'zoroarkhisui', 'ditto', 'charizardmegay'] leads=['whimsicott', 'zoroarkhisui'] (vs opp ['sneasler', 'charizard', 'whimsicott', 'basculegion', 'zoroarkhisui', 'ditto'])
INFO:vgc_base:Teampreview [battle-gen9championsvgc2026regma-1600] \u2192 /team 3562  (whimsicott, zoroarkhisui, ditto, charizardmegay)
DEBUG:websockets.client:> TEXT 'battle-gen9championsvgc2026regma-1600|/team 3562' [48 bytes]
DEBUG:vgc_base:Teampreview: first-4 roster order \u2192 ['sneasler', 'charizardmegay', 'whimsicott', 'basculegion']
INFO:vgc_base:Teampreview [battle-gen9championsvgc2026regma-1600] \u2192 /team 1234  (sneasler, charizardmegay, whimsicott, basculegion)
DEBUG:websockets.client:> TEXT 'battle-gen9championsvgc2026regma-1600|/team 1234' [48 bytes]
DEBUG:websockets.client:< TEXT '|pm| BC2| OPmax_2|/challenge gen9championsvgc20...hampionsvgc2026regma|||' [83 bytes]
DEBUG:websockets.client:< TEXT '|pm| BC2| OPmax_2|/challenge gen9championsvgc20...hampionsvgc2026regma|||' [83 bytes]
DEBUG:websockets.client:< TEXT '|pm| BC2| OPmax_2|/log BC2 wants to battle!' [43 bytes]
DEBUG:websockets.client:< TEXT '|pm| BC2| OPmax_2|/log BC2 wants to battle!' [43 bytes]
DEBUG:websockets.client:> TEXT '|/utm Sneasler||whiteherb|unburden|fakeout,dire...Naive|32,2,,,,32||||50|' [550 bytes]
DEBUG:websockets.client:> TEXT '|/accept bc2' [12 bytes]
DEBUG:websockets.client:< TEXT '|pm| OPmax_2| BC2|/challenge' [28 bytes]
DEBUG:websockets.client:< TEXT '|pm| OPmax_2| BC2|/challenge' [28 bytes]
DEBUG:websockets.client:< TEXT '|updatesearch|{"searching":[],"games":{"battle-... 2026 Reg M-A Battle"}}' [124 bytes]
DEBUG:websockets.client:< TEXT '|updatesearch|{"searching":[],"games":{"battle-... 2026 Reg M-A Battle"}}' [124 bytes]
DEBUG:websockets.client:< TEXT '|updatesearch|{"searching":[],"games":{"battle-... 2026 Reg M-A Battle"}}' [208 bytes]
DEBUG:websockets.client:< TEXT '|updatesearch|{"searching":[],"games":{"battle-... 2026 Reg M-A Battle"}}' [208 bytes]
DEBUG:websockets.client:< TEXT '|updatesearch|{"searching":[],"games":{"battle-... 2026 Reg M-A Battle"}}' [208 bytes]
DEBUG:websockets.client:< TEXT '|updatesearch|{"searching":[],"games":{"battle-... 2026 Reg M-A Battle"}}' [208 bytes]
DEBUG:websockets.client:< TEXT '>battle-gen9championsvgc2026regma-1601\n|init|b... vs. OPmax_2\n|j|\u2606BC2\n' [85 bytes]
DEBUG:websockets.client:< TEXT '>battle-gen9championsvgc2026regma-1601\n|j|\u2606OPmax_2' [52 bytes]
DEBUG:websockets.client:< TEXT '>battle-gen9championsvgc2026regma-1601\n|init|b...n|j|\u2606BC2\n|j|\u2606OPmax_2\n' [99 bytes]
DEBUG:websockets.client:< TEXT '|pm| OPmax_2| BC2|/nonotify OPmax_2 accepted th...26regma-1601</a>&raquo;' [173 bytes]
DEBUG:websockets.client:< TEXT '|pm| OPmax_2| BC2|/nonotify OPmax_2 accepted th...26regma-1601</a>&raquo;' [173 bytes]
DEBUG:websockets.client:< TEXT '>battle-gen9championsvgc2026regma-1600\n|\n|t:|...L50, F|100/100\n|turn|1' [321 bytes]
DEBUG:websockets.client:< TEXT '>battle-gen9championsvgc2026regma-1600\n|reques...ing":false}]},"rqid":4}' [2167 bytes]
DEBUG:websockets.client:< TEXT '>battle-gen9championsvgc2026regma-1600\n|\n|t:|...L50, F|168/168\n|turn|1' [321 bytes]
DEBUG:websockets.client:< TEXT '>battle-gen9championsvgc2026regma-1600\n|reques...ing":false}]},"rqid":5}' [2236 bytes]
DEBUG:websockets.client:< TEXT '>battle-gen9championsvgc2026regma-1601\n|t:|1781643019\n|gametype|doubles' [71 bytes]
DEBUG:websockets.client:< TEXT '>battle-gen9championsvgc2026regma-1601\n|t:|1781643019\n|gametype|doubles' [71 bytes]
DEBUG:websockets.client:< TEXT '>battle-gen9championsvgc2026regma-1601\n|player|p1|BC2|102|' [58 bytes]
DEBUG:websockets.client:< TEXT '>battle-gen9championsvgc2026regma-1601\n|player|p1|BC2|102|' [58 bytes]
DEBUG:websockets.client:< TEXT '>battle-gen9championsvgc2026regma-1601\n|player...heets</strong></button>' [855 bytes]
DEBUG:websockets.client:< TEXT '>battle-gen9championsvgc2026regma-1601\n|reques...ing":false}]},"rqid":3}' [2097 bytes]
DEBUG:vgc_base:Turn 1 [battle-gen9championsvgc2026regma-1600] a0=9 a1=9 src=max_damage g0=0 g1=0
DEBUG:websockets.client:> TEXT 'battle-gen9championsvgc2026regma-1600|/choose m...bat 1, move solarbeam 1' [82 bytes]
DEBUG:websockets.client:< TEXT '>battle-gen9championsvgc2026regma-1601\n|player...heets</strong></button>' [855 bytes]
DEBUG:websockets.client:< TEXT '>battle-gen9championsvgc2026regma-1601\n|reques...ing":false}]},"rqid":2}' [2093 bytes]
INFO:player:Turn 1 [battle-gen9championsvgc2026regma-1600] value head win-prob: 0.351  (losing)
DEBUG:live_vgc_base:Turn 1 [battle-gen9championsvgc2026regma-1600] a0=0 a1=9 src=model opp_splice=on
DEBUG:websockets.client:> TEXT 'battle-gen9championsvgc2026regma-1600|/choose move encore 1, move icywind' [73 bytes]
DEBUG:websockets.client:< TEXT '>battle-gen9championsvgc2026regma-1600\n|\n|t:|...am\n|\n|upkeep\n|turn|2' [643 bytes]
DEBUG:websockets.client:< TEXT '>battle-gen9championsvgc2026regma-1600\n|\n|t:|...am\n|\n|upkeep\n|turn|2' [645 bytes]
DEBUG:websockets.client:< TEXT '>battle-gen9championsvgc2026regma-1600\n|reques...ing":false}]},"rqid":6}' [2166 bytes]
DEBUG:websockets.client:< TEXT '>battle-gen9championsvgc2026regma-1600\n|reques...ing":false}]},"rqid":7}' [1888 bytes]
INFO:player:Turn 2 [battle-gen9championsvgc2026regma-1600] value head win-prob: 0.272  (losing)
DEBUG:live_vgc_base:Turn 2 [battle-gen9championsvgc2026regma-1600] a0=0 a1=9 src=model opp_splice=on
DEBUG:websockets.client:> TEXT 'battle-gen9championsvgc2026regma-1600|/choose move encore 1, move icywind' [73 bytes]
DEBUG:vgc_base:Turn 2 [battle-gen9championsvgc2026regma-1600] a0=9 a1=9 src=max_damage g0=0 g1=0
DEBUG:websockets.client:> TEXT 'battle-gen9championsvgc2026regma-1600|/choose m...bat 1, move solarbeam 1' [82 bytes]
DEBUG:websockets.client:< TEXT '>battle-gen9championsvgc2026regma-1600\n|\n|t:|... Whimsicott\n|\n|upkeep' [639 bytes]
DEBUG:websockets.client:< TEXT '>battle-gen9championsvgc2026regma-1600\n|\n|t:|... Whimsicott\n|\n|upkeep' [640 bytes]
DEBUG:websockets.client:< TEXT '>battle-gen9championsvgc2026regma-1600\n|reques...oCancel":true,"rqid":8}' [1421 bytes]
DEBUG:websockets.client:< TEXT '>battle-gen9championsvgc2026regma-1600\n|reques...ing":false}]},"rqid":9}' [1452 bytes]
DEBUG:live_vgc_base:forceSwitch forced_switch_model [battle-gen9championsvgc2026regma-1600] turn 2 a0=13 a1=None opp_splice=on
DEBUG:websockets.client:> TEXT 'battle-gen9championsvgc2026regma-1600|/choose switch Ditto, pass' [64 bytes]
DEBUG:websockets.client:< TEXT '>battle-gen9championsvgc2026regma-1600\n|\n|t:|...lity: Imposter\n|turn|3' [164 bytes]
DEBUG:websockets.client:< TEXT '>battle-gen9championsvgc2026regma-1600\n|\n|t:|...lity: Imposter\n|turn|3' [164 bytes]
DEBUG:websockets.client:< TEXT '>battle-gen9championsvgc2026regma-1600\n|reques...ng":false}]},"rqid":10}' [2200 bytes]
DEBUG:websockets.client:< TEXT '>battle-gen9championsvgc2026regma-1600\n|reques...ng":false}]},"rqid":11}' [2224 bytes]
INFO:player:Turn 3 [battle-gen9championsvgc2026regma-1600] value head win-prob: 0.517  (even)
DEBUG:live_vgc_base:Turn 3 [battle-gen9championsvgc2026regma-1600] a0=3 a1=9 src=model opp_splice=on
DEBUG:websockets.client:> TEXT 'battle-gen9championsvgc2026regma-1600|/choose move heatwave, move icywind' [73 bytes]
DEBUG:vgc_base:Turn 3 [battle-gen9championsvgc2026regma-1600] a0=9 a1=9 src=max_damage g0=0 g1=0
DEBUG:websockets.client:> TEXT 'battle-gen9championsvgc2026regma-1600|/choose m...bat 1, move solarbeam 1' [82 bytes]
DEBUG:websockets.client:< TEXT '>battle-gen9championsvgc2026regma-1600\n|\n|t:|...|Solar Beam\n|\n|upkeep' [650 bytes]
DEBUG:websockets.client:< TEXT '>battle-gen9championsvgc2026regma-1600\n|\n|t:|...|Solar Beam\n|\n|upkeep' [649 bytes]
DEBUG:websockets.client:< TEXT '>battle-gen9championsvgc2026regma-1600\n|reques...ng":false}]},"rqid":12}' [1428 bytes]
DEBUG:websockets.client:< TEXT '>battle-gen9championsvgc2026regma-1600\n|reques...Cancel":true,"rqid":13}' [1482 bytes]
DEBUG:vgc_base:forceSwitch [battle-gen9championsvgc2026regma-1600] force=[True, False] \u2192 /choose switch Basculegion / /choose pass
DEBUG:websockets.client:> TEXT 'battle-gen9championsvgc2026regma-1600|/choose switch Basculegion, pass' [70 bytes]
DEBUG:websockets.client:< TEXT '>battle-gen9championsvgc2026regma-1600\n|\n|t:|...L50, M|100/100\n|turn|4' [116 bytes]
DEBUG:websockets.client:< TEXT '>battle-gen9championsvgc2026regma-1600\n|\n|t:|...L50, M|197/197\n|turn|4' [116 bytes]
DEBUG:websockets.client:< TEXT '>battle-gen9championsvgc2026regma-1600\n|reques...ng":false}]},"rqid":14}' [2200 bytes]
DEBUG:websockets.client:< TEXT '>battle-gen9championsvgc2026regma-1600\n|reques...ng":false}]},"rqid":15}' [1895 bytes]
DEBUG:vgc_base:Turn 4 [battle-gen9championsvgc2026regma-1600] a0=3 a1=9 src=max_damage g0=0 g1=0
DEBUG:websockets.client:> TEXT 'battle-gen9championsvgc2026regma-1600|/choose m...ash 1, move solarbeam 1' [80 bytes]
INFO:player:Turn 4 [battle-gen9championsvgc2026regma-1600] value head win-prob: 0.139  (losing)
DEBUG:live_vgc_base:Turn 4 [battle-gen9championsvgc2026regma-1600] a0=3 a1=0 src=model opp_splice=on
DEBUG:websockets.client:> TEXT 'battle-gen9championsvgc2026regma-1600|/choose m...atwave, move hypervoice' [76 bytes]
DEBUG:websockets.client:< TEXT '>battle-gen9championsvgc2026regma-1600\n|\n|t:|...rom] Recoil\n|\n|upkeep' [372 bytes]
DEBUG:websockets.client:< TEXT '>battle-gen9championsvgc2026regma-1600\n|\n|t:|...rom] Recoil\n|\n|upkeep' [373 bytes]
DEBUG:websockets.client:< TEXT '>battle-gen9championsvgc2026regma-1600\n|reques...ng":false}]},"rqid":16}' [1404 bytes]
DEBUG:websockets.client:< TEXT '>battle-gen9championsvgc2026regma-1600\n|reques...ng":false}]},"rqid":17}' [1465 bytes]
DEBUG:vgc_base:forceSwitch [battle-gen9championsvgc2026regma-1600] force=[False, True] \u2192 /choose pass / /choose switch Whimsicott
DEBUG:websockets.client:> TEXT 'battle-gen9championsvgc2026regma-1600|/choose pass, switch Whimsicott' [69 bytes]
DEBUG:live_vgc_base:forceSwitch forced_switch_model [battle-gen9championsvgc2026regma-1600] turn 4 a0=12 a1=None opp_splice=on
DEBUG:websockets.client:> TEXT 'battle-gen9championsvgc2026regma-1600|/choose switch Charizard, pass' [68 bytes]
DEBUG:websockets.client:< TEXT '>battle-gen9championsvgc2026regma-1600\n|\n|t:|...L50, F|168/168\n|turn|5' [163 bytes]
DEBUG:websockets.client:< TEXT '>battle-gen9championsvgc2026regma-1600\n|\n|t:|...L50, F|100/100\n|turn|5' [163 bytes]
DEBUG:websockets.client:< TEXT '>battle-gen9championsvgc2026regma-1600\n|reques...ng":false}]},"rqid":18}' [2185 bytes]
DEBUG:websockets.client:< TEXT '>battle-gen9championsvgc2026regma-1600\n|reques...ng":false}]},"rqid":19}' [2211 bytes]
INFO:player:Turn 5 [battle-gen9championsvgc2026regma-1600] value head win-prob: 0.160  (losing)
DEBUG:live_vgc_base:Turn 5 [battle-gen9championsvgc2026regma-1600] a0=0 a1=0 src=model opp_splice=on
DEBUG:websockets.client:> TEXT 'battle-gen9championsvgc2026regma-1600|/choose m...e mega, move hypervoice' [81 bytes]
DEBUG:vgc_base:Turn 5 [battle-gen9championsvgc2026regma-1600] a0=3 a1=6 src=max_damage g0=0 g1=0
DEBUG:websockets.client:> TEXT 'battle-gen9championsvgc2026regma-1600|/choose m...ash 1, move moonblast 1' [80 bytes]
DEBUG:websockets.client:< TEXT '>battle-gen9championsvgc2026regma-1600\n|\n|t:|...keep]\n|upkeep\n|turn|6' [838 bytes]
DEBUG:websockets.client:< TEXT '>battle-gen9championsvgc2026regma-1600\n|\n|t:|...keep]\n|upkeep\n|turn|6' [837 bytes]
DEBUG:websockets.client:< TEXT '>battle-gen9championsvgc2026regma-1600\n|reques...ng":false}]},"rqid":20}' [2167 bytes]
DEBUG:websockets.client:< TEXT '>battle-gen9championsvgc2026regma-1600\n|reques...ng":false}]},"rqid":21}' [2209 bytes]
DEBUG:vgc_base:Turn 6 [battle-gen9championsvgc2026regma-1600] a0=6 a1=3 src=max_damage g0=0 g1=0
DEBUG:websockets.client:> TEXT 'battle-gen9championsvgc2026regma-1600|/choose move protect, move tailwind' [73 bytes]
INFO:player:Turn 6 [battle-gen9championsvgc2026regma-1600] value head win-prob: 0.082  (losing)
DEBUG:live_vgc_base:Turn 6 [battle-gen9championsvgc2026regma-1600] a0=0 a1=0 src=model opp_splice=on
DEBUG:vgc_base:_safe_order: action 0 slot 0 \u2192 None, scanning legal actions.
DEBUG:vgc_base:_safe_order: slot 0 has no decodable legal action — sending Pass.
DEBUG:websockets.client:> TEXT 'battle-gen9championsvgc2026regma-1600|/choose pass, move hypervoice' [67 bytes]
DEBUG:websockets.client:< TEXT '>battle-gen9championsvgc2026regma-1600\n|\n|t:|...keep]\n|upkeep\n|turn|7' [432 bytes]
DEBUG:websockets.client:< TEXT '>battle-gen9championsvgc2026regma-1600\n|\n|t:|...keep]\n|upkeep\n|turn|7' [432 bytes]
DEBUG:websockets.client:< TEXT '>battle-gen9championsvgc2026regma-1600\n|reques...ng":false}]},"rqid":22}' [2166 bytes]
DEBUG:websockets.client:< TEXT '>battle-gen9championsvgc2026regma-1600\n|reques...ng":false}]},"rqid":23}' [2208 bytes]
INFO:player:Turn 7 [battle-gen9championsvgc2026regma-1600] value head win-prob: 0.983  (winning)
DEBUG:live_vgc_base:Turn 7 [battle-gen9championsvgc2026regma-1600] a0=0 a1=0 src=model opp_splice=on
DEBUG:vgc_base:_safe_order: action 0 slot 0 \u2192 None, scanning legal actions.
DEBUG:vgc_base:_safe_order: slot 0 has no decodable legal action — sending Pass.
DEBUG:websockets.client:> TEXT 'battle-gen9championsvgc2026regma-1600|/choose pass, move hypervoice' [67 bytes]
DEBUG:vgc_base:Turn 7 [battle-gen9championsvgc2026regma-1600] a0=3 a1=0 src=max_damage g0=0 g1=0
DEBUG:vgc_base:_safe_order: action 0 slot 1 \u2192 None, scanning legal actions.
DEBUG:vgc_base:_safe_order: slot 1 has no decodable legal action — sending Pass.
DEBUG:websockets.client:> TEXT 'battle-gen9championsvgc2026regma-1600|/choose move wavecrash 1, pass' [68 bytes]
DEBUG:websockets.client:< TEXT '>battle-gen9championsvgc2026regma-1600\n|\n|t:|...keep]\n|upkeep\n|turn|8' [372 bytes]
DEBUG:websockets.client:< TEXT '>battle-gen9championsvgc2026regma-1600\n|\n|t:|...keep]\n|upkeep\n|turn|8' [372 bytes]
DEBUG:websockets.client:< TEXT '>battle-gen9championsvgc2026regma-1600\n|reques...ng":false}]},"rqid":24}' [2164 bytes]
DEBUG:websockets.client:< TEXT '>battle-gen9championsvgc2026regma-1600\n|reques...ng":false}]},"rqid":25}' [2206 bytes]
DEBUG:vgc_base:Turn 8 [battle-gen9championsvgc2026regma-1600] a0=4 a1=0 src=max_damage g0=0 g1=0
DEBUG:vgc_base:_safe_order: action 0 slot 1 \u2192 None, scanning legal actions.
DEBUG:vgc_base:_safe_order: slot 1 has no decodable legal action — sending Pass.
DEBUG:websockets.client:> TEXT 'battle-gen9championsvgc2026regma-1600|/choose move wavecrash 2, pass' [68 bytes]
INFO:player:Turn 8 [battle-gen9championsvgc2026regma-1600] value head win-prob: 0.956  (winning)
DEBUG:live_vgc_base:Turn 8 [battle-gen9championsvgc2026regma-1600] a0=0 a1=9 src=model opp_splice=on
DEBUG:vgc_base:_safe_order: action 0 slot 0 \u2192 None, scanning legal actions.
DEBUG:vgc_base:_safe_order: slot 0 has no decodable legal action — sending Pass.
DEBUG:websockets.client:> TEXT 'battle-gen9championsvgc2026regma-1600|/choose pass, move icywind' [64 bytes]
DEBUG:websockets.client:< TEXT '>battle-gen9championsvgc2026regma-1600\n|\n|t:|...Recoil\n|\n|win|OPmax_2' [211 bytes]
DEBUG:websockets.client:< TEXT '>battle-gen9championsvgc2026regma-1600\n|\n|t:|...Recoil\n|\n|win|OPmax_2' [211 bytes]
DEBUG:websockets.client:< TEXT '|updatesearch|{"searching":[],"games":{"battle-... 2026 Reg M-A Battle"}}' [124 bytes]
INFO:vgc_base:Battle battle-gen9championsvgc2026regma-1600 finished — outcome: LOSS  (W/L/D so far: 3/2/0)
DEBUG:websockets.client:> TEXT '|/leave battle-gen9championsvgc2026regma-1600' [45 bytes]
DEBUG:websockets.client:< TEXT '|updatesearch|{"searching":[],"games":{"battle-... 2026 Reg M-A Battle"}}' [124 bytes]
DEBUG:websockets.client:> TEXT 'battle-gen9championsvgc2026regma-1601|/rejectopenteamsheets' [59 bytes]
INFO:vgc_base:Battle battle-gen9championsvgc2026regma-1600 finished — outcome: WIN  (W/L/D so far: 2/3/0)
DEBUG:websockets.client:> TEXT '|/leave battle-gen9championsvgc2026regma-1600' [45 bytes]
DEBUG:websockets.client:> TEXT '|/utm Sneasler||whiteherb|unburden|fakeout,dire...Naive|32,2,,,,32||||50|' [550 bytes]
DEBUG:websockets.client:> TEXT '|/challenge opmax2, gen9championsvgc2026regma' [45 bytes]
DEBUG:websockets.client:> TEXT 'battle-gen9championsvgc2026regma-1601|/rejectopenteamsheets' [59 bytes]
DEBUG:websockets.client:< TEXT '>battle-gen9championsvgc2026regma-1600\n|deinit' [46 bytes]
DEBUG:websockets.client:< TEXT '>battle-gen9championsvgc2026regma-1600\n|l|\u2606BC2' [48 bytes]
DEBUG:websockets.client:< TEXT '>battle-gen9championsvgc2026regma-1601\n|uhtmlchange|otsrequest|' [63 bytes]
DEBUG:websockets.client:< TEXT '>battle-gen9championsvgc2026regma-1601\nBC2 rejected open team sheets.' [69 bytes]
DEBUG:websockets.client:< TEXT '>battle-gen9championsvgc2026regma-1601\n|uhtmlchange|otsrequest|' [63 bytes]
DEBUG:websockets.client:< TEXT '>battle-gen9championsvgc2026regma-1601\nBC2 rejected open team sheets.' [69 bytes]
DEBUG:websockets.client:< TEXT '>battle-gen9championsvgc2026regma-1600\n|deinit' [46 bytes]
DEBUG:websockets.client:< TEXT '>battle-gen9championsvgc2026regma-1601\n|uhtmlchange|otsrequest|' [63 bytes]
DEBUG:websockets.client:< TEXT '>battle-gen9championsvgc2026regma-1601\n|uhtmlchange|otsrequest|' [63 bytes]
DEBUG:websockets.client:< TEXT '>battle-gen9championsvgc2026regma-1601\nOPmax_2...ected open team sheets.' [73 bytes]
DEBUG:websockets.client:< TEXT '>battle-gen9championsvgc2026regma-1601\nOPmax_2...ected open team sheets.' [73 bytes]
INFO:player:Team-preview [battle-gen9championsvgc2026regma-1601] NET drove: bring=['whimsicott', 'zoroarkhisui', 'ditto', 'charizardmegay'] leads=['whimsicott', 'zoroarkhisui'] (vs opp ['sneasler', 'charizard', 'whimsicott', 'basculegion', 'zoroarkhisui', 'ditto'])
INFO:vgc_base:Teampreview [battle-gen9championsvgc2026regma-1601] \u2192 /team 3562  (whimsicott, zoroarkhisui, ditto, charizardmegay)
DEBUG:websockets.client:> TEXT 'battle-gen9championsvgc2026regma-1601|/team 3562' [48 bytes]
DEBUG:vgc_base:Teampreview: first-4 roster order \u2192 ['sneasler', 'charizardmegay', 'whimsicott', 'basculegion']
INFO:vgc_base:Teampreview [battle-gen9championsvgc2026regma-1601] \u2192 /team 1234  (sneasler, charizardmegay, whimsicott, basculegion)
DEBUG:websockets.client:> TEXT 'battle-gen9championsvgc2026regma-1601|/team 1234' [48 bytes]
DEBUG:websockets.client:< TEXT '|pm| BC2| OPmax_2|/challenge gen9championsvgc20...hampionsvgc2026regma|||' [83 bytes]
DEBUG:websockets.client:< TEXT '|pm| BC2| OPmax_2|/challenge gen9championsvgc20...hampionsvgc2026regma|||' [83 bytes]
DEBUG:websockets.client:< TEXT '|pm| BC2| OPmax_2|/log BC2 wants to battle!' [43 bytes]
DEBUG:websockets.client:< TEXT '|pm| BC2| OPmax_2|/log BC2 wants to battle!' [43 bytes]
DEBUG:websockets.client:> TEXT '|/utm Sneasler||whiteherb|unburden|fakeout,dire...Naive|32,2,,,,32||||50|' [550 bytes]
DEBUG:websockets.client:> TEXT '|/accept bc2' [12 bytes]
DEBUG:websockets.client:< TEXT '>battle-gen9championsvgc2026regma-1601\n|\n|t:|...L50, F|100/100\n|turn|1' [321 bytes]
DEBUG:websockets.client:< TEXT '>battle-gen9championsvgc2026regma-1601\n|\n|t:|...L50, F|168/168\n|turn|1' [321 bytes]
DEBUG:websockets.client:< TEXT '>battle-gen9championsvgc2026regma-1601\n|reques...ing":false}]},"rqid":4}' [2167 bytes]
DEBUG:websockets.client:< TEXT '>battle-gen9championsvgc2026regma-1601\n|reques...ing":false}]},"rqid":5}' [2236 bytes]
DEBUG:websockets.client:< TEXT '|pm| OPmax_2| BC2|/challenge' [28 bytes]
INFO:player:Turn 1 [battle-gen9championsvgc2026regma-1601] value head win-prob: 0.351  (losing)
DEBUG:live_vgc_base:Turn 1 [battle-gen9championsvgc2026regma-1601] a0=0 a1=9 src=model opp_splice=on
DEBUG:websockets.client:> TEXT 'battle-gen9championsvgc2026regma-1601|/choose move encore 1, move icywind' [73 bytes]
DEBUG:websockets.client:< TEXT '|pm| OPmax_2| BC2|/challenge' [28 bytes]
DEBUG:websockets.client:< TEXT '|updatesearch|{"searching":[],"games":{"battle-... 2026 Reg M-A Battle"}}' [124 bytes]
DEBUG:websockets.client:< TEXT '|updatesearch|{"searching":[],"games":{"battle-... 2026 Reg M-A Battle"}}' [208 bytes]
DEBUG:websockets.client:< TEXT '|updatesearch|{"searching":[],"games":{"battle-... 2026 Reg M-A Battle"}}' [208 bytes]
DEBUG:websockets.client:< TEXT '|updatesearch|{"searching":[],"games":{"battle-... 2026 Reg M-A Battle"}}' [124 bytes]
DEBUG:websockets.client:< TEXT '|updatesearch|{"searching":[],"games":{"battle-... 2026 Reg M-A Battle"}}' [208 bytes]
DEBUG:websockets.client:< TEXT '|updatesearch|{"searching":[],"games":{"battle-... 2026 Reg M-A Battle"}}' [208 bytes]
DEBUG:websockets.client:< TEXT '>battle-gen9championsvgc2026regma-1602\n|init|b...n|j|\u2606BC2\n|j|\u2606OPmax_2\n' [99 bytes]
DEBUG:websockets.client:< TEXT '|pm| OPmax_2| BC2|/nonotify OPmax_2 accepted th...26regma-1602</a>&raquo;' [173 bytes]
DEBUG:websockets.client:< TEXT '>battle-gen9championsvgc2026regma-1602\n|t:|1781643019\n|gametype|doubles' [71 bytes]
DEBUG:websockets.client:< TEXT '>battle-gen9championsvgc2026regma-1602\n|player|p1|BC2|102|' [58 bytes]
DEBUG:websockets.client:< TEXT '>battle-gen9championsvgc2026regma-1602\n|player...heets</strong></button>' [855 bytes]
DEBUG:websockets.client:< TEXT '>battle-gen9championsvgc2026regma-1602\n|reques...ing":false}]},"rqid":3}' [2097 bytes]
DEBUG:vgc_base:Turn 1 [battle-gen9championsvgc2026regma-1601] a0=9 a1=9 src=max_damage g0=0 g1=0
DEBUG:websockets.client:> TEXT 'battle-gen9championsvgc2026regma-1601|/choose m...bat 1, move solarbeam 1' [82 bytes]
DEBUG:websockets.client:< TEXT '>battle-gen9championsvgc2026regma-1602\n|init|b... vs. OPmax_2\n|j|\u2606BC2\n' [85 bytes]
DEBUG:websockets.client:< TEXT '>battle-gen9championsvgc2026regma-1602\n|j|\u2606OPmax_2' [52 bytes]
DEBUG:websockets.client:< TEXT '|pm| OPmax_2| BC2|/nonotify OPmax_2 accepted th...26regma-1602</a>&raquo;' [173 bytes]
DEBUG:websockets.client:< TEXT '>battle-gen9championsvgc2026regma-1602\n|t:|1781643019\n|gametype|doubles' [71 bytes]
DEBUG:websockets.client:< TEXT '>battle-gen9championsvgc2026regma-1602\n|player|p1|BC2|102|' [58 bytes]
DEBUG:websockets.client:< TEXT '>battle-gen9championsvgc2026regma-1602\n|player...heets</strong></button>' [855 bytes]
DEBUG:websockets.client:< TEXT '>battle-gen9championsvgc2026regma-1602\n|reques...ing":false}]},"rqid":2}' [2093 bytes]
DEBUG:websockets.client:< TEXT '>battle-gen9championsvgc2026regma-1601\n|\n|t:|...am\n|\n|upkeep\n|turn|2' [588 bytes]
DEBUG:websockets.client:< TEXT '>battle-gen9championsvgc2026regma-1601\n|\n|t:|...am\n|\n|upkeep\n|turn|2' [588 bytes]
DEBUG:websockets.client:< TEXT '>battle-gen9championsvgc2026regma-1601\n|reques...ing":false}]},"rqid":6}' [2166 bytes]
DEBUG:websockets.client:< TEXT '>battle-gen9championsvgc2026regma-1601\n|reques...ing":false}]},"rqid":7}' [1888 bytes]
DEBUG:vgc_base:Turn 2 [battle-gen9championsvgc2026regma-1601] a0=9 a1=9 src=max_damage g0=0 g1=0
DEBUG:websockets.client:> TEXT 'battle-gen9championsvgc2026regma-1601|/choose m...bat 1, move solarbeam 1' [82 bytes]
INFO:player:Turn 2 [battle-gen9championsvgc2026regma-1601] value head win-prob: 0.179  (losing)
DEBUG:live_vgc_base:Turn 2 [battle-gen9championsvgc2026regma-1601] a0=0 a1=9 src=model opp_splice=on
DEBUG:websockets.client:> TEXT 'battle-gen9championsvgc2026regma-1601|/choose move encore 1, move icywind' [73 bytes]
DEBUG:websockets.client:< TEXT '>battle-gen9championsvgc2026regma-1601\n|\n|t:|... Whimsicott\n|\n|upkeep' [640 bytes]
DEBUG:websockets.client:< TEXT '>battle-gen9championsvgc2026regma-1601\n|\n|t:|... Whimsicott\n|\n|upkeep' [641 bytes]
DEBUG:websockets.client:< TEXT '>battle-gen9championsvgc2026regma-1601\n|reques...oCancel":true,"rqid":8}' [1421 bytes]
DEBUG:websockets.client:< TEXT '>battle-gen9championsvgc2026regma-1601\n|reques...ing":false}]},"rqid":9}' [1453 bytes]
DEBUG:live_vgc_base:forceSwitch forced_switch_model [battle-gen9championsvgc2026regma-1601] turn 2 a0=13 a1=None opp_splice=on
DEBUG:websockets.client:> TEXT 'battle-gen9championsvgc2026regma-1601|/choose switch Ditto, pass' [64 bytes]
DEBUG:websockets.client:< TEXT '>battle-gen9championsvgc2026regma-1601\n|\n|t:|...lity: Imposter\n|turn|3' [164 bytes]
DEBUG:websockets.client:< TEXT '>battle-gen9championsvgc2026regma-1601\n|\n|t:|...lity: Imposter\n|turn|3' [164 bytes]
DEBUG:websockets.client:< TEXT '>battle-gen9championsvgc2026regma-1601\n|reques...ng":false}]},"rqid":10}' [2200 bytes]
DEBUG:websockets.client:< TEXT '>battle-gen9championsvgc2026regma-1601\n|reques...ng":false}]},"rqid":11}' [2225 bytes]
DEBUG:vgc_base:Turn 3 [battle-gen9championsvgc2026regma-1601] a0=9 a1=9 src=max_damage g0=0 g1=0
DEBUG:websockets.client:> TEXT 'battle-gen9championsvgc2026regma-1601|/choose m...bat 1, move solarbeam 1' [82 bytes]
INFO:player:Turn 3 [battle-gen9championsvgc2026regma-1601] value head win-prob: 0.374  (losing)
DEBUG:live_vgc_base:Turn 3 [battle-gen9championsvgc2026regma-1601] a0=3 a1=9 src=model opp_splice=on
DEBUG:websockets.client:> TEXT 'battle-gen9championsvgc2026regma-1601|/choose move heatwave, move icywind' [73 bytes]
DEBUG:websockets.client:< TEXT '>battle-gen9championsvgc2026regma-1601\n|\n|t:|...|Solar Beam\n|\n|upkeep' [590 bytes]
DEBUG:websockets.client:< TEXT '>battle-gen9championsvgc2026regma-1601\n|\n|t:|...|Solar Beam\n|\n|upkeep' [591 bytes]
DEBUG:websockets.client:< TEXT '>battle-gen9championsvgc2026regma-1601\n|reques...Cancel":true,"rqid":13}' [1483 bytes]
DEBUG:websockets.client:< TEXT '>battle-gen9championsvgc2026regma-1601\n|reques...ng":false}]},"rqid":12}' [1427 bytes]
DEBUG:vgc_base:forceSwitch [battle-gen9championsvgc2026regma-1601] force=[True, False] \u2192 /choose switch Basculegion / /choose pass
DEBUG:websockets.client:> TEXT 'battle-gen9championsvgc2026regma-1601|/choose switch Basculegion, pass' [70 bytes]
DEBUG:websockets.client:< TEXT '>battle-gen9championsvgc2026regma-1601\n|\n|t:|...L50, M|100/100\n|turn|4' [116 bytes]
DEBUG:websockets.client:< TEXT '>battle-gen9championsvgc2026regma-1601\n|\n|t:|...L50, M|197/197\n|turn|4' [116 bytes]
DEBUG:websockets.client:< TEXT '>battle-gen9championsvgc2026regma-1601\n|reques...ng":false}]},"rqid":14}' [2199 bytes]
DEBUG:websockets.client:< TEXT '>battle-gen9championsvgc2026regma-1601\n|reques...ng":false}]},"rqid":15}' [1896 bytes]
INFO:player:Turn 4 [battle-gen9championsvgc2026regma-1601] value head win-prob: 0.116  (losing)
DEBUG:live_vgc_base:Turn 4 [battle-gen9championsvgc2026regma-1601] a0=3 a1=0 src=model opp_splice=on
DEBUG:websockets.client:> TEXT 'battle-gen9championsvgc2026regma-1601|/choose m...atwave, move hypervoice' [76 bytes]
DEBUG:vgc_base:Turn 4 [battle-gen9championsvgc2026regma-1601] a0=3 a1=9 src=max_damage g0=0 g1=0
DEBUG:websockets.client:> TEXT 'battle-gen9championsvgc2026regma-1601|/choose m...ash 1, move solarbeam 1' [80 bytes]
DEBUG:websockets.client:< TEXT '>battle-gen9championsvgc2026regma-1601\n|\n|t:|...rk|Illusion\n|\n|upkeep' [519 bytes]
DEBUG:websockets.client:< TEXT '>battle-gen9championsvgc2026regma-1601\n|\n|t:|...rk|Illusion\n|\n|upkeep' [520 bytes]
DEBUG:websockets.client:< TEXT '>battle-gen9championsvgc2026regma-1601\n|reques...Cancel":true,"rqid":16}' [1419 bytes]
DEBUG:websockets.client:< TEXT '>battle-gen9championsvgc2026regma-1601\n|reques...ng":false}]},"rqid":17}' [1451 bytes]
DEBUG:live_vgc_base:forceSwitch forced_switch_model [battle-gen9championsvgc2026regma-1601] turn 4 a0=12 a1=None opp_splice=on
DEBUG:websockets.client:> TEXT 'battle-gen9championsvgc2026regma-1601|/choose switch Charizard, pass' [68 bytes]
DEBUG:websockets.client:< TEXT '>battle-gen9championsvgc2026regma-1601\n|\n|t:|...L50, M|168/168\n|turn|5' [112 bytes]
DEBUG:websockets.client:< TEXT '>battle-gen9championsvgc2026regma-1601\n|\n|t:|...L50, M|100/100\n|turn|5' [112 bytes]
DEBUG:websockets.client:< TEXT '>battle-gen9championsvgc2026regma-1601\n|reques...ng":false}]},"rqid":18}' [2184 bytes]
DEBUG:websockets.client:< TEXT '>battle-gen9championsvgc2026regma-1601\n|reques...ng":false}]},"rqid":19}' [2233 bytes]
DEBUG:vgc_base:Turn 5 [battle-gen9championsvgc2026regma-1601] a0=3 a1=9 src=max_damage g0=0 g1=0
DEBUG:websockets.client:> TEXT 'battle-gen9championsvgc2026regma-1601|/choose m...ash 1, move solarbeam 1' [80 bytes]
INFO:player:Turn 5 [battle-gen9championsvgc2026regma-1601] value head win-prob: 0.042  (losing)
DEBUG:live_vgc_base:Turn 5 [battle-gen9championsvgc2026regma-1601] a0=0 a1=0 src=model opp_splice=on
DEBUG:websockets.client:> TEXT 'battle-gen9championsvgc2026regma-1601|/choose m...e mega, move hypervoice' [81 bytes]
DEBUG:websockets.client:< TEXT '>battle-gen9championsvgc2026regma-1601\n|\n|t:|...nyDay|[upkeep]\n|upkeep' [688 bytes]
DEBUG:websockets.client:< TEXT '>battle-gen9championsvgc2026regma-1601\n|\n|t:|...nyDay|[upkeep]\n|upkeep' [688 bytes]
DEBUG:websockets.client:< TEXT '>battle-gen9championsvgc2026regma-1601\n|reques...ng":false}]},"rqid":20}' [1388 bytes]
DEBUG:websockets.client:< TEXT '>battle-gen9championsvgc2026regma-1601\n|reques...Cancel":true,"rqid":21}' [1480 bytes]
DEBUG:vgc_base:forceSwitch [battle-gen9championsvgc2026regma-1601] force=[False, True] \u2192 /choose pass / /choose switch Whimsicott
DEBUG:websockets.client:> TEXT 'battle-gen9championsvgc2026regma-1601|/choose pass, switch Whimsicott' [69 bytes]
DEBUG:websockets.client:< TEXT '>battle-gen9championsvgc2026regma-1601\n|\n|t:|...L50, F|100/100\n|turn|6' [114 bytes]
DEBUG:websockets.client:< TEXT '>battle-gen9championsvgc2026regma-1601\n|\n|t:|...L50, F|137/137\n|turn|6' [114 bytes]
DEBUG:websockets.client:< TEXT '>battle-gen9championsvgc2026regma-1601\n|reques...ng":false}]},"rqid":23}' [2210 bytes]
DEBUG:websockets.client:< TEXT '>battle-gen9championsvgc2026regma-1601\n|reques...ng":false}]},"rqid":22}' [2166 bytes]
DEBUG:vgc_base:Turn 6 [battle-gen9championsvgc2026regma-1601] a0=4 a1=7 src=max_damage g0=0 g1=0
DEBUG:websockets.client:> TEXT 'battle-gen9championsvgc2026regma-1601|/choose m...ash 2, move moonblast 2' [80 bytes]
INFO:player:Turn 6 [battle-gen9championsvgc2026regma-1601] value head win-prob: 0.002  (losing)
DEBUG:live_vgc_base:Turn 6 [battle-gen9championsvgc2026regma-1601] a0=0 a1=0 src=model opp_splice=on
DEBUG:vgc_base:_safe_order: action 0 slot 0 \u2192 None, scanning legal actions.
DEBUG:vgc_base:_safe_order: slot 0 has no decodable legal action — sending Pass.
DEBUG:websockets.client:> TEXT 'battle-gen9championsvgc2026regma-1601|/choose pass, move hypervoice' [67 bytes]
DEBUG:websockets.client:< TEXT '>battle-gen9championsvgc2026regma-1601\n|\n|t:|...oroark\n|\n|win|OPmax_2' [163 bytes]
DEBUG:websockets.client:< TEXT '>battle-gen9championsvgc2026regma-1601\n|\n|t:|...oroark\n|\n|win|OPmax_2' [163 bytes]
DEBUG:websockets.client:< TEXT '|updatesearch|{"searching":[],"games":{"battle-... 2026 Reg M-A Battle"}}' [124 bytes]
INFO:vgc_base:Battle battle-gen9championsvgc2026regma-1601 finished — outcome: LOSS  (W/L/D so far: 3/3/0)
DEBUG:websockets.client:> TEXT '|/leave battle-gen9championsvgc2026regma-1601' [45 bytes]
DEBUG:websockets.client:< TEXT '|updatesearch|{"searching":[],"games":{"battle-... 2026 Reg M-A Battle"}}' [124 bytes]
DEBUG:websockets.client:> TEXT 'battle-gen9championsvgc2026regma-1602|/rejectopenteamsheets' [59 bytes]
INFO:vgc_base:Battle battle-gen9championsvgc2026regma-1601 finished — outcome: WIN  (W/L/D so far: 3/3/0)
DEBUG:websockets.client:> TEXT '|/leave battle-gen9championsvgc2026regma-1601' [45 bytes]
DEBUG:websockets.client:> TEXT '|/utm Sneasler||whiteherb|unburden|fakeout,dire...Naive|32,2,,,,32||||50|' [550 bytes]
DEBUG:websockets.client:> TEXT '|/challenge opmax2, gen9championsvgc2026regma' [45 bytes]
DEBUG:websockets.client:> TEXT 'battle-gen9championsvgc2026regma-1602|/rejectopenteamsheets' [59 bytes]
DEBUG:websockets.client:< TEXT '>battle-gen9championsvgc2026regma-1601\n|deinit' [46 bytes]
DEBUG:websockets.client:< TEXT '>battle-gen9championsvgc2026regma-1601\n|l|\u2606BC2' [48 bytes]
DEBUG:websockets.client:< TEXT '>battle-gen9championsvgc2026regma-1602\n|uhtmlchange|otsrequest|' [63 bytes]
DEBUG:websockets.client:< TEXT '>battle-gen9championsvgc2026regma-1602\nBC2 rejected open team sheets.' [69 bytes]
DEBUG:websockets.client:< TEXT '>battle-gen9championsvgc2026regma-1602\n|uhtmlchange|otsrequest|' [63 bytes]
DEBUG:websockets.client:< TEXT '>battle-gen9championsvgc2026regma-1602\nBC2 rejected open team sheets.' [69 bytes]
DEBUG:websockets.client:< TEXT '>battle-gen9championsvgc2026regma-1601\n|deinit' [46 bytes]
DEBUG:websockets.client:< TEXT '>battle-gen9championsvgc2026regma-1602\n|uhtmlchange|otsrequest|' [63 bytes]
DEBUG:websockets.client:< TEXT '>battle-gen9championsvgc2026regma-1602\n|uhtmlchange|otsrequest|' [63 bytes]
DEBUG:websockets.client:< TEXT '>battle-gen9championsvgc2026regma-1602\nOPmax_2...ected open team sheets.' [73 bytes]
DEBUG:websockets.client:< TEXT '>battle-gen9championsvgc2026regma-1602\nOPmax_2...ected open team sheets.' [73 bytes]
INFO:player:Team-preview [battle-gen9championsvgc2026regma-1602] NET drove: bring=['whimsicott', 'zoroarkhisui', 'ditto', 'charizardmegay'] leads=['whimsicott', 'zoroarkhisui'] (vs opp ['sneasler', 'charizard', 'whimsicott', 'basculegion', 'zoroarkhisui', 'ditto'])
INFO:vgc_base:Teampreview [battle-gen9championsvgc2026regma-1602] \u2192 /team 3562  (whimsicott, zoroarkhisui, ditto, charizardmegay)
DEBUG:websockets.client:> TEXT 'battle-gen9championsvgc2026regma-1602|/team 3562' [48 bytes]
DEBUG:vgc_base:Teampreview: first-4 roster order \u2192 ['sneasler', 'charizardmegay', 'whimsicott', 'basculegion']
INFO:vgc_base:Teampreview [battle-gen9championsvgc2026regma-1602] \u2192 /team 1234  (sneasler, charizardmegay, whimsicott, basculegion)
DEBUG:websockets.client:> TEXT 'battle-gen9championsvgc2026regma-1602|/team 1234' [48 bytes]
DEBUG:websockets.client:< TEXT '|pm| BC2| OPmax_2|/challenge gen9championsvgc20...hampionsvgc2026regma|||' [83 bytes]
DEBUG:websockets.client:< TEXT '|pm| BC2| OPmax_2|/challenge gen9championsvgc20...hampionsvgc2026regma|||' [83 bytes]
DEBUG:websockets.client:< TEXT '|pm| BC2| OPmax_2|/log BC2 wants to battle!' [43 bytes]
DEBUG:websockets.client:< TEXT '|pm| BC2| OPmax_2|/log BC2 wants to battle!' [43 bytes]
DEBUG:websockets.client:> TEXT '|/utm Sneasler||whiteherb|unburden|fakeout,dire...Naive|32,2,,,,32||||50|' [550 bytes]
DEBUG:websockets.client:> TEXT '|/accept bc2' [12 bytes]
DEBUG:websockets.client:< TEXT '|pm| OPmax_2| BC2|/challenge' [28 bytes]
DEBUG:websockets.client:< TEXT '|pm| OPmax_2| BC2|/challenge' [28 bytes]
DEBUG:websockets.client:< TEXT '|updatesearch|{"searching":[],"games":{"battle-... 2026 Reg M-A Battle"}}' [124 bytes]
DEBUG:websockets.client:< TEXT '|updatesearch|{"searching":[],"games":{"battle-... 2026 Reg M-A Battle"}}' [124 bytes]
DEBUG:websockets.client:< TEXT '|updatesearch|{"searching":[],"games":{"battle-... 2026 Reg M-A Battle"}}' [208 bytes]
DEBUG:websockets.client:< TEXT '|updatesearch|{"searching":[],"games":{"battle-... 2026 Reg M-A Battle"}}' [208 bytes]
DEBUG:websockets.client:< TEXT '|updatesearch|{"searching":[],"games":{"battle-... 2026 Reg M-A Battle"}}' [208 bytes]
DEBUG:websockets.client:< TEXT '|updatesearch|{"searching":[],"games":{"battle-... 2026 Reg M-A Battle"}}' [208 bytes]
DEBUG:websockets.client:< TEXT '>battle-gen9championsvgc2026regma-1603\n|init|b... vs. OPmax_2\n|j|\u2606BC2\n' [85 bytes]
DEBUG:websockets.client:< TEXT '>battle-gen9championsvgc2026regma-1603\n|j|\u2606OPmax_2' [52 bytes]
DEBUG:websockets.client:< TEXT '>battle-gen9championsvgc2026regma-1603\n|init|b...n|j|\u2606BC2\n|j|\u2606OPmax_2\n' [99 bytes]
DEBUG:websockets.client:< TEXT '|pm| OPmax_2| BC2|/nonotify OPmax_2 accepted th...26regma-1603</a>&raquo;' [173 bytes]
DEBUG:websockets.client:< TEXT '|pm| OPmax_2| BC2|/nonotify OPmax_2 accepted th...26regma-1603</a>&raquo;' [173 bytes]
DEBUG:websockets.client:< TEXT '>battle-gen9championsvgc2026regma-1602\n|\n|t:|...L50, M|100/100\n|turn|1' [321 bytes]
DEBUG:websockets.client:< TEXT '>battle-gen9championsvgc2026regma-1602\n|\n|t:|...L50, M|168/168\n|turn|1' [321 bytes]
DEBUG:websockets.client:< TEXT '>battle-gen9championsvgc2026regma-1602\n|reques...ing":false}]},"rqid":4}' [2167 bytes]
DEBUG:websockets.client:< TEXT '>battle-gen9championsvgc2026regma-1603\n|t:|1781643020\n|gametype|doubles' [71 bytes]
DEBUG:websockets.client:< TEXT '>battle-gen9championsvgc2026regma-1602\n|reques...ing":false}]},"rqid":5}' [2236 bytes]
DEBUG:websockets.client:< TEXT '>battle-gen9championsvgc2026regma-1603\n|t:|1781643020\n|gametype|doubles' [71 bytes]
DEBUG:websockets.client:< TEXT '>battle-gen9championsvgc2026regma-1603\n|player|p1|BC2|102|' [58 bytes]
DEBUG:websockets.client:< TEXT '>battle-gen9championsvgc2026regma-1603\n|player|p1|BC2|102|' [58 bytes]
INFO:player:Turn 1 [battle-gen9championsvgc2026regma-1602] value head win-prob: 0.351  (losing)
DEBUG:live_vgc_base:Turn 1 [battle-gen9championsvgc2026regma-1602] a0=0 a1=9 src=model opp_splice=on
DEBUG:websockets.client:> TEXT 'battle-gen9championsvgc2026regma-1602|/choose move encore 1, move icywind' [73 bytes]
DEBUG:websockets.client:< TEXT '>battle-gen9championsvgc2026regma-1603\n|player...heets</strong></button>' [855 bytes]
DEBUG:websockets.client:< TEXT '>battle-gen9championsvgc2026regma-1603\n|player...heets</strong></button>' [855 bytes]
DEBUG:websockets.client:< TEXT '>battle-gen9championsvgc2026regma-1603\n|reques...ing":false}]},"rqid":2}' [2093 bytes]
DEBUG:websockets.client:< TEXT '>battle-gen9championsvgc2026regma-1603\n|reques...ing":false}]},"rqid":3}' [2097 bytes]
DEBUG:vgc_base:Turn 1 [battle-gen9championsvgc2026regma-1602] a0=9 a1=9 src=max_damage g0=0 g1=0
DEBUG:websockets.client:> TEXT 'battle-gen9championsvgc2026regma-1602|/choose m...bat 1, move solarbeam 1' [82 bytes]
DEBUG:websockets.client:< TEXT '>battle-gen9championsvgc2026regma-1602\n|\n|t:|...am\n|\n|upkeep\n|turn|2' [644 bytes]
DEBUG:websockets.client:< TEXT '>battle-gen9championsvgc2026regma-1602\n|\n|t:|...am\n|\n|upkeep\n|turn|2' [646 bytes]
DEBUG:websockets.client:< TEXT '>battle-gen9championsvgc2026regma-1602\n|reques...ing":false}]},"rqid":6}' [2166 bytes]
DEBUG:websockets.client:< TEXT '>battle-gen9championsvgc2026regma-1602\n|reques...ing":false}]},"rqid":7}' [1888 bytes]
DEBUG:vgc_base:Turn 2 [battle-gen9championsvgc2026regma-1602] a0=9 a1=9 src=max_damage g0=0 g1=0
DEBUG:websockets.client:> TEXT 'battle-gen9championsvgc2026regma-1602|/choose m...bat 1, move solarbeam 1' [82 bytes]
INFO:player:Turn 2 [battle-gen9championsvgc2026regma-1602] value head win-prob: 0.280  (losing)
DEBUG:live_vgc_base:Turn 2 [battle-gen9championsvgc2026regma-1602] a0=0 a1=9 src=model opp_splice=on
DEBUG:websockets.client:> TEXT 'battle-gen9championsvgc2026regma-1602|/choose move encore 1, move icywind' [73 bytes]
DEBUG:websockets.client:< TEXT '>battle-gen9championsvgc2026regma-1602\n|\n|t:|... Whimsicott\n|\n|upkeep' [639 bytes]
DEBUG:websockets.client:< TEXT '>battle-gen9championsvgc2026regma-1602\n|\n|t:|... Whimsicott\n|\n|upkeep' [640 bytes]
DEBUG:websockets.client:< TEXT '>battle-gen9championsvgc2026regma-1602\n|reques...oCancel":true,"rqid":8}' [1421 bytes]
DEBUG:websockets.client:< TEXT '>battle-gen9championsvgc2026regma-1602\n|reques...ing":false}]},"rqid":9}' [1452 bytes]
DEBUG:live_vgc_base:forceSwitch forced_switch_model [battle-gen9championsvgc2026regma-1602] turn 2 a0=13 a1=None opp_splice=on
DEBUG:websockets.client:> TEXT 'battle-gen9championsvgc2026regma-1602|/choose switch Ditto, pass' [64 bytes]
DEBUG:websockets.client:< TEXT '>battle-gen9championsvgc2026regma-1602\n|\n|t:|...lity: Imposter\n|turn|3' [164 bytes]
DEBUG:websockets.client:< TEXT '>battle-gen9championsvgc2026regma-1602\n|\n|t:|...lity: Imposter\n|turn|3' [164 bytes]
DEBUG:websockets.client:< TEXT '>battle-gen9championsvgc2026regma-1602\n|reques...ng":false}]},"rqid":10}' [2200 bytes]
DEBUG:websockets.client:< TEXT '>battle-gen9championsvgc2026regma-1602\n|reques...ng":false}]},"rqid":11}' [2224 bytes]
INFO:player:Turn 3 [battle-gen9championsvgc2026regma-1602] value head win-prob: 0.535  (even)
DEBUG:live_vgc_base:Turn 3 [battle-gen9championsvgc2026regma-1602] a0=3 a1=9 src=model opp_splice=on
DEBUG:websockets.client:> TEXT 'battle-gen9championsvgc2026regma-1602|/choose move heatwave, move icywind' [73 bytes]
DEBUG:vgc_base:Turn 3 [battle-gen9championsvgc2026regma-1602] a0=9 a1=9 src=max_damage g0=0 g1=0
DEBUG:websockets.client:> TEXT 'battle-gen9championsvgc2026regma-1602|/choose m...bat 1, move solarbeam 1' [82 bytes]
DEBUG:websockets.client:< TEXT '>battle-gen9championsvgc2026regma-1602\n|\n|t:|...|Solar Beam\n|\n|upkeep' [647 bytes]
DEBUG:websockets.client:< TEXT '>battle-gen9championsvgc2026regma-1602\n|\n|t:|...|Solar Beam\n|\n|upkeep' [647 bytes]
DEBUG:websockets.client:< TEXT '>battle-gen9championsvgc2026regma-1602\n|reques...ng":false}]},"rqid":12}' [1427 bytes]
DEBUG:websockets.client:< TEXT '>battle-gen9championsvgc2026regma-1602\n|reques...Cancel":true,"rqid":13}' [1482 bytes]
DEBUG:vgc_base:forceSwitch [battle-gen9championsvgc2026regma-1602] force=[True, False] \u2192 /choose switch Whimsicott / /choose pass
DEBUG:websockets.client:> TEXT 'battle-gen9championsvgc2026regma-1602|/choose switch Whimsicott, pass' [69 bytes]
DEBUG:websockets.client:< TEXT '>battle-gen9championsvgc2026regma-1602\n|\n|t:|...L50, F|100/100\n|turn|4' [114 bytes]
DEBUG:websockets.client:< TEXT '>battle-gen9championsvgc2026regma-1602\n|\n|t:|...L50, F|137/137\n|turn|4' [114 bytes]
DEBUG:websockets.client:< TEXT '>battle-gen9championsvgc2026regma-1602\n|reques...ng":false}]},"rqid":14}' [2199 bytes]
DEBUG:websockets.client:< TEXT '>battle-gen9championsvgc2026regma-1602\n|reques...ng":false}]},"rqid":15}' [1899 bytes]
INFO:player:Turn 4 [battle-gen9championsvgc2026regma-1602] value head win-prob: 0.158  (losing)
DEBUG:live_vgc_base:Turn 4 [battle-gen9championsvgc2026regma-1602] a0=3 a1=9 src=model opp_splice=on
DEBUG:websockets.client:> TEXT 'battle-gen9championsvgc2026regma-1602|/choose move heatwave, move icywind' [73 bytes]
DEBUG:vgc_base:Turn 4 [battle-gen9championsvgc2026regma-1602] a0=6 a1=9 src=max_damage g0=0 g1=0
DEBUG:websockets.client:> TEXT 'battle-gen9championsvgc2026regma-1602|/choose m...ast 1, move solarbeam 1' [80 bytes]
DEBUG:websockets.client:< TEXT '>battle-gen9championsvgc2026regma-1602\n|\n|t:|...: Charizard\n|\n|upkeep' [677 bytes]
DEBUG:websockets.client:< TEXT '>battle-gen9championsvgc2026regma-1602\n|\n|t:|...: Charizard\n|\n|upkeep' [677 bytes]
DEBUG:websockets.client:< TEXT '>battle-gen9championsvgc2026regma-1602\n|reques...ng":false}]},"rqid":16}' [1427 bytes]
DEBUG:websockets.client:< TEXT '>battle-gen9championsvgc2026regma-1602\n|reques...Cancel":true,"rqid":17}' [1471 bytes]
DEBUG:vgc_base:forceSwitch [battle-gen9championsvgc2026regma-1602] force=[False, True] \u2192 /choose pass / /choose switch Basculegion
DEBUG:websockets.client:> TEXT 'battle-gen9championsvgc2026regma-1602|/choose pass, switch Basculegion' [70 bytes]
DEBUG:websockets.client:< TEXT '>battle-gen9championsvgc2026regma-1602\n|\n|t:|...L50, M|100/100\n|turn|5' [116 bytes]
DEBUG:websockets.client:< TEXT '>battle-gen9championsvgc2026regma-1602\n|\n|t:|...L50, M|197/197\n|turn|5' [116 bytes]
DEBUG:websockets.client:< TEXT '>battle-gen9championsvgc2026regma-1602\n|reques...ng":false}]},"rqid":19}' [2201 bytes]
DEBUG:websockets.client:< TEXT '>battle-gen9championsvgc2026regma-1602\n|reques...ng":false}]},"rqid":18}' [2199 bytes]
DEBUG:vgc_base:Turn 5 [battle-gen9championsvgc2026regma-1602] a0=6 a1=3 src=max_damage g0=0 g1=0
DEBUG:websockets.client:> TEXT 'battle-gen9championsvgc2026regma-1602|/choose m...ast 1, move wavecrash 1' [80 bytes]
INFO:player:Turn 5 [battle-gen9championsvgc2026regma-1602] value head win-prob: 0.595  (winning)
DEBUG:live_vgc_base:Turn 5 [battle-gen9championsvgc2026regma-1602] a0=12 a1=9 src=model opp_splice=on
DEBUG:websockets.client:> TEXT 'battle-gen9championsvgc2026regma-1602|/choose s...Charizard, move icywind' [76 bytes]
DEBUG:websockets.client:< TEXT ">battle-gen9championsvgc2026regma-1602\n|error|...ch to an active Pokémon" [115 bytes]
INFO:player:Turn 5 [battle-gen9championsvgc2026regma-1602] value head win-prob: 0.595  (winning)
WARNING:live_vgc_base:Turn 5 [battle-gen9championsvgc2026regma-1602] order REJECTED by Showdown — perturbing to a fresh legal action (src=retry). The model did NOT drive this slot.
DEBUG:live_vgc_base:Turn 5 [battle-gen9championsvgc2026regma-1602] a0=1 a1=3 src=retry opp_splice=on
DEBUG:websockets.client:> TEXT 'battle-gen9championsvgc2026regma-1602|/choose m...am 2, move shadowball 1' [81 bytes]
DEBUG:websockets.client:< TEXT '>battle-gen9championsvgc2026regma-1602\n|\n|t:|...rom] Recoil\n|\n|upkeep' [352 bytes]
DEBUG:websockets.client:< TEXT '>battle-gen9championsvgc2026regma-1602\n|\n|t:|...rom] Recoil\n|\n|upkeep' [353 bytes]
DEBUG:websockets.client:< TEXT '>battle-gen9championsvgc2026regma-1602\n|reques...Cancel":true,"rqid":20}' [1420 bytes]
DEBUG:websockets.client:< TEXT '>battle-gen9championsvgc2026regma-1602\n|reques...ng":false}]},"rqid":21}' [1439 bytes]
DEBUG:live_vgc_base:forceSwitch forced_switch_model [battle-gen9championsvgc2026regma-1602] turn 5 a0=12 a1=None opp_splice=on
DEBUG:websockets.client:> TEXT 'battle-gen9championsvgc2026regma-1602|/choose switch Charizard, pass' [68 bytes]
DEBUG:websockets.client:< TEXT '>battle-gen9championsvgc2026regma-1602\n|\n|t:|...L50, F|168/168\n|turn|6' [112 bytes]
DEBUG:websockets.client:< TEXT '>battle-gen9championsvgc2026regma-1602\n|\n|t:|...L50, F|100/100\n|turn|6' [112 bytes]
DEBUG:websockets.client:< TEXT '>battle-gen9championsvgc2026regma-1602\n|reques...ng":false}]},"rqid":23}' [2200 bytes]
DEBUG:websockets.client:< TEXT '>battle-gen9championsvgc2026regma-1602\n|reques...ng":false}]},"rqid":22}' [2185 bytes]
DEBUG:vgc_base:Turn 6 [battle-gen9championsvgc2026regma-1602] a0=0 a1=3 src=max_damage g0=0 g1=0
DEBUG:vgc_base:_safe_order: action 0 slot 0 \u2192 None, scanning legal actions.
DEBUG:vgc_base:_safe_order: slot 0 has no decodable legal action — sending Pass.
DEBUG:websockets.client:> TEXT 'battle-gen9championsvgc2026regma-1602|/choose pass, move wavecrash 1' [68 bytes]
INFO:player:Turn 6 [battle-gen9championsvgc2026regma-1602] value head win-prob: 0.898  (winning)
DEBUG:live_vgc_base:Turn 6 [battle-gen9championsvgc2026regma-1602] a0=0 a1=0 src=model opp_splice=on
DEBUG:websockets.client:> TEXT 'battle-gen9championsvgc2026regma-1602|/choose m...e mega, move hypervoice' [81 bytes]
DEBUG:websockets.client:< TEXT '>battle-gen9championsvgc2026regma-1602\n|\n|t:|...keep]\n|upkeep\n|turn|7' [614 bytes]
DEBUG:websockets.client:< TEXT '>battle-gen9championsvgc2026regma-1602\n|\n|t:|...keep]\n|upkeep\n|turn|7' [613 bytes]
DEBUG:websockets.client:< TEXT '>battle-gen9championsvgc2026regma-1602\n|reques...ng":false}]},"rqid":24}' [2168 bytes]
DEBUG:websockets.client:< TEXT '>battle-gen9championsvgc2026regma-1602\n|reques...ng":false}]},"rqid":25}' [2199 bytes]
DEBUG:vgc_base:Turn 7 [battle-gen9championsvgc2026regma-1602] a0=0 a1=3 src=max_damage g0=0 g1=0
DEBUG:vgc_base:_safe_order: action 0 slot 0 \u2192 None, scanning legal actions.
DEBUG:vgc_base:_safe_order: slot 0 has no decodable legal action — sending Pass.
DEBUG:websockets.client:> TEXT 'battle-gen9championsvgc2026regma-1602|/choose pass, move wavecrash 1' [68 bytes]
INFO:player:Turn 7 [battle-gen9championsvgc2026regma-1602] value head win-prob: 0.830  (winning)
DEBUG:live_vgc_base:Turn 7 [battle-gen9championsvgc2026regma-1602] a0=0 a1=0 src=model opp_splice=on
DEBUG:websockets.client:> TEXT 'battle-gen9championsvgc2026regma-1602|/choose m...atwave, move hypervoice' [76 bytes]
DEBUG:websockets.client:< TEXT '>battle-gen9championsvgc2026regma-1602\n|\n|t:|...asculegion\n|\n|win|BC2' [276 bytes]
DEBUG:websockets.client:< TEXT '>battle-gen9championsvgc2026regma-1602\n|\n|t:|...asculegion\n|\n|win|BC2' [276 bytes]
DEBUG:websockets.client:< TEXT '|updatesearch|{"searching":[],"games":{"battle-... 2026 Reg M-A Battle"}}' [124 bytes]
INFO:vgc_base:Battle battle-gen9championsvgc2026regma-1602 finished — outcome: WIN  (W/L/D so far: 4/3/0)
DEBUG:websockets.client:> TEXT '|/leave battle-gen9championsvgc2026regma-1602' [45 bytes]
DEBUG:websockets.client:< TEXT '|updatesearch|{"searching":[],"games":{"battle-... 2026 Reg M-A Battle"}}' [124 bytes]
DEBUG:websockets.client:> TEXT 'battle-gen9championsvgc2026regma-1603|/rejectopenteamsheets' [59 bytes]
INFO:vgc_base:Battle battle-gen9championsvgc2026regma-1602 finished — outcome: LOSS  (W/L/D so far: 3/4/0)
DEBUG:websockets.client:> TEXT '|/leave battle-gen9championsvgc2026regma-1602' [45 bytes]
DEBUG:websockets.client:> TEXT 'battle-gen9championsvgc2026regma-1603|/rejectopenteamsheets' [59 bytes]
DEBUG:websockets.client:< TEXT '>battle-gen9championsvgc2026regma-1602\n|deinit' [46 bytes]
DEBUG:websockets.client:< TEXT '>battle-gen9championsvgc2026regma-1602\n|l|\u2606BC2' [48 bytes]
DEBUG:websockets.client:< TEXT '>battle-gen9championsvgc2026regma-1603\n|uhtmlchange|otsrequest|' [63 bytes]
DEBUG:websockets.client:< TEXT '>battle-gen9championsvgc2026regma-1603\nBC2 rejected open team sheets.' [69 bytes]
DEBUG:websockets.client:< TEXT '>battle-gen9championsvgc2026regma-1603\n|uhtmlchange|otsrequest|' [63 bytes]
DEBUG:websockets.client:< TEXT '>battle-gen9championsvgc2026regma-1603\nBC2 rejected open team sheets.' [69 bytes]
DEBUG:websockets.client:< TEXT '>battle-gen9championsvgc2026regma-1602\n|deinit' [46 bytes]
DEBUG:websockets.client:< TEXT '>battle-gen9championsvgc2026regma-1603\n|uhtmlchange|otsrequest|' [63 bytes]
DEBUG:websockets.client:< TEXT '>battle-gen9championsvgc2026regma-1603\nOPmax_2...ected open team sheets.' [73 bytes]
DEBUG:websockets.client:< TEXT '>battle-gen9championsvgc2026regma-1603\n|uhtmlchange|otsrequest|' [63 bytes]
DEBUG:websockets.client:< TEXT '>battle-gen9championsvgc2026regma-1603\nOPmax_2...ected open team sheets.' [73 bytes]
INFO:player:Team-preview [battle-gen9championsvgc2026regma-1603] NET drove: bring=['whimsicott', 'zoroarkhisui', 'ditto', 'charizardmegay'] leads=['whimsicott', 'zoroarkhisui'] (vs opp ['sneasler', 'charizard', 'whimsicott', 'basculegion', 'zoroarkhisui', 'ditto'])
INFO:vgc_base:Teampreview [battle-gen9championsvgc2026regma-1603] \u2192 /team 3562  (whimsicott, zoroarkhisui, ditto, charizardmegay)
DEBUG:websockets.client:> TEXT 'battle-gen9championsvgc2026regma-1603|/team 3562' [48 bytes]
DEBUG:vgc_base:Teampreview: first-4 roster order \u2192 ['sneasler', 'charizardmegay', 'whimsicott', 'basculegion']
INFO:vgc_base:Teampreview [battle-gen9championsvgc2026regma-1603] \u2192 /team 1234  (sneasler, charizardmegay, whimsicott, basculegion)
DEBUG:websockets.client:> TEXT 'battle-gen9championsvgc2026regma-1603|/team 1234' [48 bytes]
DEBUG:websockets.client:< TEXT '>battle-gen9championsvgc2026regma-1603\n|\n|t:|...L50, M|100/100\n|turn|1' [321 bytes]
DEBUG:websockets.client:< TEXT '>battle-gen9championsvgc2026regma-1603\n|\n|t:|...L50, M|168/168\n|turn|1' [321 bytes]
DEBUG:websockets.client:< TEXT '>battle-gen9championsvgc2026regma-1603\n|reques...ing":false}]},"rqid":4}' [2167 bytes]
DEBUG:websockets.client:< TEXT '>battle-gen9championsvgc2026regma-1603\n|reques...ing":false}]},"rqid":5}' [2236 bytes]
INFO:player:Turn 1 [battle-gen9championsvgc2026regma-1603] value head win-prob: 0.351  (losing)
DEBUG:live_vgc_base:Turn 1 [battle-gen9championsvgc2026regma-1603] a0=0 a1=9 src=model opp_splice=on
DEBUG:websockets.client:> TEXT 'battle-gen9championsvgc2026regma-1603|/choose move encore 1, move icywind' [73 bytes]
DEBUG:vgc_base:Turn 1 [battle-gen9championsvgc2026regma-1603] a0=9 a1=9 src=max_damage g0=0 g1=0
DEBUG:websockets.client:> TEXT 'battle-gen9championsvgc2026regma-1603|/choose m...bat 1, move solarbeam 1' [82 bytes]
DEBUG:websockets.client:< TEXT '>battle-gen9championsvgc2026regma-1603\n|\n|t:|...am\n|\n|upkeep\n|turn|2' [643 bytes]
DEBUG:websockets.client:< TEXT '>battle-gen9championsvgc2026regma-1603\n|\n|t:|...am\n|\n|upkeep\n|turn|2' [645 bytes]
DEBUG:websockets.client:< TEXT '>battle-gen9championsvgc2026regma-1603\n|reques...ing":false}]},"rqid":6}' [2166 bytes]
DEBUG:websockets.client:< TEXT '>battle-gen9championsvgc2026regma-1603\n|reques...ing":false}]},"rqid":7}' [1888 bytes]
DEBUG:vgc_base:Turn 2 [battle-gen9championsvgc2026regma-1603] a0=9 a1=9 src=max_damage g0=0 g1=0
DEBUG:websockets.client:> TEXT 'battle-gen9championsvgc2026regma-1603|/choose m...bat 1, move solarbeam 1' [82 bytes]
INFO:player:Turn 2 [battle-gen9championsvgc2026regma-1603] value head win-prob: 0.276  (losing)
DEBUG:live_vgc_base:Turn 2 [battle-gen9championsvgc2026regma-1603] a0=0 a1=9 src=model opp_splice=on
DEBUG:websockets.client:> TEXT 'battle-gen9championsvgc2026regma-1603|/choose move encore 1, move icywind' [73 bytes]
DEBUG:websockets.client:< TEXT '>battle-gen9championsvgc2026regma-1603\n|\n|t:|... Whimsicott\n|\n|upkeep' [639 bytes]
DEBUG:websockets.client:< TEXT '>battle-gen9championsvgc2026regma-1603\n|\n|t:|... Whimsicott\n|\n|upkeep' [640 bytes]
DEBUG:websockets.client:< TEXT '>battle-gen9championsvgc2026regma-1603\n|reques...oCancel":true,"rqid":8}' [1421 bytes]
DEBUG:websockets.client:< TEXT '>battle-gen9championsvgc2026regma-1603\n|reques...ing":false}]},"rqid":9}' [1452 bytes]
DEBUG:live_vgc_base:forceSwitch forced_switch_model [battle-gen9championsvgc2026regma-1603] turn 2 a0=13 a1=None opp_splice=on
DEBUG:websockets.client:> TEXT 'battle-gen9championsvgc2026regma-1603|/choose switch Ditto, pass' [64 bytes]
DEBUG:websockets.client:< TEXT '>battle-gen9championsvgc2026regma-1603\n|\n|t:|...lity: Imposter\n|turn|3' [164 bytes]
DEBUG:websockets.client:< TEXT '>battle-gen9championsvgc2026regma-1603\n|\n|t:|...lity: Imposter\n|turn|3' [164 bytes]
DEBUG:websockets.client:< TEXT '>battle-gen9championsvgc2026regma-1603\n|reques...ng":false}]},"rqid":10}' [2200 bytes]
DEBUG:websockets.client:< TEXT '>battle-gen9championsvgc2026regma-1603\n|reques...ng":false}]},"rqid":11}' [2224 bytes]
INFO:player:Turn 3 [battle-gen9championsvgc2026regma-1603] value head win-prob: 0.529  (even)
DEBUG:live_vgc_base:Turn 3 [battle-gen9championsvgc2026regma-1603] a0=3 a1=9 src=model opp_splice=on
DEBUG:websockets.client:> TEXT 'battle-gen9championsvgc2026regma-1603|/choose move heatwave, move icywind' [73 bytes]
DEBUG:vgc_base:Turn 3 [battle-gen9championsvgc2026regma-1603] a0=9 a1=9 src=max_damage g0=0 g1=0
DEBUG:websockets.client:> TEXT 'battle-gen9championsvgc2026regma-1603|/choose m...bat 1, move solarbeam 1' [82 bytes]
DEBUG:websockets.client:< TEXT '>battle-gen9championsvgc2026regma-1603\n|\n|t:|...00\n|\n|upkeep\n|turn|4' [607 bytes]
DEBUG:websockets.client:< TEXT '>battle-gen9championsvgc2026regma-1603\n|\n|t:|...68\n|\n|upkeep\n|turn|4' [606 bytes]
DEBUG:websockets.client:< TEXT '>battle-gen9championsvgc2026regma-1603\n|reques...ng":false}]},"rqid":12}' [2200 bytes]
DEBUG:websockets.client:< TEXT '>battle-gen9championsvgc2026regma-1603\n|reques...ng":false}]},"rqid":13}' [1885 bytes]
DEBUG:vgc_base:Turn 4 [battle-gen9championsvgc2026regma-1603] a0=9 a1=9 src=max_damage g0=0 g1=0
DEBUG:websockets.client:> TEXT 'battle-gen9championsvgc2026regma-1603|/choose m...bat 1, move solarbeam 1' [82 bytes]
INFO:player:Turn 4 [battle-gen9championsvgc2026regma-1603] value head win-prob: 0.672  (winning)
DEBUG:live_vgc_base:Turn 4 [battle-gen9championsvgc2026regma-1603] a0=3 a1=9 src=model opp_splice=on
DEBUG:websockets.client:> TEXT 'battle-gen9championsvgc2026regma-1603|/choose move heatwave, move icywind' [73 bytes]
DEBUG:websockets.client:< TEXT '>battle-gen9championsvgc2026regma-1603\n|\n|t:|...itto|78/155\n|\n|upkeep' [491 bytes]
DEBUG:websockets.client:< TEXT '>battle-gen9championsvgc2026regma-1603\n|\n|t:|...tto|50/100g\n|\n|upkeep' [492 bytes]
DEBUG:websockets.client:< TEXT '>battle-gen9championsvgc2026regma-1603\n|reques...Cancel":true,"rqid":15}' [1481 bytes]
DEBUG:websockets.client:< TEXT '>battle-gen9championsvgc2026regma-1603\n|reques...ng":false}]},"rqid":14}' [1427 bytes]
DEBUG:vgc_base:forceSwitch [battle-gen9championsvgc2026regma-1603] force=[True, False] \u2192 /choose switch Basculegion / /choose pass
DEBUG:websockets.client:> TEXT 'battle-gen9championsvgc2026regma-1603|/choose switch Basculegion, pass' [70 bytes]
DEBUG:websockets.client:< TEXT '>battle-gen9championsvgc2026regma-1603\n|\n|t:|...L50, M|100/100\n|turn|5' [116 bytes]
DEBUG:websockets.client:< TEXT '>battle-gen9championsvgc2026regma-1603\n|\n|t:|...L50, M|197/197\n|turn|5' [116 bytes]
DEBUG:websockets.client:< TEXT '>battle-gen9championsvgc2026regma-1603\n|reques...ng":false}]},"rqid":16}' [2199 bytes]
DEBUG:websockets.client:< TEXT '>battle-gen9championsvgc2026regma-1603\n|reques...ng":false}]},"rqid":17}' [2232 bytes]
INFO:player:Turn 5 [battle-gen9championsvgc2026regma-1603] value head win-prob: 0.164  (losing)
DEBUG:live_vgc_base:Turn 5 [battle-gen9championsvgc2026regma-1603] a0=3 a1=0 src=model opp_splice=on
DEBUG:websockets.client:> TEXT 'battle-gen9championsvgc2026regma-1603|/choose m...atwave, move hypervoice' [76 bytes]
DEBUG:vgc_base:Turn 5 [battle-gen9championsvgc2026regma-1603] a0=3 a1=9 src=max_damage g0=0 g1=0
DEBUG:websockets.client:> TEXT 'battle-gen9championsvgc2026regma-1603|/choose m...ash 1, move solarbeam 1' [80 bytes]
DEBUG:websockets.client:< TEXT '>battle-gen9championsvgc2026regma-1603\n|\n|t:|...rom] Recoil\n|\n|upkeep' [372 bytes]
DEBUG:websockets.client:< TEXT '>battle-gen9championsvgc2026regma-1603\n|\n|t:|...rom] Recoil\n|\n|upkeep' [373 bytes]
DEBUG:websockets.client:< TEXT '>battle-gen9championsvgc2026regma-1603\n|reques...ng":false}]},"rqid":18}' [1404 bytes]
DEBUG:websockets.client:< TEXT '>battle-gen9championsvgc2026regma-1603\n|reques...ng":false}]},"rqid":19}' [1465 bytes]
DEBUG:live_vgc_base:forceSwitch forced_switch_model [battle-gen9championsvgc2026regma-1603] turn 5 a0=12 a1=None opp_splice=on
DEBUG:websockets.client:> TEXT 'battle-gen9championsvgc2026regma-1603|/choose switch Charizard, pass' [68 bytes]
DEBUG:vgc_base:forceSwitch [battle-gen9championsvgc2026regma-1603] force=[False, True] \u2192 /choose pass / /choose switch Whimsicott
DEBUG:websockets.client:> TEXT 'battle-gen9championsvgc2026regma-1603|/choose pass, switch Whimsicott' [69 bytes]
DEBUG:websockets.client:< TEXT '>battle-gen9championsvgc2026regma-1603\n|\n|t:|...L50, M|168/168\n|turn|6' [163 bytes]
DEBUG:websockets.client:< TEXT '>battle-gen9championsvgc2026regma-1603\n|\n|t:|...L50, M|100/100\n|turn|6' [163 bytes]
DEBUG:websockets.client:< TEXT '>battle-gen9championsvgc2026regma-1603\n|reques...ng":false}]},"rqid":20}' [2185 bytes]
DEBUG:websockets.client:< TEXT '>battle-gen9championsvgc2026regma-1603\n|reques...ng":false}]},"rqid":21}' [2211 bytes]
DEBUG:vgc_base:Turn 6 [battle-gen9championsvgc2026regma-1603] a0=3 a1=6 src=max_damage g0=0 g1=0
DEBUG:websockets.client:> TEXT 'battle-gen9championsvgc2026regma-1603|/choose m...ash 1, move moonblast 1' [80 bytes]
INFO:player:Turn 6 [battle-gen9championsvgc2026regma-1603] value head win-prob: 0.153  (losing)
DEBUG:live_vgc_base:Turn 6 [battle-gen9championsvgc2026regma-1603] a0=0 a1=0 src=model opp_splice=on
DEBUG:websockets.client:> TEXT 'battle-gen9championsvgc2026regma-1603|/choose m...e mega, move hypervoice' [81 bytes]
DEBUG:websockets.client:< TEXT '>battle-gen9championsvgc2026regma-1603\n|\n|t:|...keep]\n|upkeep\n|turn|7' [952 bytes]
DEBUG:websockets.client:< TEXT '>battle-gen9championsvgc2026regma-1603\n|\n|t:|...keep]\n|upkeep\n|turn|7' [952 bytes]
DEBUG:websockets.client:< TEXT '>battle-gen9championsvgc2026regma-1603\n|reques...ng":false}]},"rqid":22}' [2167 bytes]
DEBUG:websockets.client:< TEXT '>battle-gen9championsvgc2026regma-1603\n|reques...ng":false}]},"rqid":23}' [2200 bytes]
INFO:player:Turn 7 [battle-gen9championsvgc2026regma-1603] value head win-prob: 0.979  (winning)
DEBUG:live_vgc_base:Turn 7 [battle-gen9championsvgc2026regma-1603] a0=0 a1=0 src=model opp_splice=on
DEBUG:vgc_base:_safe_order: action 0 slot 0 \u2192 None, scanning legal actions.
DEBUG:vgc_base:_safe_order: slot 0 has no decodable legal action — sending Pass.
DEBUG:websockets.client:> TEXT 'battle-gen9championsvgc2026regma-1603|/choose pass, move hypervoice' [67 bytes]
DEBUG:vgc_base:Turn 7 [battle-gen9championsvgc2026regma-1603] a0=3 a1=0 src=max_damage g0=0 g1=0
DEBUG:vgc_base:_safe_order: action 0 slot 1 \u2192 None, scanning legal actions.
DEBUG:vgc_base:_safe_order: slot 1 has no decodable legal action — sending Pass.
DEBUG:websockets.client:> TEXT 'battle-gen9championsvgc2026regma-1603|/choose move wavecrash 1, pass' [68 bytes]
DEBUG:websockets.client:< TEXT '>battle-gen9championsvgc2026regma-1603\n|\n|t:|...keep]\n|upkeep\n|turn|8' [375 bytes]
DEBUG:websockets.client:< TEXT '>battle-gen9championsvgc2026regma-1603\n|\n|t:|...keep]\n|upkeep\n|turn|8' [375 bytes]
DEBUG:websockets.client:< TEXT '>battle-gen9championsvgc2026regma-1603\n|reques...ng":false}]},"rqid":25}' [2198 bytes]
DEBUG:websockets.client:< TEXT '>battle-gen9championsvgc2026regma-1603\n|reques...ng":false}]},"rqid":24}' [2164 bytes]
DEBUG:vgc_base:Turn 8 [battle-gen9championsvgc2026regma-1603] a0=4 a1=0 src=max_damage g0=0 g1=0
DEBUG:vgc_base:_safe_order: action 0 slot 1 \u2192 None, scanning legal actions.
DEBUG:vgc_base:_safe_order: slot 1 has no decodable legal action — sending Pass.
DEBUG:websockets.client:> TEXT 'battle-gen9championsvgc2026regma-1603|/choose move wavecrash 2, pass' [68 bytes]
INFO:player:Turn 8 [battle-gen9championsvgc2026regma-1603] value head win-prob: 0.943  (winning)
DEBUG:live_vgc_base:Turn 8 [battle-gen9championsvgc2026regma-1603] a0=0 a1=9 src=model opp_splice=on
DEBUG:vgc_base:_safe_order: action 0 slot 0 \u2192 None, scanning legal actions.
DEBUG:vgc_base:_safe_order: slot 0 has no decodable legal action — sending Pass.
DEBUG:websockets.client:> TEXT 'battle-gen9championsvgc2026regma-1603|/choose pass, move icywind' [64 bytes]
DEBUG:websockets.client:< TEXT '>battle-gen9championsvgc2026regma-1603\n|\n|t:|...Recoil\n|\n|win|OPmax_2' [353 bytes]
DEBUG:websockets.client:< TEXT '>battle-gen9championsvgc2026regma-1603\n|\n|t:|...Recoil\n|\n|win|OPmax_2' [353 bytes]
DEBUG:websockets.client:< TEXT '|updatesearch|{"searching":[],"games":null}' [43 bytes]
INFO:vgc_base:Battle battle-gen9championsvgc2026regma-1603 finished — outcome: LOSS  (W/L/D so far: 4/4/0)
DEBUG:websockets.client:> TEXT '|/leave battle-gen9championsvgc2026regma-1603' [45 bytes]
DEBUG:websockets.client:< TEXT '|updatesearch|{"searching":[],"games":null}' [43 bytes]
INFO:vgc_base:Battle battle-gen9championsvgc2026regma-1603 finished — outcome: WIN  (W/L/D so far: 4/4/0)
DEBUG:websockets.client:> TEXT '|/leave battle-gen9championsvgc2026regma-1603' [45 bytes]
DEBUG:websockets.client:< TEXT '>battle-gen9championsvgc2026regma-1603\n|deinit' [46 bytes]
DEBUG:websockets.client:< TEXT '>battle-gen9championsvgc2026regma-1603\n|l|\u2606BC2' [48 bytes]
DEBUG:websockets.client:< TEXT '>battle-gen9championsvgc2026regma-1603\n|deinit' [46 bytes]
DEBUG:websockets.client:> CLOSE 1000 (OK) [2 bytes]
DEBUG:websockets.client:= connection is CLOSING
DEBUG:websockets.client:< CLOSE 1000 (OK) [2 bytes]
DEBUG:websockets.client:< EOF
DEBUG:websockets.client:> EOF
DEBUG:websockets.client:= connection is CLOSED
DEBUG:websockets.client:x half-closing TCP connection
DEBUG:websockets.client:> CLOSE 1000 (OK) [2 bytes]
DEBUG:websockets.client:= connection is CLOSING
DEBUG:websockets.client:< CLOSE 1000 (OK) [2 bytes]
DEBUG:websockets.client:< EOF
DEBUG:websockets.client:> EOF
DEBUG:websockets.client:= connection is CLOSED
DEBUG:websockets.client:x half-closing TCP connection
INFO:__main__:vs max_damage: 4/8
INFO:run_local_battle:Loaded team from D:\ShowdownProject\Victory-Dance\teams\M-A\Trickery
INFO:run_local_battle:Loaded team from D:\ShowdownProject\Victory-Dance\teams\M-A\Trickery
INFO:player:VGCPlayer: loaded battle model from ai_train_scripts\BC_model\checkpoints_v3\bc_best.pt (heads=('our_a', 'our_b'))
INFO:player:VGCPlayer: loaded team-chooser from D:\ShowdownProject\Victory-Dance\ai_train_scripts\teamPreview_model\checkpoints\teampreview_best.pt (vocab=190)
INFO:player:VGCPlayer ready (gap-#6 splice) | battle_model=loaded (ai_train_scripts\BC_model\checkpoints_v3\bc_best.pt) | team_chooser=loaded (D:\ShowdownProject\Victory-Dance\ai_train_scripts\teamPreview_model\checkpoints\teampreview_best.pt) | replay=D:\ShowdownProject\Victory-Dance\replay_buffer\BC3.jsonl
DEBUG:websockets.client:= connection is CONNECTING
DEBUG:websockets.client:> GET /showdown/websocket HTTP/1.1
DEBUG:websockets.client:> Host: localhost:8000
DEBUG:websockets.client:> Upgrade: websocket
DEBUG:websockets.client:> Connection: Upgrade
DEBUG:websockets.client:> Sec-WebSocket-Key: nlTj5OP9YeCabIN9ym2Bjw==
DEBUG:websockets.client:> Sec-WebSocket-Version: 13
DEBUG:websockets.client:> Sec-WebSocket-Extensions: permessage-deflate; client_max_window_bits
DEBUG:websockets.client:> User-Agent: Python/3.12 websockets/16.0
DEBUG:websockets.client:< HTTP/1.1 101 Switching Protocols
DEBUG:websockets.client:< Upgrade: websocket
DEBUG:websockets.client:< Connection: Upgrade
DEBUG:websockets.client:< Sec-WebSocket-Accept: 5A1xFLm3XSYj39es/avA7Ma6yy4=
DEBUG:websockets.client:= connection is OPEN
DEBUG:websockets.client:< TEXT '|updateuser| Guest 951|0|102|{"blockChallenges"...c|[Gen 1] Custom Game,c' [8617 bytes]
DEBUG:websockets.client:< TEXT '|challstr|4|fae27c35613e8b8e4b723e000db23eb1864...59921a962bf126785a9a1d7' [268 bytes]
DEBUG:websockets.client:> TEXT '|/trn BC3,0,' [12 bytes]
DEBUG:websockets.client:< TEXT '|updatesearch|{"searching":[],"games":null}' [43 bytes]
DEBUG:websockets.client:< TEXT '|updateuser| BC3|1|169|{"blockChallenges":false...:false,"language":null}' [346 bytes]
DEBUG:websockets.client:< TEXT '|updatesearch|{"searching":[],"games":null}' [43 bytes]
DEBUG:websockets.client:= connection is CONNECTING
DEBUG:websockets.client:> GET /showdown/websocket HTTP/1.1
DEBUG:websockets.client:> Host: localhost:8000
DEBUG:websockets.client:> Upgrade: websocket
DEBUG:websockets.client:> Connection: Upgrade
DEBUG:websockets.client:> Sec-WebSocket-Key: X/dioeWevkyCNZFdqUq5xQ==
DEBUG:websockets.client:> Sec-WebSocket-Version: 13
DEBUG:websockets.client:> Sec-WebSocket-Extensions: permessage-deflate; client_max_window_bits
DEBUG:websockets.client:> User-Agent: Python/3.12 websockets/16.0
DEBUG:websockets.client:< HTTP/1.1 101 Switching Protocols
DEBUG:websockets.client:< Upgrade: websocket
DEBUG:websockets.client:< Connection: Upgrade
DEBUG:websockets.client:< Sec-WebSocket-Accept: Ar2x50mFu/PDY1alPE0CeLmqV9g=
DEBUG:websockets.client:= connection is OPEN
DEBUG:websockets.client:< TEXT '|updateuser| Guest 952|0|102|{"blockChallenges"...c|[Gen 1] Custom Game,c' [8617 bytes]
DEBUG:websockets.client:< TEXT '|challstr|4|08e9fd78c7756272f5b53214839694c5a88...ac30bc8a5e7f3b4cd69c9a6' [268 bytes]
DEBUG:websockets.client:> TEXT '|/trn OPheur3,0,' [16 bytes]
DEBUG:websockets.client:< TEXT '|updatesearch|{"searching":[],"games":null}' [43 bytes]
DEBUG:websockets.client:< TEXT '|updateuser| OPheur3|1|2|{"blockChallenges":fal...:false,"language":null}' [348 bytes]
DEBUG:websockets.client:< TEXT '|updatesearch|{"searching":[],"games":null}' [43 bytes]
DEBUG:websockets.client:> TEXT '|/utm Sneasler||whiteherb|unburden|fakeout,dire...Naive|32,2,,,,32||||50|' [550 bytes]
DEBUG:websockets.client:> TEXT '|/challenge opheur3, gen9championsvgc2026regma' [46 bytes]
DEBUG:websockets.client:< TEXT '|pm| BC3| OPheur3|/challenge gen9championsvgc20...hampionsvgc2026regma|||' [83 bytes]
DEBUG:websockets.client:< TEXT '|pm| BC3| OPheur3|/challenge gen9championsvgc20...hampionsvgc2026regma|||' [83 bytes]
DEBUG:websockets.client:< TEXT '|pm| BC3| OPheur3|/log BC3 wants to battle!' [43 bytes]
DEBUG:websockets.client:< TEXT '|pm| BC3| OPheur3|/log BC3 wants to battle!' [43 bytes]
DEBUG:websockets.client:> TEXT '|/utm Sneasler||whiteherb|unburden|fakeout,dire...Naive|32,2,,,,32||||50|' [550 bytes]
DEBUG:websockets.client:> TEXT '|/accept bc3' [12 bytes]
DEBUG:websockets.client:< TEXT '|pm| OPheur3| BC3|/challenge' [28 bytes]
DEBUG:websockets.client:< TEXT '|pm| OPheur3| BC3|/challenge' [28 bytes]
DEBUG:websockets.client:< TEXT '|updatesearch|{"searching":[],"games":null}' [43 bytes]
DEBUG:websockets.client:< TEXT '|updatesearch|{"searching":[],"games":null}' [43 bytes]
DEBUG:websockets.client:< TEXT '|updatesearch|{"searching":[],"games":{"battle-... 2026 Reg M-A Battle"}}' [124 bytes]
DEBUG:websockets.client:< TEXT '|updatesearch|{"searching":[],"games":{"battle-... 2026 Reg M-A Battle"}}' [124 bytes]
DEBUG:websockets.client:< TEXT '|updatesearch|{"searching":[],"games":{"battle-... 2026 Reg M-A Battle"}}' [124 bytes]
DEBUG:websockets.client:< TEXT '|updatesearch|{"searching":[],"games":{"battle-... 2026 Reg M-A Battle"}}' [124 bytes]
DEBUG:websockets.client:< TEXT '>battle-gen9championsvgc2026regma-1604\n|init|b... vs. OPheur3\n|j|\u2606BC3\n' [85 bytes]
DEBUG:websockets.client:< TEXT '>battle-gen9championsvgc2026regma-1604\n|j|\u2606OPheur3' [52 bytes]
DEBUG:websockets.client:< TEXT '>battle-gen9championsvgc2026regma-1604\n|init|b...n|j|\u2606BC3\n|j|\u2606OPheur3\n' [99 bytes]
DEBUG:websockets.client:< TEXT '|pm| OPheur3| BC3|/nonotify OPheur3 accepted th...26regma-1604</a>&raquo;' [173 bytes]
DEBUG:websockets.client:< TEXT '>battle-gen9championsvgc2026regma-1604\n|t:|1781643022\n|gametype|doubles' [71 bytes]
DEBUG:websockets.client:< TEXT '|pm| OPheur3| BC3|/nonotify OPheur3 accepted th...26regma-1604</a>&raquo;' [173 bytes]
DEBUG:websockets.client:< TEXT '>battle-gen9championsvgc2026regma-1604\n|t:|1781643022\n|gametype|doubles' [71 bytes]
DEBUG:websockets.client:> TEXT 'battle-gen9championsvgc2026regma-1604|/rejectopenteamsheets' [59 bytes]
DEBUG:websockets.client:< TEXT '>battle-gen9championsvgc2026regma-1604\n|player|p1|BC3|169|' [58 bytes]
DEBUG:websockets.client:< TEXT '>battle-gen9championsvgc2026regma-1604\n|player|p1|BC3|169|' [58 bytes]
DEBUG:websockets.client:> TEXT '|/utm Sneasler||whiteherb|unburden|fakeout,dire...Naive|32,2,,,,32||||50|' [550 bytes]
DEBUG:websockets.client:> TEXT '|/challenge opheur3, gen9championsvgc2026regma' [46 bytes]
DEBUG:websockets.client:> TEXT 'battle-gen9championsvgc2026regma-1604|/rejectopenteamsheets' [59 bytes]
DEBUG:websockets.client:< TEXT '>battle-gen9championsvgc2026regma-1604\n|player...heets</strong></button>' [855 bytes]
DEBUG:websockets.client:< TEXT '>battle-gen9championsvgc2026regma-1604\n|reques...ing":false}]},"rqid":3}' [2097 bytes]
DEBUG:websockets.client:< TEXT '>battle-gen9championsvgc2026regma-1604\n|player...heets</strong></button>' [855 bytes]
DEBUG:websockets.client:< TEXT '>battle-gen9championsvgc2026regma-1604\n|reques...ing":false}]},"rqid":2}' [2093 bytes]
DEBUG:websockets.client:< TEXT '>battle-gen9championsvgc2026regma-1604\n|uhtmlchange|otsrequest|' [63 bytes]
DEBUG:websockets.client:< TEXT '>battle-gen9championsvgc2026regma-1604\n|uhtmlchange|otsrequest|' [63 bytes]
DEBUG:websockets.client:< TEXT '>battle-gen9championsvgc2026regma-1604\nBC3 rejected open team sheets.' [69 bytes]
DEBUG:vgc_base:Teampreview: first-4 roster order \u2192 ['sneasler', 'charizardmegay', 'whimsicott', 'basculegion']
INFO:vgc_base:Teampreview [battle-gen9championsvgc2026regma-1604] \u2192 /team 1234  (sneasler, charizardmegay, whimsicott, basculegion)
DEBUG:websockets.client:> TEXT 'battle-gen9championsvgc2026regma-1604|/team 1234' [48 bytes]
DEBUG:websockets.client:< TEXT '>battle-gen9championsvgc2026regma-1604\nBC3 rejected open team sheets.' [69 bytes]
DEBUG:websockets.client:< TEXT '>battle-gen9championsvgc2026regma-1604\n|uhtmlchange|otsrequest|' [63 bytes]
DEBUG:websockets.client:< TEXT '>battle-gen9championsvgc2026regma-1604\n|uhtmlchange|otsrequest|' [63 bytes]
DEBUG:websockets.client:< TEXT '>battle-gen9championsvgc2026regma-1604\nOPheur3...ected open team sheets.' [73 bytes]
DEBUG:websockets.client:< TEXT '|pm| BC3| OPheur3|/challenge gen9championsvgc20...hampionsvgc2026regma|||' [83 bytes]
DEBUG:websockets.client:< TEXT '|pm| BC3| OPheur3|/log BC3 wants to battle!' [43 bytes]
INFO:player:Team-preview [battle-gen9championsvgc2026regma-1604] NET drove: bring=['whimsicott', 'zoroarkhisui', 'ditto', 'charizardmegay'] leads=['whimsicott', 'zoroarkhisui'] (vs opp ['sneasler', 'charizard', 'whimsicott', 'basculegion', 'zoroarkhisui', 'ditto'])
INFO:vgc_base:Teampreview [battle-gen9championsvgc2026regma-1604] \u2192 /team 3562  (whimsicott, zoroarkhisui, ditto, charizardmegay)
DEBUG:websockets.client:> TEXT 'battle-gen9championsvgc2026regma-1604|/team 3562' [48 bytes]
DEBUG:websockets.client:< TEXT '>battle-gen9championsvgc2026regma-1604\nOPheur3...ected open team sheets.' [73 bytes]
DEBUG:websockets.client:< TEXT '|pm| BC3| OPheur3|/challenge gen9championsvgc20...hampionsvgc2026regma|||' [83 bytes]
DEBUG:websockets.client:< TEXT '|pm| BC3| OPheur3|/log BC3 wants to battle!' [43 bytes]
DEBUG:websockets.client:> TEXT '|/utm Sneasler||whiteherb|unburden|fakeout,dire...Naive|32,2,,,,32||||50|' [550 bytes]
DEBUG:websockets.client:> TEXT '|/accept bc3' [12 bytes]
DEBUG:websockets.client:< TEXT '>battle-gen9championsvgc2026regma-1604\n|\n|t:|...L50, M|100/100\n|turn|1' [321 bytes]
DEBUG:websockets.client:< TEXT '>battle-gen9championsvgc2026regma-1604\n|\n|t:|...L50, M|168/168\n|turn|1' [321 bytes]
DEBUG:websockets.client:< TEXT '>battle-gen9championsvgc2026regma-1604\n|reques...ing":false}]},"rqid":5}' [2236 bytes]
DEBUG:websockets.client:< TEXT '>battle-gen9championsvgc2026regma-1604\n|reques...ing":false}]},"rqid":4}' [2167 bytes]
DEBUG:websockets.client:< TEXT '|pm| OPheur3| BC3|/challenge' [28 bytes]
DEBUG:vgc_base:Turn 1 [battle-gen9championsvgc2026regma-1604] a0=3 a1=0 src=heuristic g0=0 g1=0
DEBUG:websockets.client:> TEXT 'battle-gen9championsvgc2026regma-1604|/choose m...reclaw 1, move heatwave' [76 bytes]
DEBUG:websockets.client:< TEXT '|pm| OPheur3| BC3|/challenge' [28 bytes]
DEBUG:websockets.client:< TEXT '|updatesearch|{"searching":[],"games":{"battle-... 2026 Reg M-A Battle"}}' [124 bytes]
DEBUG:websockets.client:< TEXT '|updatesearch|{"searching":[],"games":{"battle-... 2026 Reg M-A Battle"}}' [124 bytes]
DEBUG:websockets.client:< TEXT '|updatesearch|{"searching":[],"games":{"battle-... 2026 Reg M-A Battle"}}' [208 bytes]
DEBUG:websockets.client:< TEXT '|updatesearch|{"searching":[],"games":{"battle-... 2026 Reg M-A Battle"}}' [208 bytes]
DEBUG:websockets.client:< TEXT '|updatesearch|{"searching":[],"games":{"battle-... 2026 Reg M-A Battle"}}' [208 bytes]
DEBUG:websockets.client:< TEXT '|updatesearch|{"searching":[],"games":{"battle-... 2026 Reg M-A Battle"}}' [208 bytes]
DEBUG:websockets.client:< TEXT '>battle-gen9championsvgc2026regma-1605\n|init|b... vs. OPheur3\n|j|\u2606BC3\n' [85 bytes]
DEBUG:websockets.client:< TEXT '>battle-gen9championsvgc2026regma-1605\n|j|\u2606OPheur3' [52 bytes]
DEBUG:websockets.client:< TEXT '|pm| OPheur3| BC3|/nonotify OPheur3 accepted th...26regma-1605</a>&raquo;' [173 bytes]
DEBUG:websockets.client:< TEXT '>battle-gen9championsvgc2026regma-1605\n|t:|1781643022\n|gametype|doubles' [71 bytes]
DEBUG:websockets.client:< TEXT '>battle-gen9championsvgc2026regma-1605\n|player|p1|BC3|169|' [58 bytes]
DEBUG:websockets.client:< TEXT '>battle-gen9championsvgc2026regma-1605\n|player...heets</strong></button>' [855 bytes]
DEBUG:websockets.client:< TEXT '>battle-gen9championsvgc2026regma-1605\n|reques...ing":false}]},"rqid":2}' [2093 bytes]
INFO:player:Turn 1 [battle-gen9championsvgc2026regma-1604] value head win-prob: 0.351  (losing)
DEBUG:live_vgc_base:Turn 1 [battle-gen9championsvgc2026regma-1604] a0=0 a1=9 src=model opp_splice=on
DEBUG:websockets.client:> TEXT 'battle-gen9championsvgc2026regma-1604|/choose move encore 1, move icywind' [73 bytes]
DEBUG:websockets.client:< TEXT '>battle-gen9championsvgc2026regma-1605\n|init|b...n|j|\u2606BC3\n|j|\u2606OPheur3\n' [99 bytes]
DEBUG:websockets.client:< TEXT '|pm| OPheur3| BC3|/nonotify OPheur3 accepted th...26regma-1605</a>&raquo;' [173 bytes]
DEBUG:websockets.client:< TEXT '>battle-gen9championsvgc2026regma-1605\n|t:|1781643022\n|gametype|doubles' [71 bytes]
DEBUG:websockets.client:< TEXT '>battle-gen9championsvgc2026regma-1605\n|player|p1|BC3|169|' [58 bytes]
DEBUG:websockets.client:< TEXT '>battle-gen9championsvgc2026regma-1605\n|player...heets</strong></button>' [855 bytes]
DEBUG:websockets.client:< TEXT '>battle-gen9championsvgc2026regma-1605\n|reques...ing":false}]},"rqid":3}' [2097 bytes]
DEBUG:websockets.client:< TEXT '>battle-gen9championsvgc2026regma-1604\n|\n|t:|...rk|Illusion\n|\n|upkeep' [695 bytes]
DEBUG:websockets.client:< TEXT '>battle-gen9championsvgc2026regma-1604\n|\n|t:|...rk|Illusion\n|\n|upkeep' [697 bytes]
DEBUG:websockets.client:< TEXT '>battle-gen9championsvgc2026regma-1604\n|reques...oCancel":true,"rqid":6}' [1420 bytes]
DEBUG:websockets.client:< TEXT '>battle-gen9championsvgc2026regma-1604\n|reques...ing":false}]},"rqid":7}' [1453 bytes]
DEBUG:live_vgc_base:forceSwitch forced_switch_model [battle-gen9championsvgc2026regma-1604] turn 1 a0=13 a1=None opp_splice=on
DEBUG:websockets.client:> TEXT 'battle-gen9championsvgc2026regma-1604|/choose switch Ditto, pass' [64 bytes]
DEBUG:websockets.client:< TEXT '>battle-gen9championsvgc2026regma-1604\n|\n|t:|...lity: Imposter\n|turn|2' [164 bytes]
DEBUG:websockets.client:< TEXT '>battle-gen9championsvgc2026regma-1604\n|\n|t:|...lity: Imposter\n|turn|2' [164 bytes]
DEBUG:websockets.client:< TEXT '>battle-gen9championsvgc2026regma-1604\n|reques...ing":false}]},"rqid":8}' [2198 bytes]
DEBUG:websockets.client:< TEXT '>battle-gen9championsvgc2026regma-1604\n|reques...ing":false}]},"rqid":9}' [2226 bytes]
DEBUG:vgc_base:Turn 2 [battle-gen9championsvgc2026regma-1604] a0=3 a1=10 src=heuristic g0=0 g1=0
DEBUG:websockets.client:> TEXT 'battle-gen9championsvgc2026regma-1604|/choose m...law 1, move solarbeam 2' [79 bytes]
INFO:player:Turn 2 [battle-gen9championsvgc2026regma-1604] value head win-prob: 0.205  (losing)
DEBUG:live_vgc_base:Turn 2 [battle-gen9championsvgc2026regma-1604] a0=0 a1=9 src=model opp_splice=on
DEBUG:websockets.client:> TEXT 'battle-gen9championsvgc2026regma-1604|/choose move heatwave, move icywind' [73 bytes]
DEBUG:websockets.client:< TEXT '>battle-gen9championsvgc2026regma-1604\n|\n|t:|...am\n|\n|upkeep\n|turn|3' [466 bytes]
DEBUG:websockets.client:< TEXT '>battle-gen9championsvgc2026regma-1604\n|\n|t:|...am\n|\n|upkeep\n|turn|3' [466 bytes]
DEBUG:websockets.client:< TEXT '>battle-gen9championsvgc2026regma-1604\n|reques...ng":false}]},"rqid":10}' [2202 bytes]
DEBUG:websockets.client:< TEXT '>battle-gen9championsvgc2026regma-1604\n|reques...ng":false}]},"rqid":11}' [1887 bytes]
DEBUG:vgc_base:Turn 3 [battle-gen9championsvgc2026regma-1604] a0=3 a1=10 src=heuristic g0=0 g1=0
DEBUG:websockets.client:> TEXT 'battle-gen9championsvgc2026regma-1604|/choose m...law 1, move solarbeam 2' [79 bytes]
INFO:player:Turn 3 [battle-gen9championsvgc2026regma-1604] value head win-prob: 0.119  (losing)
DEBUG:live_vgc_base:Turn 3 [battle-gen9championsvgc2026regma-1604] a0=0 a1=9 src=model opp_splice=on
DEBUG:websockets.client:> TEXT 'battle-gen9championsvgc2026regma-1604|/choose move heatwave, move icywind' [73 bytes]
DEBUG:websockets.client:< TEXT '>battle-gen9championsvgc2026regma-1604\n|\n|t:|...1b: Zoroark\n|\n|upkeep' [442 bytes]
DEBUG:websockets.client:< TEXT '>battle-gen9championsvgc2026regma-1604\n|\n|t:|...1b: Zoroark\n|\n|upkeep' [442 bytes]
DEBUG:websockets.client:< TEXT '>battle-gen9championsvgc2026regma-1604\n|reques...Cancel":true,"rqid":12}' [1417 bytes]
DEBUG:websockets.client:< TEXT '>battle-gen9championsvgc2026regma-1604\n|reques...ng":false}]},"rqid":13}' [1452 bytes]
DEBUG:vgc_base:forceSwitch slot 1: no available switch — '/choose default' (handled poke-env desync).
DEBUG:vgc_base:forceSwitch DIAG [battle-gen9championsvgc2026regma-1604] turn=3 slot=1 force=[True, True] available_switches=[['charizard'], ['charizard']] own_bench_mons=['charizard'] request_state={'Ditto': 'actfnt', 'Zoroark': 'actfnt', 'Whimsicott': 'fnt', 'Charizard': ''} team_keys=['p1: Sneasler', 'p1: Charizard', 'p1: Whimsicott', 'p1: Basculegion', 'p1: Zoroark', 'p1: Ditto'] team=[sneasler(act=True,fnt=False,hp=1.0), charizard(act=False,fnt=False,hp=1.0), whimsicott(act=False,fnt=True,hp=0), basculegion(act=False,fnt=False,hp=1.0), zoroarkhisui(act=True,fnt=True,hp=0), ditto(act=True,fnt=True,hp=0)]
DEBUG:websockets.client:> TEXT 'battle-gen9championsvgc2026regma-1604|/choose default' [53 bytes]
DEBUG:websockets.client:< TEXT '>battle-gen9championsvgc2026regma-1604\n|\n|t:|...L50, F|168/168\n|turn|4' [112 bytes]
DEBUG:websockets.client:< TEXT '>battle-gen9championsvgc2026regma-1604\n|\n|t:|...L50, F|100/100\n|turn|4' [112 bytes]
DEBUG:websockets.client:< TEXT '>battle-gen9championsvgc2026regma-1604\n|reques...ng":false}]},"rqid":14}' [2183 bytes]
DEBUG:websockets.client:< TEXT '>battle-gen9championsvgc2026regma-1604\n|reques...ng":false}]},"rqid":15}' [2225 bytes]
INFO:player:Turn 4 [battle-gen9championsvgc2026regma-1604] value head win-prob: 0.040  (losing)
DEBUG:live_vgc_base:Turn 4 [battle-gen9championsvgc2026regma-1604] a0=0 a1=0 src=model opp_splice=on
DEBUG:vgc_base:_safe_order: action 0 slot 1 \u2192 None, scanning legal actions.
DEBUG:vgc_base:_safe_order: slot 1 has no decodable legal action — sending Pass.
DEBUG:websockets.client:> TEXT 'battle-gen9championsvgc2026regma-1604|/choose move heatwave mega, pass' [70 bytes]
DEBUG:vgc_base:Turn 4 [battle-gen9championsvgc2026regma-1604] a0=3 a1=0 src=heuristic g0=0 g1=0
DEBUG:websockets.client:> TEXT 'battle-gen9championsvgc2026regma-1604|/choose m...reclaw 1, move heatwave' [76 bytes]
DEBUG:websockets.client:< TEXT '>battle-gen9championsvgc2026regma-1604\n|\n|t:|...nyDay|[upkeep]\n|upkeep' [527 bytes]
DEBUG:websockets.client:< TEXT '>battle-gen9championsvgc2026regma-1604\n|\n|t:|...nyDay|[upkeep]\n|upkeep' [527 bytes]
DEBUG:websockets.client:< TEXT '>battle-gen9championsvgc2026regma-1604\n|reques...ng":false}]},"rqid":16}' [1388 bytes]
DEBUG:websockets.client:< TEXT '>battle-gen9championsvgc2026regma-1604\n|reques...Cancel":true,"rqid":17}' [1480 bytes]
DEBUG:vgc_base:forceSwitch [battle-gen9championsvgc2026regma-1604] force=[True, True] \u2192 /choose switch Basculegion / /choose switch Whimsicott
DEBUG:websockets.client:> TEXT 'battle-gen9championsvgc2026regma-1604|/choose s...gion, switch Whimsicott' [83 bytes]
DEBUG:websockets.client:< TEXT '>battle-gen9championsvgc2026regma-1604\n|\n|t:|...L50, M|100/100\n|turn|5' [167 bytes]
DEBUG:websockets.client:< TEXT '>battle-gen9championsvgc2026regma-1604\n|\n|t:|...L50, M|137/137\n|turn|5' [167 bytes]
DEBUG:websockets.client:< TEXT '>battle-gen9championsvgc2026regma-1604\n|reques...ng":false}]},"rqid":19}' [2211 bytes]
DEBUG:websockets.client:< TEXT '>battle-gen9championsvgc2026regma-1604\n|reques...ng":false}]},"rqid":18}' [2166 bytes]
DEBUG:vgc_base:Turn 5 [battle-gen9championsvgc2026regma-1604] a0=3 a1=6 src=heuristic g0=0 g1=0
DEBUG:websockets.client:> TEXT 'battle-gen9championsvgc2026regma-1604|/choose m...ash 1, move moonblast 1' [80 bytes]
INFO:player:Turn 5 [battle-gen9championsvgc2026regma-1604] value head win-prob: 0.003  (losing)
DEBUG:live_vgc_base:Turn 5 [battle-gen9championsvgc2026regma-1604] a0=0 a1=0 src=model opp_splice=on
DEBUG:vgc_base:_safe_order: action 0 slot 1 \u2192 None, scanning legal actions.
DEBUG:vgc_base:_safe_order: slot 1 has no decodable legal action — sending Pass.
DEBUG:websockets.client:> TEXT 'battle-gen9championsvgc2026regma-1604|/choose move heatwave, pass' [65 bytes]
DEBUG:websockets.client:< TEXT '>battle-gen9championsvgc2026regma-1604\n|\n|t:|...Recoil\n|\n|win|OPheur3' [664 bytes]
DEBUG:websockets.client:< TEXT '>battle-gen9championsvgc2026regma-1604\n|\n|t:|...Recoil\n|\n|win|OPheur3' [666 bytes]
DEBUG:websockets.client:< TEXT '|updatesearch|{"searching":[],"games":{"battle-... 2026 Reg M-A Battle"}}' [124 bytes]
INFO:vgc_base:Battle battle-gen9championsvgc2026regma-1604 finished — outcome: LOSS  (W/L/D so far: 0/1/0)
DEBUG:websockets.client:> TEXT '|/leave battle-gen9championsvgc2026regma-1604' [45 bytes]
DEBUG:websockets.client:< TEXT '|updatesearch|{"searching":[],"games":{"battle-... 2026 Reg M-A Battle"}}' [124 bytes]
DEBUG:websockets.client:> TEXT 'battle-gen9championsvgc2026regma-1605|/rejectopenteamsheets' [59 bytes]
INFO:vgc_base:Battle battle-gen9championsvgc2026regma-1604 finished — outcome: WIN  (W/L/D so far: 1/0/0)
DEBUG:websockets.client:> TEXT '|/leave battle-gen9championsvgc2026regma-1604' [45 bytes]
DEBUG:websockets.client:> TEXT '|/utm Sneasler||whiteherb|unburden|fakeout,dire...Naive|32,2,,,,32||||50|' [550 bytes]
DEBUG:websockets.client:> TEXT '|/challenge opheur3, gen9championsvgc2026regma' [46 bytes]
DEBUG:websockets.client:> TEXT 'battle-gen9championsvgc2026regma-1605|/rejectopenteamsheets' [59 bytes]
DEBUG:websockets.client:< TEXT '>battle-gen9championsvgc2026regma-1604\n|deinit' [46 bytes]
DEBUG:websockets.client:< TEXT '>battle-gen9championsvgc2026regma-1604\n|l|\u2606BC3' [48 bytes]
DEBUG:websockets.client:< TEXT '>battle-gen9championsvgc2026regma-1605\n|uhtmlchange|otsrequest|' [63 bytes]
DEBUG:websockets.client:< TEXT '>battle-gen9championsvgc2026regma-1605\nBC3 rejected open team sheets.' [69 bytes]
DEBUG:websockets.client:< TEXT '>battle-gen9championsvgc2026regma-1605\n|uhtmlchange|otsrequest|' [63 bytes]
DEBUG:websockets.client:< TEXT '>battle-gen9championsvgc2026regma-1605\nBC3 rejected open team sheets.' [69 bytes]
DEBUG:websockets.client:< TEXT '>battle-gen9championsvgc2026regma-1604\n|deinit' [46 bytes]
DEBUG:websockets.client:< TEXT '>battle-gen9championsvgc2026regma-1605\n|uhtmlchange|otsrequest|' [63 bytes]
DEBUG:websockets.client:< TEXT '>battle-gen9championsvgc2026regma-1605\n|uhtmlchange|otsrequest|' [63 bytes]
DEBUG:websockets.client:< TEXT '>battle-gen9championsvgc2026regma-1605\nOPheur3...ected open team sheets.' [73 bytes]
DEBUG:websockets.client:< TEXT '>battle-gen9championsvgc2026regma-1605\nOPheur3...ected open team sheets.' [73 bytes]
INFO:player:Team-preview [battle-gen9championsvgc2026regma-1605] NET drove: bring=['whimsicott', 'zoroarkhisui', 'ditto', 'charizardmegay'] leads=['whimsicott', 'zoroarkhisui'] (vs opp ['sneasler', 'charizard', 'whimsicott', 'basculegion', 'zoroarkhisui', 'ditto'])
INFO:vgc_base:Teampreview [battle-gen9championsvgc2026regma-1605] \u2192 /team 3562  (whimsicott, zoroarkhisui, ditto, charizardmegay)
DEBUG:websockets.client:> TEXT 'battle-gen9championsvgc2026regma-1605|/team 3562' [48 bytes]
DEBUG:vgc_base:Teampreview: first-4 roster order \u2192 ['sneasler', 'charizardmegay', 'whimsicott', 'basculegion']
INFO:vgc_base:Teampreview [battle-gen9championsvgc2026regma-1605] \u2192 /team 1234  (sneasler, charizardmegay, whimsicott, basculegion)
DEBUG:websockets.client:> TEXT 'battle-gen9championsvgc2026regma-1605|/team 1234' [48 bytes]
DEBUG:websockets.client:< TEXT '|pm| BC3| OPheur3|/challenge gen9championsvgc20...hampionsvgc2026regma|||' [83 bytes]
DEBUG:websockets.client:< TEXT '|pm| BC3| OPheur3|/challenge gen9championsvgc20...hampionsvgc2026regma|||' [83 bytes]
DEBUG:websockets.client:< TEXT '|pm| BC3| OPheur3|/log BC3 wants to battle!' [43 bytes]
DEBUG:websockets.client:< TEXT '|pm| BC3| OPheur3|/log BC3 wants to battle!' [43 bytes]
DEBUG:websockets.client:> TEXT '|/utm Sneasler||whiteherb|unburden|fakeout,dire...Naive|32,2,,,,32||||50|' [550 bytes]
DEBUG:websockets.client:> TEXT '|/accept bc3' [12 bytes]
DEBUG:websockets.client:< TEXT '>battle-gen9championsvgc2026regma-1605\n|\n|t:|...L50, F|100/100\n|turn|1' [321 bytes]
DEBUG:websockets.client:< TEXT '>battle-gen9championsvgc2026regma-1605\n|\n|t:|...L50, F|168/168\n|turn|1' [321 bytes]
DEBUG:websockets.client:< TEXT '>battle-gen9championsvgc2026regma-1605\n|reques...ing":false}]},"rqid":4}' [2167 bytes]
DEBUG:websockets.client:< TEXT '>battle-gen9championsvgc2026regma-1605\n|reques...ing":false}]},"rqid":5}' [2236 bytes]
DEBUG:websockets.client:< TEXT '|pm| OPheur3| BC3|/challenge' [28 bytes]
INFO:player:Turn 1 [battle-gen9championsvgc2026regma-1605] value head win-prob: 0.351  (losing)
DEBUG:live_vgc_base:Turn 1 [battle-gen9championsvgc2026regma-1605] a0=0 a1=9 src=model opp_splice=on
DEBUG:websockets.client:> TEXT 'battle-gen9championsvgc2026regma-1605|/choose move encore 1, move icywind' [73 bytes]
DEBUG:websockets.client:< TEXT '|pm| OPheur3| BC3|/challenge' [28 bytes]
DEBUG:websockets.client:< TEXT '|updatesearch|{"searching":[],"games":{"battle-... 2026 Reg M-A Battle"}}' [124 bytes]
DEBUG:websockets.client:< TEXT '|updatesearch|{"searching":[],"games":{"battle-... 2026 Reg M-A Battle"}}' [124 bytes]
DEBUG:websockets.client:< TEXT '|updatesearch|{"searching":[],"games":{"battle-... 2026 Reg M-A Battle"}}' [208 bytes]
DEBUG:websockets.client:< TEXT '|updatesearch|{"searching":[],"games":{"battle-... 2026 Reg M-A Battle"}}' [208 bytes]
DEBUG:websockets.client:< TEXT '|updatesearch|{"searching":[],"games":{"battle-... 2026 Reg M-A Battle"}}' [208 bytes]
DEBUG:websockets.client:< TEXT '|updatesearch|{"searching":[],"games":{"battle-... 2026 Reg M-A Battle"}}' [208 bytes]
DEBUG:websockets.client:< TEXT '>battle-gen9championsvgc2026regma-1606\n|init|b...n|j|\u2606BC3\n|j|\u2606OPheur3\n' [99 bytes]
DEBUG:websockets.client:< TEXT '|pm| OPheur3| BC3|/nonotify OPheur3 accepted th...26regma-1606</a>&raquo;' [173 bytes]
DEBUG:websockets.client:< TEXT '>battle-gen9championsvgc2026regma-1606\n|t:|1781643022\n|gametype|doubles' [71 bytes]
DEBUG:websockets.client:< TEXT '>battle-gen9championsvgc2026regma-1606\n|player|p1|BC3|169|' [58 bytes]
DEBUG:websockets.client:< TEXT '>battle-gen9championsvgc2026regma-1606\n|player...heets</strong></button>' [855 bytes]
DEBUG:websockets.client:< TEXT '>battle-gen9championsvgc2026regma-1606\n|reques...ing":false}]},"rqid":3}' [2097 bytes]
DEBUG:vgc_base:Turn 1 [battle-gen9championsvgc2026regma-1605] a0=3 a1=0 src=heuristic g0=0 g1=0
DEBUG:websockets.client:> TEXT 'battle-gen9championsvgc2026regma-1605|/choose m...reclaw 1, move heatwave' [76 bytes]
DEBUG:websockets.client:< TEXT '>battle-gen9championsvgc2026regma-1606\n|init|b... vs. OPheur3\n|j|\u2606BC3\n' [85 bytes]
DEBUG:websockets.client:< TEXT '>battle-gen9championsvgc2026regma-1606\n|j|\u2606OPheur3' [52 bytes]
DEBUG:websockets.client:< TEXT '|pm| OPheur3| BC3|/nonotify OPheur3 accepted th...26regma-1606</a>&raquo;' [173 bytes]
DEBUG:websockets.client:< TEXT '>battle-gen9championsvgc2026regma-1606\n|t:|1781643022\n|gametype|doubles' [71 bytes]
DEBUG:websockets.client:< TEXT '>battle-gen9championsvgc2026regma-1606\n|player|p1|BC3|169|' [58 bytes]
DEBUG:websockets.client:< TEXT '>battle-gen9championsvgc2026regma-1606\n|player...heets</strong></button>' [855 bytes]
DEBUG:websockets.client:< TEXT '>battle-gen9championsvgc2026regma-1606\n|reques...ing":false}]},"rqid":2}' [2093 bytes]
DEBUG:websockets.client:< TEXT '>battle-gen9championsvgc2026regma-1605\n|\n|t:|...rk|Illusion\n|\n|upkeep' [672 bytes]
DEBUG:websockets.client:< TEXT '>battle-gen9championsvgc2026regma-1605\n|\n|t:|...rk|Illusion\n|\n|upkeep' [674 bytes]
DEBUG:websockets.client:< TEXT '>battle-gen9championsvgc2026regma-1605\n|reques...oCancel":true,"rqid":6}' [1420 bytes]
DEBUG:websockets.client:< TEXT '>battle-gen9championsvgc2026regma-1605\n|reques...ing":false}]},"rqid":7}' [1453 bytes]
DEBUG:live_vgc_base:forceSwitch forced_switch_model [battle-gen9championsvgc2026regma-1605] turn 1 a0=13 a1=None opp_splice=on
DEBUG:websockets.client:> TEXT 'battle-gen9championsvgc2026regma-1605|/choose switch Ditto, pass' [64 bytes]
DEBUG:websockets.client:< TEXT '>battle-gen9championsvgc2026regma-1605\n|\n|t:|...lity: Imposter\n|turn|2' [164 bytes]
DEBUG:websockets.client:< TEXT '>battle-gen9championsvgc2026regma-1605\n|\n|t:|...lity: Imposter\n|turn|2' [164 bytes]
DEBUG:websockets.client:< TEXT '>battle-gen9championsvgc2026regma-1605\n|reques...ing":false}]},"rqid":8}' [2198 bytes]
DEBUG:websockets.client:< TEXT '>battle-gen9championsvgc2026regma-1605\n|reques...ing":false}]},"rqid":9}' [2226 bytes]
DEBUG:vgc_base:Turn 2 [battle-gen9championsvgc2026regma-1605] a0=3 a1=10 src=heuristic g0=0 g1=0
DEBUG:websockets.client:> TEXT 'battle-gen9championsvgc2026regma-1605|/choose m...law 1, move solarbeam 2' [79 bytes]
INFO:player:Turn 2 [battle-gen9championsvgc2026regma-1605] value head win-prob: 0.175  (losing)
DEBUG:live_vgc_base:Turn 2 [battle-gen9championsvgc2026regma-1605] a0=0 a1=9 src=model opp_splice=on
DEBUG:websockets.client:> TEXT 'battle-gen9championsvgc2026regma-1605|/choose move heatwave, move icywind' [73 bytes]
DEBUG:websockets.client:< TEXT '>battle-gen9championsvgc2026regma-1605\n|\n|t:|...am\n|\n|upkeep\n|turn|3' [547 bytes]
DEBUG:websockets.client:< TEXT '>battle-gen9championsvgc2026regma-1605\n|\n|t:|...am\n|\n|upkeep\n|turn|3' [548 bytes]
DEBUG:websockets.client:< TEXT '>battle-gen9championsvgc2026regma-1605\n|reques...ng":false}]},"rqid":11}' [1887 bytes]
DEBUG:websockets.client:< TEXT '>battle-gen9championsvgc2026regma-1605\n|reques...ng":false}]},"rqid":10}' [2198 bytes]
DEBUG:vgc_base:Turn 3 [battle-gen9championsvgc2026regma-1605] a0=3 a1=10 src=heuristic g0=0 g1=0
DEBUG:websockets.client:> TEXT 'battle-gen9championsvgc2026regma-1605|/choose m...law 1, move solarbeam 2' [79 bytes]
INFO:player:Turn 3 [battle-gen9championsvgc2026regma-1605] value head win-prob: 0.582  (winning)
DEBUG:live_vgc_base:Turn 3 [battle-gen9championsvgc2026regma-1605] a0=0 a1=9 src=model opp_splice=on
DEBUG:websockets.client:> TEXT 'battle-gen9championsvgc2026regma-1605|/choose move heatwave, move icywind' [73 bytes]
DEBUG:websockets.client:< TEXT '>battle-gen9championsvgc2026regma-1605\n|\n|t:|...1b: Zoroark\n|\n|upkeep' [441 bytes]
DEBUG:websockets.client:< TEXT '>battle-gen9championsvgc2026regma-1605\n|\n|t:|...1b: Zoroark\n|\n|upkeep' [441 bytes]
DEBUG:websockets.client:< TEXT '>battle-gen9championsvgc2026regma-1605\n|reques...ng":false}]},"rqid":13}' [1451 bytes]
DEBUG:websockets.client:< TEXT '>battle-gen9championsvgc2026regma-1605\n|reques...Cancel":true,"rqid":12}' [1417 bytes]
DEBUG:vgc_base:forceSwitch slot 1: no available switch — '/choose default' (handled poke-env desync).
DEBUG:vgc_base:forceSwitch DIAG [battle-gen9championsvgc2026regma-1605] turn=3 slot=1 force=[True, True] available_switches=[['charizard'], ['charizard']] own_bench_mons=['charizard'] request_state={'Ditto': 'actfnt', 'Zoroark': 'actfnt', 'Whimsicott': 'fnt', 'Charizard': ''} team_keys=['p1: Sneasler', 'p1: Charizard', 'p1: Whimsicott', 'p1: Basculegion', 'p1: Zoroark', 'p1: Ditto'] team=[sneasler(act=True,fnt=False,hp=1.0), charizard(act=False,fnt=False,hp=1.0), whimsicott(act=False,fnt=True,hp=0), basculegion(act=False,fnt=False,hp=1.0), zoroarkhisui(act=True,fnt=True,hp=0), ditto(act=True,fnt=True,hp=0)]
DEBUG:websockets.client:> TEXT 'battle-gen9championsvgc2026regma-1605|/choose default' [53 bytes]
DEBUG:websockets.client:< TEXT '>battle-gen9championsvgc2026regma-1605\n|\n|t:|...L50, F|168/168\n|turn|4' [112 bytes]
DEBUG:websockets.client:< TEXT '>battle-gen9championsvgc2026regma-1605\n|\n|t:|...L50, F|100/100\n|turn|4' [112 bytes]
DEBUG:websockets.client:< TEXT '>battle-gen9championsvgc2026regma-1605\n|reques...ng":false}]},"rqid":14}' [2183 bytes]
DEBUG:websockets.client:< TEXT '>battle-gen9championsvgc2026regma-1605\n|reques...ng":false}]},"rqid":15}' [2224 bytes]
DEBUG:vgc_base:Turn 4 [battle-gen9championsvgc2026regma-1605] a0=3 a1=0 src=heuristic g0=0 g1=0
DEBUG:websockets.client:> TEXT 'battle-gen9championsvgc2026regma-1605|/choose m...reclaw 1, move heatwave' [76 bytes]
INFO:player:Turn 4 [battle-gen9championsvgc2026regma-1605] value head win-prob: 0.066  (losing)
DEBUG:live_vgc_base:Turn 4 [battle-gen9championsvgc2026regma-1605] a0=0 a1=0 src=model opp_splice=on
DEBUG:vgc_base:_safe_order: action 0 slot 1 \u2192 None, scanning legal actions.
DEBUG:vgc_base:_safe_order: slot 1 has no decodable legal action — sending Pass.
DEBUG:websockets.client:> TEXT 'battle-gen9championsvgc2026regma-1605|/choose move heatwave mega, pass' [70 bytes]
DEBUG:websockets.client:< TEXT '>battle-gen9championsvgc2026regma-1605\n|\n|t:|...nyDay|[upkeep]\n|upkeep' [527 bytes]
DEBUG:websockets.client:< TEXT '>battle-gen9championsvgc2026regma-1605\n|\n|t:|...nyDay|[upkeep]\n|upkeep' [527 bytes]
DEBUG:websockets.client:< TEXT '>battle-gen9championsvgc2026regma-1605\n|reques...ng":false}]},"rqid":16}' [1388 bytes]
DEBUG:websockets.client:< TEXT '>battle-gen9championsvgc2026regma-1605\n|reques...Cancel":true,"rqid":17}' [1480 bytes]
DEBUG:vgc_base:forceSwitch [battle-gen9championsvgc2026regma-1605] force=[True, True] \u2192 /choose switch Basculegion / /choose switch Whimsicott
DEBUG:websockets.client:> TEXT 'battle-gen9championsvgc2026regma-1605|/choose s...gion, switch Whimsicott' [83 bytes]
DEBUG:websockets.client:< TEXT '>battle-gen9championsvgc2026regma-1605\n|\n|t:|...L50, F|100/100\n|turn|5' [167 bytes]
DEBUG:websockets.client:< TEXT '>battle-gen9championsvgc2026regma-1605\n|\n|t:|...L50, F|137/137\n|turn|5' [167 bytes]
DEBUG:websockets.client:< TEXT '>battle-gen9championsvgc2026regma-1605\n|reques...ng":false}]},"rqid":18}' [2166 bytes]
DEBUG:websockets.client:< TEXT '>battle-gen9championsvgc2026regma-1605\n|reques...ng":false}]},"rqid":19}' [2211 bytes]
INFO:player:Turn 5 [battle-gen9championsvgc2026regma-1605] value head win-prob: 0.003  (losing)
DEBUG:live_vgc_base:Turn 5 [battle-gen9championsvgc2026regma-1605] a0=0 a1=0 src=model opp_splice=on
DEBUG:vgc_base:_safe_order: action 0 slot 1 \u2192 None, scanning legal actions.
DEBUG:vgc_base:_safe_order: slot 1 has no decodable legal action — sending Pass.
DEBUG:websockets.client:> TEXT 'battle-gen9championsvgc2026regma-1605|/choose move heatwave, pass' [65 bytes]
DEBUG:vgc_base:Turn 5 [battle-gen9championsvgc2026regma-1605] a0=3 a1=6 src=heuristic g0=0 g1=0
DEBUG:websockets.client:> TEXT 'battle-gen9championsvgc2026regma-1605|/choose m...ash 1, move moonblast 1' [80 bytes]
DEBUG:websockets.client:< TEXT '>battle-gen9championsvgc2026regma-1605\n|\n|t:|...Recoil\n|\n|win|OPheur3' [640 bytes]
DEBUG:websockets.client:< TEXT '>battle-gen9championsvgc2026regma-1605\n|\n|t:|...Recoil\n|\n|win|OPheur3' [643 bytes]
DEBUG:websockets.client:< TEXT '|updatesearch|{"searching":[],"games":{"battle-... 2026 Reg M-A Battle"}}' [124 bytes]
INFO:vgc_base:Battle battle-gen9championsvgc2026regma-1605 finished — outcome: LOSS  (W/L/D so far: 0/2/0)
DEBUG:websockets.client:> TEXT '|/leave battle-gen9championsvgc2026regma-1605' [45 bytes]
DEBUG:websockets.client:< TEXT '|updatesearch|{"searching":[],"games":{"battle-... 2026 Reg M-A Battle"}}' [124 bytes]
DEBUG:websockets.client:> TEXT 'battle-gen9championsvgc2026regma-1606|/rejectopenteamsheets' [59 bytes]
INFO:vgc_base:Battle battle-gen9championsvgc2026regma-1605 finished — outcome: WIN  (W/L/D so far: 2/0/0)
DEBUG:websockets.client:> TEXT '|/leave battle-gen9championsvgc2026regma-1605' [45 bytes]
DEBUG:websockets.client:> TEXT '|/utm Sneasler||whiteherb|unburden|fakeout,dire...Naive|32,2,,,,32||||50|' [550 bytes]
DEBUG:websockets.client:> TEXT '|/challenge opheur3, gen9championsvgc2026regma' [46 bytes]
DEBUG:websockets.client:> TEXT 'battle-gen9championsvgc2026regma-1606|/rejectopenteamsheets' [59 bytes]
DEBUG:websockets.client:< TEXT '>battle-gen9championsvgc2026regma-1605\n|deinit' [46 bytes]
DEBUG:websockets.client:< TEXT '>battle-gen9championsvgc2026regma-1605\n|l|\u2606BC3' [48 bytes]
DEBUG:websockets.client:< TEXT '>battle-gen9championsvgc2026regma-1606\n|uhtmlchange|otsrequest|' [63 bytes]
DEBUG:websockets.client:< TEXT '>battle-gen9championsvgc2026regma-1606\nBC3 rejected open team sheets.' [69 bytes]
DEBUG:websockets.client:< TEXT '>battle-gen9championsvgc2026regma-1606\n|uhtmlchange|otsrequest|' [63 bytes]
DEBUG:websockets.client:< TEXT '>battle-gen9championsvgc2026regma-1606\nBC3 rejected open team sheets.' [69 bytes]
DEBUG:websockets.client:< TEXT '>battle-gen9championsvgc2026regma-1605\n|deinit' [46 bytes]
DEBUG:websockets.client:< TEXT '>battle-gen9championsvgc2026regma-1606\n|uhtmlchange|otsrequest|' [63 bytes]
DEBUG:websockets.client:< TEXT '>battle-gen9championsvgc2026regma-1606\nOPheur3...ected open team sheets.' [73 bytes]
DEBUG:websockets.client:< TEXT '>battle-gen9championsvgc2026regma-1606\n|uhtmlchange|otsrequest|' [63 bytes]
DEBUG:websockets.client:< TEXT '>battle-gen9championsvgc2026regma-1606\nOPheur3...ected open team sheets.' [73 bytes]
INFO:player:Team-preview [battle-gen9championsvgc2026regma-1606] NET drove: bring=['whimsicott', 'zoroarkhisui', 'ditto', 'charizardmegay'] leads=['whimsicott', 'zoroarkhisui'] (vs opp ['sneasler', 'charizard', 'whimsicott', 'basculegion', 'zoroarkhisui', 'ditto'])
INFO:vgc_base:Teampreview [battle-gen9championsvgc2026regma-1606] \u2192 /team 3562  (whimsicott, zoroarkhisui, ditto, charizardmegay)
DEBUG:websockets.client:> TEXT 'battle-gen9championsvgc2026regma-1606|/team 3562' [48 bytes]
DEBUG:vgc_base:Teampreview: first-4 roster order \u2192 ['sneasler', 'charizardmegay', 'whimsicott', 'basculegion']
INFO:vgc_base:Teampreview [battle-gen9championsvgc2026regma-1606] \u2192 /team 1234  (sneasler, charizardmegay, whimsicott, basculegion)
DEBUG:websockets.client:> TEXT 'battle-gen9championsvgc2026regma-1606|/team 1234' [48 bytes]
DEBUG:websockets.client:< TEXT '|pm| BC3| OPheur3|/challenge gen9championsvgc20...hampionsvgc2026regma|||' [83 bytes]
DEBUG:websockets.client:< TEXT '|pm| BC3| OPheur3|/challenge gen9championsvgc20...hampionsvgc2026regma|||' [83 bytes]
DEBUG:websockets.client:< TEXT '|pm| BC3| OPheur3|/log BC3 wants to battle!' [43 bytes]
DEBUG:websockets.client:< TEXT '|pm| BC3| OPheur3|/log BC3 wants to battle!' [43 bytes]
DEBUG:websockets.client:> TEXT '|/utm Sneasler||whiteherb|unburden|fakeout,dire...Naive|32,2,,,,32||||50|' [550 bytes]
DEBUG:websockets.client:> TEXT '|/accept bc3' [12 bytes]
DEBUG:websockets.client:< TEXT '>battle-gen9championsvgc2026regma-1606\n|\n|t:|...L50, M|100/100\n|turn|1' [321 bytes]
DEBUG:websockets.client:< TEXT '>battle-gen9championsvgc2026regma-1606\n|\n|t:|...L50, M|168/168\n|turn|1' [321 bytes]
DEBUG:websockets.client:< TEXT '>battle-gen9championsvgc2026regma-1606\n|reques...ing":false}]},"rqid":4}' [2167 bytes]
DEBUG:websockets.client:< TEXT '>battle-gen9championsvgc2026regma-1606\n|reques...ing":false}]},"rqid":5}' [2236 bytes]
INFO:player:Turn 1 [battle-gen9championsvgc2026regma-1606] value head win-prob: 0.351  (losing)
DEBUG:live_vgc_base:Turn 1 [battle-gen9championsvgc2026regma-1606] a0=0 a1=9 src=model opp_splice=on
DEBUG:websockets.client:> TEXT 'battle-gen9championsvgc2026regma-1606|/choose move encore 1, move icywind' [73 bytes]
DEBUG:websockets.client:< TEXT '|pm| OPheur3| BC3|/challenge' [28 bytes]
DEBUG:vgc_base:Turn 1 [battle-gen9championsvgc2026regma-1606] a0=3 a1=0 src=heuristic g0=0 g1=0
DEBUG:websockets.client:> TEXT 'battle-gen9championsvgc2026regma-1606|/choose m...reclaw 1, move heatwave' [76 bytes]
DEBUG:websockets.client:< TEXT '|updatesearch|{"searching":[],"games":{"battle-... 2026 Reg M-A Battle"}}' [124 bytes]
DEBUG:websockets.client:< TEXT '|updatesearch|{"searching":[],"games":{"battle-... 2026 Reg M-A Battle"}}' [208 bytes]
DEBUG:websockets.client:< TEXT '|updatesearch|{"searching":[],"games":{"battle-... 2026 Reg M-A Battle"}}' [208 bytes]
DEBUG:websockets.client:< TEXT '>battle-gen9championsvgc2026regma-1607\n|init|b...n|j|\u2606BC3\n|j|\u2606OPheur3\n' [99 bytes]
DEBUG:websockets.client:< TEXT '|pm| OPheur3| BC3|/nonotify OPheur3 accepted th...26regma-1607</a>&raquo;' [173 bytes]
DEBUG:websockets.client:< TEXT '>battle-gen9championsvgc2026regma-1607\n|t:|1781643022\n|gametype|doubles' [71 bytes]
DEBUG:websockets.client:< TEXT '>battle-gen9championsvgc2026regma-1607\n|player|p1|BC3|169|' [58 bytes]
DEBUG:websockets.client:< TEXT '>battle-gen9championsvgc2026regma-1607\n|player...heets</strong></button>' [855 bytes]
DEBUG:websockets.client:< TEXT '>battle-gen9championsvgc2026regma-1607\n|reques...ing":false}]},"rqid":3}' [2097 bytes]
DEBUG:websockets.client:< TEXT '|pm| OPheur3| BC3|/challenge' [28 bytes]
DEBUG:websockets.client:< TEXT '|updatesearch|{"searching":[],"games":{"battle-... 2026 Reg M-A Battle"}}' [124 bytes]
DEBUG:websockets.client:< TEXT '|updatesearch|{"searching":[],"games":{"battle-... 2026 Reg M-A Battle"}}' [208 bytes]
DEBUG:websockets.client:< TEXT '|updatesearch|{"searching":[],"games":{"battle-... 2026 Reg M-A Battle"}}' [208 bytes]
DEBUG:websockets.client:< TEXT '>battle-gen9championsvgc2026regma-1607\n|init|b... vs. OPheur3\n|j|\u2606BC3\n' [85 bytes]
DEBUG:websockets.client:< TEXT '>battle-gen9championsvgc2026regma-1607\n|j|\u2606OPheur3' [52 bytes]
DEBUG:websockets.client:< TEXT '|pm| OPheur3| BC3|/nonotify OPheur3 accepted th...26regma-1607</a>&raquo;' [173 bytes]
DEBUG:websockets.client:< TEXT '>battle-gen9championsvgc2026regma-1607\n|t:|1781643022\n|gametype|doubles' [71 bytes]
DEBUG:websockets.client:< TEXT '>battle-gen9championsvgc2026regma-1607\n|player|p1|BC3|169|' [58 bytes]
DEBUG:websockets.client:< TEXT '>battle-gen9championsvgc2026regma-1607\n|player...heets</strong></button>' [855 bytes]
DEBUG:websockets.client:< TEXT '>battle-gen9championsvgc2026regma-1607\n|reques...ing":false}]},"rqid":2}' [2093 bytes]
DEBUG:websockets.client:< TEXT '>battle-gen9championsvgc2026regma-1606\n|\n|t:|...rk|Illusion\n|\n|upkeep' [672 bytes]
DEBUG:websockets.client:< TEXT '>battle-gen9championsvgc2026regma-1606\n|\n|t:|...rk|Illusion\n|\n|upkeep' [674 bytes]
DEBUG:websockets.client:< TEXT '>battle-gen9championsvgc2026regma-1606\n|reques...ing":false}]},"rqid":7}' [1453 bytes]
DEBUG:websockets.client:< TEXT '>battle-gen9championsvgc2026regma-1606\n|reques...oCancel":true,"rqid":6}' [1420 bytes]
DEBUG:live_vgc_base:forceSwitch forced_switch_model [battle-gen9championsvgc2026regma-1606] turn 1 a0=13 a1=None opp_splice=on
DEBUG:websockets.client:> TEXT 'battle-gen9championsvgc2026regma-1606|/choose switch Ditto, pass' [64 bytes]
DEBUG:websockets.client:< TEXT '>battle-gen9championsvgc2026regma-1606\n|\n|t:|...lity: Imposter\n|turn|2' [164 bytes]
DEBUG:websockets.client:< TEXT '>battle-gen9championsvgc2026regma-1606\n|\n|t:|...lity: Imposter\n|turn|2' [164 bytes]
DEBUG:websockets.client:< TEXT '>battle-gen9championsvgc2026regma-1606\n|reques...ing":false}]},"rqid":8}' [2198 bytes]
DEBUG:websockets.client:< TEXT '>battle-gen9championsvgc2026regma-1606\n|reques...ing":false}]},"rqid":9}' [2226 bytes]
INFO:player:Turn 2 [battle-gen9championsvgc2026regma-1606] value head win-prob: 0.172  (losing)
DEBUG:live_vgc_base:Turn 2 [battle-gen9championsvgc2026regma-1606] a0=0 a1=9 src=model opp_splice=on
DEBUG:websockets.client:> TEXT 'battle-gen9championsvgc2026regma-1606|/choose move heatwave, move icywind' [73 bytes]
DEBUG:vgc_base:Turn 2 [battle-gen9championsvgc2026regma-1606] a0=3 a1=10 src=heuristic g0=0 g1=0
DEBUG:websockets.client:> TEXT 'battle-gen9championsvgc2026regma-1606|/choose m...law 1, move solarbeam 2' [79 bytes]
DEBUG:websockets.client:< TEXT '>battle-gen9championsvgc2026regma-1606\n|\n|t:|...am\n|\n|upkeep\n|turn|3' [517 bytes]
DEBUG:websockets.client:< TEXT '>battle-gen9championsvgc2026regma-1606\n|\n|t:|...am\n|\n|upkeep\n|turn|3' [517 bytes]
DEBUG:websockets.client:< TEXT '>battle-gen9championsvgc2026regma-1606\n|reques...ng":false}]},"rqid":11}' [1887 bytes]
DEBUG:websockets.client:< TEXT '>battle-gen9championsvgc2026regma-1606\n|reques...ng":false}]},"rqid":10}' [2198 bytes]
DEBUG:vgc_base:Turn 3 [battle-gen9championsvgc2026regma-1606] a0=3 a1=10 src=heuristic g0=0 g1=0
DEBUG:websockets.client:> TEXT 'battle-gen9championsvgc2026regma-1606|/choose m...law 1, move solarbeam 2' [79 bytes]
INFO:player:Turn 3 [battle-gen9championsvgc2026regma-1606] value head win-prob: 0.397  (losing)
DEBUG:live_vgc_base:Turn 3 [battle-gen9championsvgc2026regma-1606] a0=0 a1=9 src=model opp_splice=on
DEBUG:websockets.client:> TEXT 'battle-gen9championsvgc2026regma-1606|/choose move heatwave, move icywind' [73 bytes]
DEBUG:websockets.client:< TEXT '>battle-gen9championsvgc2026regma-1606\n|\n|t:|...1b: Zoroark\n|\n|upkeep' [442 bytes]
DEBUG:websockets.client:< TEXT '>battle-gen9championsvgc2026regma-1606\n|\n|t:|...1b: Zoroark\n|\n|upkeep' [442 bytes]
DEBUG:websockets.client:< TEXT '>battle-gen9championsvgc2026regma-1606\n|reques...Cancel":true,"rqid":12}' [1417 bytes]
DEBUG:websockets.client:< TEXT '>battle-gen9championsvgc2026regma-1606\n|reques...ng":false}]},"rqid":13}' [1452 bytes]
DEBUG:vgc_base:forceSwitch slot 1: no available switch — '/choose default' (handled poke-env desync).
DEBUG:vgc_base:forceSwitch DIAG [battle-gen9championsvgc2026regma-1606] turn=3 slot=1 force=[True, True] available_switches=[['charizard'], ['charizard']] own_bench_mons=['charizard'] request_state={'Ditto': 'actfnt', 'Zoroark': 'actfnt', 'Whimsicott': 'fnt', 'Charizard': ''} team_keys=['p1: Sneasler', 'p1: Charizard', 'p1: Whimsicott', 'p1: Basculegion', 'p1: Zoroark', 'p1: Ditto'] team=[sneasler(act=True,fnt=False,hp=1.0), charizard(act=False,fnt=False,hp=1.0), whimsicott(act=False,fnt=True,hp=0), basculegion(act=False,fnt=False,hp=1.0), zoroarkhisui(act=True,fnt=True,hp=0), ditto(act=True,fnt=True,hp=0)]
DEBUG:websockets.client:> TEXT 'battle-gen9championsvgc2026regma-1606|/choose default' [53 bytes]
DEBUG:websockets.client:< TEXT '>battle-gen9championsvgc2026regma-1606\n|\n|t:|...L50, F|168/168\n|turn|4' [112 bytes]
DEBUG:websockets.client:< TEXT '>battle-gen9championsvgc2026regma-1606\n|\n|t:|...L50, F|100/100\n|turn|4' [112 bytes]
DEBUG:websockets.client:< TEXT '>battle-gen9championsvgc2026regma-1606\n|reques...ng":false}]},"rqid":14}' [2183 bytes]
DEBUG:websockets.client:< TEXT '>battle-gen9championsvgc2026regma-1606\n|reques...ng":false}]},"rqid":15}' [2225 bytes]
INFO:player:Turn 4 [battle-gen9championsvgc2026regma-1606] value head win-prob: 0.043  (losing)
DEBUG:live_vgc_base:Turn 4 [battle-gen9championsvgc2026regma-1606] a0=0 a1=0 src=model opp_splice=on
DEBUG:vgc_base:_safe_order: action 0 slot 1 \u2192 None, scanning legal actions.
DEBUG:vgc_base:_safe_order: slot 1 has no decodable legal action — sending Pass.
DEBUG:websockets.client:> TEXT 'battle-gen9championsvgc2026regma-1606|/choose move heatwave mega, pass' [70 bytes]
DEBUG:vgc_base:Turn 4 [battle-gen9championsvgc2026regma-1606] a0=3 a1=0 src=heuristic g0=0 g1=0
DEBUG:websockets.client:> TEXT 'battle-gen9championsvgc2026regma-1606|/choose m...reclaw 1, move heatwave' [76 bytes]
DEBUG:websockets.client:< TEXT '>battle-gen9championsvgc2026regma-1606\n|\n|t:|...nyDay|[upkeep]\n|upkeep' [554 bytes]
DEBUG:websockets.client:< TEXT '>battle-gen9championsvgc2026regma-1606\n|\n|t:|...nyDay|[upkeep]\n|upkeep' [554 bytes]
DEBUG:websockets.client:< TEXT '>battle-gen9championsvgc2026regma-1606\n|reques...ng":false}]},"rqid":16}' [1392 bytes]
DEBUG:websockets.client:< TEXT '>battle-gen9championsvgc2026regma-1606\n|reques...Cancel":true,"rqid":17}' [1480 bytes]
DEBUG:vgc_base:forceSwitch [battle-gen9championsvgc2026regma-1606] force=[True, True] \u2192 /choose switch Whimsicott / /choose switch Basculegion
DEBUG:websockets.client:> TEXT 'battle-gen9championsvgc2026regma-1606|/choose s...ott, switch Basculegion' [83 bytes]
DEBUG:websockets.client:< TEXT '>battle-gen9championsvgc2026regma-1606\n|\n|t:|...L50, M|100/100\n|turn|5' [167 bytes]
DEBUG:websockets.client:< TEXT '>battle-gen9championsvgc2026regma-1606\n|\n|t:|...L50, M|197/197\n|turn|5' [167 bytes]
DEBUG:websockets.client:< TEXT '>battle-gen9championsvgc2026regma-1606\n|reques...ng":false}]},"rqid":19}' [2211 bytes]
DEBUG:websockets.client:< TEXT '>battle-gen9championsvgc2026regma-1606\n|reques...ng":false}]},"rqid":18}' [2170 bytes]
DEBUG:vgc_base:Turn 5 [battle-gen9championsvgc2026regma-1606] a0=6 a1=3 src=heuristic g0=0 g1=0
DEBUG:websockets.client:> TEXT 'battle-gen9championsvgc2026regma-1606|/choose m...ast 1, move wavecrash 1' [80 bytes]
INFO:player:Turn 5 [battle-gen9championsvgc2026regma-1606] value head win-prob: 0.004  (losing)
DEBUG:live_vgc_base:Turn 5 [battle-gen9championsvgc2026regma-1606] a0=0 a1=0 src=model opp_splice=on
DEBUG:vgc_base:_safe_order: action 0 slot 1 \u2192 None, scanning legal actions.
DEBUG:vgc_base:_safe_order: slot 1 has no decodable legal action — sending Pass.
DEBUG:websockets.client:> TEXT 'battle-gen9championsvgc2026regma-1606|/choose move heatwave, pass' [65 bytes]
DEBUG:websockets.client:< TEXT '>battle-gen9championsvgc2026regma-1606\n|\n|t:|...Recoil\n|\n|win|OPheur3' [362 bytes]
DEBUG:websockets.client:< TEXT '>battle-gen9championsvgc2026regma-1606\n|\n|t:|...Recoil\n|\n|win|OPheur3' [363 bytes]
INFO:vgc_base:Battle battle-gen9championsvgc2026regma-1606 finished — outcome: LOSS  (W/L/D so far: 0/3/0)
DEBUG:websockets.client:> TEXT '|/leave battle-gen9championsvgc2026regma-1606' [45 bytes]
DEBUG:websockets.client:< TEXT '|updatesearch|{"searching":[],"games":{"battle-... 2026 Reg M-A Battle"}}' [124 bytes]
DEBUG:websockets.client:< TEXT '|updatesearch|{"searching":[],"games":{"battle-... 2026 Reg M-A Battle"}}' [124 bytes]
DEBUG:websockets.client:> TEXT 'battle-gen9championsvgc2026regma-1607|/rejectopenteamsheets' [59 bytes]
INFO:vgc_base:Battle battle-gen9championsvgc2026regma-1606 finished — outcome: WIN  (W/L/D so far: 3/0/0)
DEBUG:websockets.client:> TEXT '|/leave battle-gen9championsvgc2026regma-1606' [45 bytes]
DEBUG:websockets.client:> TEXT '|/utm Sneasler||whiteherb|unburden|fakeout,dire...Naive|32,2,,,,32||||50|' [550 bytes]
DEBUG:websockets.client:> TEXT '|/challenge opheur3, gen9championsvgc2026regma' [46 bytes]
DEBUG:websockets.client:> TEXT 'battle-gen9championsvgc2026regma-1607|/rejectopenteamsheets' [59 bytes]
DEBUG:websockets.client:< TEXT '>battle-gen9championsvgc2026regma-1606\n|deinit' [46 bytes]
DEBUG:websockets.client:< TEXT '>battle-gen9championsvgc2026regma-1606\n|l|\u2606BC3' [48 bytes]
DEBUG:websockets.client:< TEXT '>battle-gen9championsvgc2026regma-1607\n|uhtmlchange|otsrequest|' [63 bytes]
DEBUG:websockets.client:< TEXT '>battle-gen9championsvgc2026regma-1607\nBC3 rejected open team sheets.' [69 bytes]
DEBUG:websockets.client:< TEXT '>battle-gen9championsvgc2026regma-1607\n|uhtmlchange|otsrequest|' [63 bytes]
DEBUG:websockets.client:< TEXT '>battle-gen9championsvgc2026regma-1607\nBC3 rejected open team sheets.' [69 bytes]
DEBUG:websockets.client:< TEXT '>battle-gen9championsvgc2026regma-1606\n|deinit' [46 bytes]
DEBUG:websockets.client:< TEXT '>battle-gen9championsvgc2026regma-1607\n|uhtmlchange|otsrequest|' [63 bytes]
DEBUG:websockets.client:< TEXT '>battle-gen9championsvgc2026regma-1607\n|uhtmlchange|otsrequest|' [63 bytes]
DEBUG:websockets.client:< TEXT '>battle-gen9championsvgc2026regma-1607\nOPheur3...ected open team sheets.' [73 bytes]
DEBUG:websockets.client:< TEXT '>battle-gen9championsvgc2026regma-1607\nOPheur3...ected open team sheets.' [73 bytes]
INFO:player:Team-preview [battle-gen9championsvgc2026regma-1607] NET drove: bring=['whimsicott', 'zoroarkhisui', 'ditto', 'charizardmegay'] leads=['whimsicott', 'zoroarkhisui'] (vs opp ['sneasler', 'charizard', 'whimsicott', 'basculegion', 'zoroarkhisui', 'ditto'])
INFO:vgc_base:Teampreview [battle-gen9championsvgc2026regma-1607] \u2192 /team 3562  (whimsicott, zoroarkhisui, ditto, charizardmegay)
DEBUG:websockets.client:> TEXT 'battle-gen9championsvgc2026regma-1607|/team 3562' [48 bytes]
DEBUG:vgc_base:Teampreview: first-4 roster order \u2192 ['sneasler', 'charizardmegay', 'whimsicott', 'basculegion']
INFO:vgc_base:Teampreview [battle-gen9championsvgc2026regma-1607] \u2192 /team 1234  (sneasler, charizardmegay, whimsicott, basculegion)
DEBUG:websockets.client:> TEXT 'battle-gen9championsvgc2026regma-1607|/team 1234' [48 bytes]
DEBUG:websockets.client:< TEXT '|pm| BC3| OPheur3|/challenge gen9championsvgc20...hampionsvgc2026regma|||' [83 bytes]
DEBUG:websockets.client:< TEXT '|pm| BC3| OPheur3|/challenge gen9championsvgc20...hampionsvgc2026regma|||' [83 bytes]
DEBUG:websockets.client:< TEXT '|pm| BC3| OPheur3|/log BC3 wants to battle!' [43 bytes]
DEBUG:websockets.client:< TEXT '|pm| BC3| OPheur3|/log BC3 wants to battle!' [43 bytes]
DEBUG:websockets.client:> TEXT '|/utm Sneasler||whiteherb|unburden|fakeout,dire...Naive|32,2,,,,32||||50|' [550 bytes]
DEBUG:websockets.client:> TEXT '|/accept bc3' [12 bytes]
DEBUG:websockets.client:< TEXT '|pm| OPheur3| BC3|/challenge' [28 bytes]
DEBUG:websockets.client:< TEXT '|pm| OPheur3| BC3|/challenge' [28 bytes]
DEBUG:websockets.client:< TEXT '|updatesearch|{"searching":[],"games":{"battle-... 2026 Reg M-A Battle"}}' [124 bytes]
DEBUG:websockets.client:< TEXT '|updatesearch|{"searching":[],"games":{"battle-... 2026 Reg M-A Battle"}}' [124 bytes]
DEBUG:websockets.client:< TEXT '|updatesearch|{"searching":[],"games":{"battle-... 2026 Reg M-A Battle"}}' [208 bytes]
DEBUG:websockets.client:< TEXT '|updatesearch|{"searching":[],"games":{"battle-... 2026 Reg M-A Battle"}}' [208 bytes]
DEBUG:websockets.client:< TEXT '|updatesearch|{"searching":[],"games":{"battle-... 2026 Reg M-A Battle"}}' [208 bytes]
DEBUG:websockets.client:< TEXT '|updatesearch|{"searching":[],"games":{"battle-... 2026 Reg M-A Battle"}}' [208 bytes]
DEBUG:websockets.client:< TEXT '>battle-gen9championsvgc2026regma-1608\n|init|b... vs. OPheur3\n|j|\u2606BC3\n' [85 bytes]
DEBUG:websockets.client:< TEXT '>battle-gen9championsvgc2026regma-1608\n|init|b...n|j|\u2606BC3\n|j|\u2606OPheur3\n' [99 bytes]
DEBUG:websockets.client:< TEXT '|pm| OPheur3| BC3|/nonotify OPheur3 accepted th...26regma-1608</a>&raquo;' [173 bytes]
DEBUG:websockets.client:< TEXT '>battle-gen9championsvgc2026regma-1608\n|j|\u2606OPheur3' [52 bytes]
DEBUG:websockets.client:< TEXT '|pm| OPheur3| BC3|/nonotify OPheur3 accepted th...26regma-1608</a>&raquo;' [173 bytes]
DEBUG:websockets.client:< TEXT '>battle-gen9championsvgc2026regma-1607\n|\n|t:|...L50, M|100/100\n|turn|1' [321 bytes]
DEBUG:websockets.client:< TEXT '>battle-gen9championsvgc2026regma-1607\n|\n|t:|...L50, M|168/168\n|turn|1' [321 bytes]
DEBUG:websockets.client:< TEXT '>battle-gen9championsvgc2026regma-1607\n|reques...ing":false}]},"rqid":5}' [2236 bytes]
DEBUG:websockets.client:< TEXT '>battle-gen9championsvgc2026regma-1607\n|reques...ing":false}]},"rqid":4}' [2167 bytes]
DEBUG:websockets.client:< TEXT '>battle-gen9championsvgc2026regma-1608\n|t:|1781643023\n|gametype|doubles' [71 bytes]
DEBUG:websockets.client:< TEXT '>battle-gen9championsvgc2026regma-1608\n|t:|1781643023\n|gametype|doubles' [71 bytes]
DEBUG:websockets.client:< TEXT '>battle-gen9championsvgc2026regma-1608\n|player|p1|BC3|169|' [58 bytes]
DEBUG:vgc_base:Turn 1 [battle-gen9championsvgc2026regma-1607] a0=3 a1=0 src=heuristic g0=0 g1=0
DEBUG:websockets.client:> TEXT 'battle-gen9championsvgc2026regma-1607|/choose m...reclaw 1, move heatwave' [76 bytes]
DEBUG:websockets.client:< TEXT '>battle-gen9championsvgc2026regma-1608\n|player|p1|BC3|169|' [58 bytes]
DEBUG:websockets.client:< TEXT '>battle-gen9championsvgc2026regma-1608\n|player...heets</strong></button>' [855 bytes]
DEBUG:websockets.client:< TEXT '>battle-gen9championsvgc2026regma-1608\n|reques...ing":false}]},"rqid":3}' [2097 bytes]
DEBUG:websockets.client:< TEXT '>battle-gen9championsvgc2026regma-1608\n|player...heets</strong></button>' [855 bytes]
DEBUG:websockets.client:< TEXT '>battle-gen9championsvgc2026regma-1608\n|reques...ing":false}]},"rqid":2}' [2093 bytes]
INFO:player:Turn 1 [battle-gen9championsvgc2026regma-1607] value head win-prob: 0.351  (losing)
DEBUG:live_vgc_base:Turn 1 [battle-gen9championsvgc2026regma-1607] a0=0 a1=9 src=model opp_splice=on
DEBUG:websockets.client:> TEXT 'battle-gen9championsvgc2026regma-1607|/choose move encore 1, move icywind' [73 bytes]
DEBUG:websockets.client:< TEXT '>battle-gen9championsvgc2026regma-1607\n|\n|t:|...rk|Illusion\n|\n|upkeep' [673 bytes]
DEBUG:websockets.client:< TEXT '>battle-gen9championsvgc2026regma-1607\n|\n|t:|...rk|Illusion\n|\n|upkeep' [675 bytes]
DEBUG:websockets.client:< TEXT '>battle-gen9championsvgc2026regma-1607\n|reques...oCancel":true,"rqid":6}' [1420 bytes]
DEBUG:websockets.client:< TEXT '>battle-gen9championsvgc2026regma-1607\n|reques...ing":false}]},"rqid":7}' [1453 bytes]
DEBUG:live_vgc_base:forceSwitch forced_switch_model [battle-gen9championsvgc2026regma-1607] turn 1 a0=13 a1=None opp_splice=on
DEBUG:websockets.client:> TEXT 'battle-gen9championsvgc2026regma-1607|/choose switch Ditto, pass' [64 bytes]
DEBUG:websockets.client:< TEXT '>battle-gen9championsvgc2026regma-1607\n|\n|t:|...lity: Imposter\n|turn|2' [164 bytes]
DEBUG:websockets.client:< TEXT '>battle-gen9championsvgc2026regma-1607\n|\n|t:|...lity: Imposter\n|turn|2' [164 bytes]
DEBUG:websockets.client:< TEXT '>battle-gen9championsvgc2026regma-1607\n|reques...ing":false}]},"rqid":9}' [2226 bytes]
DEBUG:websockets.client:< TEXT '>battle-gen9championsvgc2026regma-1607\n|reques...ing":false}]},"rqid":8}' [2198 bytes]
DEBUG:vgc_base:Turn 2 [battle-gen9championsvgc2026regma-1607] a0=3 a1=10 src=heuristic g0=0 g1=0
DEBUG:websockets.client:> TEXT 'battle-gen9championsvgc2026regma-1607|/choose m...law 1, move solarbeam 2' [79 bytes]
INFO:player:Turn 2 [battle-gen9championsvgc2026regma-1607] value head win-prob: 0.175  (losing)
DEBUG:live_vgc_base:Turn 2 [battle-gen9championsvgc2026regma-1607] a0=0 a1=9 src=model opp_splice=on
DEBUG:websockets.client:> TEXT 'battle-gen9championsvgc2026regma-1607|/choose move heatwave, move icywind' [73 bytes]
DEBUG:websockets.client:< TEXT '>battle-gen9championsvgc2026regma-1607\n|\n|t:|...am\n|\n|upkeep\n|turn|3' [517 bytes]
DEBUG:websockets.client:< TEXT '>battle-gen9championsvgc2026regma-1607\n|\n|t:|...am\n|\n|upkeep\n|turn|3' [518 bytes]
DEBUG:websockets.client:< TEXT '>battle-gen9championsvgc2026regma-1607\n|reques...ng":false}]},"rqid":10}' [2198 bytes]
DEBUG:websockets.client:< TEXT '>battle-gen9championsvgc2026regma-1607\n|reques...ng":false}]},"rqid":11}' [1888 bytes]
INFO:player:Turn 3 [battle-gen9championsvgc2026regma-1607] value head win-prob: 0.481  (even)
DEBUG:live_vgc_base:Turn 3 [battle-gen9championsvgc2026regma-1607] a0=0 a1=9 src=model opp_splice=on
DEBUG:websockets.client:> TEXT 'battle-gen9championsvgc2026regma-1607|/choose move heatwave, move icywind' [73 bytes]
DEBUG:vgc_base:Turn 3 [battle-gen9championsvgc2026regma-1607] a0=3 a1=10 src=heuristic g0=0 g1=0
DEBUG:websockets.client:> TEXT 'battle-gen9championsvgc2026regma-1607|/choose m...law 1, move solarbeam 2' [79 bytes]
DEBUG:websockets.client:< TEXT '>battle-gen9championsvgc2026regma-1607\n|\n|t:|...1b: Zoroark\n|\n|upkeep' [561 bytes]
DEBUG:websockets.client:< TEXT '>battle-gen9championsvgc2026regma-1607\n|\n|t:|...1b: Zoroark\n|\n|upkeep' [561 bytes]
DEBUG:websockets.client:< TEXT '>battle-gen9championsvgc2026regma-1607\n|reques...ng":false}]},"rqid":12}' [1439 bytes]
DEBUG:websockets.client:< TEXT '>battle-gen9championsvgc2026regma-1607\n|reques...ng":false}]},"rqid":13}' [1466 bytes]
DEBUG:live_vgc_base:forceSwitch forced_switch_model [battle-gen9championsvgc2026regma-1607] turn 3 a0=None a1=12 opp_splice=on
DEBUG:websockets.client:> TEXT 'battle-gen9championsvgc2026regma-1607|/choose pass, switch Charizard' [68 bytes]
DEBUG:vgc_base:forceSwitch [battle-gen9championsvgc2026regma-1607] force=[True, False] \u2192 /choose switch Whimsicott / /choose pass
DEBUG:websockets.client:> TEXT 'battle-gen9championsvgc2026regma-1607|/choose switch Whimsicott, pass' [69 bytes]
DEBUG:websockets.client:< TEXT ">battle-gen9championsvgc2026regma-1607\n|error|...ch to an active Pokémon" [115 bytes]
DEBUG:live_vgc_base:forceSwitch forced_switch_model [battle-gen9championsvgc2026regma-1607] turn 3 a0=None a1=12 opp_splice=on
DEBUG:websockets.client:> TEXT 'battle-gen9championsvgc2026regma-1607|/choose pass, switch Charizard' [68 bytes]
DEBUG:websockets.client:< TEXT ">battle-gen9championsvgc2026regma-1607\n|error|...ch to an active Pokémon" [115 bytes]
WARNING:vgc_base:forceSwitch [battle-gen9championsvgc2026regma-1607] re-requested 3× (order rejected) — sending /choose default.
DEBUG:websockets.client:> TEXT 'battle-gen9championsvgc2026regma-1607|/choose default' [53 bytes]
DEBUG:websockets.client:< TEXT '>battle-gen9championsvgc2026regma-1607\n|\n|t:|...L50, M|168/168\n|turn|4' [163 bytes]
DEBUG:websockets.client:< TEXT '>battle-gen9championsvgc2026regma-1607\n|\n|t:|...L50, M|100/100\n|turn|4' [163 bytes]
DEBUG:websockets.client:< TEXT '>battle-gen9championsvgc2026regma-1607\n|reques...ng":false}]},"rqid":14}' [2207 bytes]
DEBUG:websockets.client:< TEXT '>battle-gen9championsvgc2026regma-1607\n|reques...ng":false}]},"rqid":15}' [2237 bytes]
INFO:player:Turn 4 [battle-gen9championsvgc2026regma-1607] value head win-prob: 0.057  (losing)
DEBUG:live_vgc_base:Turn 4 [battle-gen9championsvgc2026regma-1607] a0=0 a1=0 src=model opp_splice=on
DEBUG:websockets.client:> TEXT 'battle-gen9championsvgc2026regma-1607|/choose m...ave, move heatwave mega' [79 bytes]
DEBUG:vgc_base:Turn 4 [battle-gen9championsvgc2026regma-1607] a0=6 a1=0 src=heuristic g0=0 g1=0
DEBUG:websockets.client:> TEXT 'battle-gen9championsvgc2026regma-1607|/choose m...nblast 1, move heatwave' [77 bytes]
DEBUG:websockets.client:< TEXT '>battle-gen9championsvgc2026regma-1607\n|\n|t:|...izard\n|upkeep\n|turn|5' [814 bytes]
DEBUG:websockets.client:< TEXT '>battle-gen9championsvgc2026regma-1607\n|\n|t:|...izard\n|upkeep\n|turn|5' [813 bytes]
DEBUG:websockets.client:< TEXT '>battle-gen9championsvgc2026regma-1607\n|reques...ng":false}]},"rqid":16}' [1878 bytes]
DEBUG:websockets.client:< TEXT '>battle-gen9championsvgc2026regma-1607\n|reques...ng":false}]},"rqid":17}' [2226 bytes]
INFO:player:Turn 5 [battle-gen9championsvgc2026regma-1607] value head win-prob: 0.013  (losing)
DEBUG:live_vgc_base:Turn 5 [battle-gen9championsvgc2026regma-1607] a0=0 a1=0 src=model opp_splice=on
DEBUG:vgc_base:_safe_order: action 0 slot 0 \u2192 None, scanning legal actions.
DEBUG:vgc_base:_safe_order: slot 0 has no decodable legal action — sending Pass.
DEBUG:websockets.client:> TEXT 'battle-gen9championsvgc2026regma-1607|/choose pass, move heatwave' [65 bytes]
DEBUG:vgc_base:Turn 5 [battle-gen9championsvgc2026regma-1607] a0=7 a1=0 src=heuristic g0=0 g1=0
DEBUG:websockets.client:> TEXT 'battle-gen9championsvgc2026regma-1607|/choose m...nblast 2, move heatwave' [77 bytes]
DEBUG:websockets.client:< TEXT '>battle-gen9championsvgc2026regma-1607\n|\n|t:|...p2b: Charizard\n|upkeep' [613 bytes]
DEBUG:websockets.client:< TEXT '>battle-gen9championsvgc2026regma-1607\n|\n|t:|...p2b: Charizard\n|upkeep' [613 bytes]
DEBUG:websockets.client:< TEXT '>battle-gen9championsvgc2026regma-1607\n|reques...Cancel":true,"rqid":19}' [1469 bytes]
DEBUG:websockets.client:< TEXT '>battle-gen9championsvgc2026regma-1607\n|reques...ng":false}]},"rqid":18}' [1387 bytes]
DEBUG:vgc_base:forceSwitch slot 1: no available switch — '/choose default' (handled poke-env desync).
DEBUG:vgc_base:forceSwitch DIAG [battle-gen9championsvgc2026regma-1607] turn=5 slot=1 force=[True, True] available_switches=[['basculegion'], ['basculegion']] own_bench_mons=['basculegion'] request_state={'Whimsicott': 'actfnt', 'Charizard': 'actfnt', 'Sneasler': 'fnt', 'Basculegion': ''} team_keys=['p2: Sneasler', 'p2: Charizard', 'p2: Whimsicott', 'p2: Basculegion', 'p2: Zoroark', 'p2: Ditto'] team=[sneasler(act=False,fnt=True,hp=0), charizard(act=True,fnt=True,hp=0), whimsicott(act=True,fnt=True,hp=0), basculegion(act=False,fnt=False,hp=1.0), zoroarkhisui(act=False,fnt=False,hp=1.0), ditto(act=False,fnt=False,hp=1.0)]
DEBUG:websockets.client:> TEXT 'battle-gen9championsvgc2026regma-1607|/choose default' [53 bytes]
DEBUG:websockets.client:< TEXT '>battle-gen9championsvgc2026regma-1607\n|\n|t:|...L50, M|100/100\n|turn|6' [116 bytes]
DEBUG:websockets.client:< TEXT '>battle-gen9championsvgc2026regma-1607\n|\n|t:|...L50, M|197/197\n|turn|6' [116 bytes]
DEBUG:websockets.client:< TEXT '>battle-gen9championsvgc2026regma-1607\n|reques...ng":false}]},"rqid":21}' [2220 bytes]
DEBUG:websockets.client:< TEXT '>battle-gen9championsvgc2026regma-1607\n|reques...ng":false}]},"rqid":20}' [1876 bytes]
DEBUG:vgc_base:Turn 6 [battle-gen9championsvgc2026regma-1607] a0=4 a1=0 src=heuristic g0=0 g1=0
DEBUG:vgc_base:_safe_order: action 0 slot 1 \u2192 None, scanning legal actions.
DEBUG:vgc_base:_safe_order: slot 1 has no decodable legal action — sending Pass.
DEBUG:websockets.client:> TEXT 'battle-gen9championsvgc2026regma-1607|/choose move wavecrash 2, pass' [68 bytes]
INFO:player:Turn 6 [battle-gen9championsvgc2026regma-1607] value head win-prob: 0.649  (winning)
DEBUG:live_vgc_base:Turn 6 [battle-gen9championsvgc2026regma-1607] a0=0 a1=6 src=model opp_splice=on
DEBUG:vgc_base:_safe_order: action 0 slot 0 \u2192 None, scanning legal actions.
DEBUG:vgc_base:_safe_order: slot 0 has no decodable legal action — sending Pass.
DEBUG:websockets.client:> TEXT 'battle-gen9championsvgc2026regma-1607|/choose pass, move protect' [64 bytes]
DEBUG:websockets.client:< TEXT '>battle-gen9championsvgc2026regma-1607\n|\n|t:|...keep]\n|upkeep\n|turn|7' [270 bytes]
DEBUG:websockets.client:< TEXT '>battle-gen9championsvgc2026regma-1607\n|\n|t:|...keep]\n|upkeep\n|turn|7' [270 bytes]
DEBUG:websockets.client:< TEXT '>battle-gen9championsvgc2026regma-1607\n|reques...ng":false}]},"rqid":22}' [1876 bytes]
DEBUG:websockets.client:< TEXT '>battle-gen9championsvgc2026regma-1607\n|reques...ng":false}]},"rqid":23}' [2220 bytes]
DEBUG:vgc_base:Turn 7 [battle-gen9championsvgc2026regma-1607] a0=4 a1=0 src=heuristic g0=0 g1=0
DEBUG:vgc_base:_safe_order: action 0 slot 1 \u2192 None, scanning legal actions.
DEBUG:vgc_base:_safe_order: slot 1 has no decodable legal action — sending Pass.
DEBUG:websockets.client:> TEXT 'battle-gen9championsvgc2026regma-1607|/choose move wavecrash 2, pass' [68 bytes]
INFO:player:Turn 7 [battle-gen9championsvgc2026regma-1607] value head win-prob: 0.708  (winning)
DEBUG:live_vgc_base:Turn 7 [battle-gen9championsvgc2026regma-1607] a0=0 a1=6 src=model opp_splice=on
DEBUG:vgc_base:_safe_order: action 0 slot 0 \u2192 None, scanning legal actions.
DEBUG:vgc_base:_safe_order: slot 0 has no decodable legal action — sending Pass.
DEBUG:websockets.client:> TEXT 'battle-gen9championsvgc2026regma-1607|/choose pass, move protect' [64 bytes]
DEBUG:websockets.client:< TEXT '>battle-gen9championsvgc2026regma-1607\n|\n|t:|...keep]\n|upkeep\n|turn|8' [270 bytes]
DEBUG:websockets.client:< TEXT '>battle-gen9championsvgc2026regma-1607\n|\n|t:|...keep]\n|upkeep\n|turn|8' [270 bytes]
DEBUG:websockets.client:< TEXT '>battle-gen9championsvgc2026regma-1607\n|reques...ng":false}]},"rqid":24}' [1876 bytes]
DEBUG:websockets.client:< TEXT '>battle-gen9championsvgc2026regma-1607\n|reques...ng":false}]},"rqid":25}' [2220 bytes]
DEBUG:vgc_base:Turn 8 [battle-gen9championsvgc2026regma-1607] a0=4 a1=0 src=heuristic g0=0 g1=0
DEBUG:vgc_base:_safe_order: action 0 slot 1 \u2192 None, scanning legal actions.
DEBUG:vgc_base:_safe_order: slot 1 has no decodable legal action — sending Pass.
DEBUG:websockets.client:> TEXT 'battle-gen9championsvgc2026regma-1607|/choose move wavecrash 2, pass' [68 bytes]
INFO:player:Turn 8 [battle-gen9championsvgc2026regma-1607] value head win-prob: 0.701  (winning)
DEBUG:live_vgc_base:Turn 8 [battle-gen9championsvgc2026regma-1607] a0=0 a1=6 src=model opp_splice=on
DEBUG:vgc_base:_safe_order: action 0 slot 0 \u2192 None, scanning legal actions.
DEBUG:vgc_base:_safe_order: slot 0 has no decodable legal action — sending Pass.
DEBUG:websockets.client:> TEXT 'battle-gen9championsvgc2026regma-1607|/choose pass, move protect' [64 bytes]
DEBUG:websockets.client:< TEXT '>battle-gen9championsvgc2026regma-1607\n|\n|t:|...Recoil\n|\n|win|OPheur3' [312 bytes]
DEBUG:websockets.client:< TEXT '>battle-gen9championsvgc2026regma-1607\n|\n|t:|...Recoil\n|\n|win|OPheur3' [313 bytes]
DEBUG:websockets.client:< TEXT '|updatesearch|{"searching":[],"games":{"battle-... 2026 Reg M-A Battle"}}' [124 bytes]
INFO:vgc_base:Battle battle-gen9championsvgc2026regma-1607 finished — outcome: LOSS  (W/L/D so far: 0/4/0)
DEBUG:websockets.client:> TEXT '|/leave battle-gen9championsvgc2026regma-1607' [45 bytes]
DEBUG:websockets.client:< TEXT '|updatesearch|{"searching":[],"games":{"battle-... 2026 Reg M-A Battle"}}' [124 bytes]
DEBUG:websockets.client:> TEXT 'battle-gen9championsvgc2026regma-1608|/rejectopenteamsheets' [59 bytes]
INFO:vgc_base:Battle battle-gen9championsvgc2026regma-1607 finished — outcome: WIN  (W/L/D so far: 4/0/0)
DEBUG:websockets.client:> TEXT '|/leave battle-gen9championsvgc2026regma-1607' [45 bytes]
DEBUG:websockets.client:> TEXT '|/utm Sneasler||whiteherb|unburden|fakeout,dire...Naive|32,2,,,,32||||50|' [550 bytes]
DEBUG:websockets.client:> TEXT '|/challenge opheur3, gen9championsvgc2026regma' [46 bytes]
DEBUG:websockets.client:> TEXT 'battle-gen9championsvgc2026regma-1608|/rejectopenteamsheets' [59 bytes]
DEBUG:websockets.client:< TEXT '>battle-gen9championsvgc2026regma-1607\n|deinit' [46 bytes]
DEBUG:websockets.client:< TEXT '>battle-gen9championsvgc2026regma-1607\n|l|\u2606BC3' [48 bytes]
DEBUG:websockets.client:< TEXT '>battle-gen9championsvgc2026regma-1608\n|uhtmlchange|otsrequest|' [63 bytes]
DEBUG:websockets.client:< TEXT '>battle-gen9championsvgc2026regma-1608\nBC3 rejected open team sheets.' [69 bytes]
DEBUG:websockets.client:< TEXT '>battle-gen9championsvgc2026regma-1608\n|uhtmlchange|otsrequest|' [63 bytes]
DEBUG:websockets.client:< TEXT '>battle-gen9championsvgc2026regma-1608\nBC3 rejected open team sheets.' [69 bytes]
DEBUG:websockets.client:< TEXT '>battle-gen9championsvgc2026regma-1607\n|deinit' [46 bytes]
DEBUG:websockets.client:< TEXT '>battle-gen9championsvgc2026regma-1608\n|uhtmlchange|otsrequest|' [63 bytes]
DEBUG:websockets.client:< TEXT '>battle-gen9championsvgc2026regma-1608\n|uhtmlchange|otsrequest|' [63 bytes]
DEBUG:websockets.client:< TEXT '>battle-gen9championsvgc2026regma-1608\nOPheur3...ected open team sheets.' [73 bytes]
DEBUG:websockets.client:< TEXT '>battle-gen9championsvgc2026regma-1608\nOPheur3...ected open team sheets.' [73 bytes]
INFO:player:Team-preview [battle-gen9championsvgc2026regma-1608] NET drove: bring=['whimsicott', 'zoroarkhisui', 'ditto', 'charizardmegay'] leads=['whimsicott', 'zoroarkhisui'] (vs opp ['sneasler', 'charizard', 'whimsicott', 'basculegion', 'zoroarkhisui', 'ditto'])
INFO:vgc_base:Teampreview [battle-gen9championsvgc2026regma-1608] \u2192 /team 3562  (whimsicott, zoroarkhisui, ditto, charizardmegay)
DEBUG:websockets.client:> TEXT 'battle-gen9championsvgc2026regma-1608|/team 3562' [48 bytes]
DEBUG:vgc_base:Teampreview: first-4 roster order \u2192 ['sneasler', 'charizardmegay', 'whimsicott', 'basculegion']
INFO:vgc_base:Teampreview [battle-gen9championsvgc2026regma-1608] \u2192 /team 1234  (sneasler, charizardmegay, whimsicott, basculegion)
DEBUG:websockets.client:> TEXT 'battle-gen9championsvgc2026regma-1608|/team 1234' [48 bytes]
DEBUG:websockets.client:< TEXT '|pm| BC3| OPheur3|/challenge gen9championsvgc20...hampionsvgc2026regma|||' [83 bytes]
DEBUG:websockets.client:< TEXT '|pm| BC3| OPheur3|/log BC3 wants to battle!' [43 bytes]
DEBUG:websockets.client:< TEXT '|pm| BC3| OPheur3|/challenge gen9championsvgc20...hampionsvgc2026regma|||' [83 bytes]
DEBUG:websockets.client:< TEXT '|pm| BC3| OPheur3|/log BC3 wants to battle!' [43 bytes]
DEBUG:websockets.client:> TEXT '|/utm Sneasler||whiteherb|unburden|fakeout,dire...Naive|32,2,,,,32||||50|' [550 bytes]
DEBUG:websockets.client:> TEXT '|/accept bc3' [12 bytes]
DEBUG:websockets.client:< TEXT '>battle-gen9championsvgc2026regma-1608\n|\n|t:|...L50, M|100/100\n|turn|1' [321 bytes]
DEBUG:websockets.client:< TEXT '>battle-gen9championsvgc2026regma-1608\n|\n|t:|...L50, M|168/168\n|turn|1' [321 bytes]
DEBUG:websockets.client:< TEXT '>battle-gen9championsvgc2026regma-1608\n|reques...ing":false}]},"rqid":5}' [2236 bytes]
DEBUG:websockets.client:< TEXT '>battle-gen9championsvgc2026regma-1608\n|reques...ing":false}]},"rqid":4}' [2167 bytes]
DEBUG:websockets.client:< TEXT '|pm| OPheur3| BC3|/challenge' [28 bytes]
DEBUG:vgc_base:Turn 1 [battle-gen9championsvgc2026regma-1608] a0=3 a1=0 src=heuristic g0=0 g1=0
DEBUG:websockets.client:> TEXT 'battle-gen9championsvgc2026regma-1608|/choose m...reclaw 1, move heatwave' [76 bytes]
DEBUG:websockets.client:< TEXT '|pm| OPheur3| BC3|/challenge' [28 bytes]
DEBUG:websockets.client:< TEXT '|updatesearch|{"searching":[],"games":{"battle-... 2026 Reg M-A Battle"}}' [124 bytes]
DEBUG:websockets.client:< TEXT '|updatesearch|{"searching":[],"games":{"battle-... 2026 Reg M-A Battle"}}' [124 bytes]
DEBUG:websockets.client:< TEXT '|updatesearch|{"searching":[],"games":{"battle-... 2026 Reg M-A Battle"}}' [208 bytes]
DEBUG:websockets.client:< TEXT '|updatesearch|{"searching":[],"games":{"battle-... 2026 Reg M-A Battle"}}' [208 bytes]
DEBUG:websockets.client:< TEXT '|updatesearch|{"searching":[],"games":{"battle-... 2026 Reg M-A Battle"}}' [208 bytes]
DEBUG:websockets.client:< TEXT '|updatesearch|{"searching":[],"games":{"battle-... 2026 Reg M-A Battle"}}' [208 bytes]
DEBUG:websockets.client:< TEXT '>battle-gen9championsvgc2026regma-1609\n|init|b... vs. OPheur3\n|j|\u2606BC3\n' [85 bytes]
DEBUG:websockets.client:< TEXT '>battle-gen9championsvgc2026regma-1609\n|j|\u2606OPheur3' [52 bytes]
DEBUG:websockets.client:< TEXT '|pm| OPheur3| BC3|/nonotify OPheur3 accepted th...26regma-1609</a>&raquo;' [173 bytes]
DEBUG:websockets.client:< TEXT '>battle-gen9championsvgc2026regma-1609\n|t:|1781643023\n|gametype|doubles' [71 bytes]
DEBUG:websockets.client:< TEXT '>battle-gen9championsvgc2026regma-1609\n|player|p1|BC3|169|' [58 bytes]
DEBUG:websockets.client:< TEXT '>battle-gen9championsvgc2026regma-1609\n|player...heets</strong></button>' [855 bytes]
DEBUG:websockets.client:< TEXT '>battle-gen9championsvgc2026regma-1609\n|reques...ing":false}]},"rqid":2}' [2093 bytes]
INFO:player:Turn 1 [battle-gen9championsvgc2026regma-1608] value head win-prob: 0.351  (losing)
DEBUG:live_vgc_base:Turn 1 [battle-gen9championsvgc2026regma-1608] a0=0 a1=9 src=model opp_splice=on
DEBUG:websockets.client:> TEXT 'battle-gen9championsvgc2026regma-1608|/choose move encore 1, move icywind' [73 bytes]
DEBUG:websockets.client:< TEXT '>battle-gen9championsvgc2026regma-1609\n|init|b...n|j|\u2606BC3\n|j|\u2606OPheur3\n' [99 bytes]
DEBUG:websockets.client:< TEXT '|pm| OPheur3| BC3|/nonotify OPheur3 accepted th...26regma-1609</a>&raquo;' [173 bytes]
DEBUG:websockets.client:< TEXT '>battle-gen9championsvgc2026regma-1609\n|t:|1781643023\n|gametype|doubles' [71 bytes]
DEBUG:websockets.client:< TEXT '>battle-gen9championsvgc2026regma-1609\n|player|p1|BC3|169|' [58 bytes]
DEBUG:websockets.client:< TEXT '>battle-gen9championsvgc2026regma-1609\n|player...heets</strong></button>' [855 bytes]
DEBUG:websockets.client:< TEXT '>battle-gen9championsvgc2026regma-1609\n|reques...ing":false}]},"rqid":3}' [2097 bytes]
DEBUG:websockets.client:< TEXT '>battle-gen9championsvgc2026regma-1608\n|\n|t:|...rk|Illusion\n|\n|upkeep' [643 bytes]
DEBUG:websockets.client:< TEXT '>battle-gen9championsvgc2026regma-1608\n|\n|t:|...rk|Illusion\n|\n|upkeep' [644 bytes]
DEBUG:websockets.client:< TEXT '>battle-gen9championsvgc2026regma-1608\n|reques...oCancel":true,"rqid":6}' [1420 bytes]
DEBUG:websockets.client:< TEXT '>battle-gen9championsvgc2026regma-1608\n|reques...ing":false}]},"rqid":7}' [1453 bytes]
DEBUG:live_vgc_base:forceSwitch forced_switch_model [battle-gen9championsvgc2026regma-1608] turn 1 a0=13 a1=None opp_splice=on
DEBUG:websockets.client:> TEXT 'battle-gen9championsvgc2026regma-1608|/choose switch Ditto, pass' [64 bytes]
DEBUG:websockets.client:< TEXT '>battle-gen9championsvgc2026regma-1608\n|\n|t:|...lity: Imposter\n|turn|2' [164 bytes]
DEBUG:websockets.client:< TEXT '>battle-gen9championsvgc2026regma-1608\n|\n|t:|...lity: Imposter\n|turn|2' [164 bytes]
DEBUG:websockets.client:< TEXT '>battle-gen9championsvgc2026regma-1608\n|reques...ing":false}]},"rqid":8}' [2198 bytes]
DEBUG:websockets.client:< TEXT '>battle-gen9championsvgc2026regma-1608\n|reques...ing":false}]},"rqid":9}' [2226 bytes]
INFO:player:Turn 2 [battle-gen9championsvgc2026regma-1608] value head win-prob: 0.165  (losing)
DEBUG:live_vgc_base:Turn 2 [battle-gen9championsvgc2026regma-1608] a0=0 a1=9 src=model opp_splice=on
DEBUG:websockets.client:> TEXT 'battle-gen9championsvgc2026regma-1608|/choose move heatwave, move icywind' [73 bytes]
DEBUG:vgc_base:Turn 2 [battle-gen9championsvgc2026regma-1608] a0=3 a1=10 src=heuristic g0=0 g1=0
DEBUG:websockets.client:> TEXT 'battle-gen9championsvgc2026regma-1608|/choose m...law 1, move solarbeam 2' [79 bytes]
DEBUG:websockets.client:< TEXT '>battle-gen9championsvgc2026regma-1608\n|\n|t:|...am\n|\n|upkeep\n|turn|3' [548 bytes]
DEBUG:websockets.client:< TEXT '>battle-gen9championsvgc2026regma-1608\n|\n|t:|...am\n|\n|upkeep\n|turn|3' [550 bytes]
DEBUG:websockets.client:< TEXT '>battle-gen9championsvgc2026regma-1608\n|reques...ng":false}]},"rqid":11}' [1888 bytes]
DEBUG:websockets.client:< TEXT '>battle-gen9championsvgc2026regma-1608\n|reques...ng":false}]},"rqid":10}' [2198 bytes]
DEBUG:vgc_base:Turn 3 [battle-gen9championsvgc2026regma-1608] a0=3 a1=10 src=heuristic g0=0 g1=0
DEBUG:websockets.client:> TEXT 'battle-gen9championsvgc2026regma-1608|/choose m...law 1, move solarbeam 2' [79 bytes]
INFO:player:Turn 3 [battle-gen9championsvgc2026regma-1608] value head win-prob: 0.497  (even)
DEBUG:live_vgc_base:Turn 3 [battle-gen9championsvgc2026regma-1608] a0=0 a1=9 src=model opp_splice=on
DEBUG:websockets.client:> TEXT 'battle-gen9championsvgc2026regma-1608|/choose move heatwave, move icywind' [73 bytes]
DEBUG:websockets.client:< TEXT '>battle-gen9championsvgc2026regma-1608\n|\n|t:|...1b: Zoroark\n|\n|upkeep' [593 bytes]
DEBUG:websockets.client:< TEXT '>battle-gen9championsvgc2026regma-1608\n|\n|t:|...1b: Zoroark\n|\n|upkeep' [593 bytes]
DEBUG:websockets.client:< TEXT '>battle-gen9championsvgc2026regma-1608\n|reques...Cancel":true,"rqid":12}' [1459 bytes]
DEBUG:websockets.client:< TEXT '>battle-gen9championsvgc2026regma-1608\n|reques...ng":false}]},"rqid":13}' [1451 bytes]
DEBUG:live_vgc_base:forceSwitch forced_switch_model [battle-gen9championsvgc2026regma-1608] turn 3 a0=None a1=12 opp_splice=on
DEBUG:websockets.client:> TEXT 'battle-gen9championsvgc2026regma-1608|/choose pass, switch Charizard' [68 bytes]
DEBUG:websockets.client:< TEXT ">battle-gen9championsvgc2026regma-1608\n|error|...ch to an active Pokémon" [115 bytes]
DEBUG:live_vgc_base:forceSwitch forced_switch_model [battle-gen9championsvgc2026regma-1608] turn 3 a0=None a1=12 opp_splice=on
DEBUG:websockets.client:> TEXT 'battle-gen9championsvgc2026regma-1608|/choose pass, switch Charizard' [68 bytes]
DEBUG:websockets.client:< TEXT ">battle-gen9championsvgc2026regma-1608\n|error|...ch to an active Pokémon" [115 bytes]
WARNING:vgc_base:forceSwitch [battle-gen9championsvgc2026regma-1608] re-requested 3× (order rejected) — sending /choose default.
DEBUG:websockets.client:> TEXT 'battle-gen9championsvgc2026regma-1608|/choose default' [53 bytes]
DEBUG:websockets.client:< TEXT '>battle-gen9championsvgc2026regma-1608\n|\n|t:|...L50, M|168/168\n|turn|4' [112 bytes]
DEBUG:websockets.client:< TEXT '>battle-gen9championsvgc2026regma-1608\n|\n|t:|...L50, M|100/100\n|turn|4' [112 bytes]
DEBUG:websockets.client:< TEXT '>battle-gen9championsvgc2026regma-1608\n|reques...ng":false}]},"rqid":14}' [2211 bytes]
DEBUG:websockets.client:< TEXT '>battle-gen9championsvgc2026regma-1608\n|reques...ng":false}]},"rqid":15}' [2224 bytes]
INFO:player:Turn 4 [battle-gen9championsvgc2026regma-1608] value head win-prob: 0.206  (losing)
DEBUG:live_vgc_base:Turn 4 [battle-gen9championsvgc2026regma-1608] a0=0 a1=6 src=model opp_splice=on
DEBUG:websockets.client:> TEXT 'battle-gen9championsvgc2026regma-1608|/choose m...wave, move protect mega' [78 bytes]
DEBUG:vgc_base:Turn 4 [battle-gen9championsvgc2026regma-1608] a0=3 a1=0 src=heuristic g0=0 g1=0
DEBUG:websockets.client:> TEXT 'battle-gen9championsvgc2026regma-1608|/choose m...reclaw 1, move heatwave' [76 bytes]
DEBUG:websockets.client:< TEXT '>battle-gen9championsvgc2026regma-1608\n|\n|t:|...izard\n|upkeep\n|turn|5' [596 bytes]
DEBUG:websockets.client:< TEXT '>battle-gen9championsvgc2026regma-1608\n|\n|t:|...izard\n|upkeep\n|turn|5' [596 bytes]
DEBUG:websockets.client:< TEXT '>battle-gen9championsvgc2026regma-1608\n|reques...ng":false}]},"rqid":17}' [2224 bytes]
DEBUG:websockets.client:< TEXT '>battle-gen9championsvgc2026regma-1608\n|reques...ng":false}]},"rqid":16}' [1878 bytes]
DEBUG:vgc_base:Turn 5 [battle-gen9championsvgc2026regma-1608] a0=4 a1=0 src=heuristic g0=0 g1=0
DEBUG:websockets.client:> TEXT 'battle-gen9championsvgc2026regma-1608|/choose m...reclaw 2, move heatwave' [76 bytes]
INFO:player:Turn 5 [battle-gen9championsvgc2026regma-1608] value head win-prob: 0.026  (losing)
DEBUG:live_vgc_base:Turn 5 [battle-gen9championsvgc2026regma-1608] a0=0 a1=0 src=model opp_splice=on
DEBUG:vgc_base:_safe_order: action 0 slot 0 \u2192 None, scanning legal actions.
DEBUG:vgc_base:_safe_order: slot 0 has no decodable legal action — sending Pass.
DEBUG:websockets.client:> TEXT 'battle-gen9championsvgc2026regma-1608|/choose pass, move heatwave' [65 bytes]
DEBUG:websockets.client:< TEXT '>battle-gen9championsvgc2026regma-1608\n|\n|t:|...nyDay|[upkeep]\n|upkeep' [362 bytes]
DEBUG:websockets.client:< TEXT '>battle-gen9championsvgc2026regma-1608\n|\n|t:|...nyDay|[upkeep]\n|upkeep' [362 bytes]
DEBUG:websockets.client:< TEXT '>battle-gen9championsvgc2026regma-1608\n|reques...ng":false}]},"rqid":18}' [1388 bytes]
DEBUG:websockets.client:< TEXT '>battle-gen9championsvgc2026regma-1608\n|reques...Cancel":true,"rqid":19}' [1480 bytes]
DEBUG:vgc_base:forceSwitch [battle-gen9championsvgc2026regma-1608] force=[True, True] \u2192 /choose switch Whimsicott / /choose switch Basculegion
DEBUG:websockets.client:> TEXT 'battle-gen9championsvgc2026regma-1608|/choose s...ott, switch Basculegion' [83 bytes]
DEBUG:websockets.client:< TEXT '>battle-gen9championsvgc2026regma-1608\n|\n|t:|...L50, M|100/100\n|turn|6' [167 bytes]
DEBUG:websockets.client:< TEXT '>battle-gen9championsvgc2026regma-1608\n|\n|t:|...L50, M|197/197\n|turn|6' [167 bytes]
DEBUG:websockets.client:< TEXT '>battle-gen9championsvgc2026regma-1608\n|reques...ng":false}]},"rqid":20}' [1877 bytes]
DEBUG:websockets.client:< TEXT '>battle-gen9championsvgc2026regma-1608\n|reques...ng":false}]},"rqid":21}' [2211 bytes]
DEBUG:vgc_base:Turn 6 [battle-gen9championsvgc2026regma-1608] a0=7 a1=4 src=heuristic g0=0 g1=0
DEBUG:websockets.client:> TEXT 'battle-gen9championsvgc2026regma-1608|/choose m...ast 2, move wavecrash 2' [80 bytes]
INFO:player:Turn 6 [battle-gen9championsvgc2026regma-1608] value head win-prob: 0.002  (losing)
DEBUG:live_vgc_base:Turn 6 [battle-gen9championsvgc2026regma-1608] a0=0 a1=0 src=model opp_splice=on
DEBUG:vgc_base:_safe_order: action 0 slot 0 \u2192 None, scanning legal actions.
DEBUG:vgc_base:_safe_order: slot 0 has no decodable legal action — sending Pass.
DEBUG:websockets.client:> TEXT 'battle-gen9championsvgc2026regma-1608|/choose pass, move heatwave' [65 bytes]
DEBUG:websockets.client:< TEXT '>battle-gen9championsvgc2026regma-1608\n|\n|t:|...Recoil\n|\n|win|OPheur3' [663 bytes]
DEBUG:websockets.client:< TEXT '>battle-gen9championsvgc2026regma-1608\n|\n|t:|...Recoil\n|\n|win|OPheur3' [665 bytes]
DEBUG:websockets.client:< TEXT '|updatesearch|{"searching":[],"games":{"battle-... 2026 Reg M-A Battle"}}' [124 bytes]
DEBUG:websockets.client:< TEXT '|updatesearch|{"searching":[],"games":{"battle-... 2026 Reg M-A Battle"}}' [124 bytes]
INFO:vgc_base:Battle battle-gen9championsvgc2026regma-1608 finished — outcome: LOSS  (W/L/D so far: 0/5/0)
DEBUG:websockets.client:> TEXT '|/leave battle-gen9championsvgc2026regma-1608' [45 bytes]
INFO:vgc_base:Battle battle-gen9championsvgc2026regma-1608 finished — outcome: WIN  (W/L/D so far: 5/0/0)
DEBUG:websockets.client:> TEXT '|/leave battle-gen9championsvgc2026regma-1608' [45 bytes]
DEBUG:websockets.client:> TEXT 'battle-gen9championsvgc2026regma-1609|/rejectopenteamsheets' [59 bytes]
DEBUG:websockets.client:> TEXT 'battle-gen9championsvgc2026regma-1609|/rejectopenteamsheets' [59 bytes]
DEBUG:websockets.client:< TEXT '>battle-gen9championsvgc2026regma-1608\n|deinit' [46 bytes]
DEBUG:websockets.client:< TEXT '>battle-gen9championsvgc2026regma-1608\n|l|\u2606BC3' [48 bytes]
DEBUG:websockets.client:> TEXT '|/utm Sneasler||whiteherb|unburden|fakeout,dire...Naive|32,2,,,,32||||50|' [550 bytes]
DEBUG:websockets.client:> TEXT '|/challenge opheur3, gen9championsvgc2026regma' [46 bytes]
DEBUG:websockets.client:< TEXT '>battle-gen9championsvgc2026regma-1608\n|deinit' [46 bytes]
DEBUG:websockets.client:< TEXT '>battle-gen9championsvgc2026regma-1609\n|uhtmlchange|otsrequest|' [63 bytes]
DEBUG:websockets.client:< TEXT '>battle-gen9championsvgc2026regma-1609\n|uhtmlchange|otsrequest|' [63 bytes]
DEBUG:websockets.client:< TEXT '>battle-gen9championsvgc2026regma-1609\nBC3 rejected open team sheets.' [69 bytes]
DEBUG:websockets.client:< TEXT '>battle-gen9championsvgc2026regma-1609\n|uhtmlchange|otsrequest|' [63 bytes]
DEBUG:websockets.client:< TEXT '>battle-gen9championsvgc2026regma-1609\nOPheur3...ected open team sheets.' [73 bytes]
DEBUG:websockets.client:< TEXT '>battle-gen9championsvgc2026regma-1609\nBC3 rejected open team sheets.' [69 bytes]
DEBUG:websockets.client:< TEXT '>battle-gen9championsvgc2026regma-1609\n|uhtmlchange|otsrequest|' [63 bytes]
DEBUG:websockets.client:< TEXT '>battle-gen9championsvgc2026regma-1609\nOPheur3...ected open team sheets.' [73 bytes]
DEBUG:vgc_base:Teampreview: first-4 roster order \u2192 ['sneasler', 'charizardmegay', 'whimsicott', 'basculegion']
INFO:vgc_base:Teampreview [battle-gen9championsvgc2026regma-1609] \u2192 /team 1234  (sneasler, charizardmegay, whimsicott, basculegion)
DEBUG:websockets.client:> TEXT 'battle-gen9championsvgc2026regma-1609|/team 1234' [48 bytes]
INFO:player:Team-preview [battle-gen9championsvgc2026regma-1609] NET drove: bring=['whimsicott', 'zoroarkhisui', 'ditto', 'charizardmegay'] leads=['whimsicott', 'zoroarkhisui'] (vs opp ['sneasler', 'charizard', 'whimsicott', 'basculegion', 'zoroarkhisui', 'ditto'])
INFO:vgc_base:Teampreview [battle-gen9championsvgc2026regma-1609] \u2192 /team 3562  (whimsicott, zoroarkhisui, ditto, charizardmegay)
DEBUG:websockets.client:> TEXT 'battle-gen9championsvgc2026regma-1609|/team 3562' [48 bytes]
DEBUG:websockets.client:< TEXT '|pm| BC3| OPheur3|/challenge gen9championsvgc20...hampionsvgc2026regma|||' [83 bytes]
DEBUG:websockets.client:< TEXT '|pm| BC3| OPheur3|/challenge gen9championsvgc20...hampionsvgc2026regma|||' [83 bytes]
DEBUG:websockets.client:< TEXT '|pm| BC3| OPheur3|/log BC3 wants to battle!' [43 bytes]
DEBUG:websockets.client:< TEXT '|pm| BC3| OPheur3|/log BC3 wants to battle!' [43 bytes]
DEBUG:websockets.client:> TEXT '|/utm Sneasler||whiteherb|unburden|fakeout,dire...Naive|32,2,,,,32||||50|' [550 bytes]
DEBUG:websockets.client:> TEXT '|/accept bc3' [12 bytes]
DEBUG:websockets.client:< TEXT '>battle-gen9championsvgc2026regma-1609\n|\n|t:|...L50, M|100/100\n|turn|1' [321 bytes]
DEBUG:websockets.client:< TEXT '>battle-gen9championsvgc2026regma-1609\n|\n|t:|...L50, M|168/168\n|turn|1' [321 bytes]
DEBUG:websockets.client:< TEXT '|pm| OPheur3| BC3|/challenge' [28 bytes]
DEBUG:websockets.client:< TEXT '|pm| OPheur3| BC3|/challenge' [28 bytes]
DEBUG:websockets.client:< TEXT '|updatesearch|{"searching":[],"games":{"battle-... 2026 Reg M-A Battle"}}' [124 bytes]
DEBUG:websockets.client:< TEXT '|updatesearch|{"searching":[],"games":{"battle-... 2026 Reg M-A Battle"}}' [124 bytes]
DEBUG:websockets.client:< TEXT '|updatesearch|{"searching":[],"games":{"battle-... 2026 Reg M-A Battle"}}' [208 bytes]
DEBUG:websockets.client:< TEXT '|updatesearch|{"searching":[],"games":{"battle-... 2026 Reg M-A Battle"}}' [208 bytes]
DEBUG:websockets.client:< TEXT '|updatesearch|{"searching":[],"games":{"battle-... 2026 Reg M-A Battle"}}' [208 bytes]
DEBUG:websockets.client:< TEXT '|updatesearch|{"searching":[],"games":{"battle-... 2026 Reg M-A Battle"}}' [208 bytes]
DEBUG:websockets.client:< TEXT '>battle-gen9championsvgc2026regma-1610\n|init|b... vs. OPheur3\n|j|\u2606BC3\n' [85 bytes]
DEBUG:websockets.client:< TEXT '>battle-gen9championsvgc2026regma-1610\n|j|\u2606OPheur3' [52 bytes]
DEBUG:websockets.client:< TEXT '>battle-gen9championsvgc2026regma-1610\n|init|b...n|j|\u2606BC3\n|j|\u2606OPheur3\n' [99 bytes]
DEBUG:websockets.client:< TEXT '|pm| OPheur3| BC3|/nonotify OPheur3 accepted th...26regma-1610</a>&raquo;' [173 bytes]
DEBUG:websockets.client:< TEXT '|pm| OPheur3| BC3|/nonotify OPheur3 accepted th...26regma-1610</a>&raquo;' [173 bytes]
DEBUG:websockets.client:< TEXT '>battle-gen9championsvgc2026regma-1609\n|reques...ing":false}]},"rqid":4}' [2167 bytes]
DEBUG:websockets.client:< TEXT '>battle-gen9championsvgc2026regma-1610\n|t:|1781643023\n|gametype|doubles' [71 bytes]
DEBUG:websockets.client:< TEXT '>battle-gen9championsvgc2026regma-1609\n|reques...ing":false}]},"rqid":5}' [2236 bytes]
DEBUG:websockets.client:< TEXT '>battle-gen9championsvgc2026regma-1610\n|t:|1781643023\n|gametype|doubles' [71 bytes]
INFO:player:Turn 1 [battle-gen9championsvgc2026regma-1609] value head win-prob: 0.351  (losing)
DEBUG:live_vgc_base:Turn 1 [battle-gen9championsvgc2026regma-1609] a0=0 a1=9 src=model opp_splice=on
DEBUG:websockets.client:> TEXT 'battle-gen9championsvgc2026regma-1609|/choose move encore 1, move icywind' [73 bytes]
DEBUG:websockets.client:< TEXT '>battle-gen9championsvgc2026regma-1610\n|player|p1|BC3|169|' [58 bytes]
DEBUG:websockets.client:< TEXT '>battle-gen9championsvgc2026regma-1610\n|player|p1|BC3|169|' [58 bytes]
DEBUG:websockets.client:< TEXT '>battle-gen9championsvgc2026regma-1610\n|player...heets</strong></button>' [855 bytes]
DEBUG:websockets.client:< TEXT '>battle-gen9championsvgc2026regma-1610\n|player...heets</strong></button>' [855 bytes]
DEBUG:websockets.client:< TEXT '>battle-gen9championsvgc2026regma-1610\n|reques...ing":false}]},"rqid":2}' [2093 bytes]
DEBUG:websockets.client:< TEXT '>battle-gen9championsvgc2026regma-1610\n|reques...ing":false}]},"rqid":3}' [2097 bytes]
DEBUG:vgc_base:Turn 1 [battle-gen9championsvgc2026regma-1609] a0=3 a1=0 src=heuristic g0=0 g1=0
DEBUG:websockets.client:> TEXT 'battle-gen9championsvgc2026regma-1609|/choose m...reclaw 1, move heatwave' [76 bytes]
DEBUG:websockets.client:< TEXT '>battle-gen9championsvgc2026regma-1609\n|\n|t:|...: Charizard\n|\n|upkeep' [614 bytes]
DEBUG:websockets.client:< TEXT '>battle-gen9championsvgc2026regma-1609\n|\n|t:|...: Charizard\n|\n|upkeep' [616 bytes]
DEBUG:websockets.client:< TEXT '>battle-gen9championsvgc2026regma-1609\n|reques...oCancel":true,"rqid":6}' [1421 bytes]
DEBUG:websockets.client:< TEXT '>battle-gen9championsvgc2026regma-1609\n|reques...ing":false}]},"rqid":7}' [1453 bytes]
DEBUG:live_vgc_base:forceSwitch forced_switch_model [battle-gen9championsvgc2026regma-1609] turn 1 a0=13 a1=None opp_splice=on
DEBUG:websockets.client:> TEXT 'battle-gen9championsvgc2026regma-1609|/choose switch Ditto, pass' [64 bytes]
DEBUG:websockets.client:< TEXT '>battle-gen9championsvgc2026regma-1609\n|\n|t:|...lity: Imposter\n|turn|2' [164 bytes]
DEBUG:websockets.client:< TEXT '>battle-gen9championsvgc2026regma-1609\n|\n|t:|...lity: Imposter\n|turn|2' [164 bytes]
DEBUG:websockets.client:< TEXT '>battle-gen9championsvgc2026regma-1609\n|reques...ing":false}]},"rqid":8}' [2199 bytes]
DEBUG:websockets.client:< TEXT '>battle-gen9championsvgc2026regma-1609\n|reques...ing":false}]},"rqid":9}' [2226 bytes]
INFO:player:Turn 2 [battle-gen9championsvgc2026regma-1609] value head win-prob: 0.355  (losing)
DEBUG:live_vgc_base:Turn 2 [battle-gen9championsvgc2026regma-1609] a0=0 a1=9 src=model opp_splice=on
DEBUG:websockets.client:> TEXT 'battle-gen9championsvgc2026regma-1609|/choose move heatwave, move icywind' [73 bytes]
DEBUG:vgc_base:Turn 2 [battle-gen9championsvgc2026regma-1609] a0=3 a1=0 src=heuristic g0=0 g1=0
DEBUG:websockets.client:> TEXT 'battle-gen9championsvgc2026regma-1609|/choose m...reclaw 1, move heatwave' [76 bytes]
DEBUG:websockets.client:< TEXT '>battle-gen9championsvgc2026regma-1609\n|\n|t:|...on\n|\n|upkeep\n|turn|3' [636 bytes]
DEBUG:websockets.client:< TEXT '>battle-gen9championsvgc2026regma-1609\n|\n|t:|...on\n|\n|upkeep\n|turn|3' [637 bytes]
DEBUG:websockets.client:< TEXT '>battle-gen9championsvgc2026regma-1609\n|reques...ng":false}]},"rqid":10}' [2198 bytes]
DEBUG:websockets.client:< TEXT '>battle-gen9championsvgc2026regma-1609\n|reques...ng":false}]},"rqid":11}' [2226 bytes]
DEBUG:vgc_base:Turn 3 [battle-gen9championsvgc2026regma-1609] a0=3 a1=10 src=heuristic g0=0 g1=0
DEBUG:websockets.client:> TEXT 'battle-gen9championsvgc2026regma-1609|/choose m...law 1, move solarbeam 2' [79 bytes]
INFO:player:Turn 3 [battle-gen9championsvgc2026regma-1609] value head win-prob: 0.314  (losing)
DEBUG:live_vgc_base:Turn 3 [battle-gen9championsvgc2026regma-1609] a0=0 a1=9 src=model opp_splice=on
DEBUG:websockets.client:> TEXT 'battle-gen9championsvgc2026regma-1609|/choose move heatwave, move icywind' [73 bytes]
DEBUG:websockets.client:< TEXT '>battle-gen9championsvgc2026regma-1609\n|\n|t:|...|Solar Beam\n|\n|upkeep' [407 bytes]
DEBUG:websockets.client:< TEXT '>battle-gen9championsvgc2026regma-1609\n|\n|t:|...|Solar Beam\n|\n|upkeep' [407 bytes]
DEBUG:websockets.client:< TEXT '>battle-gen9championsvgc2026regma-1609\n|reques...Cancel":true,"rqid":12}' [1419 bytes]
DEBUG:websockets.client:< TEXT '>battle-gen9championsvgc2026regma-1609\n|reques...ng":false}]},"rqid":13}' [1451 bytes]
DEBUG:live_vgc_base:forceSwitch forced_switch_model [battle-gen9championsvgc2026regma-1609] turn 3 a0=12 a1=None opp_splice=on
DEBUG:websockets.client:> TEXT 'battle-gen9championsvgc2026regma-1609|/choose switch Charizard, pass' [68 bytes]
DEBUG:websockets.client:< TEXT '>battle-gen9championsvgc2026regma-1609\n|\n|t:|...L50, F|168/168\n|turn|4' [112 bytes]
DEBUG:websockets.client:< TEXT '>battle-gen9championsvgc2026regma-1609\n|\n|t:|...L50, F|100/100\n|turn|4' [112 bytes]
DEBUG:websockets.client:< TEXT '>battle-gen9championsvgc2026regma-1609\n|reques...ng":false}]},"rqid":14}' [2184 bytes]
DEBUG:websockets.client:< TEXT '>battle-gen9championsvgc2026regma-1609\n|reques...ng":false}]},"rqid":15}' [1886 bytes]
INFO:player:Turn 4 [battle-gen9championsvgc2026regma-1609] value head win-prob: 0.249  (losing)
DEBUG:live_vgc_base:Turn 4 [battle-gen9championsvgc2026regma-1609] a0=0 a1=0 src=model opp_splice=on
DEBUG:websockets.client:> TEXT 'battle-gen9championsvgc2026regma-1609|/choose m...e mega, move hypervoice' [81 bytes]
DEBUG:vgc_base:Turn 4 [battle-gen9championsvgc2026regma-1609] a0=3 a1=10 src=heuristic g0=0 g1=0
DEBUG:websockets.client:> TEXT 'battle-gen9championsvgc2026regma-1609|/choose m...law 1, move solarbeam 2' [79 bytes]
DEBUG:websockets.client:< TEXT '>battle-gen9championsvgc2026regma-1609\n|\n|t:|...p2b: Charizard\n|upkeep' [779 bytes]
DEBUG:websockets.client:< TEXT '>battle-gen9championsvgc2026regma-1609\n|\n|t:|...p2b: Charizard\n|upkeep' [779 bytes]
DEBUG:websockets.client:< TEXT '>battle-gen9championsvgc2026regma-1609\n|reques...ng":false}]},"rqid":16}' [1388 bytes]
DEBUG:websockets.client:< TEXT '>battle-gen9championsvgc2026regma-1609\n|reques...Cancel":true,"rqid":17}' [1480 bytes]
DEBUG:vgc_base:forceSwitch [battle-gen9championsvgc2026regma-1609] force=[True, True] \u2192 /choose switch Whimsicott / /choose switch Basculegion
DEBUG:websockets.client:> TEXT 'battle-gen9championsvgc2026regma-1609|/choose s...ott, switch Basculegion' [83 bytes]
DEBUG:websockets.client:< TEXT '>battle-gen9championsvgc2026regma-1609\n|\n|t:|...L50, M|100/100\n|turn|5' [167 bytes]
DEBUG:websockets.client:< TEXT '>battle-gen9championsvgc2026regma-1609\n|\n|t:|...L50, M|197/197\n|turn|5' [167 bytes]
DEBUG:websockets.client:< TEXT '>battle-gen9championsvgc2026regma-1609\n|reques...ng":false}]},"rqid":18}' [2166 bytes]
DEBUG:websockets.client:< TEXT '>battle-gen9championsvgc2026regma-1609\n|reques...ng":false}]},"rqid":19}' [2211 bytes]
INFO:player:Turn 5 [battle-gen9championsvgc2026regma-1609] value head win-prob: 0.006  (losing)
DEBUG:live_vgc_base:Turn 5 [battle-gen9championsvgc2026regma-1609] a0=0 a1=0 src=model opp_splice=on
DEBUG:vgc_base:_safe_order: action 0 slot 1 \u2192 None, scanning legal actions.
DEBUG:vgc_base:_safe_order: slot 1 has no decodable legal action — sending Pass.
DEBUG:websockets.client:> TEXT 'battle-gen9championsvgc2026regma-1609|/choose move heatwave, pass' [65 bytes]
DEBUG:vgc_base:Turn 5 [battle-gen9championsvgc2026regma-1609] a0=6 a1=3 src=heuristic g0=0 g1=0
DEBUG:websockets.client:> TEXT 'battle-gen9championsvgc2026regma-1609|/choose m...ast 1, move wavecrash 1' [80 bytes]
DEBUG:websockets.client:< TEXT '>battle-gen9championsvgc2026regma-1609\n|\n|t:|...Recoil\n|\n|win|OPheur3' [672 bytes]
DEBUG:websockets.client:< TEXT '>battle-gen9championsvgc2026regma-1609\n|\n|t:|...Recoil\n|\n|win|OPheur3' [674 bytes]
INFO:vgc_base:Battle battle-gen9championsvgc2026regma-1609 finished — outcome: LOSS  (W/L/D so far: 0/6/0)
DEBUG:websockets.client:> TEXT '|/leave battle-gen9championsvgc2026regma-1609' [45 bytes]
DEBUG:websockets.client:< TEXT '|updatesearch|{"searching":[],"games":{"battle-... 2026 Reg M-A Battle"}}' [124 bytes]
DEBUG:websockets.client:< TEXT '|updatesearch|{"searching":[],"games":{"battle-... 2026 Reg M-A Battle"}}' [124 bytes]
DEBUG:websockets.client:> TEXT 'battle-gen9championsvgc2026regma-1610|/rejectopenteamsheets' [59 bytes]
INFO:vgc_base:Battle battle-gen9championsvgc2026regma-1609 finished — outcome: WIN  (W/L/D so far: 6/0/0)
DEBUG:websockets.client:> TEXT '|/leave battle-gen9championsvgc2026regma-1609' [45 bytes]
DEBUG:websockets.client:> TEXT '|/utm Sneasler||whiteherb|unburden|fakeout,dire...Naive|32,2,,,,32||||50|' [550 bytes]
DEBUG:websockets.client:> TEXT '|/challenge opheur3, gen9championsvgc2026regma' [46 bytes]
DEBUG:websockets.client:> TEXT 'battle-gen9championsvgc2026regma-1610|/rejectopenteamsheets' [59 bytes]
DEBUG:websockets.client:< TEXT '>battle-gen9championsvgc2026regma-1609\n|deinit' [46 bytes]
DEBUG:websockets.client:< TEXT '>battle-gen9championsvgc2026regma-1609\n|l|\u2606BC3' [48 bytes]
DEBUG:websockets.client:< TEXT '>battle-gen9championsvgc2026regma-1610\n|uhtmlchange|otsrequest|' [63 bytes]
DEBUG:websockets.client:< TEXT '>battle-gen9championsvgc2026regma-1610\nBC3 rejected open team sheets.' [69 bytes]
DEBUG:websockets.client:< TEXT '>battle-gen9championsvgc2026regma-1610\n|uhtmlchange|otsrequest|' [63 bytes]
DEBUG:websockets.client:< TEXT '>battle-gen9championsvgc2026regma-1610\nBC3 rejected open team sheets.' [69 bytes]
DEBUG:websockets.client:< TEXT '>battle-gen9championsvgc2026regma-1609\n|deinit' [46 bytes]
DEBUG:websockets.client:< TEXT '>battle-gen9championsvgc2026regma-1610\n|uhtmlchange|otsrequest|' [63 bytes]
DEBUG:websockets.client:< TEXT '>battle-gen9championsvgc2026regma-1610\n|uhtmlchange|otsrequest|' [63 bytes]
DEBUG:websockets.client:< TEXT '>battle-gen9championsvgc2026regma-1610\nOPheur3...ected open team sheets.' [73 bytes]
DEBUG:websockets.client:< TEXT '>battle-gen9championsvgc2026regma-1610\nOPheur3...ected open team sheets.' [73 bytes]
INFO:player:Team-preview [battle-gen9championsvgc2026regma-1610] NET drove: bring=['whimsicott', 'zoroarkhisui', 'ditto', 'charizardmegay'] leads=['whimsicott', 'zoroarkhisui'] (vs opp ['sneasler', 'charizard', 'whimsicott', 'basculegion', 'zoroarkhisui', 'ditto'])
INFO:vgc_base:Teampreview [battle-gen9championsvgc2026regma-1610] \u2192 /team 3562  (whimsicott, zoroarkhisui, ditto, charizardmegay)
DEBUG:websockets.client:> TEXT 'battle-gen9championsvgc2026regma-1610|/team 3562' [48 bytes]
DEBUG:vgc_base:Teampreview: first-4 roster order \u2192 ['sneasler', 'charizardmegay', 'whimsicott', 'basculegion']
INFO:vgc_base:Teampreview [battle-gen9championsvgc2026regma-1610] \u2192 /team 1234  (sneasler, charizardmegay, whimsicott, basculegion)
DEBUG:websockets.client:> TEXT 'battle-gen9championsvgc2026regma-1610|/team 1234' [48 bytes]
DEBUG:websockets.client:< TEXT '|pm| BC3| OPheur3|/challenge gen9championsvgc20...hampionsvgc2026regma|||' [83 bytes]
DEBUG:websockets.client:< TEXT '|pm| BC3| OPheur3|/challenge gen9championsvgc20...hampionsvgc2026regma|||' [83 bytes]
DEBUG:websockets.client:< TEXT '|pm| BC3| OPheur3|/log BC3 wants to battle!' [43 bytes]
DEBUG:websockets.client:< TEXT '|pm| BC3| OPheur3|/log BC3 wants to battle!' [43 bytes]
DEBUG:websockets.client:> TEXT '|/utm Sneasler||whiteherb|unburden|fakeout,dire...Naive|32,2,,,,32||||50|' [550 bytes]
DEBUG:websockets.client:> TEXT '|/accept bc3' [12 bytes]
DEBUG:websockets.client:< TEXT '>battle-gen9championsvgc2026regma-1610\n|\n|t:|...L50, F|100/100\n|turn|1' [321 bytes]
DEBUG:websockets.client:< TEXT '>battle-gen9championsvgc2026regma-1610\n|\n|t:|...L50, F|168/168\n|turn|1' [321 bytes]
DEBUG:websockets.client:< TEXT '>battle-gen9championsvgc2026regma-1610\n|reques...ing":false}]},"rqid":4}' [2167 bytes]
DEBUG:websockets.client:< TEXT '>battle-gen9championsvgc2026regma-1610\n|reques...ing":false}]},"rqid":5}' [2236 bytes]
DEBUG:websockets.client:< TEXT '|pm| OPheur3| BC3|/challenge' [28 bytes]
INFO:player:Turn 1 [battle-gen9championsvgc2026regma-1610] value head win-prob: 0.351  (losing)
DEBUG:live_vgc_base:Turn 1 [battle-gen9championsvgc2026regma-1610] a0=0 a1=9 src=model opp_splice=on
DEBUG:websockets.client:> TEXT 'battle-gen9championsvgc2026regma-1610|/choose move encore 1, move icywind' [73 bytes]
DEBUG:websockets.client:< TEXT '|pm| OPheur3| BC3|/challenge' [28 bytes]
DEBUG:websockets.client:< TEXT '|updatesearch|{"searching":[],"games":{"battle-... 2026 Reg M-A Battle"}}' [124 bytes]
DEBUG:websockets.client:< TEXT '|updatesearch|{"searching":[],"games":{"battle-... 2026 Reg M-A Battle"}}' [124 bytes]
DEBUG:websockets.client:< TEXT '|updatesearch|{"searching":[],"games":{"battle-... 2026 Reg M-A Battle"}}' [208 bytes]
DEBUG:websockets.client:< TEXT '|updatesearch|{"searching":[],"games":{"battle-... 2026 Reg M-A Battle"}}' [208 bytes]
DEBUG:websockets.client:< TEXT '|updatesearch|{"searching":[],"games":{"battle-... 2026 Reg M-A Battle"}}' [208 bytes]
DEBUG:websockets.client:< TEXT '>battle-gen9championsvgc2026regma-1611\n|init|b...n|j|\u2606BC3\n|j|\u2606OPheur3\n' [99 bytes]
DEBUG:websockets.client:< TEXT '|pm| OPheur3| BC3|/nonotify OPheur3 accepted th...26regma-1611</a>&raquo;' [173 bytes]
DEBUG:websockets.client:< TEXT '>battle-gen9championsvgc2026regma-1611\n|t:|1781643023\n|gametype|doubles' [71 bytes]
DEBUG:websockets.client:< TEXT '>battle-gen9championsvgc2026regma-1611\n|player|p1|BC3|169|' [58 bytes]
DEBUG:websockets.client:< TEXT '>battle-gen9championsvgc2026regma-1611\n|player...heets</strong></button>' [855 bytes]
DEBUG:websockets.client:< TEXT '>battle-gen9championsvgc2026regma-1611\n|reques...ing":false}]},"rqid":3}' [2097 bytes]
DEBUG:vgc_base:Turn 1 [battle-gen9championsvgc2026regma-1610] a0=3 a1=0 src=heuristic g0=0 g1=0
DEBUG:websockets.client:> TEXT 'battle-gen9championsvgc2026regma-1610|/choose m...reclaw 1, move heatwave' [76 bytes]
DEBUG:websockets.client:< TEXT '|updatesearch|{"searching":[],"games":{"battle-... 2026 Reg M-A Battle"}}' [208 bytes]
DEBUG:websockets.client:< TEXT '>battle-gen9championsvgc2026regma-1611\n|init|b... vs. OPheur3\n|j|\u2606BC3\n' [85 bytes]
DEBUG:websockets.client:< TEXT '>battle-gen9championsvgc2026regma-1611\n|j|\u2606OPheur3' [52 bytes]
DEBUG:websockets.client:< TEXT '|pm| OPheur3| BC3|/nonotify OPheur3 accepted th...26regma-1611</a>&raquo;' [173 bytes]
DEBUG:websockets.client:< TEXT '>battle-gen9championsvgc2026regma-1611\n|t:|1781643023\n|gametype|doubles' [71 bytes]
DEBUG:websockets.client:< TEXT '>battle-gen9championsvgc2026regma-1611\n|player|p1|BC3|169|' [58 bytes]
DEBUG:websockets.client:< TEXT '>battle-gen9championsvgc2026regma-1611\n|player...heets</strong></button>' [855 bytes]
DEBUG:websockets.client:< TEXT '>battle-gen9championsvgc2026regma-1611\n|reques...ing":false}]},"rqid":2}' [2093 bytes]
DEBUG:websockets.client:< TEXT '>battle-gen9championsvgc2026regma-1610\n|\n|t:|...: Charizard\n|\n|upkeep' [613 bytes]
DEBUG:websockets.client:< TEXT '>battle-gen9championsvgc2026regma-1610\n|\n|t:|...: Charizard\n|\n|upkeep' [615 bytes]
DEBUG:websockets.client:< TEXT '>battle-gen9championsvgc2026regma-1610\n|reques...oCancel":true,"rqid":6}' [1421 bytes]
DEBUG:websockets.client:< TEXT '>battle-gen9championsvgc2026regma-1610\n|reques...ing":false}]},"rqid":7}' [1453 bytes]
DEBUG:live_vgc_base:forceSwitch forced_switch_model [battle-gen9championsvgc2026regma-1610] turn 1 a0=13 a1=None opp_splice=on
DEBUG:websockets.client:> TEXT 'battle-gen9championsvgc2026regma-1610|/choose switch Ditto, pass' [64 bytes]
DEBUG:websockets.client:< TEXT '>battle-gen9championsvgc2026regma-1610\n|\n|t:|...lity: Imposter\n|turn|2' [164 bytes]
DEBUG:websockets.client:< TEXT '>battle-gen9championsvgc2026regma-1610\n|\n|t:|...lity: Imposter\n|turn|2' [164 bytes]
DEBUG:websockets.client:< TEXT '>battle-gen9championsvgc2026regma-1610\n|reques...ing":false}]},"rqid":8}' [2199 bytes]
DEBUG:websockets.client:< TEXT '>battle-gen9championsvgc2026regma-1610\n|reques...ing":false}]},"rqid":9}' [2226 bytes]
DEBUG:vgc_base:Turn 2 [battle-gen9championsvgc2026regma-1610] a0=3 a1=0 src=heuristic g0=0 g1=0
DEBUG:websockets.client:> TEXT 'battle-gen9championsvgc2026regma-1610|/choose m...reclaw 1, move heatwave' [76 bytes]
INFO:player:Turn 2 [battle-gen9championsvgc2026regma-1610] value head win-prob: 0.365  (losing)
DEBUG:live_vgc_base:Turn 2 [battle-gen9championsvgc2026regma-1610] a0=0 a1=9 src=model opp_splice=on
DEBUG:websockets.client:> TEXT 'battle-gen9championsvgc2026regma-1610|/choose move heatwave, move icywind' [73 bytes]
DEBUG:websockets.client:< TEXT '>battle-gen9championsvgc2026regma-1610\n|\n|t:|...55\n|\n|upkeep\n|turn|3' [637 bytes]
DEBUG:websockets.client:< TEXT '>battle-gen9championsvgc2026regma-1610\n|\n|t:|...00\n|\n|upkeep\n|turn|3' [637 bytes]
DEBUG:websockets.client:< TEXT '>battle-gen9championsvgc2026regma-1610\n|reques...ng":false}]},"rqid":10}' [2199 bytes]
DEBUG:websockets.client:< TEXT '>battle-gen9championsvgc2026regma-1610\n|reques...ng":false}]},"rqid":11}' [2225 bytes]
DEBUG:vgc_base:Turn 3 [battle-gen9championsvgc2026regma-1610] a0=3 a1=0 src=heuristic g0=0 g1=0
DEBUG:websockets.client:> TEXT 'battle-gen9championsvgc2026regma-1610|/choose m...reclaw 1, move heatwave' [76 bytes]
INFO:player:Turn 3 [battle-gen9championsvgc2026regma-1610] value head win-prob: 0.500  (even)
DEBUG:live_vgc_base:Turn 3 [battle-gen9championsvgc2026regma-1610] a0=0 a1=9 src=model opp_splice=on
DEBUG:websockets.client:> TEXT 'battle-gen9championsvgc2026regma-1610|/choose move heatwave, move icywind' [73 bytes]
DEBUG:websockets.client:< TEXT '>battle-gen9championsvgc2026regma-1610\n|\n|t:|...rk|Illusion\n|\n|upkeep' [482 bytes]
DEBUG:websockets.client:< TEXT '>battle-gen9championsvgc2026regma-1610\n|\n|t:|...rk|Illusion\n|\n|upkeep' [483 bytes]
DEBUG:websockets.client:< TEXT '>battle-gen9championsvgc2026regma-1610\n|reques...Cancel":true,"rqid":12}' [1419 bytes]
DEBUG:websockets.client:< TEXT '>battle-gen9championsvgc2026regma-1610\n|reques...ng":false}]},"rqid":13}' [1452 bytes]
DEBUG:live_vgc_base:forceSwitch forced_switch_model [battle-gen9championsvgc2026regma-1610] turn 3 a0=12 a1=None opp_splice=on
DEBUG:websockets.client:> TEXT 'battle-gen9championsvgc2026regma-1610|/choose switch Charizard, pass' [68 bytes]
DEBUG:websockets.client:< TEXT '>battle-gen9championsvgc2026regma-1610\n|\n|t:|...L50, M|168/168\n|turn|4' [112 bytes]
DEBUG:websockets.client:< TEXT '>battle-gen9championsvgc2026regma-1610\n|\n|t:|...L50, M|100/100\n|turn|4' [112 bytes]
DEBUG:websockets.client:< TEXT '>battle-gen9championsvgc2026regma-1610\n|reques...ng":false}]},"rqid":14}' [2184 bytes]
DEBUG:websockets.client:< TEXT '>battle-gen9championsvgc2026regma-1610\n|reques...ng":false}]},"rqid":15}' [2224 bytes]
INFO:player:Turn 4 [battle-gen9championsvgc2026regma-1610] value head win-prob: 0.139  (losing)
DEBUG:live_vgc_base:Turn 4 [battle-gen9championsvgc2026regma-1610] a0=0 a1=0 src=model opp_splice=on
DEBUG:websockets.client:> TEXT 'battle-gen9championsvgc2026regma-1610|/choose m...e mega, move hypervoice' [81 bytes]
DEBUG:vgc_base:Turn 4 [battle-gen9championsvgc2026regma-1610] a0=3 a1=10 src=heuristic g0=0 g1=0
DEBUG:websockets.client:> TEXT 'battle-gen9championsvgc2026regma-1610|/choose m...law 1, move solarbeam 2' [79 bytes]
DEBUG:websockets.client:< TEXT '>battle-gen9championsvgc2026regma-1610\n|\n|t:|...nyDay|[upkeep]\n|upkeep' [576 bytes]
DEBUG:websockets.client:< TEXT '>battle-gen9championsvgc2026regma-1610\n|\n|t:|...nyDay|[upkeep]\n|upkeep' [576 bytes]
DEBUG:websockets.client:< TEXT '>battle-gen9championsvgc2026regma-1610\n|reques...ng":false}]},"rqid":16}' [1389 bytes]
DEBUG:websockets.client:< TEXT '>battle-gen9championsvgc2026regma-1610\n|reques...Cancel":true,"rqid":17}' [1480 bytes]
DEBUG:vgc_base:forceSwitch [battle-gen9championsvgc2026regma-1610] force=[True, True] \u2192 /choose switch Basculegion / /choose switch Whimsicott
DEBUG:websockets.client:> TEXT 'battle-gen9championsvgc2026regma-1610|/choose s...gion, switch Whimsicott' [83 bytes]
DEBUG:websockets.client:< TEXT '>battle-gen9championsvgc2026regma-1610\n|\n|t:|...L50, F|100/100\n|turn|5' [167 bytes]
DEBUG:websockets.client:< TEXT '>battle-gen9championsvgc2026regma-1610\n|\n|t:|...L50, F|137/137\n|turn|5' [167 bytes]
DEBUG:websockets.client:< TEXT '>battle-gen9championsvgc2026regma-1610\n|reques...ng":false}]},"rqid":19}' [2211 bytes]
DEBUG:websockets.client:< TEXT '>battle-gen9championsvgc2026regma-1610\n|reques...ng":false}]},"rqid":18}' [2167 bytes]
DEBUG:vgc_base:Turn 5 [battle-gen9championsvgc2026regma-1610] a0=3 a1=7 src=heuristic g0=0 g1=0
DEBUG:websockets.client:> TEXT 'battle-gen9championsvgc2026regma-1610|/choose m...ash 1, move moonblast 2' [80 bytes]
INFO:player:Turn 5 [battle-gen9championsvgc2026regma-1610] value head win-prob: 0.024  (losing)
DEBUG:live_vgc_base:Turn 5 [battle-gen9championsvgc2026regma-1610] a0=0 a1=0 src=model opp_splice=on
DEBUG:websockets.client:> TEXT 'battle-gen9championsvgc2026regma-1610|/choose m...atwave, move hypervoice' [76 bytes]
DEBUG:websockets.client:< TEXT '>battle-gen9championsvgc2026regma-1610\n|\n|t:|...Recoil\n|\n|win|OPheur3' [506 bytes]
DEBUG:websockets.client:< TEXT '>battle-gen9championsvgc2026regma-1610\n|\n|t:|...Recoil\n|\n|win|OPheur3' [507 bytes]
DEBUG:websockets.client:< TEXT '|updatesearch|{"searching":[],"games":{"battle-... 2026 Reg M-A Battle"}}' [124 bytes]
DEBUG:websockets.client:< TEXT '|updatesearch|{"searching":[],"games":{"battle-... 2026 Reg M-A Battle"}}' [124 bytes]
INFO:vgc_base:Battle battle-gen9championsvgc2026regma-1610 finished — outcome: LOSS  (W/L/D so far: 0/7/0)
DEBUG:websockets.client:> TEXT '|/leave battle-gen9championsvgc2026regma-1610' [45 bytes]
INFO:vgc_base:Battle battle-gen9championsvgc2026regma-1610 finished — outcome: WIN  (W/L/D so far: 7/0/0)
DEBUG:websockets.client:> TEXT '|/leave battle-gen9championsvgc2026regma-1610' [45 bytes]
DEBUG:websockets.client:> TEXT 'battle-gen9championsvgc2026regma-1611|/rejectopenteamsheets' [59 bytes]
DEBUG:websockets.client:> TEXT 'battle-gen9championsvgc2026regma-1611|/rejectopenteamsheets' [59 bytes]
DEBUG:websockets.client:< TEXT '>battle-gen9championsvgc2026regma-1610\n|deinit' [46 bytes]
DEBUG:websockets.client:< TEXT '>battle-gen9championsvgc2026regma-1610\n|l|\u2606BC3' [48 bytes]
DEBUG:websockets.client:< TEXT '>battle-gen9championsvgc2026regma-1610\n|deinit' [46 bytes]
DEBUG:websockets.client:< TEXT '>battle-gen9championsvgc2026regma-1611\n|uhtmlchange|otsrequest|' [63 bytes]
DEBUG:websockets.client:< TEXT '>battle-gen9championsvgc2026regma-1611\n|uhtmlchange|otsrequest|' [63 bytes]
DEBUG:websockets.client:< TEXT '>battle-gen9championsvgc2026regma-1611\nBC3 rejected open team sheets.' [69 bytes]
DEBUG:websockets.client:< TEXT '>battle-gen9championsvgc2026regma-1611\nBC3 rejected open team sheets.' [69 bytes]
DEBUG:websockets.client:< TEXT '>battle-gen9championsvgc2026regma-1611\n|uhtmlchange|otsrequest|' [63 bytes]
DEBUG:websockets.client:< TEXT '>battle-gen9championsvgc2026regma-1611\n|uhtmlchange|otsrequest|' [63 bytes]
DEBUG:websockets.client:< TEXT '>battle-gen9championsvgc2026regma-1611\nOPheur3...ected open team sheets.' [73 bytes]
DEBUG:vgc_base:Teampreview: first-4 roster order \u2192 ['sneasler', 'charizardmegay', 'whimsicott', 'basculegion']
INFO:vgc_base:Teampreview [battle-gen9championsvgc2026regma-1611] \u2192 /team 1234  (sneasler, charizardmegay, whimsicott, basculegion)
DEBUG:websockets.client:> TEXT 'battle-gen9championsvgc2026regma-1611|/team 1234' [48 bytes]
DEBUG:websockets.client:< TEXT '>battle-gen9championsvgc2026regma-1611\nOPheur3...ected open team sheets.' [73 bytes]
INFO:player:Team-preview [battle-gen9championsvgc2026regma-1611] NET drove: bring=['whimsicott', 'zoroarkhisui', 'ditto', 'charizardmegay'] leads=['whimsicott', 'zoroarkhisui'] (vs opp ['sneasler', 'charizard', 'whimsicott', 'basculegion', 'zoroarkhisui', 'ditto'])
INFO:vgc_base:Teampreview [battle-gen9championsvgc2026regma-1611] \u2192 /team 3562  (whimsicott, zoroarkhisui, ditto, charizardmegay)
DEBUG:websockets.client:> TEXT 'battle-gen9championsvgc2026regma-1611|/team 3562' [48 bytes]
DEBUG:websockets.client:< TEXT '>battle-gen9championsvgc2026regma-1611\n|\n|t:|...L50, F|100/100\n|turn|1' [321 bytes]
DEBUG:websockets.client:< TEXT '>battle-gen9championsvgc2026regma-1611\n|\n|t:|...L50, F|168/168\n|turn|1' [321 bytes]
DEBUG:websockets.client:< TEXT '>battle-gen9championsvgc2026regma-1611\n|reques...ing":false}]},"rqid":4}' [2167 bytes]
DEBUG:websockets.client:< TEXT '>battle-gen9championsvgc2026regma-1611\n|reques...ing":false}]},"rqid":5}' [2236 bytes]
DEBUG:vgc_base:Turn 1 [battle-gen9championsvgc2026regma-1611] a0=3 a1=0 src=heuristic g0=0 g1=0
DEBUG:websockets.client:> TEXT 'battle-gen9championsvgc2026regma-1611|/choose m...reclaw 1, move heatwave' [76 bytes]
INFO:player:Turn 1 [battle-gen9championsvgc2026regma-1611] value head win-prob: 0.351  (losing)
DEBUG:live_vgc_base:Turn 1 [battle-gen9championsvgc2026regma-1611] a0=0 a1=9 src=model opp_splice=on
DEBUG:websockets.client:> TEXT 'battle-gen9championsvgc2026regma-1611|/choose move encore 1, move icywind' [73 bytes]
DEBUG:websockets.client:< TEXT '>battle-gen9championsvgc2026regma-1611\n|\n|t:|...rk|Illusion\n|\n|upkeep' [673 bytes]
DEBUG:websockets.client:< TEXT '>battle-gen9championsvgc2026regma-1611\n|\n|t:|...rk|Illusion\n|\n|upkeep' [675 bytes]
DEBUG:websockets.client:< TEXT '>battle-gen9championsvgc2026regma-1611\n|reques...oCancel":true,"rqid":6}' [1420 bytes]
DEBUG:websockets.client:< TEXT '>battle-gen9championsvgc2026regma-1611\n|reques...ing":false}]},"rqid":7}' [1453 bytes]
DEBUG:live_vgc_base:forceSwitch forced_switch_model [battle-gen9championsvgc2026regma-1611] turn 1 a0=13 a1=None opp_splice=on
DEBUG:websockets.client:> TEXT 'battle-gen9championsvgc2026regma-1611|/choose switch Ditto, pass' [64 bytes]
DEBUG:websockets.client:< TEXT '>battle-gen9championsvgc2026regma-1611\n|\n|t:|...lity: Imposter\n|turn|2' [164 bytes]
DEBUG:websockets.client:< TEXT '>battle-gen9championsvgc2026regma-1611\n|\n|t:|...lity: Imposter\n|turn|2' [164 bytes]
DEBUG:websockets.client:< TEXT '>battle-gen9championsvgc2026regma-1611\n|reques...ing":false}]},"rqid":8}' [2198 bytes]
DEBUG:websockets.client:< TEXT '>battle-gen9championsvgc2026regma-1611\n|reques...ing":false}]},"rqid":9}' [2226 bytes]
INFO:player:Turn 2 [battle-gen9championsvgc2026regma-1611] value head win-prob: 0.169  (losing)
DEBUG:live_vgc_base:Turn 2 [battle-gen9championsvgc2026regma-1611] a0=0 a1=9 src=model opp_splice=on
DEBUG:websockets.client:> TEXT 'battle-gen9championsvgc2026regma-1611|/choose move heatwave, move icywind' [73 bytes]
DEBUG:vgc_base:Turn 2 [battle-gen9championsvgc2026regma-1611] a0=3 a1=10 src=heuristic g0=0 g1=0
DEBUG:websockets.client:> TEXT 'battle-gen9championsvgc2026regma-1611|/choose m...law 1, move solarbeam 2' [79 bytes]
DEBUG:websockets.client:< TEXT '>battle-gen9championsvgc2026regma-1611\n|\n|t:|...00\n|\n|upkeep\n|turn|3' [516 bytes]
DEBUG:websockets.client:< TEXT '>battle-gen9championsvgc2026regma-1611\n|\n|t:|...68\n|\n|upkeep\n|turn|3' [517 bytes]
DEBUG:websockets.client:< TEXT '>battle-gen9championsvgc2026regma-1611\n|reques...ng":false}]},"rqid":10}' [2198 bytes]
DEBUG:websockets.client:< TEXT '>battle-gen9championsvgc2026regma-1611\n|reques...ng":false}]},"rqid":11}' [1888 bytes]
INFO:player:Turn 3 [battle-gen9championsvgc2026regma-1611] value head win-prob: 0.425  (losing)
DEBUG:live_vgc_base:Turn 3 [battle-gen9championsvgc2026regma-1611] a0=0 a1=9 src=model opp_splice=on
DEBUG:websockets.client:> TEXT 'battle-gen9championsvgc2026regma-1611|/choose move heatwave, move icywind' [73 bytes]
DEBUG:vgc_base:Turn 3 [battle-gen9championsvgc2026regma-1611] a0=3 a1=10 src=heuristic g0=0 g1=0
DEBUG:websockets.client:> TEXT 'battle-gen9championsvgc2026regma-1611|/choose m...law 1, move solarbeam 2' [79 bytes]
DEBUG:websockets.client:< TEXT '>battle-gen9championsvgc2026regma-1611\n|\n|t:|...1b: Zoroark\n|\n|upkeep' [454 bytes]
DEBUG:websockets.client:< TEXT '>battle-gen9championsvgc2026regma-1611\n|\n|t:|...1b: Zoroark\n|\n|upkeep' [454 bytes]
DEBUG:websockets.client:< TEXT '>battle-gen9championsvgc2026regma-1611\n|reques...ng":false}]},"rqid":12}' [1401 bytes]
DEBUG:websockets.client:< TEXT '>battle-gen9championsvgc2026regma-1611\n|reques...ng":false}]},"rqid":13}' [1466 bytes]
DEBUG:vgc_base:forceSwitch slot 1: no available switch — '/choose default' (handled poke-env desync).
DEBUG:vgc_base:forceSwitch DIAG [battle-gen9championsvgc2026regma-1611] turn=3 slot=1 force=[True, True] available_switches=[['charizard'], ['charizard']] own_bench_mons=['charizard'] request_state={'Ditto': 'actfnt', 'Zoroark': 'actfnt', 'Whimsicott': 'fnt', 'Charizard': ''} team_keys=['p1: Sneasler', 'p1: Charizard', 'p1: Whimsicott', 'p1: Basculegion', 'p1: Zoroark', 'p1: Ditto'] team=[sneasler(act=True,fnt=False,hp=1.0), charizard(act=False,fnt=False,hp=1.0), whimsicott(act=False,fnt=True,hp=0), basculegion(act=False,fnt=False,hp=1.0), zoroarkhisui(act=True,fnt=True,hp=0), ditto(act=True,fnt=True,hp=0)]
DEBUG:websockets.client:> TEXT 'battle-gen9championsvgc2026regma-1611|/choose default' [53 bytes]
DEBUG:vgc_base:forceSwitch [battle-gen9championsvgc2026regma-1611] force=[True, False] \u2192 /choose switch Basculegion / /choose pass
DEBUG:websockets.client:> TEXT 'battle-gen9championsvgc2026regma-1611|/choose switch Basculegion, pass' [70 bytes]
DEBUG:websockets.client:< TEXT '>battle-gen9championsvgc2026regma-1611\n|\n|t:|...L50, M|168/168\n|turn|4' [165 bytes]
DEBUG:websockets.client:< TEXT '>battle-gen9championsvgc2026regma-1611\n|\n|t:|...L50, M|100/100\n|turn|4' [165 bytes]
DEBUG:websockets.client:< TEXT '>battle-gen9championsvgc2026regma-1611\n|reques...ng":false}]},"rqid":14}' [2183 bytes]
DEBUG:websockets.client:< TEXT '>battle-gen9championsvgc2026regma-1611\n|reques...ng":false}]},"rqid":15}' [2233 bytes]
INFO:player:Turn 4 [battle-gen9championsvgc2026regma-1611] value head win-prob: 0.074  (losing)
DEBUG:live_vgc_base:Turn 4 [battle-gen9championsvgc2026regma-1611] a0=0 a1=0 src=model opp_splice=on
DEBUG:vgc_base:_safe_order: action 0 slot 1 \u2192 None, scanning legal actions.
DEBUG:vgc_base:_safe_order: slot 1 has no decodable legal action — sending Pass.
DEBUG:websockets.client:> TEXT 'battle-gen9championsvgc2026regma-1611|/choose move heatwave mega, pass' [70 bytes]
DEBUG:vgc_base:Turn 4 [battle-gen9championsvgc2026regma-1611] a0=3 a1=0 src=heuristic g0=0 g1=0
DEBUG:websockets.client:> TEXT 'battle-gen9championsvgc2026regma-1611|/choose m...ecrash 1, move heatwave' [77 bytes]
DEBUG:websockets.client:< TEXT '>battle-gen9championsvgc2026regma-1611\n|\n|t:|...Recoil\n|\n|win|OPheur3' [601 bytes]
DEBUG:websockets.client:< TEXT '>battle-gen9championsvgc2026regma-1611\n|\n|t:|...Recoil\n|\n|win|OPheur3' [602 bytes]
INFO:vgc_base:Battle battle-gen9championsvgc2026regma-1611 finished — outcome: LOSS  (W/L/D so far: 0/8/0)
DEBUG:websockets.client:> TEXT '|/leave battle-gen9championsvgc2026regma-1611' [45 bytes]
DEBUG:websockets.client:< TEXT '|updatesearch|{"searching":[],"games":null}' [43 bytes]
DEBUG:websockets.client:< TEXT '|updatesearch|{"searching":[],"games":null}' [43 bytes]
INFO:vgc_base:Battle battle-gen9championsvgc2026regma-1611 finished — outcome: WIN  (W/L/D so far: 8/0/0)
DEBUG:websockets.client:> TEXT '|/leave battle-gen9championsvgc2026regma-1611' [45 bytes]
DEBUG:websockets.client:< TEXT '>battle-gen9championsvgc2026regma-1611\n|deinit' [46 bytes]
DEBUG:websockets.client:< TEXT '>battle-gen9championsvgc2026regma-1611\n|l|\u2606BC3' [48 bytes]
DEBUG:websockets.client:< TEXT '>battle-gen9championsvgc2026regma-1611\n|deinit' [46 bytes]
DEBUG:websockets.client:> CLOSE 1000 (OK) [2 bytes]
DEBUG:websockets.client:= connection is CLOSING
DEBUG:websockets.client:< CLOSE 1000 (OK) [2 bytes]
DEBUG:websockets.client:< EOF
DEBUG:websockets.client:> EOF
DEBUG:websockets.client:= connection is CLOSED
DEBUG:websockets.client:x half-closing TCP connection
DEBUG:websockets.client:> CLOSE 1000 (OK) [2 bytes]
DEBUG:websockets.client:= connection is CLOSING
DEBUG:websockets.client:< CLOSE 1000 (OK) [2 bytes]
DEBUG:websockets.client:< EOF
DEBUG:websockets.client:> EOF
DEBUG:websockets.client:= connection is CLOSED
DEBUG:websockets.client:x half-closing TCP connection
INFO:__main__:vs heuristic: 0/8
