DEBUG:asyncio:Using proactor: IocpProactor
DEBUG:asyncio:Using proactor: IocpProactor
INFO:run_local_battle:Showdown server already running on port 8000 — skipping launch.
INFO:run_local_battle:Loaded team from D:\ShowdownProject\Victory-Dance\teams\M-A\Trickery
INFO:run_local_battle:Loaded team from D:\ShowdownProject\Victory-Dance\teams\M-A\Trickery
INFO:vgc_base:Loaded default BeliefState from D:\ShowdownProject\Victory-Dance\data\pikalytics_regma.json
INFO:player:VGCPlayer: loaded battle model from ai_train_scripts\BC_model\checkpoints\bc_best.pt (heads=('our_a', 'our_b'))
INFO:player:VGCPlayer: loaded team-chooser from D:\ShowdownProject\Victory-Dance\ai_train_scripts\teamPreview_model\checkpoints\teampreview_best.pt (vocab=190)
INFO:player:VGCPlayer ready (gap-#6 splice) | battle_model=loaded (ai_train_scripts\BC_model\checkpoints\bc_best.pt) | team_chooser=loaded (D:\ShowdownProject\Victory-Dance\ai_train_scripts\teamPreview_model\checkpoints\teampreview_best.pt) | replay=D:\ShowdownProject\Victory-Dance\replay_buffer\BC1.jsonl
INFO:random_player:RandomVGCPlayer ready (gap-#6 splice) | replay=D:\ShowdownProject\Victory-Dance\replay_buffer\OPrand1.jsonl
DEBUG:websockets.client:= connection is CONNECTING
DEBUG:websockets.client:> GET /showdown/websocket HTTP/1.1
DEBUG:websockets.client:> Host: localhost:8000
DEBUG:websockets.client:> Upgrade: websocket
DEBUG:websockets.client:> Connection: Upgrade
DEBUG:websockets.client:> Sec-WebSocket-Key: C3ax9sNqEq7oD23p/xZL4w==
DEBUG:websockets.client:> Sec-WebSocket-Version: 13
DEBUG:websockets.client:> Sec-WebSocket-Extensions: permessage-deflate; client_max_window_bits
DEBUG:websockets.client:> User-Agent: Python/3.12 websockets/16.0
DEBUG:websockets.client:< HTTP/1.1 101 Switching Protocols
DEBUG:websockets.client:< Upgrade: websocket
DEBUG:websockets.client:< Connection: Upgrade
DEBUG:websockets.client:< Sec-WebSocket-Accept: fgia6jz3uIZ0HPDwaoUTYTcd5po=
DEBUG:websockets.client:= connection is OPEN
DEBUG:websockets.client:< TEXT '|updateuser| Guest 1183|0|266|{"blockChallenges...c|[Gen 1] Custom Game,c' [8618 bytes]
DEBUG:websockets.client:< TEXT '|challstr|4|404990c4b6cab352c516c0f873044a3af61...c739fc328bf9d8c69dfa79f' [268 bytes]
DEBUG:websockets.client:> TEXT '|/trn BC1,0,' [12 bytes]
DEBUG:websockets.client:< TEXT '|updatesearch|{"searching":[],"games":null}' [43 bytes]
DEBUG:websockets.client:< TEXT '|updateuser| BC1|1|266|{"blockChallenges":false...:false,"language":null}' [346 bytes]
DEBUG:websockets.client:< TEXT '|updatesearch|{"searching":[],"games":null}' [43 bytes]
DEBUG:websockets.client:= connection is CONNECTING
DEBUG:websockets.client:> GET /showdown/websocket HTTP/1.1
DEBUG:websockets.client:> Host: localhost:8000
DEBUG:websockets.client:> Upgrade: websocket
DEBUG:websockets.client:> Connection: Upgrade
DEBUG:websockets.client:> Sec-WebSocket-Key: LGwzmvJTq5Pib5kQf4PLag==
DEBUG:websockets.client:> Sec-WebSocket-Version: 13
DEBUG:websockets.client:> Sec-WebSocket-Extensions: permessage-deflate; client_max_window_bits
DEBUG:websockets.client:> User-Agent: Python/3.12 websockets/16.0
DEBUG:websockets.client:< HTTP/1.1 101 Switching Protocols
DEBUG:websockets.client:< Upgrade: websocket
DEBUG:websockets.client:< Connection: Upgrade
DEBUG:websockets.client:< Sec-WebSocket-Accept: lzUTCZyosfJUPBfxgCHkbEOVjJg=
DEBUG:websockets.client:= connection is OPEN
DEBUG:websockets.client:< TEXT '|updateuser| Guest 1184|0|265|{"blockChallenges...c|[Gen 1] Custom Game,c' [8618 bytes]
DEBUG:websockets.client:< TEXT '|challstr|4|dd3a1dfd970fa621ca7c0afc2303292ef9e...48e069b55224c23e43cd319' [268 bytes]
DEBUG:websockets.client:> TEXT '|/trn OPrand1,0,' [16 bytes]
DEBUG:websockets.client:< TEXT '|updatesearch|{"searching":[],"games":null}' [43 bytes]
DEBUG:websockets.client:< TEXT '|updateuser| OPrand1|1|266|{"blockChallenges":f...:false,"language":null}' [350 bytes]
DEBUG:websockets.client:< TEXT '|updatesearch|{"searching":[],"games":null}' [43 bytes]
DEBUG:websockets.client:> TEXT '|/utm Sneasler||whiteherb|unburden|fakeout,dire...Naive|32,2,,,,32||||50|' [550 bytes]
DEBUG:websockets.client:> TEXT '|/challenge oprand1, gen9championsvgc2026regma' [46 bytes]
DEBUG:websockets.client:< TEXT '|pm| BC1| OPrand1|/challenge gen9championsvgc20...hampionsvgc2026regma|||' [83 bytes]
DEBUG:websockets.client:< TEXT '|pm| BC1| OPrand1|/challenge gen9championsvgc20...hampionsvgc2026regma|||' [83 bytes]
DEBUG:websockets.client:< TEXT '|pm| BC1| OPrand1|/log BC1 wants to battle!' [43 bytes]
DEBUG:websockets.client:< TEXT '|pm| BC1| OPrand1|/log BC1 wants to battle!' [43 bytes]
DEBUG:websockets.client:> TEXT '|/utm Sneasler||whiteherb|unburden|fakeout,dire...Naive|32,2,,,,32||||50|' [550 bytes]
DEBUG:websockets.client:> TEXT '|/accept bc1' [12 bytes]
DEBUG:websockets.client:< TEXT '|pm| OPrand1| BC1|/challenge' [28 bytes]
DEBUG:websockets.client:< TEXT '|pm| OPrand1| BC1|/challenge' [28 bytes]
DEBUG:websockets.client:< TEXT '|updatesearch|{"searching":[],"games":null}' [43 bytes]
DEBUG:websockets.client:< TEXT '|updatesearch|{"searching":[],"games":null}' [43 bytes]
DEBUG:websockets.client:< TEXT '|updatesearch|{"searching":[],"games":{"battle-... 2026 Reg M-A Battle"}}' [124 bytes]
DEBUG:websockets.client:< TEXT '|updatesearch|{"searching":[],"games":{"battle-... 2026 Reg M-A Battle"}}' [124 bytes]
DEBUG:websockets.client:< TEXT '|updatesearch|{"searching":[],"games":{"battle-... 2026 Reg M-A Battle"}}' [124 bytes]
DEBUG:websockets.client:< TEXT '|updatesearch|{"searching":[],"games":{"battle-... 2026 Reg M-A Battle"}}' [124 bytes]
DEBUG:websockets.client:< TEXT '>battle-gen9championsvgc2026regma-1905\n|init|b... vs. OPrand1\n|j|☆BC1\n' [85 bytes]
DEBUG:websockets.client:< TEXT '>battle-gen9championsvgc2026regma-1905\n|j|☆OPrand1' [52 bytes]
DEBUG:websockets.client:< TEXT '|pm| OPrand1| BC1|/nonotify OPrand1 accepted th...26regma-1905</a>&raquo;' [173 bytes]
DEBUG:websockets.client:< TEXT '>battle-gen9championsvgc2026regma-1905\n|init|b...n|j|☆BC1\n|j|☆OPrand1\n' [99 bytes]
DEBUG:websockets.client:< TEXT '|pm| OPrand1| BC1|/nonotify OPrand1 accepted th...26regma-1905</a>&raquo;' [173 bytes]
DEBUG:websockets.client:< TEXT '>battle-gen9championsvgc2026regma-1905\n|t:|1781645825\n|gametype|doubles' [71 bytes]
DEBUG:websockets.client:< TEXT '>battle-gen9championsvgc2026regma-1905\n|t:|1781645825\n|gametype|doubles' [71 bytes]
DEBUG:websockets.client:< TEXT '>battle-gen9championsvgc2026regma-1905\n|player|p1|BC1|266|' [58 bytes]
DEBUG:websockets.client:< TEXT '>battle-gen9championsvgc2026regma-1905\n|player|p1|BC1|266|' [58 bytes]
DEBUG:websockets.client:< TEXT '>battle-gen9championsvgc2026regma-1905\n|player...heets</strong></button>' [857 bytes]
DEBUG:websockets.client:> TEXT 'battle-gen9championsvgc2026regma-1905|/rejectopenteamsheets' [59 bytes]
DEBUG:websockets.client:< TEXT '>battle-gen9championsvgc2026regma-1905\n|player...heets</strong></button>' [857 bytes]
DEBUG:websockets.client:< TEXT '>battle-gen9championsvgc2026regma-1905\n|reques...ing":false}]},"rqid":3}' [2097 bytes]
DEBUG:websockets.client:> TEXT 'battle-gen9championsvgc2026regma-1905|/rejectopenteamsheets' [59 bytes]
DEBUG:websockets.client:< TEXT '>battle-gen9championsvgc2026regma-1905\n|reques...ing":false}]},"rqid":2}' [2093 bytes]
DEBUG:websockets.client:> TEXT '|/utm Sneasler||whiteherb|unburden|fakeout,dire...Naive|32,2,,,,32||||50|' [550 bytes]
DEBUG:websockets.client:> TEXT '|/challenge oprand1, gen9championsvgc2026regma' [46 bytes]
DEBUG:websockets.client:< TEXT '>battle-gen9championsvgc2026regma-1905\n|uhtmlchange|otsrequest|' [63 bytes]
DEBUG:websockets.client:< TEXT '>battle-gen9championsvgc2026regma-1905\n|uhtmlchange|otsrequest|' [63 bytes]
DEBUG:websockets.client:< TEXT '>battle-gen9championsvgc2026regma-1905\nBC1 rejected open team sheets.' [69 bytes]
INFO:player:Team-preview [battle-gen9championsvgc2026regma-1905] NET drove: bring=['whimsicott', 'zoroarkhisui', 'ditto', 'charizardmegay'] leads=['whimsicott', 'zoroarkhisui'] (vs opp ['sneasler', 'charizard', 'whimsicott', 'basculegion', 'zoroarkhisui', 'ditto'])
INFO:vgc_base:Teampreview [battle-gen9championsvgc2026regma-1905] → /team 3562  (whimsicott, zoroarkhisui, ditto, charizardmegay)
DEBUG:websockets.client:> TEXT 'battle-gen9championsvgc2026regma-1905|/team 3562' [48 bytes]
INFO:vgc_base:Teampreview [battle-gen9championsvgc2026regma-1905] → /team 2143  (charizardmegay, sneasler, basculegion, whimsicott)
DEBUG:websockets.client:> TEXT 'battle-gen9championsvgc2026regma-1905|/team 2143' [48 bytes]
DEBUG:websockets.client:< TEXT '>battle-gen9championsvgc2026regma-1905\nBC1 rejected open team sheets.' [69 bytes]
DEBUG:websockets.client:< TEXT '>battle-gen9championsvgc2026regma-1905\n|uhtmlchange|otsrequest|' [63 bytes]
DEBUG:websockets.client:< TEXT '>battle-gen9championsvgc2026regma-1905\nOPrand1...ected open team sheets.' [73 bytes]
DEBUG:websockets.client:< TEXT '>battle-gen9championsvgc2026regma-1905\n|uhtmlchange|otsrequest|' [63 bytes]
DEBUG:websockets.client:< TEXT '>battle-gen9championsvgc2026regma-1905\nOPrand1...ected open team sheets.' [73 bytes]
DEBUG:websockets.client:< TEXT '|pm| BC1| OPrand1|/challenge gen9championsvgc20...hampionsvgc2026regma|||' [83 bytes]
DEBUG:websockets.client:< TEXT '|pm| BC1| OPrand1|/log BC1 wants to battle!' [43 bytes]
DEBUG:websockets.client:< TEXT '|pm| BC1| OPrand1|/challenge gen9championsvgc20...hampionsvgc2026regma|||' [83 bytes]
DEBUG:websockets.client:< TEXT '|pm| BC1| OPrand1|/log BC1 wants to battle!' [43 bytes]
DEBUG:websockets.client:> TEXT '|/utm Sneasler||whiteherb|unburden|fakeout,dire...Naive|32,2,,,,32||||50|' [550 bytes]
DEBUG:websockets.client:> TEXT '|/accept bc1' [12 bytes]
DEBUG:websockets.client:< TEXT '>battle-gen9championsvgc2026regma-1905\n|\n|t:|...L50, F|100/100\n|turn|1' [321 bytes]
DEBUG:websockets.client:< TEXT '>battle-gen9championsvgc2026regma-1905\n|\n|t:|...L50, F|157/157\n|turn|1' [321 bytes]
DEBUG:websockets.client:< TEXT '>battle-gen9championsvgc2026regma-1905\n|reques...ing":false}]},"rqid":4}' [2167 bytes]
DEBUG:websockets.client:< TEXT '>battle-gen9championsvgc2026regma-1905\n|reques...ing":false}]},"rqid":5}' [2236 bytes]
DEBUG:live_vgc_base:Turn 1 [battle-gen9championsvgc2026regma-1905] a0=11 a1=5 src=random opp_splice=on
DEBUG:websockets.client:> TEXT 'battle-gen9championsvgc2026regma-1905|/choose m...am -2, move direclaw -1' [81 bytes]
INFO:player:Turn 1 [battle-gen9championsvgc2026regma-1905] value head win-prob: 0.492  (even)
DEBUG:live_vgc_base:Turn 1 [battle-gen9championsvgc2026regma-1905] a0=0 a1=9 src=model opp_splice=on
DEBUG:websockets.client:> TEXT 'battle-gen9championsvgc2026regma-1905|/choose move encore 1, move icywind' [73 bytes]
DEBUG:websockets.client:< TEXT '|pm| OPrand1| BC1|/challenge' [28 bytes]
DEBUG:websockets.client:< TEXT '|updatesearch|{"searching":[],"games":{"battle-... 2026 Reg M-A Battle"}}' [124 bytes]
DEBUG:websockets.client:< TEXT '|updatesearch|{"searching":[],"games":{"battle-... 2026 Reg M-A Battle"}}' [208 bytes]
DEBUG:websockets.client:< TEXT '|updatesearch|{"searching":[],"games":{"battle-... 2026 Reg M-A Battle"}}' [208 bytes]
DEBUG:websockets.client:< TEXT '>battle-gen9championsvgc2026regma-1906\n|init|b...n|j|☆BC1\n|j|☆OPrand1\n' [99 bytes]
DEBUG:websockets.client:< TEXT '|pm| OPrand1| BC1|/nonotify OPrand1 accepted th...26regma-1906</a>&raquo;' [173 bytes]
DEBUG:websockets.client:< TEXT '>battle-gen9championsvgc2026regma-1906\n|t:|1781645825\n|gametype|doubles' [71 bytes]
DEBUG:websockets.client:< TEXT '>battle-gen9championsvgc2026regma-1906\n|player|p1|BC1|266|' [58 bytes]
DEBUG:websockets.client:< TEXT '>battle-gen9championsvgc2026regma-1906\n|player...heets</strong></button>' [857 bytes]
DEBUG:websockets.client:< TEXT '>battle-gen9championsvgc2026regma-1906\n|reques...ing":false}]},"rqid":3}' [2097 bytes]
DEBUG:websockets.client:< TEXT '|pm| OPrand1| BC1|/challenge' [28 bytes]
DEBUG:websockets.client:< TEXT '|updatesearch|{"searching":[],"games":{"battle-... 2026 Reg M-A Battle"}}' [124 bytes]
DEBUG:websockets.client:< TEXT '|updatesearch|{"searching":[],"games":{"battle-... 2026 Reg M-A Battle"}}' [208 bytes]
DEBUG:websockets.client:< TEXT '|updatesearch|{"searching":[],"games":{"battle-... 2026 Reg M-A Battle"}}' [208 bytes]
DEBUG:websockets.client:< TEXT '>battle-gen9championsvgc2026regma-1906\n|init|b... vs. OPrand1\n|j|☆BC1\n' [85 bytes]
DEBUG:websockets.client:< TEXT '>battle-gen9championsvgc2026regma-1906\n|j|☆OPrand1' [52 bytes]
DEBUG:websockets.client:< TEXT '|pm| OPrand1| BC1|/nonotify OPrand1 accepted th...26regma-1906</a>&raquo;' [173 bytes]
DEBUG:websockets.client:< TEXT '>battle-gen9championsvgc2026regma-1906\n|t:|1781645825\n|gametype|doubles' [71 bytes]
DEBUG:websockets.client:< TEXT '>battle-gen9championsvgc2026regma-1906\n|player|p1|BC1|266|' [58 bytes]
DEBUG:websockets.client:< TEXT '>battle-gen9championsvgc2026regma-1906\n|player...heets</strong></button>' [857 bytes]
DEBUG:websockets.client:< TEXT '>battle-gen9championsvgc2026regma-1906\n|reques...ing":false}]},"rqid":2}' [2093 bytes]
DEBUG:websockets.client:< TEXT '>battle-gen9championsvgc2026regma-1905\n|\n|t:|...am\n|\n|upkeep\n|turn|2' [572 bytes]
DEBUG:websockets.client:< TEXT '>battle-gen9championsvgc2026regma-1905\n|\n|t:|...am\n|\n|upkeep\n|turn|2' [573 bytes]
DEBUG:websockets.client:< TEXT '>battle-gen9championsvgc2026regma-1905\n|reques...ing":false}]},"rqid":6}' [2167 bytes]
DEBUG:websockets.client:< TEXT '>battle-gen9championsvgc2026regma-1905\n|reques...ing":false}]},"rqid":7}' [1887 bytes]
INFO:player:Turn 2 [battle-gen9championsvgc2026regma-1905] value head win-prob: 0.732  (winning)
DEBUG:live_vgc_base:Turn 2 [battle-gen9championsvgc2026regma-1905] a0=0 a1=9 src=model opp_splice=on
DEBUG:websockets.client:> TEXT 'battle-gen9championsvgc2026regma-1905|/choose move encore 1, move icywind' [73 bytes]
DEBUG:live_vgc_base:Turn 2 [battle-gen9championsvgc2026regma-1905] a0=11 a1=3 src=random opp_splice=on
DEBUG:websockets.client:> TEXT 'battle-gen9championsvgc2026regma-1905|/choose m...eam -2, move direclaw 1' [80 bytes]
DEBUG:websockets.client:< TEXT '>battle-gen9championsvgc2026regma-1905\n|\n|t:|...sler|38/100\n|\n|upkeep' [579 bytes]
DEBUG:websockets.client:< TEXT '>battle-gen9championsvgc2026regma-1905\n|\n|t:|...sler|61/157\n|\n|upkeep' [579 bytes]
DEBUG:websockets.client:< TEXT '>battle-gen9championsvgc2026regma-1905\n|reques...oCancel":true,"rqid":8}' [1421 bytes]
DEBUG:websockets.client:< TEXT '>battle-gen9championsvgc2026regma-1905\n|reques...ing":false}]},"rqid":9}' [1451 bytes]
DEBUG:live_vgc_base:forceSwitch forced_switch_model [battle-gen9championsvgc2026regma-1905] turn 2 a0=12 a1=None opp_splice=on
DEBUG:websockets.client:> TEXT 'battle-gen9championsvgc2026regma-1905|/choose switch Charizard, pass' [68 bytes]
DEBUG:websockets.client:< TEXT '>battle-gen9championsvgc2026regma-1905\n|\n|t:|...L50, M|168/168\n|turn|3' [112 bytes]
DEBUG:websockets.client:< TEXT '>battle-gen9championsvgc2026regma-1905\n|\n|t:|...L50, M|100/100\n|turn|3' [112 bytes]
DEBUG:websockets.client:< TEXT '>battle-gen9championsvgc2026regma-1905\n|reques...ng":false}]},"rqid":11}' [2222 bytes]
DEBUG:websockets.client:< TEXT '>battle-gen9championsvgc2026regma-1905\n|reques...ng":false}]},"rqid":10}' [2187 bytes]
DEBUG:live_vgc_base:Turn 3 [battle-gen9championsvgc2026regma-1905] a0=13 a1=9 src=random opp_splice=on
DEBUG:websockets.client:> TEXT 'battle-gen9championsvgc2026regma-1905|/choose s...ion, move closecombat 1' [84 bytes]
INFO:player:Turn 3 [battle-gen9championsvgc2026regma-1905] value head win-prob: 0.841  (winning)
DEBUG:live_vgc_base:Turn 3 [battle-gen9championsvgc2026regma-1905] a0=0 a1=0 src=model opp_splice=on
DEBUG:websockets.client:> TEXT 'battle-gen9championsvgc2026regma-1905|/choose m...e mega, move hypervoice' [81 bytes]
DEBUG:websockets.client:< TEXT '>battle-gen9championsvgc2026regma-1905\n|\n|t:|...nyDay|[upkeep]\n|upkeep' [729 bytes]
DEBUG:websockets.client:< TEXT '>battle-gen9championsvgc2026regma-1905\n|\n|t:|...nyDay|[upkeep]\n|upkeep' [729 bytes]
DEBUG:websockets.client:< TEXT '>battle-gen9championsvgc2026regma-1905\n|reques...ng":false}]},"rqid":12}' [1393 bytes]
DEBUG:websockets.client:< TEXT '>battle-gen9championsvgc2026regma-1905\n|reques...Cancel":true,"rqid":13}' [1482 bytes]
DEBUG:vgc_base:forceSwitch [battle-gen9championsvgc2026regma-1905] force=[False, True] → /choose pass / /choose switch Charizard
DEBUG:websockets.client:> TEXT 'battle-gen9championsvgc2026regma-1905|/choose pass, switch Charizard' [68 bytes]
DEBUG:websockets.client:< TEXT '>battle-gen9championsvgc2026regma-1905\n|\n|t:|... L50, F|11/100\n|turn|4' [111 bytes]
DEBUG:websockets.client:< TEXT '>battle-gen9championsvgc2026regma-1905\n|\n|t:|... L50, F|20/168\n|turn|4' [111 bytes]
DEBUG:websockets.client:< TEXT '>battle-gen9championsvgc2026regma-1905\n|reques...ng":false}]},"rqid":14}' [2171 bytes]
DEBUG:websockets.client:< TEXT '>battle-gen9championsvgc2026regma-1905\n|reques...ng":false}]},"rqid":15}' [2233 bytes]
DEBUG:live_vgc_base:Turn 4 [battle-gen9championsvgc2026regma-1905] a0=6 a1=9 src=random opp_splice=on
DEBUG:websockets.client:> TEXT 'battle-gen9championsvgc2026regma-1905|/choose m...otect, move solarbeam 1' [76 bytes]
INFO:player:Turn 4 [battle-gen9championsvgc2026regma-1905] value head win-prob: 0.625  (winning)
DEBUG:live_vgc_base:Turn 4 [battle-gen9championsvgc2026regma-1905] a0=0 a1=0 src=model opp_splice=on
DEBUG:websockets.client:> TEXT 'battle-gen9championsvgc2026regma-1905|/choose m...atwave, move hypervoice' [76 bytes]
DEBUG:websockets.client:< TEXT '>battle-gen9championsvgc2026regma-1905\n|\n|t:|...nyDay|[upkeep]\n|upkeep' [424 bytes]
DEBUG:websockets.client:< TEXT '>battle-gen9championsvgc2026regma-1905\n|\n|t:|...nyDay|[upkeep]\n|upkeep' [424 bytes]
DEBUG:websockets.client:< TEXT '>battle-gen9championsvgc2026regma-1905\n|reques...Cancel":true,"rqid":17}' [1481 bytes]
DEBUG:websockets.client:< TEXT '>battle-gen9championsvgc2026regma-1905\n|reques...ng":false}]},"rqid":16}' [1393 bytes]
DEBUG:vgc_base:forceSwitch [battle-gen9championsvgc2026regma-1905] force=[False, True] → /choose pass / /choose switch Whimsicott
DEBUG:websockets.client:> TEXT 'battle-gen9championsvgc2026regma-1905|/choose pass, switch Whimsicott' [69 bytes]
DEBUG:websockets.client:< TEXT '>battle-gen9championsvgc2026regma-1905\n|\n|t:|...L50, F|100/100\n|turn|5' [114 bytes]
DEBUG:websockets.client:< TEXT '>battle-gen9championsvgc2026regma-1905\n|\n|t:|...L50, F|137/137\n|turn|5' [114 bytes]
DEBUG:websockets.client:< TEXT '>battle-gen9championsvgc2026regma-1905\n|reques...ng":false}]},"rqid":18}' [2171 bytes]
INFO:player:Turn 5 [battle-gen9championsvgc2026regma-1905] value head win-prob: 0.973  (winning)
DEBUG:live_vgc_base:Turn 5 [battle-gen9championsvgc2026regma-1905] a0=0 a1=0 src=model opp_splice=on
DEBUG:websockets.client:> TEXT 'battle-gen9championsvgc2026regma-1905|/choose m...atwave, move hypervoice' [76 bytes]
DEBUG:websockets.client:< TEXT '>battle-gen9championsvgc2026regma-1905\n|reques...ng":false}]},"rqid":19}' [2211 bytes]
DEBUG:live_vgc_base:Turn 5 [battle-gen9championsvgc2026regma-1905] a0=1 a1=1 src=random opp_splice=on
DEBUG:websockets.client:> TEXT 'battle-gen9championsvgc2026regma-1905|/choose m...ipturn 1, move encore 1' [76 bytes]
DEBUG:websockets.client:< TEXT '>battle-gen9championsvgc2026regma-1905\n|\n|t:|...keep]\n|upkeep\n|turn|6' [713 bytes]
DEBUG:websockets.client:< TEXT '>battle-gen9championsvgc2026regma-1905\n|\n|t:|...keep]\n|upkeep\n|turn|6' [713 bytes]
DEBUG:websockets.client:< TEXT '>battle-gen9championsvgc2026regma-1905\n|reques...ng":false}]},"rqid":21}' [2199 bytes]
DEBUG:websockets.client:< TEXT '>battle-gen9championsvgc2026regma-1905\n|reques...ng":false}]},"rqid":20}' [2165 bytes]
DEBUG:live_vgc_base:Turn 6 [battle-gen9championsvgc2026regma-1905] a0=3 a1=0 src=random opp_splice=on
DEBUG:vgc_base:_safe_order: action 0 slot 1 → None, scanning legal actions.
DEBUG:vgc_base:_safe_order: slot 1 has no decodable legal action — sending Pass.
DEBUG:websockets.client:> TEXT 'battle-gen9championsvgc2026regma-1905|/choose move wavecrash 1, pass' [68 bytes]
INFO:player:Turn 6 [battle-gen9championsvgc2026regma-1905] value head win-prob: 0.999  (winning)
DEBUG:live_vgc_base:Turn 6 [battle-gen9championsvgc2026regma-1905] a0=0 a1=9 src=model opp_splice=on
DEBUG:websockets.client:> TEXT 'battle-gen9championsvgc2026regma-1905|/choose move heatwave, move icywind' [73 bytes]
DEBUG:websockets.client:< TEXT '>battle-gen9championsvgc2026regma-1905\n|\n|t:|...asculegion\n|\n|win|BC1' [343 bytes]
DEBUG:websockets.client:< TEXT '>battle-gen9championsvgc2026regma-1905\n|\n|t:|...asculegion\n|\n|win|BC1' [343 bytes]
INFO:vgc_base:Battle battle-gen9championsvgc2026regma-1905 finished — outcome: WIN  (W/L/D so far: 1/0/0)
DEBUG:websockets.client:> TEXT '|/leave battle-gen9championsvgc2026regma-1905' [45 bytes]
DEBUG:websockets.client:< TEXT '|updatesearch|{"searching":[],"games":{"battle-... 2026 Reg M-A Battle"}}' [124 bytes]
DEBUG:websockets.client:< TEXT '|updatesearch|{"searching":[],"games":{"battle-... 2026 Reg M-A Battle"}}' [124 bytes]
DEBUG:websockets.client:> TEXT 'battle-gen9championsvgc2026regma-1906|/rejectopenteamsheets' [59 bytes]
INFO:vgc_base:Battle battle-gen9championsvgc2026regma-1905 finished — outcome: LOSS  (W/L/D so far: 0/1/0)
DEBUG:websockets.client:> TEXT '|/leave battle-gen9championsvgc2026regma-1905' [45 bytes]
DEBUG:websockets.client:> TEXT '|/utm Sneasler||whiteherb|unburden|fakeout,dire...Naive|32,2,,,,32||||50|' [550 bytes]
DEBUG:websockets.client:> TEXT '|/challenge oprand1, gen9championsvgc2026regma' [46 bytes]
DEBUG:websockets.client:> TEXT 'battle-gen9championsvgc2026regma-1906|/rejectopenteamsheets' [59 bytes]
DEBUG:websockets.client:< TEXT '>battle-gen9championsvgc2026regma-1905\n|deinit' [46 bytes]
DEBUG:websockets.client:< TEXT '>battle-gen9championsvgc2026regma-1905\n|l|☆BC1' [48 bytes]
DEBUG:websockets.client:< TEXT '>battle-gen9championsvgc2026regma-1906\n|uhtmlchange|otsrequest|' [63 bytes]
DEBUG:websockets.client:< TEXT '>battle-gen9championsvgc2026regma-1906\nBC1 rejected open team sheets.' [69 bytes]
DEBUG:websockets.client:< TEXT '>battle-gen9championsvgc2026regma-1906\n|uhtmlchange|otsrequest|' [63 bytes]
DEBUG:websockets.client:< TEXT '>battle-gen9championsvgc2026regma-1906\nBC1 rejected open team sheets.' [69 bytes]
DEBUG:websockets.client:< TEXT '>battle-gen9championsvgc2026regma-1905\n|deinit' [46 bytes]
DEBUG:websockets.client:< TEXT '>battle-gen9championsvgc2026regma-1906\n|uhtmlchange|otsrequest|' [63 bytes]
INFO:player:Team-preview [battle-gen9championsvgc2026regma-1906] NET drove: bring=['whimsicott', 'zoroarkhisui', 'ditto', 'charizardmegay'] leads=['whimsicott', 'zoroarkhisui'] (vs opp ['sneasler', 'charizard', 'whimsicott', 'basculegion', 'zoroarkhisui', 'ditto'])
INFO:vgc_base:Teampreview [battle-gen9championsvgc2026regma-1906] → /team 3562  (whimsicott, zoroarkhisui, ditto, charizardmegay)
DEBUG:websockets.client:> TEXT 'battle-gen9championsvgc2026regma-1906|/team 3562' [48 bytes]
INFO:vgc_base:Teampreview [battle-gen9championsvgc2026regma-1906] → /team 1426  (sneasler, basculegion, charizardmegay, ditto)
DEBUG:websockets.client:> TEXT 'battle-gen9championsvgc2026regma-1906|/team 1426' [48 bytes]
DEBUG:websockets.client:< TEXT '>battle-gen9championsvgc2026regma-1906\nOPrand1...ected open team sheets.' [73 bytes]
DEBUG:websockets.client:< TEXT '>battle-gen9championsvgc2026regma-1906\n|uhtmlchange|otsrequest|' [63 bytes]
DEBUG:websockets.client:< TEXT '|pm| BC1| OPrand1|/challenge gen9championsvgc20...hampionsvgc2026regma|||' [83 bytes]
DEBUG:websockets.client:< TEXT '|pm| BC1| OPrand1|/log BC1 wants to battle!' [43 bytes]
DEBUG:websockets.client:< TEXT '>battle-gen9championsvgc2026regma-1906\nOPrand1...ected open team sheets.' [73 bytes]
DEBUG:websockets.client:< TEXT '|pm| BC1| OPrand1|/challenge gen9championsvgc20...hampionsvgc2026regma|||' [83 bytes]
DEBUG:websockets.client:< TEXT '|pm| BC1| OPrand1|/log BC1 wants to battle!' [43 bytes]
DEBUG:websockets.client:> TEXT '|/utm Sneasler||whiteherb|unburden|fakeout,dire...Naive|32,2,,,,32||||50|' [550 bytes]
DEBUG:websockets.client:> TEXT '|/accept bc1' [12 bytes]
DEBUG:websockets.client:< TEXT '>battle-gen9championsvgc2026regma-1906\n|\n|t:|...L50, M|100/100\n|turn|1' [325 bytes]
DEBUG:websockets.client:< TEXT '>battle-gen9championsvgc2026regma-1906\n|\n|t:|...L50, M|197/197\n|turn|1' [325 bytes]
DEBUG:websockets.client:< TEXT '>battle-gen9championsvgc2026regma-1906\n|reques...ing":false}]},"rqid":4}' [2167 bytes]
DEBUG:websockets.client:< TEXT '|pm| OPrand1| BC1|/challenge' [28 bytes]
DEBUG:websockets.client:< TEXT '>battle-gen9championsvgc2026regma-1906\n|reques...ing":false}]},"rqid":5}' [2151 bytes]
DEBUG:websockets.client:< TEXT '|updatesearch|{"searching":[],"games":{"battle-... 2026 Reg M-A Battle"}}' [124 bytes]
DEBUG:websockets.client:< TEXT '|updatesearch|{"searching":[],"games":{"battle-... 2026 Reg M-A Battle"}}' [208 bytes]
DEBUG:websockets.client:< TEXT '|updatesearch|{"searching":[],"games":{"battle-... 2026 Reg M-A Battle"}}' [208 bytes]
INFO:player:Turn 1 [battle-gen9championsvgc2026regma-1906] value head win-prob: 0.350  (losing)
DEBUG:live_vgc_base:Turn 1 [battle-gen9championsvgc2026regma-1906] a0=0 a1=9 src=model opp_splice=on
DEBUG:websockets.client:> TEXT 'battle-gen9championsvgc2026regma-1906|/choose move encore 1, move icywind' [73 bytes]
DEBUG:websockets.client:< TEXT '|pm| OPrand1| BC1|/challenge' [28 bytes]
DEBUG:websockets.client:< TEXT '|updatesearch|{"searching":[],"games":{"battle-... 2026 Reg M-A Battle"}}' [124 bytes]
DEBUG:websockets.client:< TEXT '|updatesearch|{"searching":[],"games":{"battle-... 2026 Reg M-A Battle"}}' [208 bytes]
DEBUG:websockets.client:< TEXT '|updatesearch|{"searching":[],"games":{"battle-... 2026 Reg M-A Battle"}}' [208 bytes]
DEBUG:websockets.client:< TEXT '>battle-gen9championsvgc2026regma-1907\n|init|b...n|j|☆BC1\n|j|☆OPrand1\n' [99 bytes]
DEBUG:websockets.client:< TEXT '|pm| OPrand1| BC1|/nonotify OPrand1 accepted th...26regma-1907</a>&raquo;' [173 bytes]
DEBUG:websockets.client:< TEXT '>battle-gen9championsvgc2026regma-1907\n|t:|1781645826\n|gametype|doubles' [71 bytes]
DEBUG:websockets.client:< TEXT '>battle-gen9championsvgc2026regma-1907\n|player|p1|BC1|266|' [58 bytes]
DEBUG:websockets.client:< TEXT '>battle-gen9championsvgc2026regma-1907\n|player...heets</strong></button>' [857 bytes]
DEBUG:websockets.client:< TEXT '>battle-gen9championsvgc2026regma-1907\n|reques...ing":false}]},"rqid":3}' [2097 bytes]
DEBUG:live_vgc_base:Turn 1 [battle-gen9championsvgc2026regma-1906] a0=6 a1=11 src=random opp_splice=on
DEBUG:websockets.client:> TEXT 'battle-gen9championsvgc2026regma-1906|/choose m...t, move lastrespects -1' [80 bytes]
DEBUG:websockets.client:< TEXT '>battle-gen9championsvgc2026regma-1907\n|init|b... vs. OPrand1\n|j|☆BC1\n' [85 bytes]
DEBUG:websockets.client:< TEXT '>battle-gen9championsvgc2026regma-1907\n|j|☆OPrand1' [52 bytes]
DEBUG:websockets.client:< TEXT '|pm| OPrand1| BC1|/nonotify OPrand1 accepted th...26regma-1907</a>&raquo;' [173 bytes]
DEBUG:websockets.client:< TEXT '>battle-gen9championsvgc2026regma-1907\n|t:|1781645826\n|gametype|doubles' [71 bytes]
DEBUG:websockets.client:< TEXT '>battle-gen9championsvgc2026regma-1907\n|player|p1|BC1|266|' [58 bytes]
DEBUG:websockets.client:< TEXT '>battle-gen9championsvgc2026regma-1907\n|player...heets</strong></button>' [857 bytes]
DEBUG:websockets.client:< TEXT '>battle-gen9championsvgc2026regma-1907\n|reques...ing":false}]},"rqid":2}' [2093 bytes]
DEBUG:websockets.client:< TEXT '>battle-gen9championsvgc2026regma-1906\n|\n|t:|...ct\n|\n|upkeep\n|turn|2' [517 bytes]
DEBUG:websockets.client:< TEXT '>battle-gen9championsvgc2026regma-1906\n|\n|t:|...ct\n|\n|upkeep\n|turn|2' [518 bytes]
DEBUG:websockets.client:< TEXT '>battle-gen9championsvgc2026regma-1906\n|reques...ing":false}]},"rqid":6}' [2167 bytes]
DEBUG:websockets.client:< TEXT '>battle-gen9championsvgc2026regma-1906\n|reques...ing":false}]},"rqid":7}' [2150 bytes]
DEBUG:live_vgc_base:Turn 2 [battle-gen9championsvgc2026regma-1906] a0=6 a1=12 src=random opp_splice=on
DEBUG:websockets.client:> TEXT 'battle-gen9championsvgc2026regma-1906|/choose m...otect, switch Charizard' [76 bytes]
INFO:player:Turn 2 [battle-gen9championsvgc2026regma-1906] value head win-prob: 0.788  (winning)
DEBUG:live_vgc_base:Turn 2 [battle-gen9championsvgc2026regma-1906] a0=1 a1=9 src=model opp_splice=on
DEBUG:websockets.client:> TEXT 'battle-gen9championsvgc2026regma-1906|/choose move encore 2, move icywind' [73 bytes]
DEBUG:websockets.client:< TEXT '>battle-gen9championsvgc2026regma-1906\n|\n|t:|...|1\n|\n|upkeep\n|turn|3' [418 bytes]
DEBUG:websockets.client:< TEXT '>battle-gen9championsvgc2026regma-1906\n|\n|t:|...|1\n|\n|upkeep\n|turn|3' [419 bytes]
DEBUG:websockets.client:< TEXT '>battle-gen9championsvgc2026regma-1906\n|reques...ing":false}]},"rqid":8}' [2167 bytes]
DEBUG:websockets.client:< TEXT '>battle-gen9championsvgc2026regma-1906\n|reques...ing":false}]},"rqid":9}' [2175 bytes]
DEBUG:live_vgc_base:Turn 3 [battle-gen9championsvgc2026regma-1906] a0=9 a1=10 src=random opp_splice=on
DEBUG:websockets.client:> TEXT 'battle-gen9championsvgc2026regma-1906|/choose m...bat 1, move solarbeam 2' [82 bytes]
INFO:player:Turn 3 [battle-gen9championsvgc2026regma-1906] value head win-prob: 0.513  (even)
DEBUG:live_vgc_base:Turn 3 [battle-gen9championsvgc2026regma-1906] a0=0 a1=9 src=model opp_splice=on
DEBUG:websockets.client:> TEXT 'battle-gen9championsvgc2026regma-1906|/choose move encore 1, move icywind' [73 bytes]
DEBUG:websockets.client:< TEXT '>battle-gen9championsvgc2026regma-1906\n|\n|t:|...am\n|\n|upkeep\n|turn|4' [542 bytes]
DEBUG:websockets.client:< TEXT '>battle-gen9championsvgc2026regma-1906\n|\n|t:|...am\n|\n|upkeep\n|turn|4' [544 bytes]
DEBUG:websockets.client:< TEXT '>battle-gen9championsvgc2026regma-1906\n|reques...ng":false}]},"rqid":10}' [2168 bytes]
DEBUG:websockets.client:< TEXT '>battle-gen9championsvgc2026regma-1906\n|reques...ng":false}]},"rqid":11}' [1827 bytes]
DEBUG:live_vgc_base:Turn 4 [battle-gen9championsvgc2026regma-1906] a0=13 a1=11 src=random opp_splice=on
DEBUG:websockets.client:> TEXT 'battle-gen9championsvgc2026regma-1906|/choose s...itto, move solarbeam -1' [77 bytes]
INFO:player:Turn 4 [battle-gen9championsvgc2026regma-1906] value head win-prob: 0.776  (winning)
DEBUG:live_vgc_base:Turn 4 [battle-gen9championsvgc2026regma-1906] a0=1 a1=9 src=model opp_splice=on
DEBUG:websockets.client:> TEXT 'battle-gen9championsvgc2026regma-1906|/choose move encore 2, move icywind' [73 bytes]
DEBUG:websockets.client:< TEXT '>battle-gen9championsvgc2026regma-1906\n|\n|t:|...on\n|\n|upkeep\n|turn|5' [528 bytes]
DEBUG:websockets.client:< TEXT '>battle-gen9championsvgc2026regma-1906\n|\n|t:|...on\n|\n|upkeep\n|turn|5' [528 bytes]
DEBUG:websockets.client:< TEXT '>battle-gen9championsvgc2026regma-1906\n|reques...ng":false}]},"rqid":12}' [2167 bytes]
DEBUG:websockets.client:< TEXT '>battle-gen9championsvgc2026regma-1906\n|reques...ng":false}]},"rqid":13}' [1897 bytes]
DEBUG:live_vgc_base:Turn 5 [battle-gen9championsvgc2026regma-1906] a0=0 a1=12 src=random opp_splice=on
DEBUG:websockets.client:> TEXT 'battle-gen9championsvgc2026regma-1906|/choose m...form 1, switch Sneasler' [79 bytes]
INFO:player:Turn 5 [battle-gen9championsvgc2026regma-1906] value head win-prob: 0.344  (losing)
DEBUG:live_vgc_base:Turn 5 [battle-gen9championsvgc2026regma-1906] a0=0 a1=9 src=model opp_splice=on
DEBUG:websockets.client:> TEXT 'battle-gen9championsvgc2026regma-1906|/choose move encore 1, move icywind' [73 bytes]
DEBUG:websockets.client:< TEXT '>battle-gen9championsvgc2026regma-1906\n|\n|t:|...tt\n|\n|upkeep\n|turn|6' [405 bytes]
DEBUG:websockets.client:< TEXT '>battle-gen9championsvgc2026regma-1906\n|\n|t:|...tt\n|\n|upkeep\n|turn|6' [406 bytes]
DEBUG:websockets.client:< TEXT '>battle-gen9championsvgc2026regma-1906\n|reques...ng":false}]},"rqid":14}' [2167 bytes]
DEBUG:websockets.client:< TEXT '>battle-gen9championsvgc2026regma-1906\n|reques...ng":false}]},"rqid":15}' [2174 bytes]
DEBUG:live_vgc_base:Turn 6 [battle-gen9championsvgc2026regma-1906] a0=6 a1=1 src=random opp_splice=on
DEBUG:websockets.client:> TEXT 'battle-gen9championsvgc2026regma-1906|/choose m...blast 1, move fakeout 2' [78 bytes]
INFO:player:Turn 6 [battle-gen9championsvgc2026regma-1906] value head win-prob: 0.442  (losing)
DEBUG:live_vgc_base:Turn 6 [battle-gen9championsvgc2026regma-1906] a0=0 a1=9 src=model opp_splice=on
DEBUG:websockets.client:> TEXT 'battle-gen9championsvgc2026regma-1906|/choose move encore 1, move icywind' [73 bytes]
DEBUG:websockets.client:< TEXT '>battle-gen9championsvgc2026regma-1906\n|\n|t:|...|p2a: Ditto\n|\n|upkeep' [455 bytes]
DEBUG:websockets.client:< TEXT '>battle-gen9championsvgc2026regma-1906\n|\n|t:|...|p2a: Ditto\n|\n|upkeep' [455 bytes]
DEBUG:websockets.client:< TEXT '>battle-gen9championsvgc2026regma-1906\n|reques...ng":false}]},"rqid":16}' [1391 bytes]
DEBUG:websockets.client:< TEXT '>battle-gen9championsvgc2026regma-1906\n|reques...Cancel":true,"rqid":17}' [1421 bytes]
DEBUG:vgc_base:forceSwitch [battle-gen9championsvgc2026regma-1906] force=[True, False] → /choose switch Charizard / /choose pass
DEBUG:websockets.client:> TEXT 'battle-gen9championsvgc2026regma-1906|/choose switch Charizard, pass' [68 bytes]
DEBUG:websockets.client:< TEXT '>battle-gen9championsvgc2026regma-1906\n|\n|t:|...L50, F|50/100y\n|turn|7' [112 bytes]
DEBUG:websockets.client:< TEXT '>battle-gen9championsvgc2026regma-1906\n|\n|t:|... L50, F|84/168\n|turn|7' [111 bytes]
DEBUG:websockets.client:< TEXT '>battle-gen9championsvgc2026regma-1906\n|reques...ng":false}]},"rqid":19}' [2163 bytes]
DEBUG:websockets.client:< TEXT '>battle-gen9championsvgc2026regma-1906\n|reques...ng":false}]},"rqid":18}' [2166 bytes]
DEBUG:live_vgc_base:Turn 7 [battle-gen9championsvgc2026regma-1906] a0=9 a1=3 src=random opp_splice=on
DEBUG:websockets.client:> TEXT 'battle-gen9championsvgc2026regma-1906|/choose m...beam 1, move direclaw 1' [79 bytes]
INFO:player:Turn 7 [battle-gen9championsvgc2026regma-1906] value head win-prob: 0.877  (winning)
DEBUG:live_vgc_base:Turn 7 [battle-gen9championsvgc2026regma-1906] a0=0 a1=9 src=model opp_splice=on
DEBUG:websockets.client:> TEXT 'battle-gen9championsvgc2026regma-1906|/choose move encore 1, move icywind' [73 bytes]
DEBUG:websockets.client:< TEXT '>battle-gen9championsvgc2026regma-1906\n|\n|t:|... Whimsicott\n|\n|upkeep' [519 bytes]
DEBUG:websockets.client:< TEXT '>battle-gen9championsvgc2026regma-1906\n|\n|t:|... Whimsicott\n|\n|upkeep' [519 bytes]
DEBUG:websockets.client:< TEXT '>battle-gen9championsvgc2026regma-1906\n|reques...ng":false}]},"rqid":21}' [1390 bytes]
DEBUG:websockets.client:< TEXT '>battle-gen9championsvgc2026regma-1906\n|reques...Cancel":true,"rqid":20}' [1421 bytes]
DEBUG:live_vgc_base:forceSwitch forced_switch_model [battle-gen9championsvgc2026regma-1906] turn 7 a0=13 a1=None opp_splice=on
DEBUG:websockets.client:> TEXT 'battle-gen9championsvgc2026regma-1906|/choose switch Ditto, pass' [64 bytes]
DEBUG:websockets.client:< TEXT '>battle-gen9championsvgc2026regma-1906\n|\n|t:|...lity: Imposter\n|turn|8' [163 bytes]
DEBUG:websockets.client:< TEXT '>battle-gen9championsvgc2026regma-1906\n|\n|t:|...lity: Imposter\n|turn|8' [163 bytes]
DEBUG:websockets.client:< TEXT '>battle-gen9championsvgc2026regma-1906\n|reques...ng":false}]},"rqid":22}' [2181 bytes]
DEBUG:websockets.client:< TEXT '>battle-gen9championsvgc2026regma-1906\n|reques...ng":false}]},"rqid":23}' [1825 bytes]
INFO:player:Turn 8 [battle-gen9championsvgc2026regma-1906] value head win-prob: 0.956  (winning)
DEBUG:live_vgc_base:Turn 8 [battle-gen9championsvgc2026regma-1906] a0=0 a1=12 src=model opp_splice=on
DEBUG:websockets.client:> TEXT 'battle-gen9championsvgc2026regma-1906|/choose m...otect, switch Charizard' [76 bytes]
DEBUG:live_vgc_base:Turn 8 [battle-gen9championsvgc2026regma-1906] a0=9 a1=11 src=random opp_splice=on
DEBUG:websockets.client:> TEXT 'battle-gen9championsvgc2026regma-1906|/choose m... 1, move closecombat -1' [83 bytes]
DEBUG:websockets.client:< TEXT '>battle-gen9championsvgc2026regma-1906\n|\n|t:|...: Charizard\n|\n|upkeep' [467 bytes]
DEBUG:websockets.client:< TEXT '>battle-gen9championsvgc2026regma-1906\n|\n|t:|...: Charizard\n|\n|upkeep' [467 bytes]
DEBUG:websockets.client:< TEXT '>battle-gen9championsvgc2026regma-1906\n|reques...Cancel":true,"rqid":25}' [1420 bytes]
DEBUG:websockets.client:< TEXT '>battle-gen9championsvgc2026regma-1906\n|reques...ng":false}]},"rqid":24}' [1423 bytes]
DEBUG:vgc_base:forceSwitch [battle-gen9championsvgc2026regma-1906] force=[True, False] → /choose switch Basculegion / /choose pass
DEBUG:websockets.client:> TEXT 'battle-gen9championsvgc2026regma-1906|/choose switch Basculegion, pass' [70 bytes]
DEBUG:websockets.client:< TEXT '>battle-gen9championsvgc2026regma-1906\n|\n|t:|... L50, M|91/100\n|turn|9' [115 bytes]
DEBUG:websockets.client:< TEXT '>battle-gen9championsvgc2026regma-1906\n|\n|t:|...L50, M|181/197\n|turn|9' [116 bytes]
DEBUG:websockets.client:< TEXT '>battle-gen9championsvgc2026regma-1906\n|reques...ng":false}]},"rqid":27}' [2137 bytes]
DEBUG:websockets.client:< TEXT '>battle-gen9championsvgc2026regma-1906\n|reques...ng":false}]},"rqid":26}' [2192 bytes]
DEBUG:live_vgc_base:Turn 9 [battle-gen9championsvgc2026regma-1906] a0=3 a1=10 src=random opp_splice=on
DEBUG:websockets.client:> TEXT 'battle-gen9championsvgc2026regma-1906|/choose m...h 1, move closecombat 2' [82 bytes]
INFO:player:Turn 9 [battle-gen9championsvgc2026regma-1906] value head win-prob: 0.996  (winning)
DEBUG:live_vgc_base:Turn 9 [battle-gen9championsvgc2026regma-1906] a0=0 a1=6 src=model opp_splice=on
DEBUG:websockets.client:> TEXT 'battle-gen9championsvgc2026regma-1906|/choose m...tect, move protect mega' [77 bytes]
DEBUG:websockets.client:< TEXT '>battle-gen9championsvgc2026regma-1906\n|\n|t:|...eep]\n|upkeep\n|turn|10' [606 bytes]
DEBUG:websockets.client:< TEXT '>battle-gen9championsvgc2026regma-1906\n|\n|t:|...eep]\n|upkeep\n|turn|10' [607 bytes]
DEBUG:websockets.client:< TEXT '>battle-gen9championsvgc2026regma-1906\n|reques...ng":false}]},"rqid":28}' [2175 bytes]
DEBUG:websockets.client:< TEXT '>battle-gen9championsvgc2026regma-1906\n|reques...ng":false}]},"rqid":29}' [2137 bytes]
DEBUG:live_vgc_base:Turn 10 [battle-gen9championsvgc2026regma-1906] a0=11 a1=5 src=random opp_splice=on
DEBUG:websockets.client:> TEXT 'battle-gen9championsvgc2026regma-1906|/choose m...ts -2, move direclaw -1' [84 bytes]
INFO:player:Turn 10 [battle-gen9championsvgc2026regma-1906] value head win-prob: 0.994  (winning)
DEBUG:live_vgc_base:Turn 10 [battle-gen9championsvgc2026regma-1906] a0=0 a1=6 src=model opp_splice=on
DEBUG:websockets.client:> TEXT 'battle-gen9championsvgc2026regma-1906|/choose move protect, move protect' [72 bytes]
DEBUG:websockets.client:< TEXT '>battle-gen9championsvgc2026regma-1906\n|\n|t:|...eep]\n|upkeep\n|turn|11' [331 bytes]
DEBUG:websockets.client:< TEXT '>battle-gen9championsvgc2026regma-1906\n|\n|t:|...eep]\n|upkeep\n|turn|11' [331 bytes]
DEBUG:websockets.client:< TEXT '>battle-gen9championsvgc2026regma-1906\n|reques...ng":false}]},"rqid":30}' [2175 bytes]
DEBUG:websockets.client:< TEXT '>battle-gen9championsvgc2026regma-1906\n|reques...ng":false}]},"rqid":31}' [2136 bytes]
DEBUG:live_vgc_base:Turn 11 [battle-gen9championsvgc2026regma-1906] a0=0 a1=0 src=random opp_splice=on
DEBUG:vgc_base:_safe_order: action 0 slot 1 → None, scanning legal actions.
DEBUG:vgc_base:_safe_order: slot 1 has no decodable legal action — sending Pass.
DEBUG:websockets.client:> TEXT 'battle-gen9championsvgc2026regma-1906|/choose move flipturn 1, pass' [67 bytes]
INFO:player:Turn 11 [battle-gen9championsvgc2026regma-1906] value head win-prob: 0.985  (winning)
DEBUG:live_vgc_base:Turn 11 [battle-gen9championsvgc2026regma-1906] a0=12 a1=0 src=model opp_splice=on
DEBUG:websockets.client:> TEXT 'battle-gen9championsvgc2026regma-1906|/choose s... Zoroark, move heatwave' [75 bytes]
DEBUG:websockets.client:< TEXT '>battle-gen9championsvgc2026regma-1906\n|\n|t:|...nyDay|[upkeep]\n|upkeep' [403 bytes]
DEBUG:websockets.client:< TEXT '>battle-gen9championsvgc2026regma-1906\n|\n|t:|...nyDay|[upkeep]\n|upkeep' [403 bytes]
DEBUG:websockets.client:< TEXT '>battle-gen9championsvgc2026regma-1906\n|reques...Cancel":true,"rqid":32}' [1421 bytes]
DEBUG:websockets.client:< TEXT '>battle-gen9championsvgc2026regma-1906\n|reques...ng":false}]},"rqid":33}' [1387 bytes]
DEBUG:live_vgc_base:forceSwitch forced_switch_model [battle-gen9championsvgc2026regma-1906] turn 11 a0=12 a1=None opp_splice=on
DEBUG:websockets.client:> TEXT 'battle-gen9championsvgc2026regma-1906|/choose switch Ditto, pass' [64 bytes]
DEBUG:websockets.client:< TEXT '>battle-gen9championsvgc2026regma-1906\n|\n|t:|...o, L50|33/155\n|turn|12' [101 bytes]
DEBUG:websockets.client:< TEXT '>battle-gen9championsvgc2026regma-1906\n|\n|t:|...o, L50|21/100\n|turn|12' [101 bytes]
DEBUG:websockets.client:< TEXT '>battle-gen9championsvgc2026regma-1906\n|reques...ng":false}]},"rqid":35}' [2135 bytes]
DEBUG:websockets.client:< TEXT '>battle-gen9championsvgc2026regma-1906\n|reques...ng":false}]},"rqid":34}' [1879 bytes]
DEBUG:live_vgc_base:Turn 12 [battle-gen9championsvgc2026regma-1906] a0=9 a1=0 src=random opp_splice=on
DEBUG:vgc_base:_safe_order: action 0 slot 1 → None, scanning legal actions.
DEBUG:vgc_base:_safe_order: slot 1 has no decodable legal action — sending Pass.
DEBUG:websockets.client:> TEXT 'battle-gen9championsvgc2026regma-1906|/choose move lastrespects 1, pass' [71 bytes]
INFO:player:Turn 12 [battle-gen9championsvgc2026regma-1906] value head win-prob: 0.922  (winning)
DEBUG:live_vgc_base:Turn 12 [battle-gen9championsvgc2026regma-1906] a0=0 a1=0 src=model opp_splice=on
DEBUG:websockets.client:> TEXT 'battle-gen9championsvgc2026regma-1906|/choose m...nsform 1, move heatwave' [77 bytes]
DEBUG:websockets.client:< TEXT '>battle-gen9championsvgc2026regma-1906\n|\n|t:|...asculegion\n|\n|win|BC1' [200 bytes]
DEBUG:websockets.client:< TEXT '>battle-gen9championsvgc2026regma-1906\n|\n|t:|...asculegion\n|\n|win|BC1' [200 bytes]
INFO:vgc_base:Battle battle-gen9championsvgc2026regma-1906 finished — outcome: WIN  (W/L/D so far: 2/0/0)
DEBUG:websockets.client:> TEXT '|/leave battle-gen9championsvgc2026regma-1906' [45 bytes]
DEBUG:websockets.client:< TEXT '|updatesearch|{"searching":[],"games":{"battle-... 2026 Reg M-A Battle"}}' [124 bytes]
DEBUG:websockets.client:< TEXT '|updatesearch|{"searching":[],"games":{"battle-... 2026 Reg M-A Battle"}}' [124 bytes]
DEBUG:websockets.client:> TEXT 'battle-gen9championsvgc2026regma-1907|/rejectopenteamsheets' [59 bytes]
INFO:vgc_base:Battle battle-gen9championsvgc2026regma-1906 finished — outcome: LOSS  (W/L/D so far: 0/2/0)
DEBUG:websockets.client:> TEXT '|/leave battle-gen9championsvgc2026regma-1906' [45 bytes]
DEBUG:websockets.client:> TEXT '|/utm Sneasler||whiteherb|unburden|fakeout,dire...Naive|32,2,,,,32||||50|' [550 bytes]
DEBUG:websockets.client:> TEXT '|/challenge oprand1, gen9championsvgc2026regma' [46 bytes]
DEBUG:websockets.client:> TEXT 'battle-gen9championsvgc2026regma-1907|/rejectopenteamsheets' [59 bytes]
DEBUG:websockets.client:< TEXT '>battle-gen9championsvgc2026regma-1906\n|deinit' [46 bytes]
DEBUG:websockets.client:< TEXT '>battle-gen9championsvgc2026regma-1906\n|l|☆BC1' [48 bytes]
DEBUG:websockets.client:< TEXT '>battle-gen9championsvgc2026regma-1907\n|uhtmlchange|otsrequest|' [63 bytes]
DEBUG:websockets.client:< TEXT '>battle-gen9championsvgc2026regma-1907\nBC1 rejected open team sheets.' [69 bytes]
DEBUG:websockets.client:< TEXT '>battle-gen9championsvgc2026regma-1907\n|uhtmlchange|otsrequest|' [63 bytes]
DEBUG:websockets.client:< TEXT '>battle-gen9championsvgc2026regma-1907\nBC1 rejected open team sheets.' [69 bytes]
DEBUG:websockets.client:< TEXT '>battle-gen9championsvgc2026regma-1906\n|deinit' [46 bytes]
DEBUG:websockets.client:< TEXT '>battle-gen9championsvgc2026regma-1907\n|uhtmlchange|otsrequest|' [63 bytes]
DEBUG:websockets.client:< TEXT '>battle-gen9championsvgc2026regma-1907\n|uhtmlchange|otsrequest|' [63 bytes]
DEBUG:websockets.client:< TEXT '>battle-gen9championsvgc2026regma-1907\nOPrand1...ected open team sheets.' [73 bytes]
DEBUG:websockets.client:< TEXT '>battle-gen9championsvgc2026regma-1907\nOPrand1...ected open team sheets.' [73 bytes]
INFO:player:Team-preview [battle-gen9championsvgc2026regma-1907] NET drove: bring=['whimsicott', 'zoroarkhisui', 'ditto', 'charizardmegay'] leads=['whimsicott', 'zoroarkhisui'] (vs opp ['sneasler', 'charizard', 'whimsicott', 'basculegion', 'zoroarkhisui', 'ditto'])
INFO:vgc_base:Teampreview [battle-gen9championsvgc2026regma-1907] → /team 3562  (whimsicott, zoroarkhisui, ditto, charizardmegay)
DEBUG:websockets.client:> TEXT 'battle-gen9championsvgc2026regma-1907|/team 3562' [48 bytes]
INFO:vgc_base:Teampreview [battle-gen9championsvgc2026regma-1907] → /team 6542  (ditto, zoroarkhisui, basculegion, charizardmegay)
DEBUG:websockets.client:> TEXT 'battle-gen9championsvgc2026regma-1907|/team 6542' [48 bytes]
DEBUG:websockets.client:< TEXT '|pm| BC1| OPrand1|/challenge gen9championsvgc20...hampionsvgc2026regma|||' [83 bytes]
DEBUG:websockets.client:< TEXT '|pm| BC1| OPrand1|/challenge gen9championsvgc20...hampionsvgc2026regma|||' [83 bytes]
DEBUG:websockets.client:< TEXT '|pm| BC1| OPrand1|/log BC1 wants to battle!' [43 bytes]
DEBUG:websockets.client:< TEXT '|pm| BC1| OPrand1|/log BC1 wants to battle!' [43 bytes]
DEBUG:websockets.client:> TEXT '|/utm Sneasler||whiteherb|unburden|fakeout,dire...Naive|32,2,,,,32||||50|' [550 bytes]
DEBUG:websockets.client:> TEXT '|/accept bc1' [12 bytes]
DEBUG:websockets.client:< TEXT '|pm| OPrand1| BC1|/challenge' [28 bytes]
DEBUG:websockets.client:< TEXT '|pm| OPrand1| BC1|/challenge' [28 bytes]
DEBUG:websockets.client:< TEXT '|updatesearch|{"searching":[],"games":{"battle-... 2026 Reg M-A Battle"}}' [124 bytes]
DEBUG:websockets.client:< TEXT '|updatesearch|{"searching":[],"games":{"battle-... 2026 Reg M-A Battle"}}' [124 bytes]
DEBUG:websockets.client:< TEXT '|updatesearch|{"searching":[],"games":{"battle-... 2026 Reg M-A Battle"}}' [208 bytes]
DEBUG:websockets.client:< TEXT '|updatesearch|{"searching":[],"games":{"battle-... 2026 Reg M-A Battle"}}' [208 bytes]
DEBUG:websockets.client:< TEXT '|updatesearch|{"searching":[],"games":{"battle-... 2026 Reg M-A Battle"}}' [208 bytes]
DEBUG:websockets.client:< TEXT '|updatesearch|{"searching":[],"games":{"battle-... 2026 Reg M-A Battle"}}' [208 bytes]
DEBUG:websockets.client:< TEXT '>battle-gen9championsvgc2026regma-1908\n|init|b...n|j|☆BC1\n|j|☆OPrand1\n' [99 bytes]
DEBUG:websockets.client:< TEXT '>battle-gen9championsvgc2026regma-1908\n|init|b... vs. OPrand1\n|j|☆BC1\n' [85 bytes]
DEBUG:websockets.client:< TEXT '|pm| OPrand1| BC1|/nonotify OPrand1 accepted th...26regma-1908</a>&raquo;' [173 bytes]
DEBUG:websockets.client:< TEXT '>battle-gen9championsvgc2026regma-1908\n|j|☆OPrand1' [52 bytes]
DEBUG:websockets.client:< TEXT '|pm| OPrand1| BC1|/nonotify OPrand1 accepted th...26regma-1908</a>&raquo;' [173 bytes]
DEBUG:websockets.client:< TEXT '>battle-gen9championsvgc2026regma-1907\n|\n|t:|...L50, M|100/100\n|turn|1' [312 bytes]
DEBUG:websockets.client:< TEXT '>battle-gen9championsvgc2026regma-1907\n|\n|t:|...L50, M|132/132\n|turn|1' [312 bytes]
DEBUG:websockets.client:< TEXT '>battle-gen9championsvgc2026regma-1907\n|reques...ing":false}]},"rqid":4}' [2167 bytes]
DEBUG:websockets.client:< TEXT '>battle-gen9championsvgc2026regma-1908\n|t:|1781645826\n|gametype|doubles' [71 bytes]
DEBUG:websockets.client:< TEXT '>battle-gen9championsvgc2026regma-1907\n|reques...ing":false}]},"rqid":5}' [1903 bytes]
DEBUG:websockets.client:< TEXT '>battle-gen9championsvgc2026regma-1908\n|t:|1781645826\n|gametype|doubles' [71 bytes]
DEBUG:websockets.client:< TEXT '>battle-gen9championsvgc2026regma-1908\n|player|p1|BC1|266|' [58 bytes]
DEBUG:websockets.client:< TEXT '>battle-gen9championsvgc2026regma-1908\n|player|p1|BC1|266|' [58 bytes]
INFO:player:Turn 1 [battle-gen9championsvgc2026regma-1907] value head win-prob: 0.109  (losing)
DEBUG:live_vgc_base:Turn 1 [battle-gen9championsvgc2026regma-1907] a0=0 a1=9 src=model opp_splice=on
DEBUG:websockets.client:> TEXT 'battle-gen9championsvgc2026regma-1907|/choose move encore 1, move icywind' [73 bytes]
DEBUG:live_vgc_base:Turn 1 [battle-gen9championsvgc2026regma-1907] a0=2 a1=0 src=random opp_splice=on
DEBUG:websockets.client:> TEXT 'battle-gen9championsvgc2026regma-1907|/choose m...orm -2, move hypervoice' [80 bytes]
DEBUG:websockets.client:< TEXT '>battle-gen9championsvgc2026regma-1908\n|player...heets</strong></button>' [857 bytes]
DEBUG:websockets.client:< TEXT '>battle-gen9championsvgc2026regma-1908\n|player...heets</strong></button>' [857 bytes]
DEBUG:websockets.client:< TEXT '>battle-gen9championsvgc2026regma-1908\n|reques...ing":false}]},"rqid":2}' [2093 bytes]
DEBUG:websockets.client:< TEXT '>battle-gen9championsvgc2026regma-1908\n|reques...ing":false}]},"rqid":3}' [2097 bytes]
DEBUG:websockets.client:< TEXT '>battle-gen9championsvgc2026regma-1907\n|\n|t:|...rk\n|\n|upkeep\n|turn|2' [572 bytes]
DEBUG:websockets.client:< TEXT '>battle-gen9championsvgc2026regma-1907\n|\n|t:|...rk\n|\n|upkeep\n|turn|2' [573 bytes]
DEBUG:websockets.client:< TEXT '>battle-gen9championsvgc2026regma-1907\n|reques...ing":false}]},"rqid":7}' [2219 bytes]
DEBUG:websockets.client:< TEXT '>battle-gen9championsvgc2026regma-1907\n|reques...ing":false}]},"rqid":6}' [2166 bytes]
DEBUG:live_vgc_base:Turn 2 [battle-gen9championsvgc2026regma-1907] a0=13 a1=3 src=random opp_splice=on
DEBUG:websockets.client:> TEXT 'battle-gen9championsvgc2026regma-1907|/choose s...gion, move shadowball 1' [83 bytes]
INFO:player:Turn 2 [battle-gen9championsvgc2026regma-1907] value head win-prob: 0.292  (losing)
DEBUG:live_vgc_base:Turn 2 [battle-gen9championsvgc2026regma-1907] a0=0 a1=9 src=model opp_splice=on
DEBUG:websockets.client:> TEXT 'battle-gen9championsvgc2026regma-1907|/choose move encore 1, move icywind' [73 bytes]
DEBUG:websockets.client:< TEXT '>battle-gen9championsvgc2026regma-1907\n|\n|t:|... Whimsicott\n|\n|upkeep' [498 bytes]
DEBUG:websockets.client:< TEXT '>battle-gen9championsvgc2026regma-1907\n|\n|t:|... Whimsicott\n|\n|upkeep' [499 bytes]
DEBUG:websockets.client:< TEXT '>battle-gen9championsvgc2026regma-1907\n|reques...oCancel":true,"rqid":8}' [1421 bytes]
DEBUG:websockets.client:< TEXT '>battle-gen9championsvgc2026regma-1907\n|reques...ing":false}]},"rqid":9}' [1406 bytes]
DEBUG:live_vgc_base:forceSwitch forced_switch_model [battle-gen9championsvgc2026regma-1907] turn 2 a0=13 a1=None opp_splice=on
DEBUG:websockets.client:> TEXT 'battle-gen9championsvgc2026regma-1907|/choose switch Ditto, pass' [64 bytes]
DEBUG:websockets.client:< TEXT '>battle-gen9championsvgc2026regma-1907\n|\n|t:|...lity: Imposter\n|turn|3' [162 bytes]
DEBUG:websockets.client:< TEXT '>battle-gen9championsvgc2026regma-1907\n|\n|t:|...lity: Imposter\n|turn|3' [162 bytes]
DEBUG:websockets.client:< TEXT '>battle-gen9championsvgc2026regma-1907\n|reques...ng":false}]},"rqid":10}' [2204 bytes]
DEBUG:websockets.client:< TEXT '>battle-gen9championsvgc2026regma-1907\n|reques...ng":false}]},"rqid":11}' [2178 bytes]
DEBUG:live_vgc_base:Turn 3 [battle-gen9championsvgc2026regma-1907] a0=10 a1=12 src=random opp_splice=on
DEBUG:websockets.client:> TEXT 'battle-gen9championsvgc2026regma-1907|/choose m...cts 2, switch Charizard' [83 bytes]
INFO:player:Turn 3 [battle-gen9championsvgc2026regma-1907] value head win-prob: 0.392  (losing)
DEBUG:live_vgc_base:Turn 3 [battle-gen9championsvgc2026regma-1907] a0=0 a1=9 src=model opp_splice=on
DEBUG:websockets.client:> TEXT 'battle-gen9championsvgc2026regma-1907|/choose m...ypervoice, move icywind' [75 bytes]
DEBUG:websockets.client:< TEXT '>battle-gen9championsvgc2026regma-1907\n|\n|t:|...rd\n|\n|upkeep\n|turn|4' [534 bytes]
DEBUG:websockets.client:< TEXT '>battle-gen9championsvgc2026regma-1907\n|\n|t:|...rd\n|\n|upkeep\n|turn|4' [536 bytes]
DEBUG:websockets.client:< TEXT '>battle-gen9championsvgc2026regma-1907\n|reques...ng":false}]},"rqid":12}' [2204 bytes]
DEBUG:websockets.client:< TEXT '>battle-gen9championsvgc2026regma-1907\n|reques...ng":false}]},"rqid":13}' [2188 bytes]
INFO:player:Turn 4 [battle-gen9championsvgc2026regma-1907] value head win-prob: 0.728  (winning)
DEBUG:live_vgc_base:Turn 4 [battle-gen9championsvgc2026regma-1907] a0=0 a1=9 src=model opp_splice=on
DEBUG:websockets.client:> TEXT 'battle-gen9championsvgc2026regma-1907|/choose m...ypervoice, move icywind' [75 bytes]
DEBUG:live_vgc_base:Turn 4 [battle-gen9championsvgc2026regma-1907] a0=5 a1=5 src=random opp_splice=on
DEBUG:websockets.client:> TEXT 'battle-gen9championsvgc2026regma-1907|/choose m...-2, move weatherball -1' [84 bytes]
DEBUG:websockets.client:< TEXT '>battle-gen9championsvgc2026regma-1907\n|\n|t:|...Basculegion\n|\n|upkeep' [506 bytes]
DEBUG:websockets.client:< TEXT '>battle-gen9championsvgc2026regma-1907\n|\n|t:|...Basculegion\n|\n|upkeep' [506 bytes]
DEBUG:websockets.client:< TEXT '>battle-gen9championsvgc2026regma-1907\n|reques...ng":false}]},"rqid":14}' [1425 bytes]
DEBUG:websockets.client:< TEXT '>battle-gen9championsvgc2026regma-1907\n|reques...Cancel":true,"rqid":15}' [1436 bytes]
DEBUG:vgc_base:forceSwitch [battle-gen9championsvgc2026regma-1907] force=[False, True] → /choose pass / /choose switch Zoroark
DEBUG:websockets.client:> TEXT 'battle-gen9championsvgc2026regma-1907|/choose pass, switch Zoroark' [66 bytes]
DEBUG:websockets.client:< TEXT '>battle-gen9championsvgc2026regma-1907\n|\n|t:|...to, L50|42/100\n|turn|5' [100 bytes]
DEBUG:websockets.client:< TEXT '>battle-gen9championsvgc2026regma-1907\n|\n|t:|...to, L50|56/132\n|turn|5' [100 bytes]
DEBUG:websockets.client:< TEXT '>battle-gen9championsvgc2026regma-1907\n|reques...ng":false}]},"rqid":16}' [2204 bytes]
DEBUG:websockets.client:< TEXT '>battle-gen9championsvgc2026regma-1907\n|reques...ng":false}]},"rqid":17}' [2176 bytes]
DEBUG:live_vgc_base:Turn 5 [battle-gen9championsvgc2026regma-1907] a0=5 a1=6 src=random opp_splice=on
DEBUG:websockets.client:> TEXT 'battle-gen9championsvgc2026regma-1907|/choose m...ecrash -2, move protect' [77 bytes]
INFO:player:Turn 5 [battle-gen9championsvgc2026regma-1907] value head win-prob: 0.892  (winning)
DEBUG:live_vgc_base:Turn 5 [battle-gen9championsvgc2026regma-1907] a0=0 a1=9 src=model opp_splice=on
DEBUG:websockets.client:> TEXT 'battle-gen9championsvgc2026regma-1907|/choose m...ypervoice, move icywind' [75 bytes]
DEBUG:websockets.client:< TEXT '>battle-gen9championsvgc2026regma-1907\n|\n|t:|...ct\n|\n|upkeep\n|turn|6' [520 bytes]
DEBUG:websockets.client:< TEXT '>battle-gen9championsvgc2026regma-1907\n|\n|t:|...ct\n|\n|upkeep\n|turn|6' [521 bytes]
DEBUG:websockets.client:< TEXT '>battle-gen9championsvgc2026regma-1907\n|reques...ng":false}]},"rqid":19}' [2176 bytes]
DEBUG:websockets.client:< TEXT '>battle-gen9championsvgc2026regma-1907\n|reques...ng":false}]},"rqid":18}' [2204 bytes]
DEBUG:live_vgc_base:Turn 6 [battle-gen9championsvgc2026regma-1907] a0=1 a1=0 src=random opp_splice=on
DEBUG:websockets.client:> TEXT 'battle-gen9championsvgc2026regma-1907|/choose m...turn 2, move hypervoice' [78 bytes]
INFO:player:Turn 6 [battle-gen9championsvgc2026regma-1907] value head win-prob: 0.941  (winning)
DEBUG:live_vgc_base:Turn 6 [battle-gen9championsvgc2026regma-1907] a0=0 a1=9 src=model opp_splice=on
DEBUG:websockets.client:> TEXT 'battle-gen9championsvgc2026regma-1907|/choose m...ypervoice, move icywind' [75 bytes]
DEBUG:websockets.client:< TEXT '>battle-gen9championsvgc2026regma-1907\n|\n|t:|...d|p1b: Zoroark|Illusion' [685 bytes]
DEBUG:websockets.client:< TEXT '>battle-gen9championsvgc2026regma-1907\n|\n|t:|...d|p1b: Zoroark|Illusion' [686 bytes]
DEBUG:websockets.client:< TEXT '>battle-gen9championsvgc2026regma-1907\n|reques...Cancel":true,"rqid":21}' [1436 bytes]
DEBUG:websockets.client:< TEXT '>battle-gen9championsvgc2026regma-1907\n|reques...ng":false}]},"rqid":20}' [1423 bytes]
DEBUG:vgc_base:forceSwitch [battle-gen9championsvgc2026regma-1907] force=[True, False] → /choose switch Ditto / /choose pass
DEBUG:websockets.client:> TEXT 'battle-gen9championsvgc2026regma-1907|/choose switch Ditto, pass' [64 bytes]
DEBUG:websockets.client:< TEXT '>battle-gen9championsvgc2026regma-1907\n|\n|t:|...er\n|\n|upkeep\n|turn|7' [188 bytes]
DEBUG:websockets.client:< TEXT '>battle-gen9championsvgc2026regma-1907\n|\n|t:|...er\n|\n|upkeep\n|turn|7' [189 bytes]
DEBUG:websockets.client:< TEXT '>battle-gen9championsvgc2026regma-1907\n|reques...ng":false}]},"rqid":22}' [2202 bytes]
DEBUG:websockets.client:< TEXT '>battle-gen9championsvgc2026regma-1907\n|reques...ng":false}]},"rqid":23}' [2218 bytes]
DEBUG:live_vgc_base:Turn 7 [battle-gen9championsvgc2026regma-1907] a0=0 a1=5 src=random opp_splice=on
DEBUG:websockets.client:> TEXT 'battle-gen9championsvgc2026regma-1907|/choose m...ice, move shadowball -1' [81 bytes]
INFO:player:Turn 7 [battle-gen9championsvgc2026regma-1907] value head win-prob: 0.089  (losing)
DEBUG:live_vgc_base:Turn 7 [battle-gen9championsvgc2026regma-1907] a0=0 a1=9 src=model opp_splice=on
DEBUG:websockets.client:> TEXT 'battle-gen9championsvgc2026regma-1907|/choose m...ypervoice, move icywind' [75 bytes]
DEBUG:websockets.client:< TEXT '>battle-gen9championsvgc2026regma-1907\n|\n|t:|...|p2a: Ditto\n|\n|upkeep' [375 bytes]
DEBUG:websockets.client:< TEXT '>battle-gen9championsvgc2026regma-1907\n|\n|t:|...|p2a: Ditto\n|\n|upkeep' [375 bytes]
DEBUG:websockets.client:< TEXT '>battle-gen9championsvgc2026regma-1907\n|reques...ng":false}]},"rqid":24}' [1423 bytes]
DEBUG:websockets.client:< TEXT '>battle-gen9championsvgc2026regma-1907\n|reques...Cancel":true,"rqid":25}' [1468 bytes]
DEBUG:vgc_base:forceSwitch [battle-gen9championsvgc2026regma-1907] force=[False, True] → /choose pass / /choose switch Basculegion
DEBUG:websockets.client:> TEXT 'battle-gen9championsvgc2026regma-1907|/choose pass, switch Basculegion' [70 bytes]
DEBUG:websockets.client:< TEXT '>battle-gen9championsvgc2026regma-1907\n|\n|t:|... L50, M|58/100\n|turn|8' [115 bytes]
DEBUG:websockets.client:< TEXT '>battle-gen9championsvgc2026regma-1907\n|\n|t:|...L50, M|116/197\n|turn|8' [116 bytes]
DEBUG:websockets.client:< TEXT '>battle-gen9championsvgc2026regma-1907\n|reques...ng":false}]},"rqid":26}' [2200 bytes]
DEBUG:websockets.client:< TEXT '>battle-gen9championsvgc2026regma-1907\n|reques...ng":false}]},"rqid":27}' [2202 bytes]
DEBUG:live_vgc_base:Turn 8 [battle-gen9championsvgc2026regma-1907] a0=3 a1=4 src=random opp_splice=on
DEBUG:websockets.client:> TEXT 'battle-gen9championsvgc2026regma-1907|/choose m...all 1, move wavecrash 2' [81 bytes]
INFO:player:Turn 8 [battle-gen9championsvgc2026regma-1907] value head win-prob: 0.987  (winning)
DEBUG:live_vgc_base:Turn 8 [battle-gen9championsvgc2026regma-1907] a0=9 a1=9 src=model opp_splice=on
DEBUG:websockets.client:> TEXT 'battle-gen9championsvgc2026regma-1907|/choose move icywind, move icywind' [72 bytes]
DEBUG:websockets.client:< TEXT '>battle-gen9championsvgc2026regma-1907\n|\n|t:|...|p2a: Ditto\n|\n|upkeep' [675 bytes]
DEBUG:websockets.client:< TEXT '>battle-gen9championsvgc2026regma-1907\n|\n|t:|...|p2a: Ditto\n|\n|upkeep' [674 bytes]
DEBUG:websockets.client:< TEXT '>battle-gen9championsvgc2026regma-1907\n|reques...Cancel":true,"rqid":28}' [1454 bytes]
DEBUG:websockets.client:< TEXT '>battle-gen9championsvgc2026regma-1907\n|reques...ng":false}]},"rqid":29}' [1401 bytes]
DEBUG:live_vgc_base:forceSwitch forced_switch_model [battle-gen9championsvgc2026regma-1907] turn 8 a0=None a1=12 opp_splice=on
DEBUG:websockets.client:> TEXT 'battle-gen9championsvgc2026regma-1907|/choose pass, switch Charizard' [68 bytes]
DEBUG:websockets.client:< TEXT '>battle-gen9championsvgc2026regma-1907\n|\n|t:|...L50, M|168/168\n|turn|9' [112 bytes]
DEBUG:websockets.client:< TEXT '>battle-gen9championsvgc2026regma-1907\n|\n|t:|...L50, M|100/100\n|turn|9' [112 bytes]
DEBUG:websockets.client:< TEXT '>battle-gen9championsvgc2026regma-1907\n|reques...ng":false}]},"rqid":30}' [2212 bytes]
DEBUG:websockets.client:< TEXT '>battle-gen9championsvgc2026regma-1907\n|reques...ng":false}]},"rqid":31}' [1882 bytes]
DEBUG:live_vgc_base:Turn 9 [battle-gen9championsvgc2026regma-1907] a0=0 a1=3 src=random opp_splice=on
DEBUG:vgc_base:_safe_order: action 0 slot 0 → None, scanning legal actions.
DEBUG:vgc_base:_safe_order: slot 0 has no decodable legal action — sending Pass.
DEBUG:websockets.client:> TEXT 'battle-gen9championsvgc2026regma-1907|/choose pass, move wavecrash 1' [68 bytes]
INFO:player:Turn 9 [battle-gen9championsvgc2026regma-1907] value head win-prob: 1.000  (winning)
DEBUG:live_vgc_base:Turn 9 [battle-gen9championsvgc2026regma-1907] a0=4 a1=10 src=model opp_splice=on
DEBUG:websockets.client:> TEXT 'battle-gen9championsvgc2026regma-1907|/choose m..., move solarbeam mega 2' [86 bytes]
DEBUG:websockets.client:< TEXT '>battle-gen9championsvgc2026regma-1907\n|\n|t:|...asculegion\n|\n|win|BC1' [450 bytes]
DEBUG:websockets.client:< TEXT '>battle-gen9championsvgc2026regma-1907\n|\n|t:|...asculegion\n|\n|win|BC1' [450 bytes]
DEBUG:websockets.client:< TEXT '|updatesearch|{"searching":[],"games":{"battle-... 2026 Reg M-A Battle"}}' [124 bytes]
INFO:vgc_base:Battle battle-gen9championsvgc2026regma-1907 finished — outcome: WIN  (W/L/D so far: 3/0/0)
DEBUG:websockets.client:> TEXT '|/leave battle-gen9championsvgc2026regma-1907' [45 bytes]
DEBUG:websockets.client:< TEXT '|updatesearch|{"searching":[],"games":{"battle-... 2026 Reg M-A Battle"}}' [124 bytes]
DEBUG:websockets.client:> TEXT 'battle-gen9championsvgc2026regma-1908|/rejectopenteamsheets' [59 bytes]
INFO:vgc_base:Battle battle-gen9championsvgc2026regma-1907 finished — outcome: LOSS  (W/L/D so far: 0/3/0)
DEBUG:websockets.client:> TEXT '|/leave battle-gen9championsvgc2026regma-1907' [45 bytes]
DEBUG:websockets.client:> TEXT '|/utm Sneasler||whiteherb|unburden|fakeout,dire...Naive|32,2,,,,32||||50|' [550 bytes]
DEBUG:websockets.client:> TEXT '|/challenge oprand1, gen9championsvgc2026regma' [46 bytes]
DEBUG:websockets.client:> TEXT 'battle-gen9championsvgc2026regma-1908|/rejectopenteamsheets' [59 bytes]
DEBUG:websockets.client:< TEXT '>battle-gen9championsvgc2026regma-1907\n|deinit' [46 bytes]
DEBUG:websockets.client:< TEXT '>battle-gen9championsvgc2026regma-1907\n|l|☆BC1' [48 bytes]
DEBUG:websockets.client:< TEXT '>battle-gen9championsvgc2026regma-1908\n|uhtmlchange|otsrequest|' [63 bytes]
DEBUG:websockets.client:< TEXT '>battle-gen9championsvgc2026regma-1908\nBC1 rejected open team sheets.' [69 bytes]
DEBUG:websockets.client:< TEXT '>battle-gen9championsvgc2026regma-1908\n|uhtmlchange|otsrequest|' [63 bytes]
DEBUG:websockets.client:< TEXT '>battle-gen9championsvgc2026regma-1908\nBC1 rejected open team sheets.' [69 bytes]
DEBUG:websockets.client:< TEXT '>battle-gen9championsvgc2026regma-1907\n|deinit' [46 bytes]
DEBUG:websockets.client:< TEXT '>battle-gen9championsvgc2026regma-1908\n|uhtmlchange|otsrequest|' [63 bytes]
DEBUG:websockets.client:< TEXT '>battle-gen9championsvgc2026regma-1908\n|uhtmlchange|otsrequest|' [63 bytes]
DEBUG:websockets.client:< TEXT '>battle-gen9championsvgc2026regma-1908\nOPrand1...ected open team sheets.' [73 bytes]
DEBUG:websockets.client:< TEXT '>battle-gen9championsvgc2026regma-1908\nOPrand1...ected open team sheets.' [73 bytes]
INFO:player:Team-preview [battle-gen9championsvgc2026regma-1908] NET drove: bring=['whimsicott', 'zoroarkhisui', 'ditto', 'charizardmegay'] leads=['whimsicott', 'zoroarkhisui'] (vs opp ['sneasler', 'charizard', 'whimsicott', 'basculegion', 'zoroarkhisui', 'ditto'])
INFO:vgc_base:Teampreview [battle-gen9championsvgc2026regma-1908] → /team 3562  (whimsicott, zoroarkhisui, ditto, charizardmegay)
DEBUG:websockets.client:> TEXT 'battle-gen9championsvgc2026regma-1908|/team 3562' [48 bytes]
INFO:vgc_base:Teampreview [battle-gen9championsvgc2026regma-1908] → /team 2156  (charizardmegay, sneasler, zoroarkhisui, ditto)
DEBUG:websockets.client:> TEXT 'battle-gen9championsvgc2026regma-1908|/team 2156' [48 bytes]
DEBUG:websockets.client:< TEXT '|pm| BC1| OPrand1|/challenge gen9championsvgc20...hampionsvgc2026regma|||' [83 bytes]
DEBUG:websockets.client:< TEXT '|pm| BC1| OPrand1|/challenge gen9championsvgc20...hampionsvgc2026regma|||' [83 bytes]
DEBUG:websockets.client:< TEXT '|pm| BC1| OPrand1|/log BC1 wants to battle!' [43 bytes]
DEBUG:websockets.client:< TEXT '|pm| BC1| OPrand1|/log BC1 wants to battle!' [43 bytes]
DEBUG:websockets.client:> TEXT '|/utm Sneasler||whiteherb|unburden|fakeout,dire...Naive|32,2,,,,32||||50|' [550 bytes]
DEBUG:websockets.client:> TEXT '|/accept bc1' [12 bytes]
DEBUG:websockets.client:< TEXT '>battle-gen9championsvgc2026regma-1908\n|\n|t:|...L50, F|100/100\n|turn|1' [321 bytes]
DEBUG:websockets.client:< TEXT '>battle-gen9championsvgc2026regma-1908\n|\n|t:|...L50, F|157/157\n|turn|1' [321 bytes]
DEBUG:websockets.client:< TEXT '>battle-gen9championsvgc2026regma-1908\n|reques...ing":false}]},"rqid":4}' [2167 bytes]
DEBUG:websockets.client:< TEXT '>battle-gen9championsvgc2026regma-1908\n|reques...ing":false}]},"rqid":5}' [2163 bytes]
INFO:player:Turn 1 [battle-gen9championsvgc2026regma-1908] value head win-prob: 0.492  (even)
DEBUG:live_vgc_base:Turn 1 [battle-gen9championsvgc2026regma-1908] a0=0 a1=9 src=model opp_splice=on
DEBUG:websockets.client:> TEXT 'battle-gen9championsvgc2026regma-1908|/choose move encore 1, move icywind' [73 bytes]
DEBUG:websockets.client:< TEXT '|pm| OPrand1| BC1|/challenge' [28 bytes]
DEBUG:websockets.client:< TEXT '|pm| OPrand1| BC1|/challenge' [28 bytes]
DEBUG:websockets.client:< TEXT '|updatesearch|{"searching":[],"games":{"battle-... 2026 Reg M-A Battle"}}' [124 bytes]
DEBUG:websockets.client:< TEXT '|updatesearch|{"searching":[],"games":{"battle-... 2026 Reg M-A Battle"}}' [208 bytes]
DEBUG:websockets.client:< TEXT '|updatesearch|{"searching":[],"games":{"battle-... 2026 Reg M-A Battle"}}' [208 bytes]
DEBUG:websockets.client:< TEXT '>battle-gen9championsvgc2026regma-1909\n|init|b...n|j|☆BC1\n|j|☆OPrand1\n' [99 bytes]
DEBUG:websockets.client:< TEXT '|pm| OPrand1| BC1|/nonotify OPrand1 accepted th...26regma-1909</a>&raquo;' [173 bytes]
DEBUG:websockets.client:< TEXT '>battle-gen9championsvgc2026regma-1909\n|t:|1781645827\n|gametype|doubles' [71 bytes]
DEBUG:websockets.client:< TEXT '>battle-gen9championsvgc2026regma-1909\n|player|p1|BC1|266|' [58 bytes]
DEBUG:websockets.client:< TEXT '>battle-gen9championsvgc2026regma-1909\n|player...heets</strong></button>' [857 bytes]
DEBUG:websockets.client:< TEXT '>battle-gen9championsvgc2026regma-1909\n|reques...ing":false}]},"rqid":3}' [2097 bytes]
DEBUG:live_vgc_base:Turn 1 [battle-gen9championsvgc2026regma-1908] a0=10 a1=1 src=random opp_splice=on
DEBUG:websockets.client:> TEXT 'battle-gen9championsvgc2026regma-1908|/choose m...rbeam 2, move fakeout 2' [78 bytes]
DEBUG:websockets.client:< TEXT '|updatesearch|{"searching":[],"games":{"battle-... 2026 Reg M-A Battle"}}' [124 bytes]
DEBUG:websockets.client:< TEXT '|updatesearch|{"searching":[],"games":{"battle-... 2026 Reg M-A Battle"}}' [208 bytes]
DEBUG:websockets.client:< TEXT '|updatesearch|{"searching":[],"games":{"battle-... 2026 Reg M-A Battle"}}' [208 bytes]
DEBUG:websockets.client:< TEXT '>battle-gen9championsvgc2026regma-1909\n|init|b... vs. OPrand1\n|j|☆BC1\n' [85 bytes]
DEBUG:websockets.client:< TEXT '>battle-gen9championsvgc2026regma-1909\n|j|☆OPrand1' [52 bytes]
DEBUG:websockets.client:< TEXT '|pm| OPrand1| BC1|/nonotify OPrand1 accepted th...26regma-1909</a>&raquo;' [173 bytes]
DEBUG:websockets.client:< TEXT '>battle-gen9championsvgc2026regma-1909\n|t:|1781645827\n|gametype|doubles' [71 bytes]
DEBUG:websockets.client:< TEXT '>battle-gen9championsvgc2026regma-1909\n|player|p1|BC1|266|' [58 bytes]
DEBUG:websockets.client:< TEXT '>battle-gen9championsvgc2026regma-1909\n|player...heets</strong></button>' [857 bytes]
DEBUG:websockets.client:< TEXT '>battle-gen9championsvgc2026regma-1909\n|reques...ing":false}]},"rqid":2}' [2093 bytes]
DEBUG:websockets.client:< TEXT '>battle-gen9championsvgc2026regma-1908\n|\n|t:|...am\n|\n|upkeep\n|turn|2' [542 bytes]
DEBUG:websockets.client:< TEXT '>battle-gen9championsvgc2026regma-1908\n|\n|t:|...am\n|\n|upkeep\n|turn|2' [544 bytes]
DEBUG:websockets.client:< TEXT '>battle-gen9championsvgc2026regma-1908\n|reques...ing":false}]},"rqid":7}' [1815 bytes]
DEBUG:websockets.client:< TEXT '>battle-gen9championsvgc2026regma-1908\n|reques...ing":false}]},"rqid":6}' [2167 bytes]
DEBUG:live_vgc_base:Turn 2 [battle-gen9championsvgc2026regma-1908] a0=10 a1=12 src=random opp_splice=on
DEBUG:websockets.client:> TEXT 'battle-gen9championsvgc2026regma-1908|/choose m...rbeam 2, switch Zoroark' [78 bytes]
INFO:player:Turn 2 [battle-gen9championsvgc2026regma-1908] value head win-prob: 0.575  (winning)
DEBUG:live_vgc_base:Turn 2 [battle-gen9championsvgc2026regma-1908] a0=0 a1=9 src=model opp_splice=on
DEBUG:websockets.client:> TEXT 'battle-gen9championsvgc2026regma-1908|/choose move encore 1, move icywind' [73 bytes]
DEBUG:websockets.client:< TEXT '>battle-gen9championsvgc2026regma-1908\n|\n|t:|...on\n|\n|upkeep\n|turn|3' [570 bytes]
DEBUG:websockets.client:< TEXT '>battle-gen9championsvgc2026regma-1908\n|\n|t:|...on\n|\n|upkeep\n|turn|3' [570 bytes]
DEBUG:websockets.client:< TEXT '>battle-gen9championsvgc2026regma-1908\n|reques...ing":false}]},"rqid":8}' [2166 bytes]
DEBUG:websockets.client:< TEXT '>battle-gen9championsvgc2026regma-1908\n|reques...ing":false}]},"rqid":9}' [2172 bytes]
DEBUG:live_vgc_base:Turn 3 [battle-gen9championsvgc2026regma-1908] a0=12 a1=13 src=random opp_splice=on
DEBUG:websockets.client:> TEXT 'battle-gen9championsvgc2026regma-1908|/choose s... Sneasler, switch Ditto' [75 bytes]
INFO:player:Turn 3 [battle-gen9championsvgc2026regma-1908] value head win-prob: 0.030  (losing)
DEBUG:live_vgc_base:Turn 3 [battle-gen9championsvgc2026regma-1908] a0=0 a1=9 src=model opp_splice=on
DEBUG:websockets.client:> TEXT 'battle-gen9championsvgc2026regma-1908|/choose move encore 1, move icywind' [73 bytes]
DEBUG:websockets.client:< TEXT '>battle-gen9championsvgc2026regma-1908\n|\n|t:|...|1\n|\n|upkeep\n|turn|4' [485 bytes]
DEBUG:websockets.client:< TEXT '>battle-gen9championsvgc2026regma-1908\n|\n|t:|...|1\n|\n|upkeep\n|turn|4' [486 bytes]
DEBUG:websockets.client:< TEXT '>battle-gen9championsvgc2026regma-1908\n|reques...ng":false}]},"rqid":10}' [2167 bytes]
DEBUG:websockets.client:< TEXT '>battle-gen9championsvgc2026regma-1908\n|reques...ng":false}]},"rqid":11}' [2160 bytes]
DEBUG:live_vgc_base:Turn 4 [battle-gen9championsvgc2026regma-1908] a0=0 a1=8 src=random opp_splice=on
DEBUG:websockets.client:> TEXT 'battle-gen9championsvgc2026regma-1908|/choose m...ut 1, move moonblast -1' [79 bytes]
INFO:player:Turn 4 [battle-gen9championsvgc2026regma-1908] value head win-prob: 0.373  (losing)
DEBUG:live_vgc_base:Turn 4 [battle-gen9championsvgc2026regma-1908] a0=0 a1=9 src=model opp_splice=on
DEBUG:websockets.client:> TEXT 'battle-gen9championsvgc2026regma-1908|/choose move encore 1, move icywind' [73 bytes]
DEBUG:websockets.client:< TEXT '>battle-gen9championsvgc2026regma-1908\n|\n|t:|...a: Sneasler\n|\n|upkeep' [463 bytes]
DEBUG:websockets.client:< TEXT '>battle-gen9championsvgc2026regma-1908\n|\n|t:|...a: Sneasler\n|\n|upkeep' [462 bytes]
DEBUG:websockets.client:< TEXT '>battle-gen9championsvgc2026regma-1908\n|reques...ng":false}]},"rqid":12}' [1392 bytes]
DEBUG:websockets.client:< TEXT '>battle-gen9championsvgc2026regma-1908\n|reques...Cancel":true,"rqid":13}' [1443 bytes]
DEBUG:vgc_base:forceSwitch [battle-gen9championsvgc2026regma-1908] force=[True, False] → /choose switch Zoroark / /choose pass
DEBUG:websockets.client:> TEXT 'battle-gen9championsvgc2026regma-1908|/choose switch Zoroark, pass' [66 bytes]
DEBUG:websockets.client:< TEXT '>battle-gen9championsvgc2026regma-1908\n|\n|t:|... L50, F|72/100\n|turn|5' [111 bytes]
DEBUG:websockets.client:< TEXT '>battle-gen9championsvgc2026regma-1908\n|\n|t:|... L50, F|96/132\n|turn|5' [111 bytes]
DEBUG:websockets.client:< TEXT '>battle-gen9championsvgc2026regma-1908\n|reques...ng":false}]},"rqid":14}' [2167 bytes]
DEBUG:websockets.client:< TEXT '>battle-gen9championsvgc2026regma-1908\n|reques...ng":false}]},"rqid":15}' [2181 bytes]
DEBUG:live_vgc_base:Turn 5 [battle-gen9championsvgc2026regma-1908] a0=6 a1=8 src=random opp_splice=on
DEBUG:websockets.client:> TEXT 'battle-gen9championsvgc2026regma-1908|/choose m...tect, move moonblast -1' [77 bytes]
INFO:player:Turn 5 [battle-gen9championsvgc2026regma-1908] value head win-prob: 0.926  (winning)
DEBUG:live_vgc_base:Turn 5 [battle-gen9championsvgc2026regma-1908] a0=0 a1=9 src=model opp_splice=on
DEBUG:websockets.client:> TEXT 'battle-gen9championsvgc2026regma-1908|/choose move encore 1, move icywind' [73 bytes]
DEBUG:websockets.client:< TEXT '>battle-gen9championsvgc2026regma-1908\n|\n|t:|...ct\n|\n|upkeep\n|turn|6' [443 bytes]
DEBUG:websockets.client:< TEXT '>battle-gen9championsvgc2026regma-1908\n|\n|t:|...ct\n|\n|upkeep\n|turn|6' [443 bytes]
DEBUG:websockets.client:< TEXT '>battle-gen9championsvgc2026regma-1908\n|reques...ng":false}]},"rqid":16}' [2167 bytes]
DEBUG:websockets.client:< TEXT '>battle-gen9championsvgc2026regma-1908\n|reques...ng":false}]},"rqid":17}' [2181 bytes]
DEBUG:live_vgc_base:Turn 6 [battle-gen9championsvgc2026regma-1908] a0=12 a1=8 src=random opp_splice=on
DEBUG:websockets.client:> TEXT 'battle-gen9championsvgc2026regma-1908|/choose s...zard, move moonblast -1' [81 bytes]
INFO:player:Turn 6 [battle-gen9championsvgc2026regma-1908] value head win-prob: 0.943  (winning)
DEBUG:live_vgc_base:Turn 6 [battle-gen9championsvgc2026regma-1908] a0=0 a1=9 src=model opp_splice=on
DEBUG:websockets.client:> TEXT 'battle-gen9championsvgc2026regma-1908|/choose move encore 1, move icywind' [73 bytes]
DEBUG:websockets.client:< TEXT '>battle-gen9championsvgc2026regma-1908\n|\n|t:|...|p2b: Ditto\n|\n|upkeep' [366 bytes]
DEBUG:websockets.client:< TEXT '>battle-gen9championsvgc2026regma-1908\n|\n|t:|...|p2b: Ditto\n|\n|upkeep' [368 bytes]
DEBUG:websockets.client:< TEXT '>battle-gen9championsvgc2026regma-1908\n|reques...Cancel":true,"rqid":19}' [1407 bytes]
DEBUG:websockets.client:< TEXT '>battle-gen9championsvgc2026regma-1908\n|reques...ng":false}]},"rqid":18}' [1392 bytes]
DEBUG:vgc_base:forceSwitch [battle-gen9championsvgc2026regma-1908] force=[False, True] → /choose pass / /choose switch Zoroark
DEBUG:websockets.client:> TEXT 'battle-gen9championsvgc2026regma-1908|/choose pass, switch Zoroark' [66 bytes]
DEBUG:websockets.client:< TEXT '>battle-gen9championsvgc2026regma-1908\n|\n|t:|... L50, M|72/100\n|turn|7' [113 bytes]
DEBUG:websockets.client:< TEXT '>battle-gen9championsvgc2026regma-1908\n|\n|t:|... L50, M|96/132\n|turn|7' [113 bytes]
DEBUG:websockets.client:< TEXT '>battle-gen9championsvgc2026regma-1908\n|reques...ng":false}]},"rqid":20}' [2167 bytes]
DEBUG:websockets.client:< TEXT '>battle-gen9championsvgc2026regma-1908\n|reques...ng":false}]},"rqid":21}' [2172 bytes]
INFO:player:Turn 7 [battle-gen9championsvgc2026regma-1908] value head win-prob: 0.961  (winning)
DEBUG:live_vgc_base:Turn 7 [battle-gen9championsvgc2026regma-1908] a0=0 a1=6 src=model opp_splice=on
DEBUG:websockets.client:> TEXT 'battle-gen9championsvgc2026regma-1908|/choose move encore 1, move protect' [73 bytes]
DEBUG:live_vgc_base:Turn 7 [battle-gen9championsvgc2026regma-1908] a0=5 a1=3 src=random opp_splice=on
DEBUG:websockets.client:> TEXT 'battle-gen9championsvgc2026regma-1908|/choose m...l -2, move shadowball 1' [84 bytes]
DEBUG:websockets.client:< TEXT '>battle-gen9championsvgc2026regma-1908\n|\n|t:|...rk\n|\n|upkeep\n|turn|8' [356 bytes]
DEBUG:websockets.client:< TEXT '>battle-gen9championsvgc2026regma-1908\n|\n|t:|...rk\n|\n|upkeep\n|turn|8' [355 bytes]
DEBUG:websockets.client:< TEXT '>battle-gen9championsvgc2026regma-1908\n|reques...ng":false}]},"rqid":22}' [2166 bytes]
DEBUG:websockets.client:< TEXT '>battle-gen9championsvgc2026regma-1908\n|reques...ng":false}]},"rqid":23}' [2172 bytes]
DEBUG:live_vgc_base:Turn 8 [battle-gen9championsvgc2026regma-1908] a0=0 a1=0 src=random opp_splice=on
DEBUG:websockets.client:> TEXT 'battle-gen9championsvgc2026regma-1908|/choose m...atwave, move hypervoice' [76 bytes]
INFO:player:Turn 8 [battle-gen9championsvgc2026regma-1908] value head win-prob: 0.847  (winning)
DEBUG:live_vgc_base:Turn 8 [battle-gen9championsvgc2026regma-1908] a0=0 a1=9 src=model opp_splice=on
DEBUG:websockets.client:> TEXT 'battle-gen9championsvgc2026regma-1908|/choose move encore 1, move icywind' [73 bytes]
DEBUG:websockets.client:< TEXT '>battle-gen9championsvgc2026regma-1908\n|\n|t:|...1b: Zoroark\n|\n|upkeep' [519 bytes]
DEBUG:websockets.client:< TEXT '>battle-gen9championsvgc2026regma-1908\n|\n|t:|...1b: Zoroark\n|\n|upkeep' [519 bytes]
DEBUG:websockets.client:< TEXT '>battle-gen9championsvgc2026regma-1908\n|reques...ng":false}]},"rqid":25}' [1375 bytes]
DEBUG:websockets.client:< TEXT '>battle-gen9championsvgc2026regma-1908\n|reques...Cancel":true,"rqid":24}' [1421 bytes]
DEBUG:live_vgc_base:forceSwitch forced_switch_model [battle-gen9championsvgc2026regma-1908] turn 8 a0=13 a1=None opp_splice=on
DEBUG:websockets.client:> TEXT 'battle-gen9championsvgc2026regma-1908|/choose switch Ditto, pass' [64 bytes]
DEBUG:websockets.client:< TEXT '>battle-gen9championsvgc2026regma-1908\n|\n|t:|...lity: Imposter\n|turn|9' [162 bytes]
DEBUG:websockets.client:< TEXT '>battle-gen9championsvgc2026regma-1908\n|\n|t:|...lity: Imposter\n|turn|9' [162 bytes]
DEBUG:websockets.client:< TEXT '>battle-gen9championsvgc2026regma-1908\n|reques...ng":false}]},"rqid":26}' [2202 bytes]
DEBUG:websockets.client:< TEXT '>battle-gen9championsvgc2026regma-1908\n|reques...ng":false}]},"rqid":27}' [2168 bytes]
DEBUG:live_vgc_base:Turn 9 [battle-gen9championsvgc2026regma-1908] a0=5 a1=6 src=random opp_splice=on
DEBUG:websockets.client:> TEXT 'battle-gen9championsvgc2026regma-1908|/choose m...erball -2, move protect' [79 bytes]
INFO:player:Turn 9 [battle-gen9championsvgc2026regma-1908] value head win-prob: 0.931  (winning)
DEBUG:live_vgc_base:Turn 9 [battle-gen9championsvgc2026regma-1908] a0=6 a1=9 src=model opp_splice=on
DEBUG:websockets.client:> TEXT 'battle-gen9championsvgc2026regma-1908|/choose move protect, move icywind' [72 bytes]
DEBUG:websockets.client:< TEXT '>battle-gen9championsvgc2026regma-1908\n|\n|t:|...t\n|\n|upkeep\n|turn|10' [455 bytes]
DEBUG:websockets.client:< TEXT '>battle-gen9championsvgc2026regma-1908\n|\n|t:|...t\n|\n|upkeep\n|turn|10' [455 bytes]
DEBUG:websockets.client:< TEXT '>battle-gen9championsvgc2026regma-1908\n|reques...ng":false}]},"rqid":28}' [2202 bytes]
DEBUG:websockets.client:< TEXT '>battle-gen9championsvgc2026regma-1908\n|reques...ng":false}]},"rqid":29}' [2167 bytes]
DEBUG:live_vgc_base:Turn 10 [battle-gen9championsvgc2026regma-1908] a0=5 a1=6 src=random opp_splice=on
DEBUG:websockets.client:> TEXT 'battle-gen9championsvgc2026regma-1908|/choose m...erball -2, move protect' [79 bytes]
INFO:player:Turn 10 [battle-gen9championsvgc2026regma-1908] value head win-prob: 0.916  (winning)
DEBUG:live_vgc_base:Turn 10 [battle-gen9championsvgc2026regma-1908] a0=6 a1=9 src=model opp_splice=on
DEBUG:websockets.client:> TEXT 'battle-gen9championsvgc2026regma-1908|/choose move protect, move icywind' [72 bytes]
DEBUG:websockets.client:< TEXT '>battle-gen9championsvgc2026regma-1908\n|\n|t:|...core\n|upkeep\n|turn|11' [459 bytes]
DEBUG:websockets.client:< TEXT '>battle-gen9championsvgc2026regma-1908\n|\n|t:|...core\n|upkeep\n|turn|11' [459 bytes]
DEBUG:websockets.client:< TEXT '>battle-gen9championsvgc2026regma-1908\n|reques...ng":false}]},"rqid":30}' [2202 bytes]
DEBUG:websockets.client:< TEXT '>battle-gen9championsvgc2026regma-1908\n|reques...ng":false}]},"rqid":31}' [2170 bytes]
DEBUG:live_vgc_base:Turn 11 [battle-gen9championsvgc2026regma-1908] a0=6 a1=6 src=random opp_splice=on
DEBUG:websockets.client:> TEXT 'battle-gen9championsvgc2026regma-1908|/choose move protect, move protect' [72 bytes]
INFO:player:Turn 11 [battle-gen9championsvgc2026regma-1908] value head win-prob: 0.952  (winning)
DEBUG:live_vgc_base:Turn 11 [battle-gen9championsvgc2026regma-1908] a0=6 a1=9 src=model opp_splice=on
DEBUG:websockets.client:> TEXT 'battle-gen9championsvgc2026regma-1908|/choose move protect, move icywind' [72 bytes]
DEBUG:websockets.client:< TEXT '>battle-gen9championsvgc2026regma-1908\n|\n|t:|...t\n|\n|upkeep\n|turn|12' [425 bytes]
DEBUG:websockets.client:< TEXT '>battle-gen9championsvgc2026regma-1908\n|\n|t:|...t\n|\n|upkeep\n|turn|12' [425 bytes]
DEBUG:websockets.client:< TEXT '>battle-gen9championsvgc2026regma-1908\n|reques...ng":false}]},"rqid":32}' [2202 bytes]
DEBUG:websockets.client:< TEXT '>battle-gen9championsvgc2026regma-1908\n|reques...ng":false}]},"rqid":33}' [2170 bytes]
DEBUG:live_vgc_base:Turn 12 [battle-gen9championsvgc2026regma-1908] a0=11 a1=4 src=random opp_splice=on
DEBUG:websockets.client:> TEXT 'battle-gen9championsvgc2026regma-1908|/choose m...m -2, move shadowball 2' [82 bytes]
INFO:player:Turn 12 [battle-gen9championsvgc2026regma-1908] value head win-prob: 0.953  (winning)
DEBUG:live_vgc_base:Turn 12 [battle-gen9championsvgc2026regma-1908] a0=6 a1=9 src=model opp_splice=on
DEBUG:websockets.client:> TEXT 'battle-gen9championsvgc2026regma-1908|/choose move protect, move icywind' [72 bytes]
DEBUG:websockets.client:< TEXT '>battle-gen9championsvgc2026regma-1908\n|\n|t:|...b: Zoroark\n|\n|win|BC1' [276 bytes]
DEBUG:websockets.client:< TEXT '>battle-gen9championsvgc2026regma-1908\n|\n|t:|...b: Zoroark\n|\n|win|BC1' [276 bytes]
DEBUG:websockets.client:< TEXT '|updatesearch|{"searching":[],"games":{"battle-... 2026 Reg M-A Battle"}}' [124 bytes]
INFO:vgc_base:Battle battle-gen9championsvgc2026regma-1908 finished — outcome: WIN  (W/L/D so far: 4/0/0)
DEBUG:websockets.client:> TEXT '|/leave battle-gen9championsvgc2026regma-1908' [45 bytes]
DEBUG:websockets.client:< TEXT '|updatesearch|{"searching":[],"games":{"battle-... 2026 Reg M-A Battle"}}' [124 bytes]
DEBUG:websockets.client:> TEXT 'battle-gen9championsvgc2026regma-1909|/rejectopenteamsheets' [59 bytes]
INFO:vgc_base:Battle battle-gen9championsvgc2026regma-1908 finished — outcome: LOSS  (W/L/D so far: 0/4/0)
DEBUG:websockets.client:> TEXT '|/leave battle-gen9championsvgc2026regma-1908' [45 bytes]
DEBUG:websockets.client:> TEXT 'battle-gen9championsvgc2026regma-1909|/rejectopenteamsheets' [59 bytes]
DEBUG:websockets.client:< TEXT '>battle-gen9championsvgc2026regma-1908\n|deinit' [46 bytes]
DEBUG:websockets.client:< TEXT '>battle-gen9championsvgc2026regma-1908\n|l|☆BC1' [48 bytes]
DEBUG:websockets.client:< TEXT '>battle-gen9championsvgc2026regma-1909\n|uhtmlchange|otsrequest|' [63 bytes]
DEBUG:websockets.client:< TEXT '>battle-gen9championsvgc2026regma-1909\nBC1 rejected open team sheets.' [69 bytes]
DEBUG:websockets.client:< TEXT '>battle-gen9championsvgc2026regma-1909\n|uhtmlchange|otsrequest|' [63 bytes]
DEBUG:websockets.client:< TEXT '>battle-gen9championsvgc2026regma-1909\nBC1 rejected open team sheets.' [69 bytes]
DEBUG:websockets.client:< TEXT '>battle-gen9championsvgc2026regma-1908\n|deinit' [46 bytes]
DEBUG:websockets.client:< TEXT '>battle-gen9championsvgc2026regma-1909\n|uhtmlchange|otsrequest|' [63 bytes]
DEBUG:websockets.client:< TEXT '>battle-gen9championsvgc2026regma-1909\n|uhtmlchange|otsrequest|' [63 bytes]
DEBUG:websockets.client:< TEXT '>battle-gen9championsvgc2026regma-1909\nOPrand1...ected open team sheets.' [73 bytes]
DEBUG:websockets.client:< TEXT '>battle-gen9championsvgc2026regma-1909\nOPrand1...ected open team sheets.' [73 bytes]
INFO:player:Team-preview [battle-gen9championsvgc2026regma-1909] NET drove: bring=['whimsicott', 'zoroarkhisui', 'ditto', 'charizardmegay'] leads=['whimsicott', 'zoroarkhisui'] (vs opp ['sneasler', 'charizard', 'whimsicott', 'basculegion', 'zoroarkhisui', 'ditto'])
INFO:vgc_base:Teampreview [battle-gen9championsvgc2026regma-1909] → /team 3562  (whimsicott, zoroarkhisui, ditto, charizardmegay)
DEBUG:websockets.client:> TEXT 'battle-gen9championsvgc2026regma-1909|/team 3562' [48 bytes]
INFO:vgc_base:Teampreview [battle-gen9championsvgc2026regma-1909] → /team 4135  (basculegion, sneasler, whimsicott, zoroarkhisui)
DEBUG:websockets.client:> TEXT 'battle-gen9championsvgc2026regma-1909|/team 4135' [48 bytes]
DEBUG:websockets.client:< TEXT '>battle-gen9championsvgc2026regma-1909\n|\n|t:|...L50, M|100/100\n|turn|1' [325 bytes]
DEBUG:websockets.client:< TEXT '>battle-gen9championsvgc2026regma-1909\n|\n|t:|...L50, M|157/157\n|turn|1' [325 bytes]
DEBUG:websockets.client:< TEXT '>battle-gen9championsvgc2026regma-1909\n|reques...ing":false}]},"rqid":4}' [2167 bytes]
DEBUG:websockets.client:< TEXT '>battle-gen9championsvgc2026regma-1909\n|reques...ing":false}]},"rqid":5}' [2203 bytes]
INFO:player:Turn 1 [battle-gen9championsvgc2026regma-1909] value head win-prob: 0.333  (losing)
DEBUG:live_vgc_base:Turn 1 [battle-gen9championsvgc2026regma-1909] a0=0 a1=9 src=model opp_splice=on
DEBUG:websockets.client:> TEXT 'battle-gen9championsvgc2026regma-1909|/choose move encore 1, move icywind' [73 bytes]
DEBUG:live_vgc_base:Turn 1 [battle-gen9championsvgc2026regma-1909] a0=3 a1=5 src=random opp_splice=on
DEBUG:websockets.client:> TEXT 'battle-gen9championsvgc2026regma-1909|/choose m...ash 1, move direclaw -1' [80 bytes]
DEBUG:websockets.client:< TEXT '>battle-gen9championsvgc2026regma-1909\n|\n|t:|...il\n|\n|upkeep\n|turn|2' [702 bytes]
DEBUG:websockets.client:< TEXT '>battle-gen9championsvgc2026regma-1909\n|\n|t:|...il\n|\n|upkeep\n|turn|2' [704 bytes]
DEBUG:websockets.client:< TEXT '>battle-gen9championsvgc2026regma-1909\n|reques...ing":false}]},"rqid":6}' [2166 bytes]
DEBUG:websockets.client:< TEXT '>battle-gen9championsvgc2026regma-1909\n|reques...ing":false}]},"rqid":7}' [2192 bytes]
DEBUG:live_vgc_base:Turn 2 [battle-gen9championsvgc2026regma-1909] a0=1 a1=6 src=random opp_splice=on
DEBUG:websockets.client:> TEXT 'battle-gen9championsvgc2026regma-1909|/choose m...lipturn 2, move protect' [75 bytes]
INFO:player:Turn 2 [battle-gen9championsvgc2026regma-1909] value head win-prob: 0.466  (even)
DEBUG:live_vgc_base:Turn 2 [battle-gen9championsvgc2026regma-1909] a0=0 a1=9 src=model opp_splice=on
DEBUG:websockets.client:> TEXT 'battle-gen9championsvgc2026regma-1909|/choose move encore 1, move icywind' [73 bytes]
DEBUG:websockets.client:< TEXT '>battle-gen9championsvgc2026regma-1909\n|\n|t:|...il\n|\n|upkeep\n|turn|3' [658 bytes]
DEBUG:websockets.client:< TEXT '>battle-gen9championsvgc2026regma-1909\n|\n|t:|...il\n|\n|upkeep\n|turn|3' [657 bytes]
DEBUG:websockets.client:< TEXT '>battle-gen9championsvgc2026regma-1909\n|reques...ing":false}]},"rqid":8}' [2155 bytes]
DEBUG:websockets.client:< TEXT '>battle-gen9championsvgc2026regma-1909\n|reques...ing":false}]},"rqid":9}' [2189 bytes]
DEBUG:live_vgc_base:Turn 3 [battle-gen9championsvgc2026regma-1909] a0=12 a1=11 src=random opp_splice=on
DEBUG:websockets.client:> TEXT 'battle-gen9championsvgc2026regma-1909|/choose s...tt, move closecombat -1' [84 bytes]
INFO:player:Turn 3 [battle-gen9championsvgc2026regma-1909] value head win-prob: 0.341  (losing)
DEBUG:live_vgc_base:Turn 3 [battle-gen9championsvgc2026regma-1909] a0=0 a1=9 src=model opp_splice=on
DEBUG:websockets.client:> TEXT 'battle-gen9championsvgc2026regma-1909|/choose move encore 1, move icywind' [73 bytes]
DEBUG:websockets.client:< TEXT '>battle-gen9championsvgc2026regma-1909\n|\n|t:|...|1\n|\n|upkeep\n|turn|4' [572 bytes]
DEBUG:websockets.client:< TEXT '>battle-gen9championsvgc2026regma-1909\n|\n|t:|...|1\n|\n|upkeep\n|turn|4' [572 bytes]
DEBUG:websockets.client:< TEXT '>battle-gen9championsvgc2026regma-1909\n|reques...ng":false}]},"rqid":10}' [2156 bytes]
DEBUG:websockets.client:< TEXT '>battle-gen9championsvgc2026regma-1909\n|reques...ng":false}]},"rqid":11}' [2194 bytes]
DEBUG:live_vgc_base:Turn 4 [battle-gen9championsvgc2026regma-1909] a0=11 a1=6 src=random opp_splice=on
DEBUG:websockets.client:> TEXT 'battle-gen9championsvgc2026regma-1909|/choose m...nghand -2, move protect' [79 bytes]
INFO:player:Turn 4 [battle-gen9championsvgc2026regma-1909] value head win-prob: 0.383  (losing)
DEBUG:live_vgc_base:Turn 4 [battle-gen9championsvgc2026regma-1909] a0=13 a1=9 src=model opp_splice=on
DEBUG:websockets.client:> TEXT 'battle-gen9championsvgc2026regma-1909|/choose switch Ditto, move icywind' [72 bytes]
DEBUG:websockets.client:< TEXT '>battle-gen9championsvgc2026regma-1909\n|\n|t:|... Whimsicott\n|\n|upkeep' [537 bytes]
DEBUG:websockets.client:< TEXT '>battle-gen9championsvgc2026regma-1909\n|\n|t:|... Whimsicott\n|\n|upkeep' [537 bytes]
DEBUG:websockets.client:< TEXT '>battle-gen9championsvgc2026regma-1909\n|reques...ng":false}]},"rqid":12}' [1414 bytes]
DEBUG:websockets.client:< TEXT '>battle-gen9championsvgc2026regma-1909\n|reques...Cancel":true,"rqid":13}' [1473 bytes]
DEBUG:vgc_base:forceSwitch [battle-gen9championsvgc2026regma-1909] force=[True, False] → /choose switch Basculegion / /choose pass
DEBUG:websockets.client:> TEXT 'battle-gen9championsvgc2026regma-1909|/choose switch Basculegion, pass' [70 bytes]
DEBUG:websockets.client:< TEXT '>battle-gen9championsvgc2026regma-1909\n|\n|t:|...L50, M|20/100y\n|turn|5' [116 bytes]
DEBUG:websockets.client:< TEXT '>battle-gen9championsvgc2026regma-1909\n|\n|t:|... L50, M|40/197\n|turn|5' [115 bytes]
DEBUG:websockets.client:< TEXT '>battle-gen9championsvgc2026regma-1909\n|reques...ng":false}]},"rqid":14}' [2173 bytes]
DEBUG:websockets.client:< TEXT '>battle-gen9championsvgc2026regma-1909\n|reques...ng":false}]},"rqid":15}' [2190 bytes]
INFO:player:Turn 5 [battle-gen9championsvgc2026regma-1909] value head win-prob: 0.978  (winning)
DEBUG:live_vgc_base:Turn 5 [battle-gen9championsvgc2026regma-1909] a0=7 a1=9 src=model opp_splice=on
DEBUG:websockets.client:> TEXT 'battle-gen9championsvgc2026regma-1909|/choose m...ecombat 2, move icywind' [78 bytes]
DEBUG:live_vgc_base:Turn 5 [battle-gen9championsvgc2026regma-1909] a0=2 a1=6 src=random opp_splice=on
DEBUG:websockets.client:> TEXT 'battle-gen9championsvgc2026regma-1909|/choose m...ipturn -2, move protect' [76 bytes]
DEBUG:websockets.client:< TEXT '>battle-gen9championsvgc2026regma-1909\n|\n|t:|...Basculegion\n|\n|upkeep' [597 bytes]
DEBUG:websockets.client:< TEXT '>battle-gen9championsvgc2026regma-1909\n|\n|t:|...Basculegion\n|\n|upkeep' [597 bytes]
DEBUG:websockets.client:< TEXT '>battle-gen9championsvgc2026regma-1909\n|reques...Cancel":true,"rqid":17}' [1472 bytes]
DEBUG:websockets.client:< TEXT '>battle-gen9championsvgc2026regma-1909\n|reques...ng":false}]},"rqid":16}' [1414 bytes]
DEBUG:vgc_base:forceSwitch [battle-gen9championsvgc2026regma-1909] force=[False, True] → /choose pass / /choose switch Zoroark
DEBUG:websockets.client:> TEXT 'battle-gen9championsvgc2026regma-1909|/choose pass, switch Zoroark' [66 bytes]
DEBUG:websockets.client:< TEXT '>battle-gen9championsvgc2026regma-1909\n|\n|t:|...L50, M|100/100\n|turn|6' [114 bytes]
DEBUG:websockets.client:< TEXT '>battle-gen9championsvgc2026regma-1909\n|\n|t:|...L50, M|132/132\n|turn|6' [114 bytes]
DEBUG:websockets.client:< TEXT '>battle-gen9championsvgc2026regma-1909\n|reques...ng":false}]},"rqid":18}' [2172 bytes]
DEBUG:websockets.client:< TEXT '>battle-gen9championsvgc2026regma-1909\n|reques...ng":false}]},"rqid":19}' [2212 bytes]
DEBUG:live_vgc_base:Turn 6 [battle-gen9championsvgc2026regma-1909] a0=3 a1=9 src=random opp_splice=on
DEBUG:websockets.client:> TEXT 'battle-gen9championsvgc2026regma-1909|/choose m...vecrash 1, move icywind' [76 bytes]
INFO:player:Turn 6 [battle-gen9championsvgc2026regma-1909] value head win-prob: 0.836  (winning)
DEBUG:live_vgc_base:Turn 6 [battle-gen9championsvgc2026regma-1909] a0=13 a1=0 src=model opp_splice=on
DEBUG:websockets.client:> TEXT 'battle-gen9championsvgc2026regma-1909|/choose s...sicott, move hypervoice' [80 bytes]
DEBUG:websockets.client:< TEXT '>battle-gen9championsvgc2026regma-1909\n|\n|t:|...Basculegion\n|\n|upkeep' [420 bytes]
DEBUG:websockets.client:< TEXT '>battle-gen9championsvgc2026regma-1909\n|\n|t:|...Basculegion\n|\n|upkeep' [420 bytes]
DEBUG:websockets.client:< TEXT '>battle-gen9championsvgc2026regma-1909\n|reques...Cancel":true,"rqid":20}' [1410 bytes]
DEBUG:websockets.client:< TEXT '>battle-gen9championsvgc2026regma-1909\n|reques...ng":false}]},"rqid":21}' [1441 bytes]
DEBUG:live_vgc_base:forceSwitch forced_switch_model [battle-gen9championsvgc2026regma-1909] turn 6 a0=13 a1=12 opp_splice=on
DEBUG:websockets.client:> TEXT 'battle-gen9championsvgc2026regma-1909|/choose s...Ditto, switch Charizard' [76 bytes]
DEBUG:websockets.client:< TEXT '>battle-gen9championsvgc2026regma-1909\n|\n|t:|...lity: Imposter\n|turn|7' [211 bytes]
DEBUG:websockets.client:< TEXT '>battle-gen9championsvgc2026regma-1909\n|\n|t:|...lity: Imposter\n|turn|7' [211 bytes]
DEBUG:websockets.client:< TEXT '>battle-gen9championsvgc2026regma-1909\n|reques...ng":false}]},"rqid":22}' [2204 bytes]
DEBUG:websockets.client:< TEXT '>battle-gen9championsvgc2026regma-1909\n|reques...ng":false}]},"rqid":23}' [2211 bytes]
DEBUG:live_vgc_base:Turn 7 [battle-gen9championsvgc2026regma-1909] a0=2 a1=4 src=random opp_splice=on
DEBUG:websockets.client:> TEXT 'battle-gen9championsvgc2026regma-1909|/choose m...n -2, move shadowball 2' [81 bytes]
INFO:player:Turn 7 [battle-gen9championsvgc2026regma-1909] value head win-prob: 0.532  (even)
DEBUG:live_vgc_base:Turn 7 [battle-gen9championsvgc2026regma-1909] a0=0 a1=0 src=model opp_splice=on
DEBUG:websockets.client:> TEXT 'battle-gen9championsvgc2026regma-1909|/choose m...ind, move heatwave mega' [78 bytes]
DEBUG:websockets.client:< TEXT '>battle-gen9championsvgc2026regma-1909\n|\n|t:|...b: Zoroark\n|\n|win|BC1' [717 bytes]
DEBUG:websockets.client:< TEXT '>battle-gen9championsvgc2026regma-1909\n|\n|t:|...b: Zoroark\n|\n|win|BC1' [717 bytes]
DEBUG:websockets.client:< TEXT '|updatesearch|{"searching":[],"games":null}' [43 bytes]
INFO:vgc_base:Battle battle-gen9championsvgc2026regma-1909 finished — outcome: WIN  (W/L/D so far: 5/0/0)
DEBUG:websockets.client:> TEXT '|/leave battle-gen9championsvgc2026regma-1909' [45 bytes]
DEBUG:websockets.client:< TEXT '|updatesearch|{"searching":[],"games":null}' [43 bytes]
INFO:vgc_base:Battle battle-gen9championsvgc2026regma-1909 finished — outcome: LOSS  (W/L/D so far: 0/5/0)
DEBUG:websockets.client:> TEXT '|/leave battle-gen9championsvgc2026regma-1909' [45 bytes]
DEBUG:websockets.client:< TEXT '>battle-gen9championsvgc2026regma-1909\n|deinit' [46 bytes]
DEBUG:websockets.client:< TEXT '>battle-gen9championsvgc2026regma-1909\n|l|☆BC1' [48 bytes]
DEBUG:websockets.client:< TEXT '>battle-gen9championsvgc2026regma-1909\n|deinit' [46 bytes]
DEBUG:websockets.client:> CLOSE 1000 (OK) [2 bytes]
DEBUG:websockets.client:= connection is CLOSING
DEBUG:websockets.client:< CLOSE 1000 (OK) [2 bytes]
DEBUG:websockets.client:< EOF
DEBUG:websockets.client:> EOF
DEBUG:websockets.client:= connection is CLOSED
DEBUG:websockets.client:x half-closing TCP connection
DEBUG:websockets.client:> CLOSE 1000 (OK) [2 bytes]
DEBUG:websockets.client:= connection is CLOSING
DEBUG:websockets.client:< CLOSE 1000 (OK) [2 bytes]
DEBUG:websockets.client:< EOF
DEBUG:websockets.client:> EOF
DEBUG:websockets.client:= connection is CLOSED
DEBUG:websockets.client:x half-closing TCP connection
INFO:__main__:vs random: 5/5
INFO:run_local_battle:Loaded team from D:\ShowdownProject\Victory-Dance\teams\M-A\Trickery
INFO:run_local_battle:Loaded team from D:\ShowdownProject\Victory-Dance\teams\M-A\Trickery
INFO:player:VGCPlayer: loaded battle model from ai_train_scripts\BC_model\checkpoints\bc_best.pt (heads=('our_a', 'our_b'))
INFO:player:VGCPlayer: loaded team-chooser from D:\ShowdownProject\Victory-Dance\ai_train_scripts\teamPreview_model\checkpoints\teampreview_best.pt (vocab=190)
INFO:player:VGCPlayer ready (gap-#6 splice) | battle_model=loaded (ai_train_scripts\BC_model\checkpoints\bc_best.pt) | team_chooser=loaded (D:\ShowdownProject\Victory-Dance\ai_train_scripts\teamPreview_model\checkpoints\teampreview_best.pt) | replay=D:\ShowdownProject\Victory-Dance\replay_buffer\BC2.jsonl
DEBUG:websockets.client:= connection is CONNECTING
DEBUG:websockets.client:> GET /showdown/websocket HTTP/1.1
DEBUG:websockets.client:> Host: localhost:8000
DEBUG:websockets.client:> Upgrade: websocket
DEBUG:websockets.client:> Connection: Upgrade
DEBUG:websockets.client:> Sec-WebSocket-Key: lHq5ID+J/lRzchtsZlhBbA==
DEBUG:websockets.client:> Sec-WebSocket-Version: 13
DEBUG:websockets.client:> Sec-WebSocket-Extensions: permessage-deflate; client_max_window_bits
DEBUG:websockets.client:> User-Agent: Python/3.12 websockets/16.0
DEBUG:websockets.client:< HTTP/1.1 101 Switching Protocols
DEBUG:websockets.client:< Upgrade: websocket
DEBUG:websockets.client:< Connection: Upgrade
DEBUG:websockets.client:< Sec-WebSocket-Accept: wu4q/xUq2RvTHDWpFfXhTifrda8=
DEBUG:websockets.client:= connection is OPEN
DEBUG:websockets.client:< TEXT '|updateuser| Guest 1185|0|102|{"blockChallenges...c|[Gen 1] Custom Game,c' [8618 bytes]
DEBUG:websockets.client:< TEXT '|challstr|4|af4e3a480057e31d0a98c634da541c9fa86...ebc6d15a558261755bcb1b0' [268 bytes]
DEBUG:websockets.client:> TEXT '|/trn BC2,0,' [12 bytes]
DEBUG:websockets.client:< TEXT '|updatesearch|{"searching":[],"games":null}' [43 bytes]
DEBUG:websockets.client:< TEXT '|updateuser| BC2|1|102|{"blockChallenges":false...:false,"language":null}' [346 bytes]
DEBUG:websockets.client:< TEXT '|updatesearch|{"searching":[],"games":null}' [43 bytes]
DEBUG:websockets.client:= connection is CONNECTING
DEBUG:websockets.client:> GET /showdown/websocket HTTP/1.1
DEBUG:websockets.client:> Host: localhost:8000
DEBUG:websockets.client:> Upgrade: websocket
DEBUG:websockets.client:> Connection: Upgrade
DEBUG:websockets.client:> Sec-WebSocket-Key: imzLWqPxxstkjHwXQbnwUw==
DEBUG:websockets.client:> Sec-WebSocket-Version: 13
DEBUG:websockets.client:> Sec-WebSocket-Extensions: permessage-deflate; client_max_window_bits
DEBUG:websockets.client:> User-Agent: Python/3.12 websockets/16.0
DEBUG:websockets.client:< HTTP/1.1 101 Switching Protocols
DEBUG:websockets.client:< Upgrade: websocket
DEBUG:websockets.client:< Connection: Upgrade
DEBUG:websockets.client:< Sec-WebSocket-Accept: 5nUoymh2r+2d3HsPw8foivicVYM=
DEBUG:websockets.client:= connection is OPEN
DEBUG:websockets.client:< TEXT '|updateuser| Guest 1186|0|170|{"blockChallenges...c|[Gen 1] Custom Game,c' [8618 bytes]
DEBUG:websockets.client:< TEXT '|challstr|4|ecdbd6ba03b0a6d9ad3b00c6812fa9b371d...9d8a6fc6c1ef260022cf8e5' [268 bytes]
DEBUG:websockets.client:> TEXT '|/trn OPmax_2,0,' [16 bytes]
DEBUG:websockets.client:< TEXT '|updatesearch|{"searching":[],"games":null}' [43 bytes]
DEBUG:websockets.client:< TEXT '|updateuser| OPmax_2|1|1|{"blockChallenges":fal...:false,"language":null}' [348 bytes]
DEBUG:websockets.client:< TEXT '|updatesearch|{"searching":[],"games":null}' [43 bytes]
DEBUG:websockets.client:> TEXT '|/utm Sneasler||whiteherb|unburden|fakeout,dire...Naive|32,2,,,,32||||50|' [550 bytes]
DEBUG:websockets.client:> TEXT '|/challenge opmax2, gen9championsvgc2026regma' [45 bytes]
DEBUG:websockets.client:< TEXT '|pm| BC2| OPmax_2|/challenge gen9championsvgc20...hampionsvgc2026regma|||' [83 bytes]
DEBUG:websockets.client:< TEXT '|pm| BC2| OPmax_2|/challenge gen9championsvgc20...hampionsvgc2026regma|||' [83 bytes]
DEBUG:websockets.client:< TEXT '|pm| BC2| OPmax_2|/log BC2 wants to battle!' [43 bytes]
DEBUG:websockets.client:< TEXT '|pm| BC2| OPmax_2|/log BC2 wants to battle!' [43 bytes]
DEBUG:websockets.client:> TEXT '|/utm Sneasler||whiteherb|unburden|fakeout,dire...Naive|32,2,,,,32||||50|' [550 bytes]
DEBUG:websockets.client:> TEXT '|/accept bc2' [12 bytes]
DEBUG:websockets.client:< TEXT '|pm| OPmax_2| BC2|/challenge' [28 bytes]
DEBUG:websockets.client:< TEXT '|pm| OPmax_2| BC2|/challenge' [28 bytes]
DEBUG:websockets.client:< TEXT '|updatesearch|{"searching":[],"games":null}' [43 bytes]
DEBUG:websockets.client:< TEXT '|updatesearch|{"searching":[],"games":null}' [43 bytes]
DEBUG:websockets.client:< TEXT '|updatesearch|{"searching":[],"games":{"battle-... 2026 Reg M-A Battle"}}' [124 bytes]
DEBUG:websockets.client:< TEXT '|updatesearch|{"searching":[],"games":{"battle-... 2026 Reg M-A Battle"}}' [124 bytes]
DEBUG:websockets.client:< TEXT '|updatesearch|{"searching":[],"games":{"battle-... 2026 Reg M-A Battle"}}' [124 bytes]
DEBUG:websockets.client:< TEXT '|updatesearch|{"searching":[],"games":{"battle-... 2026 Reg M-A Battle"}}' [124 bytes]
DEBUG:websockets.client:< TEXT '>battle-gen9championsvgc2026regma-1910\n|init|b... vs. OPmax_2\n|j|☆BC2\n' [85 bytes]
DEBUG:websockets.client:< TEXT '>battle-gen9championsvgc2026regma-1910\n|j|☆OPmax_2' [52 bytes]
DEBUG:websockets.client:< TEXT '>battle-gen9championsvgc2026regma-1910\n|init|b...n|j|☆BC2\n|j|☆OPmax_2\n' [99 bytes]
DEBUG:websockets.client:< TEXT '|pm| OPmax_2| BC2|/nonotify OPmax_2 accepted th...26regma-1910</a>&raquo;' [173 bytes]
DEBUG:websockets.client:< TEXT '|pm| OPmax_2| BC2|/nonotify OPmax_2 accepted th...26regma-1910</a>&raquo;' [173 bytes]
DEBUG:websockets.client:> TEXT 'battle-gen9championsvgc2026regma-1910|/rejectopenteamsheets' [59 bytes]
DEBUG:websockets.client:> TEXT 'battle-gen9championsvgc2026regma-1910|/rejectopenteamsheets' [59 bytes]
DEBUG:websockets.client:< TEXT '>battle-gen9championsvgc2026regma-1910\n|t:|1781645830\n|gametype|doubles' [71 bytes]
DEBUG:websockets.client:< TEXT '>battle-gen9championsvgc2026regma-1910\n|t:|1781645830\n|gametype|doubles' [71 bytes]
DEBUG:websockets.client:> TEXT '|/utm Sneasler||whiteherb|unburden|fakeout,dire...Naive|32,2,,,,32||||50|' [550 bytes]
DEBUG:websockets.client:> TEXT '|/challenge opmax2, gen9championsvgc2026regma' [45 bytes]
DEBUG:websockets.client:< TEXT '>battle-gen9championsvgc2026regma-1910\n|player|p1|BC2|102|' [58 bytes]
DEBUG:websockets.client:< TEXT '>battle-gen9championsvgc2026regma-1910\n|uhtmlchange|otsrequest|' [63 bytes]
DEBUG:websockets.client:< TEXT '>battle-gen9championsvgc2026regma-1910\nBC2 rejected open team sheets.' [69 bytes]
DEBUG:websockets.client:< TEXT '>battle-gen9championsvgc2026regma-1910\n|player|p1|BC2|102|' [58 bytes]
DEBUG:websockets.client:< TEXT '>battle-gen9championsvgc2026regma-1910\n|uhtmlchange|otsrequest|' [63 bytes]
DEBUG:websockets.client:< TEXT '>battle-gen9championsvgc2026regma-1910\nBC2 rejected open team sheets.' [69 bytes]
DEBUG:websockets.client:< TEXT '>battle-gen9championsvgc2026regma-1910\n|player...heets</strong></button>' [855 bytes]
DEBUG:websockets.client:< TEXT '>battle-gen9championsvgc2026regma-1910\n|player...heets</strong></button>' [855 bytes]
DEBUG:websockets.client:< TEXT '>battle-gen9championsvgc2026regma-1910\n|reques...ing":false}]},"rqid":3}' [2097 bytes]
DEBUG:websockets.client:< TEXT '>battle-gen9championsvgc2026regma-1910\n|uhtmlchange|otsrequest|' [63 bytes]
DEBUG:websockets.client:< TEXT '>battle-gen9championsvgc2026regma-1910\n|reques...ing":false}]},"rqid":2}' [2093 bytes]
DEBUG:websockets.client:< TEXT '>battle-gen9championsvgc2026regma-1910\n|uhtmlchange|otsrequest|' [63 bytes]
DEBUG:websockets.client:< TEXT '>battle-gen9championsvgc2026regma-1910\nOPmax_2...ected open team sheets.' [73 bytes]
DEBUG:websockets.client:< TEXT '>battle-gen9championsvgc2026regma-1910\nOPmax_2...ected open team sheets.' [73 bytes]
INFO:player:Team-preview [battle-gen9championsvgc2026regma-1910] NET drove: bring=['whimsicott', 'zoroarkhisui', 'ditto', 'charizardmegay'] leads=['whimsicott', 'zoroarkhisui'] (vs opp ['sneasler', 'charizard', 'whimsicott', 'basculegion', 'zoroarkhisui', 'ditto'])
INFO:vgc_base:Teampreview [battle-gen9championsvgc2026regma-1910] → /team 3562  (whimsicott, zoroarkhisui, ditto, charizardmegay)
DEBUG:websockets.client:> TEXT 'battle-gen9championsvgc2026regma-1910|/team 3562' [48 bytes]
DEBUG:vgc_base:Teampreview: first-4 roster order → ['sneasler', 'charizardmegay', 'whimsicott', 'basculegion']
INFO:vgc_base:Teampreview [battle-gen9championsvgc2026regma-1910] → /team 1234  (sneasler, charizardmegay, whimsicott, basculegion)
DEBUG:websockets.client:> TEXT 'battle-gen9championsvgc2026regma-1910|/team 1234' [48 bytes]
DEBUG:websockets.client:< TEXT '|pm| BC2| OPmax_2|/challenge gen9championsvgc20...hampionsvgc2026regma|||' [83 bytes]
DEBUG:websockets.client:< TEXT '|pm| BC2| OPmax_2|/challenge gen9championsvgc20...hampionsvgc2026regma|||' [83 bytes]
DEBUG:websockets.client:< TEXT '|pm| BC2| OPmax_2|/log BC2 wants to battle!' [43 bytes]
DEBUG:websockets.client:< TEXT '|pm| BC2| OPmax_2|/log BC2 wants to battle!' [43 bytes]
DEBUG:websockets.client:> TEXT '|/utm Sneasler||whiteherb|unburden|fakeout,dire...Naive|32,2,,,,32||||50|' [550 bytes]
DEBUG:websockets.client:> TEXT '|/accept bc2' [12 bytes]
DEBUG:websockets.client:< TEXT '>battle-gen9championsvgc2026regma-1910\n|\n|t:|...L50, F|100/100\n|turn|1' [321 bytes]
DEBUG:websockets.client:< TEXT '>battle-gen9championsvgc2026regma-1910\n|\n|t:|...L50, F|168/168\n|turn|1' [321 bytes]
DEBUG:websockets.client:< TEXT '>battle-gen9championsvgc2026regma-1910\n|reques...ing":false}]},"rqid":4}' [2167 bytes]
DEBUG:websockets.client:< TEXT '>battle-gen9championsvgc2026regma-1910\n|reques...ing":false}]},"rqid":5}' [2236 bytes]
DEBUG:websockets.client:< TEXT '|pm| OPmax_2| BC2|/challenge' [28 bytes]
INFO:player:Turn 1 [battle-gen9championsvgc2026regma-1910] value head win-prob: 0.351  (losing)
DEBUG:live_vgc_base:Turn 1 [battle-gen9championsvgc2026regma-1910] a0=0 a1=9 src=model opp_splice=on
DEBUG:websockets.client:> TEXT 'battle-gen9championsvgc2026regma-1910|/choose move encore 1, move icywind' [73 bytes]
DEBUG:websockets.client:< TEXT '|pm| OPmax_2| BC2|/challenge' [28 bytes]
DEBUG:websockets.client:< TEXT '|updatesearch|{"searching":[],"games":{"battle-... 2026 Reg M-A Battle"}}' [124 bytes]
DEBUG:websockets.client:< TEXT '|updatesearch|{"searching":[],"games":{"battle-... 2026 Reg M-A Battle"}}' [124 bytes]
DEBUG:websockets.client:< TEXT '|updatesearch|{"searching":[],"games":{"battle-... 2026 Reg M-A Battle"}}' [208 bytes]
DEBUG:websockets.client:< TEXT '|updatesearch|{"searching":[],"games":{"battle-... 2026 Reg M-A Battle"}}' [208 bytes]
DEBUG:websockets.client:< TEXT '|updatesearch|{"searching":[],"games":{"battle-... 2026 Reg M-A Battle"}}' [208 bytes]
DEBUG:websockets.client:< TEXT '|updatesearch|{"searching":[],"games":{"battle-... 2026 Reg M-A Battle"}}' [208 bytes]
DEBUG:websockets.client:< TEXT '>battle-gen9championsvgc2026regma-1911\n|init|b...n|j|☆BC2\n|j|☆OPmax_2\n' [99 bytes]
DEBUG:websockets.client:< TEXT '|pm| OPmax_2| BC2|/nonotify OPmax_2 accepted th...26regma-1911</a>&raquo;' [173 bytes]
DEBUG:websockets.client:< TEXT '>battle-gen9championsvgc2026regma-1911\n|t:|1781645830\n|gametype|doubles' [71 bytes]
DEBUG:websockets.client:< TEXT '>battle-gen9championsvgc2026regma-1911\n|player|p1|BC2|102|' [58 bytes]
DEBUG:websockets.client:< TEXT '>battle-gen9championsvgc2026regma-1911\n|player...heets</strong></button>' [855 bytes]
DEBUG:websockets.client:< TEXT '>battle-gen9championsvgc2026regma-1911\n|reques...ing":false}]},"rqid":3}' [2097 bytes]
DEBUG:vgc_base:Turn 1 [battle-gen9championsvgc2026regma-1910] a0=9 a1=9 src=max_damage g0=0 g1=0
DEBUG:websockets.client:> TEXT 'battle-gen9championsvgc2026regma-1910|/choose m...bat 1, move solarbeam 1' [82 bytes]
DEBUG:websockets.client:< TEXT '>battle-gen9championsvgc2026regma-1911\n|init|b... vs. OPmax_2\n|j|☆BC2\n' [85 bytes]
DEBUG:websockets.client:< TEXT '>battle-gen9championsvgc2026regma-1911\n|j|☆OPmax_2' [52 bytes]
DEBUG:websockets.client:< TEXT '|pm| OPmax_2| BC2|/nonotify OPmax_2 accepted th...26regma-1911</a>&raquo;' [173 bytes]
DEBUG:websockets.client:< TEXT '>battle-gen9championsvgc2026regma-1911\n|t:|1781645830\n|gametype|doubles' [71 bytes]
DEBUG:websockets.client:< TEXT '>battle-gen9championsvgc2026regma-1911\n|player|p1|BC2|102|' [58 bytes]
DEBUG:websockets.client:< TEXT '>battle-gen9championsvgc2026regma-1911\n|player...heets</strong></button>' [855 bytes]
DEBUG:websockets.client:< TEXT '>battle-gen9championsvgc2026regma-1911\n|reques...ing":false}]},"rqid":2}' [2093 bytes]
DEBUG:websockets.client:< TEXT '>battle-gen9championsvgc2026regma-1910\n|\n|t:|...am\n|\n|upkeep\n|turn|2' [644 bytes]
DEBUG:websockets.client:< TEXT '>battle-gen9championsvgc2026regma-1910\n|\n|t:|...am\n|\n|upkeep\n|turn|2' [646 bytes]
DEBUG:websockets.client:< TEXT '>battle-gen9championsvgc2026regma-1910\n|reques...ing":false}]},"rqid":7}' [1888 bytes]
DEBUG:websockets.client:< TEXT '>battle-gen9championsvgc2026regma-1910\n|reques...ing":false}]},"rqid":6}' [2166 bytes]
DEBUG:vgc_base:Turn 2 [battle-gen9championsvgc2026regma-1910] a0=9 a1=9 src=max_damage g0=0 g1=0
DEBUG:websockets.client:> TEXT 'battle-gen9championsvgc2026regma-1910|/choose m...bat 1, move solarbeam 1' [82 bytes]
INFO:player:Turn 2 [battle-gen9championsvgc2026regma-1910] value head win-prob: 0.259  (losing)
DEBUG:live_vgc_base:Turn 2 [battle-gen9championsvgc2026regma-1910] a0=0 a1=9 src=model opp_splice=on
DEBUG:websockets.client:> TEXT 'battle-gen9championsvgc2026regma-1910|/choose move encore 1, move icywind' [73 bytes]
DEBUG:websockets.client:< TEXT '>battle-gen9championsvgc2026regma-1910\n|\n|t:|... Whimsicott\n|\n|upkeep' [638 bytes]
DEBUG:websockets.client:< TEXT '>battle-gen9championsvgc2026regma-1910\n|\n|t:|... Whimsicott\n|\n|upkeep' [639 bytes]
DEBUG:websockets.client:< TEXT '>battle-gen9championsvgc2026regma-1910\n|reques...oCancel":true,"rqid":8}' [1421 bytes]
DEBUG:websockets.client:< TEXT '>battle-gen9championsvgc2026regma-1910\n|reques...ing":false}]},"rqid":9}' [1452 bytes]
DEBUG:live_vgc_base:forceSwitch forced_switch_model [battle-gen9championsvgc2026regma-1910] turn 2 a0=13 a1=None opp_splice=on
DEBUG:websockets.client:> TEXT 'battle-gen9championsvgc2026regma-1910|/choose switch Ditto, pass' [64 bytes]
DEBUG:websockets.client:< TEXT '>battle-gen9championsvgc2026regma-1910\n|\n|t:|...lity: Imposter\n|turn|3' [164 bytes]
DEBUG:websockets.client:< TEXT '>battle-gen9championsvgc2026regma-1910\n|\n|t:|...lity: Imposter\n|turn|3' [164 bytes]
DEBUG:websockets.client:< TEXT '>battle-gen9championsvgc2026regma-1910\n|reques...ng":false}]},"rqid":10}' [2200 bytes]
DEBUG:websockets.client:< TEXT '>battle-gen9championsvgc2026regma-1910\n|reques...ng":false}]},"rqid":11}' [2224 bytes]
DEBUG:vgc_base:Turn 3 [battle-gen9championsvgc2026regma-1910] a0=9 a1=9 src=max_damage g0=0 g1=0
DEBUG:websockets.client:> TEXT 'battle-gen9championsvgc2026regma-1910|/choose m...bat 1, move solarbeam 1' [82 bytes]
INFO:player:Turn 3 [battle-gen9championsvgc2026regma-1910] value head win-prob: 0.514  (even)
DEBUG:live_vgc_base:Turn 3 [battle-gen9championsvgc2026regma-1910] a0=3 a1=9 src=model opp_splice=on
DEBUG:websockets.client:> TEXT 'battle-gen9championsvgc2026regma-1910|/choose move heatwave, move icywind' [73 bytes]
DEBUG:websockets.client:< TEXT '>battle-gen9championsvgc2026regma-1910\n|\n|t:|...|Solar Beam\n|\n|upkeep' [648 bytes]
DEBUG:websockets.client:< TEXT '>battle-gen9championsvgc2026regma-1910\n|\n|t:|...|Solar Beam\n|\n|upkeep' [648 bytes]
DEBUG:websockets.client:< TEXT '>battle-gen9championsvgc2026regma-1910\n|reques...ng":false}]},"rqid":12}' [1427 bytes]
DEBUG:websockets.client:< TEXT '>battle-gen9championsvgc2026regma-1910\n|reques...Cancel":true,"rqid":13}' [1482 bytes]
DEBUG:vgc_base:forceSwitch [battle-gen9championsvgc2026regma-1910] force=[True, False] → /choose switch Basculegion / /choose pass
DEBUG:websockets.client:> TEXT 'battle-gen9championsvgc2026regma-1910|/choose switch Basculegion, pass' [70 bytes]
DEBUG:websockets.client:< TEXT '>battle-gen9championsvgc2026regma-1910\n|\n|t:|...L50, M|100/100\n|turn|4' [116 bytes]
DEBUG:websockets.client:< TEXT '>battle-gen9championsvgc2026regma-1910\n|\n|t:|...L50, M|197/197\n|turn|4' [116 bytes]
DEBUG:websockets.client:< TEXT '>battle-gen9championsvgc2026regma-1910\n|reques...ng":false}]},"rqid":14}' [2199 bytes]
DEBUG:websockets.client:< TEXT '>battle-gen9championsvgc2026regma-1910\n|reques...ng":false}]},"rqid":15}' [1895 bytes]
INFO:player:Turn 4 [battle-gen9championsvgc2026regma-1910] value head win-prob: 0.135  (losing)
DEBUG:live_vgc_base:Turn 4 [battle-gen9championsvgc2026regma-1910] a0=3 a1=0 src=model opp_splice=on
DEBUG:websockets.client:> TEXT 'battle-gen9championsvgc2026regma-1910|/choose m...atwave, move hypervoice' [76 bytes]
DEBUG:vgc_base:Turn 4 [battle-gen9championsvgc2026regma-1910] a0=3 a1=9 src=max_damage g0=0 g1=0
DEBUG:websockets.client:> TEXT 'battle-gen9championsvgc2026regma-1910|/choose m...ash 1, move solarbeam 1' [80 bytes]
DEBUG:websockets.client:< TEXT '>battle-gen9championsvgc2026regma-1910\n|\n|t:|...rom] Recoil\n|\n|upkeep' [370 bytes]
DEBUG:websockets.client:< TEXT '>battle-gen9championsvgc2026regma-1910\n|\n|t:|...rom] Recoil\n|\n|upkeep' [371 bytes]
DEBUG:websockets.client:< TEXT '>battle-gen9championsvgc2026regma-1910\n|reques...ng":false}]},"rqid":17}' [1465 bytes]
DEBUG:websockets.client:< TEXT '>battle-gen9championsvgc2026regma-1910\n|reques...ng":false}]},"rqid":16}' [1404 bytes]
DEBUG:vgc_base:forceSwitch [battle-gen9championsvgc2026regma-1910] force=[False, True] → /choose pass / /choose switch Whimsicott
DEBUG:websockets.client:> TEXT 'battle-gen9championsvgc2026regma-1910|/choose pass, switch Whimsicott' [69 bytes]
DEBUG:live_vgc_base:forceSwitch forced_switch_model [battle-gen9championsvgc2026regma-1910] turn 4 a0=12 a1=None opp_splice=on
DEBUG:websockets.client:> TEXT 'battle-gen9championsvgc2026regma-1910|/choose switch Charizard, pass' [68 bytes]
DEBUG:websockets.client:< TEXT '>battle-gen9championsvgc2026regma-1910\n|\n|t:|...L50, M|168/168\n|turn|5' [163 bytes]
DEBUG:websockets.client:< TEXT '>battle-gen9championsvgc2026regma-1910\n|\n|t:|...L50, M|100/100\n|turn|5' [163 bytes]
DEBUG:websockets.client:< TEXT '>battle-gen9championsvgc2026regma-1910\n|reques...ng":false}]},"rqid":18}' [2185 bytes]
DEBUG:websockets.client:< TEXT '>battle-gen9championsvgc2026regma-1910\n|reques...ng":false}]},"rqid":19}' [2211 bytes]
DEBUG:vgc_base:Turn 5 [battle-gen9championsvgc2026regma-1910] a0=3 a1=6 src=max_damage g0=0 g1=0
DEBUG:websockets.client:> TEXT 'battle-gen9championsvgc2026regma-1910|/choose m...ash 1, move moonblast 1' [80 bytes]
INFO:player:Turn 5 [battle-gen9championsvgc2026regma-1910] value head win-prob: 0.160  (losing)
DEBUG:live_vgc_base:Turn 5 [battle-gen9championsvgc2026regma-1910] a0=0 a1=0 src=model opp_splice=on
DEBUG:websockets.client:> TEXT 'battle-gen9championsvgc2026regma-1910|/choose m...e mega, move hypervoice' [81 bytes]
DEBUG:websockets.client:< TEXT '>battle-gen9championsvgc2026regma-1910\n|\n|t:|...keep]\n|upkeep\n|turn|6' [1006 bytes]
DEBUG:websockets.client:< TEXT '>battle-gen9championsvgc2026regma-1910\n|\n|t:|...keep]\n|upkeep\n|turn|6' [1005 bytes]
DEBUG:websockets.client:< TEXT '>battle-gen9championsvgc2026regma-1910\n|reques...ng":false}]},"rqid":20}' [2167 bytes]
DEBUG:websockets.client:< TEXT '>battle-gen9championsvgc2026regma-1910\n|reques...ng":false}]},"rqid":21}' [2199 bytes]
DEBUG:vgc_base:Turn 6 [battle-gen9championsvgc2026regma-1910] a0=3 a1=0 src=max_damage g0=0 g1=0
DEBUG:vgc_base:_safe_order: action 0 slot 1 → None, scanning legal actions.
DEBUG:vgc_base:_safe_order: slot 1 has no decodable legal action — sending Pass.
DEBUG:websockets.client:> TEXT 'battle-gen9championsvgc2026regma-1910|/choose move wavecrash 1, pass' [68 bytes]
INFO:player:Turn 6 [battle-gen9championsvgc2026regma-1910] value head win-prob: 0.988  (winning)
DEBUG:live_vgc_base:Turn 6 [battle-gen9championsvgc2026regma-1910] a0=0 a1=0 src=model opp_splice=on
DEBUG:vgc_base:_safe_order: action 0 slot 0 → None, scanning legal actions.
DEBUG:vgc_base:_safe_order: slot 0 has no decodable legal action — sending Pass.
DEBUG:websockets.client:> TEXT 'battle-gen9championsvgc2026regma-1910|/choose pass, move hypervoice' [67 bytes]
DEBUG:websockets.client:< TEXT '>battle-gen9championsvgc2026regma-1910\n|\n|t:|...keep]\n|upkeep\n|turn|7' [375 bytes]
DEBUG:websockets.client:< TEXT '>battle-gen9championsvgc2026regma-1910\n|\n|t:|...keep]\n|upkeep\n|turn|7' [376 bytes]
DEBUG:websockets.client:< TEXT '>battle-gen9championsvgc2026regma-1910\n|reques...ng":false}]},"rqid":22}' [2165 bytes]
DEBUG:websockets.client:< TEXT '>battle-gen9championsvgc2026regma-1910\n|reques...ng":false}]},"rqid":23}' [2198 bytes]
DEBUG:vgc_base:Turn 7 [battle-gen9championsvgc2026regma-1910] a0=4 a1=0 src=max_damage g0=0 g1=0
DEBUG:vgc_base:_safe_order: action 0 slot 1 → None, scanning legal actions.
DEBUG:vgc_base:_safe_order: slot 1 has no decodable legal action — sending Pass.
DEBUG:websockets.client:> TEXT 'battle-gen9championsvgc2026regma-1910|/choose move wavecrash 2, pass' [68 bytes]
INFO:player:Turn 7 [battle-gen9championsvgc2026regma-1910] value head win-prob: 0.972  (winning)
DEBUG:live_vgc_base:Turn 7 [battle-gen9championsvgc2026regma-1910] a0=0 a1=9 src=model opp_splice=on
DEBUG:vgc_base:_safe_order: action 0 slot 0 → None, scanning legal actions.
DEBUG:vgc_base:_safe_order: slot 0 has no decodable legal action — sending Pass.
DEBUG:websockets.client:> TEXT 'battle-gen9championsvgc2026regma-1910|/choose pass, move icywind' [64 bytes]
DEBUG:websockets.client:< TEXT '>battle-gen9championsvgc2026regma-1910\n|\n|t:|...asculegion\n|\n|win|BC2' [197 bytes]
DEBUG:websockets.client:< TEXT '>battle-gen9championsvgc2026regma-1910\n|\n|t:|...asculegion\n|\n|win|BC2' [197 bytes]
DEBUG:websockets.client:< TEXT '|updatesearch|{"searching":[],"games":{"battle-... 2026 Reg M-A Battle"}}' [124 bytes]
INFO:vgc_base:Battle battle-gen9championsvgc2026regma-1910 finished — outcome: WIN  (W/L/D so far: 1/0/0)
DEBUG:websockets.client:> TEXT '|/leave battle-gen9championsvgc2026regma-1910' [45 bytes]
DEBUG:websockets.client:< TEXT '|updatesearch|{"searching":[],"games":{"battle-... 2026 Reg M-A Battle"}}' [124 bytes]
DEBUG:websockets.client:> TEXT 'battle-gen9championsvgc2026regma-1911|/rejectopenteamsheets' [59 bytes]
INFO:vgc_base:Battle battle-gen9championsvgc2026regma-1910 finished — outcome: LOSS  (W/L/D so far: 0/1/0)
DEBUG:websockets.client:> TEXT '|/leave battle-gen9championsvgc2026regma-1910' [45 bytes]
DEBUG:websockets.client:> TEXT '|/utm Sneasler||whiteherb|unburden|fakeout,dire...Naive|32,2,,,,32||||50|' [550 bytes]
DEBUG:websockets.client:> TEXT '|/challenge opmax2, gen9championsvgc2026regma' [45 bytes]
DEBUG:websockets.client:> TEXT 'battle-gen9championsvgc2026regma-1911|/rejectopenteamsheets' [59 bytes]
DEBUG:websockets.client:< TEXT '>battle-gen9championsvgc2026regma-1910\n|deinit' [46 bytes]
DEBUG:websockets.client:< TEXT '>battle-gen9championsvgc2026regma-1910\n|l|☆BC2' [48 bytes]
DEBUG:websockets.client:< TEXT '>battle-gen9championsvgc2026regma-1911\n|uhtmlchange|otsrequest|' [63 bytes]
DEBUG:websockets.client:< TEXT '>battle-gen9championsvgc2026regma-1911\nBC2 rejected open team sheets.' [69 bytes]
DEBUG:websockets.client:< TEXT '>battle-gen9championsvgc2026regma-1911\n|uhtmlchange|otsrequest|' [63 bytes]
DEBUG:websockets.client:< TEXT '>battle-gen9championsvgc2026regma-1911\nBC2 rejected open team sheets.' [69 bytes]
DEBUG:websockets.client:< TEXT '>battle-gen9championsvgc2026regma-1910\n|deinit' [46 bytes]
DEBUG:websockets.client:< TEXT '>battle-gen9championsvgc2026regma-1911\n|uhtmlchange|otsrequest|' [63 bytes]
DEBUG:websockets.client:< TEXT '>battle-gen9championsvgc2026regma-1911\n|uhtmlchange|otsrequest|' [63 bytes]
DEBUG:websockets.client:< TEXT '>battle-gen9championsvgc2026regma-1911\nOPmax_2...ected open team sheets.' [73 bytes]
DEBUG:websockets.client:< TEXT '>battle-gen9championsvgc2026regma-1911\nOPmax_2...ected open team sheets.' [73 bytes]
INFO:player:Team-preview [battle-gen9championsvgc2026regma-1911] NET drove: bring=['whimsicott', 'zoroarkhisui', 'ditto', 'charizardmegay'] leads=['whimsicott', 'zoroarkhisui'] (vs opp ['sneasler', 'charizard', 'whimsicott', 'basculegion', 'zoroarkhisui', 'ditto'])
INFO:vgc_base:Teampreview [battle-gen9championsvgc2026regma-1911] → /team 3562  (whimsicott, zoroarkhisui, ditto, charizardmegay)
DEBUG:websockets.client:> TEXT 'battle-gen9championsvgc2026regma-1911|/team 3562' [48 bytes]
DEBUG:vgc_base:Teampreview: first-4 roster order → ['sneasler', 'charizardmegay', 'whimsicott', 'basculegion']
INFO:vgc_base:Teampreview [battle-gen9championsvgc2026regma-1911] → /team 1234  (sneasler, charizardmegay, whimsicott, basculegion)
DEBUG:websockets.client:> TEXT 'battle-gen9championsvgc2026regma-1911|/team 1234' [48 bytes]
DEBUG:websockets.client:< TEXT '|pm| BC2| OPmax_2|/challenge gen9championsvgc20...hampionsvgc2026regma|||' [83 bytes]
DEBUG:websockets.client:< TEXT '|pm| BC2| OPmax_2|/challenge gen9championsvgc20...hampionsvgc2026regma|||' [83 bytes]
DEBUG:websockets.client:< TEXT '|pm| BC2| OPmax_2|/log BC2 wants to battle!' [43 bytes]
DEBUG:websockets.client:< TEXT '|pm| BC2| OPmax_2|/log BC2 wants to battle!' [43 bytes]
DEBUG:websockets.client:> TEXT '|/utm Sneasler||whiteherb|unburden|fakeout,dire...Naive|32,2,,,,32||||50|' [550 bytes]
DEBUG:websockets.client:> TEXT '|/accept bc2' [12 bytes]
DEBUG:websockets.client:< TEXT '>battle-gen9championsvgc2026regma-1911\n|\n|t:|...L50, M|100/100\n|turn|1' [321 bytes]
DEBUG:websockets.client:< TEXT '>battle-gen9championsvgc2026regma-1911\n|\n|t:|...L50, M|168/168\n|turn|1' [321 bytes]
DEBUG:websockets.client:< TEXT '|pm| OPmax_2| BC2|/challenge' [28 bytes]
DEBUG:websockets.client:< TEXT '|pm| OPmax_2| BC2|/challenge' [28 bytes]
DEBUG:websockets.client:< TEXT '|updatesearch|{"searching":[],"games":{"battle-... 2026 Reg M-A Battle"}}' [124 bytes]
DEBUG:websockets.client:< TEXT '|updatesearch|{"searching":[],"games":{"battle-... 2026 Reg M-A Battle"}}' [124 bytes]
DEBUG:websockets.client:< TEXT '|updatesearch|{"searching":[],"games":{"battle-... 2026 Reg M-A Battle"}}' [208 bytes]
DEBUG:websockets.client:< TEXT '|updatesearch|{"searching":[],"games":{"battle-... 2026 Reg M-A Battle"}}' [208 bytes]
DEBUG:websockets.client:< TEXT '|updatesearch|{"searching":[],"games":{"battle-... 2026 Reg M-A Battle"}}' [208 bytes]
DEBUG:websockets.client:< TEXT '|updatesearch|{"searching":[],"games":{"battle-... 2026 Reg M-A Battle"}}' [208 bytes]
DEBUG:websockets.client:< TEXT '>battle-gen9championsvgc2026regma-1912\n|init|b... vs. OPmax_2\n|j|☆BC2\n' [85 bytes]
DEBUG:websockets.client:< TEXT '>battle-gen9championsvgc2026regma-1912\n|init|b...n|j|☆BC2\n|j|☆OPmax_2\n' [99 bytes]
DEBUG:websockets.client:< TEXT '|pm| OPmax_2| BC2|/nonotify OPmax_2 accepted th...26regma-1912</a>&raquo;' [173 bytes]
DEBUG:websockets.client:< TEXT '>battle-gen9championsvgc2026regma-1912\n|j|☆OPmax_2' [52 bytes]
DEBUG:websockets.client:< TEXT '|pm| OPmax_2| BC2|/nonotify OPmax_2 accepted th...26regma-1912</a>&raquo;' [173 bytes]
DEBUG:websockets.client:< TEXT '>battle-gen9championsvgc2026regma-1911\n|reques...ing":false}]},"rqid":4}' [2167 bytes]
DEBUG:websockets.client:< TEXT '>battle-gen9championsvgc2026regma-1912\n|t:|1781645830\n|gametype|doubles' [71 bytes]
DEBUG:websockets.client:< TEXT '>battle-gen9championsvgc2026regma-1912\n|player|p1|BC2|102|' [58 bytes]
DEBUG:websockets.client:< TEXT '>battle-gen9championsvgc2026regma-1911\n|reques...ing":false}]},"rqid":5}' [2236 bytes]
DEBUG:websockets.client:< TEXT '>battle-gen9championsvgc2026regma-1912\n|t:|1781645830\n|gametype|doubles' [71 bytes]
DEBUG:websockets.client:< TEXT '>battle-gen9championsvgc2026regma-1912\n|player|p1|BC2|102|' [58 bytes]
INFO:player:Turn 1 [battle-gen9championsvgc2026regma-1911] value head win-prob: 0.351  (losing)
DEBUG:live_vgc_base:Turn 1 [battle-gen9championsvgc2026regma-1911] a0=0 a1=9 src=model opp_splice=on
DEBUG:websockets.client:> TEXT 'battle-gen9championsvgc2026regma-1911|/choose move encore 1, move icywind' [73 bytes]
DEBUG:websockets.client:< TEXT '>battle-gen9championsvgc2026regma-1912\n|player...heets</strong></button>' [855 bytes]
DEBUG:websockets.client:< TEXT '>battle-gen9championsvgc2026regma-1912\n|player...heets</strong></button>' [855 bytes]
DEBUG:websockets.client:< TEXT '>battle-gen9championsvgc2026regma-1912\n|reques...ing":false}]},"rqid":3}' [2097 bytes]
DEBUG:websockets.client:< TEXT '>battle-gen9championsvgc2026regma-1912\n|reques...ing":false}]},"rqid":2}' [2093 bytes]
DEBUG:vgc_base:Turn 1 [battle-gen9championsvgc2026regma-1911] a0=9 a1=9 src=max_damage g0=0 g1=0
DEBUG:websockets.client:> TEXT 'battle-gen9championsvgc2026regma-1911|/choose m...bat 1, move solarbeam 1' [82 bytes]
DEBUG:websockets.client:< TEXT '>battle-gen9championsvgc2026regma-1911\n|\n|t:|...am\n|\n|upkeep\n|turn|2' [643 bytes]
DEBUG:websockets.client:< TEXT '>battle-gen9championsvgc2026regma-1911\n|\n|t:|...am\n|\n|upkeep\n|turn|2' [645 bytes]
DEBUG:websockets.client:< TEXT '>battle-gen9championsvgc2026regma-1911\n|reques...ing":false}]},"rqid":7}' [1888 bytes]
DEBUG:websockets.client:< TEXT '>battle-gen9championsvgc2026regma-1911\n|reques...ing":false}]},"rqid":6}' [2166 bytes]
DEBUG:vgc_base:Turn 2 [battle-gen9championsvgc2026regma-1911] a0=9 a1=9 src=max_damage g0=0 g1=0
DEBUG:websockets.client:> TEXT 'battle-gen9championsvgc2026regma-1911|/choose m...bat 1, move solarbeam 1' [82 bytes]
INFO:player:Turn 2 [battle-gen9championsvgc2026regma-1911] value head win-prob: 0.272  (losing)
DEBUG:live_vgc_base:Turn 2 [battle-gen9championsvgc2026regma-1911] a0=0 a1=9 src=model opp_splice=on
DEBUG:websockets.client:> TEXT 'battle-gen9championsvgc2026regma-1911|/choose move encore 1, move icywind' [73 bytes]
DEBUG:websockets.client:< TEXT '>battle-gen9championsvgc2026regma-1911\n|\n|t:|... Whimsicott\n|\n|upkeep' [639 bytes]
DEBUG:websockets.client:< TEXT '>battle-gen9championsvgc2026regma-1911\n|\n|t:|... Whimsicott\n|\n|upkeep' [639 bytes]
DEBUG:websockets.client:< TEXT '>battle-gen9championsvgc2026regma-1911\n|reques...oCancel":true,"rqid":8}' [1421 bytes]
DEBUG:websockets.client:< TEXT '>battle-gen9championsvgc2026regma-1911\n|reques...ing":false}]},"rqid":9}' [1452 bytes]
DEBUG:live_vgc_base:forceSwitch forced_switch_model [battle-gen9championsvgc2026regma-1911] turn 2 a0=13 a1=None opp_splice=on
DEBUG:websockets.client:> TEXT 'battle-gen9championsvgc2026regma-1911|/choose switch Ditto, pass' [64 bytes]
DEBUG:websockets.client:< TEXT '>battle-gen9championsvgc2026regma-1911\n|\n|t:|...lity: Imposter\n|turn|3' [164 bytes]
DEBUG:websockets.client:< TEXT '>battle-gen9championsvgc2026regma-1911\n|\n|t:|...lity: Imposter\n|turn|3' [164 bytes]
DEBUG:websockets.client:< TEXT '>battle-gen9championsvgc2026regma-1911\n|reques...ng":false}]},"rqid":10}' [2200 bytes]
DEBUG:websockets.client:< TEXT '>battle-gen9championsvgc2026regma-1911\n|reques...ng":false}]},"rqid":11}' [2224 bytes]
DEBUG:vgc_base:Turn 3 [battle-gen9championsvgc2026regma-1911] a0=9 a1=9 src=max_damage g0=0 g1=0
DEBUG:websockets.client:> TEXT 'battle-gen9championsvgc2026regma-1911|/choose m...bat 1, move solarbeam 1' [82 bytes]
INFO:player:Turn 3 [battle-gen9championsvgc2026regma-1911] value head win-prob: 0.541  (even)
DEBUG:live_vgc_base:Turn 3 [battle-gen9championsvgc2026regma-1911] a0=3 a1=9 src=model opp_splice=on
DEBUG:websockets.client:> TEXT 'battle-gen9championsvgc2026regma-1911|/choose move heatwave, move icywind' [73 bytes]
DEBUG:websockets.client:< TEXT '>battle-gen9championsvgc2026regma-1911\n|\n|t:|...|Solar Beam\n|\n|upkeep' [647 bytes]
DEBUG:websockets.client:< TEXT '>battle-gen9championsvgc2026regma-1911\n|\n|t:|...|Solar Beam\n|\n|upkeep' [647 bytes]
DEBUG:websockets.client:< TEXT '>battle-gen9championsvgc2026regma-1911\n|reques...ng":false}]},"rqid":12}' [1427 bytes]
DEBUG:websockets.client:< TEXT '>battle-gen9championsvgc2026regma-1911\n|reques...Cancel":true,"rqid":13}' [1482 bytes]
DEBUG:vgc_base:forceSwitch [battle-gen9championsvgc2026regma-1911] force=[True, False] → /choose switch Whimsicott / /choose pass
DEBUG:websockets.client:> TEXT 'battle-gen9championsvgc2026regma-1911|/choose switch Whimsicott, pass' [69 bytes]
DEBUG:websockets.client:< TEXT '>battle-gen9championsvgc2026regma-1911\n|\n|t:|...L50, M|100/100\n|turn|4' [114 bytes]
DEBUG:websockets.client:< TEXT '>battle-gen9championsvgc2026regma-1911\n|\n|t:|...L50, M|137/137\n|turn|4' [114 bytes]
DEBUG:websockets.client:< TEXT '>battle-gen9championsvgc2026regma-1911\n|reques...ng":false}]},"rqid":14}' [2199 bytes]
DEBUG:websockets.client:< TEXT '>battle-gen9championsvgc2026regma-1911\n|reques...ng":false}]},"rqid":15}' [1899 bytes]
INFO:player:Turn 4 [battle-gen9championsvgc2026regma-1911] value head win-prob: 0.162  (losing)
DEBUG:live_vgc_base:Turn 4 [battle-gen9championsvgc2026regma-1911] a0=3 a1=9 src=model opp_splice=on
DEBUG:websockets.client:> TEXT 'battle-gen9championsvgc2026regma-1911|/choose move heatwave, move icywind' [73 bytes]
DEBUG:vgc_base:Turn 4 [battle-gen9championsvgc2026regma-1911] a0=6 a1=9 src=max_damage g0=0 g1=0
DEBUG:websockets.client:> TEXT 'battle-gen9championsvgc2026regma-1911|/choose m...ast 1, move solarbeam 1' [80 bytes]
DEBUG:websockets.client:< TEXT '>battle-gen9championsvgc2026regma-1911\n|\n|t:|...: Charizard\n|\n|upkeep' [678 bytes]
DEBUG:websockets.client:< TEXT '>battle-gen9championsvgc2026regma-1911\n|\n|t:|...: Charizard\n|\n|upkeep' [678 bytes]
DEBUG:websockets.client:< TEXT '>battle-gen9championsvgc2026regma-1911\n|reques...ng":false}]},"rqid":16}' [1427 bytes]
DEBUG:websockets.client:< TEXT '>battle-gen9championsvgc2026regma-1911\n|reques...Cancel":true,"rqid":17}' [1470 bytes]
DEBUG:vgc_base:forceSwitch [battle-gen9championsvgc2026regma-1911] force=[False, True] → /choose pass / /choose switch Basculegion
DEBUG:websockets.client:> TEXT 'battle-gen9championsvgc2026regma-1911|/choose pass, switch Basculegion' [70 bytes]
DEBUG:websockets.client:< TEXT '>battle-gen9championsvgc2026regma-1911\n|\n|t:|...L50, M|100/100\n|turn|5' [116 bytes]
DEBUG:websockets.client:< TEXT '>battle-gen9championsvgc2026regma-1911\n|\n|t:|...L50, M|197/197\n|turn|5' [116 bytes]
DEBUG:websockets.client:< TEXT '>battle-gen9championsvgc2026regma-1911\n|reques...ng":false}]},"rqid":19}' [2200 bytes]
DEBUG:websockets.client:< TEXT '>battle-gen9championsvgc2026regma-1911\n|reques...ng":false}]},"rqid":18}' [2199 bytes]
DEBUG:vgc_base:Turn 5 [battle-gen9championsvgc2026regma-1911] a0=6 a1=3 src=max_damage g0=0 g1=0
DEBUG:websockets.client:> TEXT 'battle-gen9championsvgc2026regma-1911|/choose m...ast 1, move wavecrash 1' [80 bytes]
INFO:player:Turn 5 [battle-gen9championsvgc2026regma-1911] value head win-prob: 0.621  (winning)
DEBUG:live_vgc_base:Turn 5 [battle-gen9championsvgc2026regma-1911] a0=12 a1=9 src=model opp_splice=on
DEBUG:websockets.client:> TEXT 'battle-gen9championsvgc2026regma-1911|/choose s...Charizard, move icywind' [76 bytes]
DEBUG:websockets.client:< TEXT ">battle-gen9championsvgc2026regma-1911\n|error|...ch to an active Pokémon" [115 bytes]
INFO:player:Turn 5 [battle-gen9championsvgc2026regma-1911] value head win-prob: 0.621  (winning)
WARNING:live_vgc_base:Turn 5 [battle-gen9championsvgc2026regma-1911] order REJECTED by Showdown — perturbing to a fresh legal action (src=retry). The model did NOT drive this slot.
DEBUG:live_vgc_base:Turn 5 [battle-gen9championsvgc2026regma-1911] a0=1 a1=6 src=retry opp_splice=on
DEBUG:websockets.client:> TEXT 'battle-gen9championsvgc2026regma-1911|/choose m...larbeam 2, move protect' [76 bytes]
DEBUG:websockets.client:< TEXT '>battle-gen9championsvgc2026regma-1911\n|\n|t:|...ve: Protect\n|\n|upkeep' [398 bytes]
DEBUG:websockets.client:< TEXT '>battle-gen9championsvgc2026regma-1911\n|\n|t:|...ve: Protect\n|\n|upkeep' [399 bytes]
DEBUG:websockets.client:< TEXT '>battle-gen9championsvgc2026regma-1911\n|reques...Cancel":true,"rqid":20}' [1420 bytes]
DEBUG:websockets.client:< TEXT '>battle-gen9championsvgc2026regma-1911\n|reques...ng":false}]},"rqid":21}' [1439 bytes]
DEBUG:live_vgc_base:forceSwitch forced_switch_model [battle-gen9championsvgc2026regma-1911] turn 5 a0=12 a1=None opp_splice=on
DEBUG:websockets.client:> TEXT 'battle-gen9championsvgc2026regma-1911|/choose switch Charizard, pass' [68 bytes]
DEBUG:websockets.client:< TEXT '>battle-gen9championsvgc2026regma-1911\n|\n|t:|...L50, M|168/168\n|turn|6' [112 bytes]
DEBUG:websockets.client:< TEXT '>battle-gen9championsvgc2026regma-1911\n|\n|t:|...L50, M|100/100\n|turn|6' [112 bytes]
DEBUG:websockets.client:< TEXT '>battle-gen9championsvgc2026regma-1911\n|reques...ng":false}]},"rqid":23}' [2200 bytes]
DEBUG:websockets.client:< TEXT '>battle-gen9championsvgc2026regma-1911\n|reques...ng":false}]},"rqid":22}' [2185 bytes]
DEBUG:vgc_base:Turn 6 [battle-gen9championsvgc2026regma-1911] a0=6 a1=3 src=max_damage g0=0 g1=0
DEBUG:websockets.client:> TEXT 'battle-gen9championsvgc2026regma-1911|/choose m...ast 1, move wavecrash 1' [80 bytes]
INFO:player:Turn 6 [battle-gen9championsvgc2026regma-1911] value head win-prob: 0.266  (losing)
DEBUG:live_vgc_base:Turn 6 [battle-gen9championsvgc2026regma-1911] a0=0 a1=0 src=model opp_splice=on
DEBUG:websockets.client:> TEXT 'battle-gen9championsvgc2026regma-1911|/choose m...e mega, move hypervoice' [81 bytes]
DEBUG:websockets.client:< TEXT '>battle-gen9championsvgc2026regma-1911\n|\n|t:|...keep]\n|upkeep\n|turn|7' [701 bytes]
DEBUG:websockets.client:< TEXT '>battle-gen9championsvgc2026regma-1911\n|\n|t:|...keep]\n|upkeep\n|turn|7' [701 bytes]
DEBUG:websockets.client:< TEXT '>battle-gen9championsvgc2026regma-1911\n|reques...ng":false}]},"rqid":24}' [2167 bytes]
INFO:player:Turn 7 [battle-gen9championsvgc2026regma-1911] value head win-prob: 0.790  (winning)
DEBUG:live_vgc_base:Turn 7 [battle-gen9championsvgc2026regma-1911] a0=0 a1=0 src=model opp_splice=on
DEBUG:vgc_base:_safe_order: action 0 slot 0 → None, scanning legal actions.
DEBUG:vgc_base:_safe_order: slot 0 has no decodable legal action — sending Pass.
DEBUG:websockets.client:> TEXT 'battle-gen9championsvgc2026regma-1911|/choose pass, move hypervoice' [67 bytes]
DEBUG:websockets.client:< TEXT '>battle-gen9championsvgc2026regma-1911\n|reques...ng":false}]},"rqid":25}' [2199 bytes]
DEBUG:vgc_base:Turn 7 [battle-gen9championsvgc2026regma-1911] a0=0 a1=3 src=max_damage g0=0 g1=0
DEBUG:vgc_base:_safe_order: action 0 slot 0 → None, scanning legal actions.
DEBUG:vgc_base:_safe_order: slot 0 has no decodable legal action — sending Pass.
DEBUG:websockets.client:> TEXT 'battle-gen9championsvgc2026regma-1911|/choose pass, move wavecrash 1' [68 bytes]
DEBUG:websockets.client:< TEXT '>battle-gen9championsvgc2026regma-1911\n|\n|t:|...asculegion\n|\n|win|BC2' [363 bytes]
DEBUG:websockets.client:< TEXT '>battle-gen9championsvgc2026regma-1911\n|\n|t:|...asculegion\n|\n|win|BC2' [363 bytes]
INFO:vgc_base:Battle battle-gen9championsvgc2026regma-1911 finished — outcome: WIN  (W/L/D so far: 2/0/0)
DEBUG:websockets.client:> TEXT '|/leave battle-gen9championsvgc2026regma-1911' [45 bytes]
DEBUG:websockets.client:< TEXT '|updatesearch|{"searching":[],"games":{"battle-... 2026 Reg M-A Battle"}}' [124 bytes]
DEBUG:websockets.client:< TEXT '|updatesearch|{"searching":[],"games":{"battle-... 2026 Reg M-A Battle"}}' [124 bytes]
DEBUG:websockets.client:> TEXT 'battle-gen9championsvgc2026regma-1912|/rejectopenteamsheets' [59 bytes]
INFO:vgc_base:Battle battle-gen9championsvgc2026regma-1911 finished — outcome: LOSS  (W/L/D so far: 0/2/0)
DEBUG:websockets.client:> TEXT '|/leave battle-gen9championsvgc2026regma-1911' [45 bytes]
DEBUG:websockets.client:> TEXT '|/utm Sneasler||whiteherb|unburden|fakeout,dire...Naive|32,2,,,,32||||50|' [550 bytes]
DEBUG:websockets.client:> TEXT '|/challenge opmax2, gen9championsvgc2026regma' [45 bytes]
DEBUG:websockets.client:> TEXT 'battle-gen9championsvgc2026regma-1912|/rejectopenteamsheets' [59 bytes]
DEBUG:websockets.client:< TEXT '>battle-gen9championsvgc2026regma-1911\n|deinit' [46 bytes]
DEBUG:websockets.client:< TEXT '>battle-gen9championsvgc2026regma-1911\n|l|☆BC2' [48 bytes]
DEBUG:websockets.client:< TEXT '>battle-gen9championsvgc2026regma-1912\n|uhtmlchange|otsrequest|' [63 bytes]
DEBUG:websockets.client:< TEXT '>battle-gen9championsvgc2026regma-1912\nBC2 rejected open team sheets.' [69 bytes]
DEBUG:websockets.client:< TEXT '>battle-gen9championsvgc2026regma-1912\n|uhtmlchange|otsrequest|' [63 bytes]
DEBUG:websockets.client:< TEXT '>battle-gen9championsvgc2026regma-1912\nBC2 rejected open team sheets.' [69 bytes]
DEBUG:websockets.client:< TEXT '>battle-gen9championsvgc2026regma-1911\n|deinit' [46 bytes]
DEBUG:websockets.client:< TEXT '>battle-gen9championsvgc2026regma-1912\n|uhtmlchange|otsrequest|' [63 bytes]
DEBUG:websockets.client:< TEXT '>battle-gen9championsvgc2026regma-1912\n|uhtmlchange|otsrequest|' [63 bytes]
DEBUG:websockets.client:< TEXT '>battle-gen9championsvgc2026regma-1912\nOPmax_2...ected open team sheets.' [73 bytes]
DEBUG:websockets.client:< TEXT '>battle-gen9championsvgc2026regma-1912\nOPmax_2...ected open team sheets.' [73 bytes]
INFO:player:Team-preview [battle-gen9championsvgc2026regma-1912] NET drove: bring=['whimsicott', 'zoroarkhisui', 'ditto', 'charizardmegay'] leads=['whimsicott', 'zoroarkhisui'] (vs opp ['sneasler', 'charizard', 'whimsicott', 'basculegion', 'zoroarkhisui', 'ditto'])
INFO:vgc_base:Teampreview [battle-gen9championsvgc2026regma-1912] → /team 3562  (whimsicott, zoroarkhisui, ditto, charizardmegay)
DEBUG:websockets.client:> TEXT 'battle-gen9championsvgc2026regma-1912|/team 3562' [48 bytes]
DEBUG:vgc_base:Teampreview: first-4 roster order → ['sneasler', 'charizardmegay', 'whimsicott', 'basculegion']
INFO:vgc_base:Teampreview [battle-gen9championsvgc2026regma-1912] → /team 1234  (sneasler, charizardmegay, whimsicott, basculegion)
DEBUG:websockets.client:> TEXT 'battle-gen9championsvgc2026regma-1912|/team 1234' [48 bytes]
DEBUG:websockets.client:< TEXT '|pm| BC2| OPmax_2|/challenge gen9championsvgc20...hampionsvgc2026regma|||' [83 bytes]
DEBUG:websockets.client:< TEXT '|pm| BC2| OPmax_2|/challenge gen9championsvgc20...hampionsvgc2026regma|||' [83 bytes]
DEBUG:websockets.client:< TEXT '|pm| BC2| OPmax_2|/log BC2 wants to battle!' [43 bytes]
DEBUG:websockets.client:< TEXT '|pm| BC2| OPmax_2|/log BC2 wants to battle!' [43 bytes]
DEBUG:websockets.client:> TEXT '|/utm Sneasler||whiteherb|unburden|fakeout,dire...Naive|32,2,,,,32||||50|' [550 bytes]
DEBUG:websockets.client:> TEXT '|/accept bc2' [12 bytes]
DEBUG:websockets.client:< TEXT '>battle-gen9championsvgc2026regma-1912\n|\n|t:|...L50, M|100/100\n|turn|1' [321 bytes]
DEBUG:websockets.client:< TEXT '>battle-gen9championsvgc2026regma-1912\n|\n|t:|...L50, M|168/168\n|turn|1' [321 bytes]
DEBUG:websockets.client:< TEXT '>battle-gen9championsvgc2026regma-1912\n|reques...ing":false}]},"rqid":4}' [2167 bytes]
DEBUG:websockets.client:< TEXT '>battle-gen9championsvgc2026regma-1912\n|reques...ing":false}]},"rqid":5}' [2236 bytes]
INFO:player:Turn 1 [battle-gen9championsvgc2026regma-1912] value head win-prob: 0.351  (losing)
DEBUG:live_vgc_base:Turn 1 [battle-gen9championsvgc2026regma-1912] a0=0 a1=9 src=model opp_splice=on
DEBUG:websockets.client:> TEXT 'battle-gen9championsvgc2026regma-1912|/choose move encore 1, move icywind' [73 bytes]
DEBUG:websockets.client:< TEXT '|pm| OPmax_2| BC2|/challenge' [28 bytes]
DEBUG:websockets.client:< TEXT '|pm| OPmax_2| BC2|/challenge' [28 bytes]
DEBUG:websockets.client:< TEXT '|updatesearch|{"searching":[],"games":{"battle-... 2026 Reg M-A Battle"}}' [124 bytes]
DEBUG:websockets.client:< TEXT '|updatesearch|{"searching":[],"games":{"battle-... 2026 Reg M-A Battle"}}' [208 bytes]
DEBUG:websockets.client:< TEXT '|updatesearch|{"searching":[],"games":{"battle-... 2026 Reg M-A Battle"}}' [208 bytes]
DEBUG:websockets.client:< TEXT '>battle-gen9championsvgc2026regma-1913\n|init|b...n|j|☆BC2\n|j|☆OPmax_2\n' [99 bytes]
DEBUG:websockets.client:< TEXT '|pm| OPmax_2| BC2|/nonotify OPmax_2 accepted th...26regma-1913</a>&raquo;' [173 bytes]
DEBUG:websockets.client:< TEXT '>battle-gen9championsvgc2026regma-1913\n|t:|1781645830\n|gametype|doubles' [71 bytes]
DEBUG:websockets.client:< TEXT '>battle-gen9championsvgc2026regma-1913\n|player|p1|BC2|102|' [58 bytes]
DEBUG:websockets.client:< TEXT '>battle-gen9championsvgc2026regma-1913\n|player...heets</strong></button>' [855 bytes]
DEBUG:websockets.client:< TEXT '>battle-gen9championsvgc2026regma-1913\n|reques...ing":false}]},"rqid":3}' [2097 bytes]
DEBUG:vgc_base:Turn 1 [battle-gen9championsvgc2026regma-1912] a0=9 a1=9 src=max_damage g0=0 g1=0
DEBUG:websockets.client:> TEXT 'battle-gen9championsvgc2026regma-1912|/choose m...bat 1, move solarbeam 1' [82 bytes]
DEBUG:websockets.client:< TEXT '|updatesearch|{"searching":[],"games":{"battle-... 2026 Reg M-A Battle"}}' [124 bytes]
DEBUG:websockets.client:< TEXT '|updatesearch|{"searching":[],"games":{"battle-... 2026 Reg M-A Battle"}}' [208 bytes]
DEBUG:websockets.client:< TEXT '|updatesearch|{"searching":[],"games":{"battle-... 2026 Reg M-A Battle"}}' [208 bytes]
DEBUG:websockets.client:< TEXT '>battle-gen9championsvgc2026regma-1913\n|init|b... vs. OPmax_2\n|j|☆BC2\n' [85 bytes]
DEBUG:websockets.client:< TEXT '>battle-gen9championsvgc2026regma-1913\n|j|☆OPmax_2' [52 bytes]
DEBUG:websockets.client:< TEXT '|pm| OPmax_2| BC2|/nonotify OPmax_2 accepted th...26regma-1913</a>&raquo;' [173 bytes]
DEBUG:websockets.client:< TEXT '>battle-gen9championsvgc2026regma-1913\n|t:|1781645830\n|gametype|doubles' [71 bytes]
DEBUG:websockets.client:< TEXT '>battle-gen9championsvgc2026regma-1913\n|player|p1|BC2|102|' [58 bytes]
DEBUG:websockets.client:< TEXT '>battle-gen9championsvgc2026regma-1913\n|player...heets</strong></button>' [855 bytes]
DEBUG:websockets.client:< TEXT '>battle-gen9championsvgc2026regma-1913\n|reques...ing":false}]},"rqid":2}' [2093 bytes]
DEBUG:websockets.client:< TEXT '>battle-gen9championsvgc2026regma-1912\n|\n|t:|...am\n|\n|upkeep\n|turn|2' [643 bytes]
DEBUG:websockets.client:< TEXT '>battle-gen9championsvgc2026regma-1912\n|\n|t:|...am\n|\n|upkeep\n|turn|2' [645 bytes]
DEBUG:websockets.client:< TEXT '>battle-gen9championsvgc2026regma-1912\n|reques...ing":false}]},"rqid":6}' [2166 bytes]
DEBUG:websockets.client:< TEXT '>battle-gen9championsvgc2026regma-1912\n|reques...ing":false}]},"rqid":7}' [1888 bytes]
INFO:player:Turn 2 [battle-gen9championsvgc2026regma-1912] value head win-prob: 0.272  (losing)
DEBUG:live_vgc_base:Turn 2 [battle-gen9championsvgc2026regma-1912] a0=0 a1=9 src=model opp_splice=on
DEBUG:websockets.client:> TEXT 'battle-gen9championsvgc2026regma-1912|/choose move encore 1, move icywind' [73 bytes]
DEBUG:vgc_base:Turn 2 [battle-gen9championsvgc2026regma-1912] a0=9 a1=9 src=max_damage g0=0 g1=0
DEBUG:websockets.client:> TEXT 'battle-gen9championsvgc2026regma-1912|/choose m...bat 1, move solarbeam 1' [82 bytes]
DEBUG:websockets.client:< TEXT '>battle-gen9championsvgc2026regma-1912\n|\n|t:|... Whimsicott\n|\n|upkeep' [641 bytes]
DEBUG:websockets.client:< TEXT '>battle-gen9championsvgc2026regma-1912\n|\n|t:|... Whimsicott\n|\n|upkeep' [641 bytes]
DEBUG:websockets.client:< TEXT '>battle-gen9championsvgc2026regma-1912\n|reques...oCancel":true,"rqid":8}' [1421 bytes]
DEBUG:websockets.client:< TEXT '>battle-gen9championsvgc2026regma-1912\n|reques...ing":false}]},"rqid":9}' [1452 bytes]
DEBUG:live_vgc_base:forceSwitch forced_switch_model [battle-gen9championsvgc2026regma-1912] turn 2 a0=13 a1=None opp_splice=on
DEBUG:websockets.client:> TEXT 'battle-gen9championsvgc2026regma-1912|/choose switch Ditto, pass' [64 bytes]
DEBUG:websockets.client:< TEXT '>battle-gen9championsvgc2026regma-1912\n|\n|t:|...lity: Imposter\n|turn|3' [164 bytes]
DEBUG:websockets.client:< TEXT '>battle-gen9championsvgc2026regma-1912\n|\n|t:|...lity: Imposter\n|turn|3' [164 bytes]
DEBUG:websockets.client:< TEXT '>battle-gen9championsvgc2026regma-1912\n|reques...ng":false}]},"rqid":10}' [2200 bytes]
DEBUG:websockets.client:< TEXT '>battle-gen9championsvgc2026regma-1912\n|reques...ng":false}]},"rqid":11}' [2224 bytes]
DEBUG:vgc_base:Turn 3 [battle-gen9championsvgc2026regma-1912] a0=9 a1=9 src=max_damage g0=0 g1=0
DEBUG:websockets.client:> TEXT 'battle-gen9championsvgc2026regma-1912|/choose m...bat 1, move solarbeam 1' [82 bytes]
INFO:player:Turn 3 [battle-gen9championsvgc2026regma-1912] value head win-prob: 0.538  (even)
DEBUG:live_vgc_base:Turn 3 [battle-gen9championsvgc2026regma-1912] a0=3 a1=9 src=model opp_splice=on
DEBUG:websockets.client:> TEXT 'battle-gen9championsvgc2026regma-1912|/choose move heatwave, move icywind' [73 bytes]
DEBUG:websockets.client:< TEXT '>battle-gen9championsvgc2026regma-1912\n|\n|t:|...|Solar Beam\n|\n|upkeep' [670 bytes]
DEBUG:websockets.client:< TEXT '>battle-gen9championsvgc2026regma-1912\n|\n|t:|...|Solar Beam\n|\n|upkeep' [670 bytes]
DEBUG:websockets.client:< TEXT '>battle-gen9championsvgc2026regma-1912\n|reques...Cancel":true,"rqid":13}' [1482 bytes]
DEBUG:websockets.client:< TEXT '>battle-gen9championsvgc2026regma-1912\n|reques...ng":false}]},"rqid":12}' [1427 bytes]
DEBUG:vgc_base:forceSwitch [battle-gen9championsvgc2026regma-1912] force=[True, False] → /choose switch Basculegion / /choose pass
DEBUG:websockets.client:> TEXT 'battle-gen9championsvgc2026regma-1912|/choose switch Basculegion, pass' [70 bytes]
DEBUG:websockets.client:< TEXT '>battle-gen9championsvgc2026regma-1912\n|\n|t:|...L50, M|100/100\n|turn|4' [116 bytes]
DEBUG:websockets.client:< TEXT '>battle-gen9championsvgc2026regma-1912\n|\n|t:|...L50, M|197/197\n|turn|4' [116 bytes]
DEBUG:websockets.client:< TEXT '>battle-gen9championsvgc2026regma-1912\n|reques...ng":false}]},"rqid":14}' [2199 bytes]
DEBUG:websockets.client:< TEXT '>battle-gen9championsvgc2026regma-1912\n|reques...ng":false}]},"rqid":15}' [1895 bytes]
DEBUG:vgc_base:Turn 4 [battle-gen9championsvgc2026regma-1912] a0=3 a1=9 src=max_damage g0=0 g1=0
DEBUG:websockets.client:> TEXT 'battle-gen9championsvgc2026regma-1912|/choose m...ash 1, move solarbeam 1' [80 bytes]
INFO:player:Turn 4 [battle-gen9championsvgc2026regma-1912] value head win-prob: 0.151  (losing)
DEBUG:live_vgc_base:Turn 4 [battle-gen9championsvgc2026regma-1912] a0=3 a1=0 src=model opp_splice=on
DEBUG:websockets.client:> TEXT 'battle-gen9championsvgc2026regma-1912|/choose m...atwave, move hypervoice' [76 bytes]
DEBUG:websockets.client:< TEXT '>battle-gen9championsvgc2026regma-1912\n|\n|t:|...rom] Recoil\n|\n|upkeep' [392 bytes]
DEBUG:websockets.client:< TEXT '>battle-gen9championsvgc2026regma-1912\n|\n|t:|...rom] Recoil\n|\n|upkeep' [393 bytes]
DEBUG:websockets.client:< TEXT '>battle-gen9championsvgc2026regma-1912\n|reques...ng":false}]},"rqid":16}' [1404 bytes]
DEBUG:websockets.client:< TEXT '>battle-gen9championsvgc2026regma-1912\n|reques...ng":false}]},"rqid":17}' [1465 bytes]
DEBUG:vgc_base:forceSwitch [battle-gen9championsvgc2026regma-1912] force=[False, True] → /choose pass / /choose switch Whimsicott
DEBUG:websockets.client:> TEXT 'battle-gen9championsvgc2026regma-1912|/choose pass, switch Whimsicott' [69 bytes]
DEBUG:live_vgc_base:forceSwitch forced_switch_model [battle-gen9championsvgc2026regma-1912] turn 4 a0=12 a1=None opp_splice=on
DEBUG:websockets.client:> TEXT 'battle-gen9championsvgc2026regma-1912|/choose switch Charizard, pass' [68 bytes]
DEBUG:websockets.client:< TEXT '>battle-gen9championsvgc2026regma-1912\n|\n|t:|...L50, M|168/168\n|turn|5' [163 bytes]
DEBUG:websockets.client:< TEXT '>battle-gen9championsvgc2026regma-1912\n|\n|t:|...L50, M|100/100\n|turn|5' [163 bytes]
DEBUG:websockets.client:< TEXT '>battle-gen9championsvgc2026regma-1912\n|reques...ng":false}]},"rqid":18}' [2185 bytes]
DEBUG:websockets.client:< TEXT '>battle-gen9championsvgc2026regma-1912\n|reques...ng":false}]},"rqid":19}' [2211 bytes]
DEBUG:vgc_base:Turn 5 [battle-gen9championsvgc2026regma-1912] a0=3 a1=6 src=max_damage g0=0 g1=0
DEBUG:websockets.client:> TEXT 'battle-gen9championsvgc2026regma-1912|/choose m...ash 1, move moonblast 1' [80 bytes]
INFO:player:Turn 5 [battle-gen9championsvgc2026regma-1912] value head win-prob: 0.160  (losing)
DEBUG:live_vgc_base:Turn 5 [battle-gen9championsvgc2026regma-1912] a0=0 a1=0 src=model opp_splice=on
DEBUG:websockets.client:> TEXT 'battle-gen9championsvgc2026regma-1912|/choose m...e mega, move hypervoice' [81 bytes]
DEBUG:websockets.client:< TEXT '>battle-gen9championsvgc2026regma-1912\n|\n|t:|...] brn\n|upkeep\n|turn|6' [1042 bytes]
DEBUG:websockets.client:< TEXT '>battle-gen9championsvgc2026regma-1912\n|\n|t:|...] brn\n|upkeep\n|turn|6' [1041 bytes]
DEBUG:websockets.client:< TEXT '>battle-gen9championsvgc2026regma-1912\n|reques...ng":false}]},"rqid":20}' [2168 bytes]
DEBUG:websockets.client:< TEXT '>battle-gen9championsvgc2026regma-1912\n|reques...ng":false}]},"rqid":21}' [2203 bytes]
DEBUG:vgc_base:Turn 6 [battle-gen9championsvgc2026regma-1912] a0=3 a1=0 src=max_damage g0=0 g1=0
DEBUG:vgc_base:_safe_order: action 0 slot 1 → None, scanning legal actions.
DEBUG:vgc_base:_safe_order: slot 1 has no decodable legal action — sending Pass.
DEBUG:websockets.client:> TEXT 'battle-gen9championsvgc2026regma-1912|/choose move wavecrash 1, pass' [68 bytes]
INFO:player:Turn 6 [battle-gen9championsvgc2026regma-1912] value head win-prob: 0.991  (winning)
DEBUG:live_vgc_base:Turn 6 [battle-gen9championsvgc2026regma-1912] a0=0 a1=0 src=model opp_splice=on
DEBUG:websockets.client:> TEXT 'battle-gen9championsvgc2026regma-1912|/choose m...atwave, move hypervoice' [76 bytes]
DEBUG:websockets.client:< TEXT '>battle-gen9championsvgc2026regma-1912\n|\n|t:|...asculegion\n|\n|win|BC2' [276 bytes]
DEBUG:websockets.client:< TEXT '>battle-gen9championsvgc2026regma-1912\n|\n|t:|...asculegion\n|\n|win|BC2' [276 bytes]
DEBUG:websockets.client:< TEXT '|updatesearch|{"searching":[],"games":{"battle-... 2026 Reg M-A Battle"}}' [124 bytes]
INFO:vgc_base:Battle battle-gen9championsvgc2026regma-1912 finished — outcome: WIN  (W/L/D so far: 3/0/0)
DEBUG:websockets.client:> TEXT '|/leave battle-gen9championsvgc2026regma-1912' [45 bytes]
DEBUG:websockets.client:< TEXT '|updatesearch|{"searching":[],"games":{"battle-... 2026 Reg M-A Battle"}}' [124 bytes]
DEBUG:websockets.client:> TEXT 'battle-gen9championsvgc2026regma-1913|/rejectopenteamsheets' [59 bytes]
INFO:vgc_base:Battle battle-gen9championsvgc2026regma-1912 finished — outcome: LOSS  (W/L/D so far: 0/3/0)
DEBUG:websockets.client:> TEXT '|/leave battle-gen9championsvgc2026regma-1912' [45 bytes]
DEBUG:websockets.client:> TEXT '|/utm Sneasler||whiteherb|unburden|fakeout,dire...Naive|32,2,,,,32||||50|' [550 bytes]
DEBUG:websockets.client:> TEXT '|/challenge opmax2, gen9championsvgc2026regma' [45 bytes]
DEBUG:websockets.client:> TEXT 'battle-gen9championsvgc2026regma-1913|/rejectopenteamsheets' [59 bytes]
DEBUG:websockets.client:< TEXT '>battle-gen9championsvgc2026regma-1912\n|deinit' [46 bytes]
DEBUG:websockets.client:< TEXT '>battle-gen9championsvgc2026regma-1912\n|l|☆BC2' [48 bytes]
DEBUG:websockets.client:< TEXT '>battle-gen9championsvgc2026regma-1913\n|uhtmlchange|otsrequest|' [63 bytes]
DEBUG:websockets.client:< TEXT '>battle-gen9championsvgc2026regma-1913\nBC2 rejected open team sheets.' [69 bytes]
DEBUG:websockets.client:< TEXT '>battle-gen9championsvgc2026regma-1913\n|uhtmlchange|otsrequest|' [63 bytes]
DEBUG:websockets.client:< TEXT '>battle-gen9championsvgc2026regma-1913\nBC2 rejected open team sheets.' [69 bytes]
DEBUG:websockets.client:< TEXT '>battle-gen9championsvgc2026regma-1912\n|deinit' [46 bytes]
DEBUG:websockets.client:< TEXT '>battle-gen9championsvgc2026regma-1913\n|uhtmlchange|otsrequest|' [63 bytes]
DEBUG:websockets.client:< TEXT '>battle-gen9championsvgc2026regma-1913\n|uhtmlchange|otsrequest|' [63 bytes]
DEBUG:websockets.client:< TEXT '>battle-gen9championsvgc2026regma-1913\nOPmax_2...ected open team sheets.' [73 bytes]
DEBUG:websockets.client:< TEXT '>battle-gen9championsvgc2026regma-1913\nOPmax_2...ected open team sheets.' [73 bytes]
INFO:player:Team-preview [battle-gen9championsvgc2026regma-1913] NET drove: bring=['whimsicott', 'zoroarkhisui', 'ditto', 'charizardmegay'] leads=['whimsicott', 'zoroarkhisui'] (vs opp ['sneasler', 'charizard', 'whimsicott', 'basculegion', 'zoroarkhisui', 'ditto'])
INFO:vgc_base:Teampreview [battle-gen9championsvgc2026regma-1913] → /team 3562  (whimsicott, zoroarkhisui, ditto, charizardmegay)
DEBUG:websockets.client:> TEXT 'battle-gen9championsvgc2026regma-1913|/team 3562' [48 bytes]
DEBUG:vgc_base:Teampreview: first-4 roster order → ['sneasler', 'charizardmegay', 'whimsicott', 'basculegion']
INFO:vgc_base:Teampreview [battle-gen9championsvgc2026regma-1913] → /team 1234  (sneasler, charizardmegay, whimsicott, basculegion)
DEBUG:websockets.client:> TEXT 'battle-gen9championsvgc2026regma-1913|/team 1234' [48 bytes]
DEBUG:websockets.client:< TEXT '|pm| BC2| OPmax_2|/challenge gen9championsvgc20...hampionsvgc2026regma|||' [83 bytes]
DEBUG:websockets.client:< TEXT '|pm| BC2| OPmax_2|/challenge gen9championsvgc20...hampionsvgc2026regma|||' [83 bytes]
DEBUG:websockets.client:< TEXT '|pm| BC2| OPmax_2|/log BC2 wants to battle!' [43 bytes]
DEBUG:websockets.client:< TEXT '|pm| BC2| OPmax_2|/log BC2 wants to battle!' [43 bytes]
DEBUG:websockets.client:> TEXT '|/utm Sneasler||whiteherb|unburden|fakeout,dire...Naive|32,2,,,,32||||50|' [550 bytes]
DEBUG:websockets.client:> TEXT '|/accept bc2' [12 bytes]
DEBUG:websockets.client:< TEXT '>battle-gen9championsvgc2026regma-1913\n|\n|t:|...L50, F|100/100\n|turn|1' [321 bytes]
DEBUG:websockets.client:< TEXT '>battle-gen9championsvgc2026regma-1913\n|\n|t:|...L50, F|168/168\n|turn|1' [321 bytes]
DEBUG:websockets.client:< TEXT '>battle-gen9championsvgc2026regma-1913\n|reques...ing":false}]},"rqid":5}' [2236 bytes]
DEBUG:websockets.client:< TEXT '>battle-gen9championsvgc2026regma-1913\n|reques...ing":false}]},"rqid":4}' [2167 bytes]
DEBUG:vgc_base:Turn 1 [battle-gen9championsvgc2026regma-1913] a0=9 a1=9 src=max_damage g0=0 g1=0
DEBUG:websockets.client:> TEXT 'battle-gen9championsvgc2026regma-1913|/choose m...bat 1, move solarbeam 1' [82 bytes]
DEBUG:websockets.client:< TEXT '|pm| OPmax_2| BC2|/challenge' [28 bytes]
DEBUG:websockets.client:< TEXT '|pm| OPmax_2| BC2|/challenge' [28 bytes]
INFO:player:Turn 1 [battle-gen9championsvgc2026regma-1913] value head win-prob: 0.351  (losing)
DEBUG:live_vgc_base:Turn 1 [battle-gen9championsvgc2026regma-1913] a0=0 a1=9 src=model opp_splice=on
DEBUG:websockets.client:> TEXT 'battle-gen9championsvgc2026regma-1913|/choose move encore 1, move icywind' [73 bytes]
DEBUG:websockets.client:< TEXT '|updatesearch|{"searching":[],"games":{"battle-... 2026 Reg M-A Battle"}}' [124 bytes]
DEBUG:websockets.client:< TEXT '|updatesearch|{"searching":[],"games":{"battle-... 2026 Reg M-A Battle"}}' [208 bytes]
DEBUG:websockets.client:< TEXT '|updatesearch|{"searching":[],"games":{"battle-... 2026 Reg M-A Battle"}}' [208 bytes]
DEBUG:websockets.client:< TEXT '>battle-gen9championsvgc2026regma-1914\n|init|b...n|j|☆BC2\n|j|☆OPmax_2\n' [99 bytes]
DEBUG:websockets.client:< TEXT '|pm| OPmax_2| BC2|/nonotify OPmax_2 accepted th...26regma-1914</a>&raquo;' [173 bytes]
DEBUG:websockets.client:< TEXT '>battle-gen9championsvgc2026regma-1914\n|t:|1781645830\n|gametype|doubles' [71 bytes]
DEBUG:websockets.client:< TEXT '>battle-gen9championsvgc2026regma-1914\n|player|p1|BC2|102|' [58 bytes]
DEBUG:websockets.client:< TEXT '>battle-gen9championsvgc2026regma-1914\n|player...heets</strong></button>' [855 bytes]
DEBUG:websockets.client:< TEXT '>battle-gen9championsvgc2026regma-1914\n|reques...ing":false}]},"rqid":3}' [2097 bytes]
DEBUG:websockets.client:< TEXT '|updatesearch|{"searching":[],"games":{"battle-... 2026 Reg M-A Battle"}}' [124 bytes]
DEBUG:websockets.client:< TEXT '|updatesearch|{"searching":[],"games":{"battle-... 2026 Reg M-A Battle"}}' [208 bytes]
DEBUG:websockets.client:< TEXT '|updatesearch|{"searching":[],"games":{"battle-... 2026 Reg M-A Battle"}}' [208 bytes]
DEBUG:websockets.client:< TEXT '>battle-gen9championsvgc2026regma-1914\n|init|b... vs. OPmax_2\n|j|☆BC2\n' [85 bytes]
DEBUG:websockets.client:< TEXT '>battle-gen9championsvgc2026regma-1914\n|j|☆OPmax_2' [52 bytes]
DEBUG:websockets.client:< TEXT '|pm| OPmax_2| BC2|/nonotify OPmax_2 accepted th...26regma-1914</a>&raquo;' [173 bytes]
DEBUG:websockets.client:< TEXT '>battle-gen9championsvgc2026regma-1914\n|t:|1781645830\n|gametype|doubles' [71 bytes]
DEBUG:websockets.client:< TEXT '>battle-gen9championsvgc2026regma-1914\n|player|p1|BC2|102|' [58 bytes]
DEBUG:websockets.client:< TEXT '>battle-gen9championsvgc2026regma-1914\n|player...heets</strong></button>' [855 bytes]
DEBUG:websockets.client:< TEXT '>battle-gen9championsvgc2026regma-1914\n|reques...ing":false}]},"rqid":2}' [2093 bytes]
DEBUG:websockets.client:< TEXT '>battle-gen9championsvgc2026regma-1913\n|\n|t:|...am\n|\n|upkeep\n|turn|2' [644 bytes]
DEBUG:websockets.client:< TEXT '>battle-gen9championsvgc2026regma-1913\n|\n|t:|...am\n|\n|upkeep\n|turn|2' [646 bytes]
DEBUG:websockets.client:< TEXT '>battle-gen9championsvgc2026regma-1913\n|reques...ing":false}]},"rqid":6}' [2166 bytes]
DEBUG:websockets.client:< TEXT '>battle-gen9championsvgc2026regma-1913\n|reques...ing":false}]},"rqid":7}' [1888 bytes]
INFO:player:Turn 2 [battle-gen9championsvgc2026regma-1913] value head win-prob: 0.282  (losing)
DEBUG:live_vgc_base:Turn 2 [battle-gen9championsvgc2026regma-1913] a0=0 a1=9 src=model opp_splice=on
DEBUG:websockets.client:> TEXT 'battle-gen9championsvgc2026regma-1913|/choose move encore 1, move icywind' [73 bytes]
DEBUG:vgc_base:Turn 2 [battle-gen9championsvgc2026regma-1913] a0=9 a1=9 src=max_damage g0=0 g1=0
DEBUG:websockets.client:> TEXT 'battle-gen9championsvgc2026regma-1913|/choose m...bat 1, move solarbeam 1' [82 bytes]
DEBUG:websockets.client:< TEXT '>battle-gen9championsvgc2026regma-1913\n|\n|t:|... Whimsicott\n|\n|upkeep' [640 bytes]
DEBUG:websockets.client:< TEXT '>battle-gen9championsvgc2026regma-1913\n|\n|t:|... Whimsicott\n|\n|upkeep' [639 bytes]
DEBUG:websockets.client:< TEXT '>battle-gen9championsvgc2026regma-1913\n|reques...oCancel":true,"rqid":8}' [1421 bytes]
DEBUG:websockets.client:< TEXT '>battle-gen9championsvgc2026regma-1913\n|reques...ing":false}]},"rqid":9}' [1452 bytes]
DEBUG:live_vgc_base:forceSwitch forced_switch_model [battle-gen9championsvgc2026regma-1913] turn 2 a0=13 a1=None opp_splice=on
DEBUG:websockets.client:> TEXT 'battle-gen9championsvgc2026regma-1913|/choose switch Ditto, pass' [64 bytes]
DEBUG:websockets.client:< TEXT '>battle-gen9championsvgc2026regma-1913\n|\n|t:|...lity: Imposter\n|turn|3' [164 bytes]
DEBUG:websockets.client:< TEXT '>battle-gen9championsvgc2026regma-1913\n|\n|t:|...lity: Imposter\n|turn|3' [164 bytes]
DEBUG:websockets.client:< TEXT '>battle-gen9championsvgc2026regma-1913\n|reques...ng":false}]},"rqid":10}' [2200 bytes]
DEBUG:websockets.client:< TEXT '>battle-gen9championsvgc2026regma-1913\n|reques...ng":false}]},"rqid":11}' [2224 bytes]
INFO:player:Turn 3 [battle-gen9championsvgc2026regma-1913] value head win-prob: 0.538  (even)
DEBUG:live_vgc_base:Turn 3 [battle-gen9championsvgc2026regma-1913] a0=3 a1=9 src=model opp_splice=on
DEBUG:websockets.client:> TEXT 'battle-gen9championsvgc2026regma-1913|/choose move heatwave, move icywind' [73 bytes]
DEBUG:vgc_base:Turn 3 [battle-gen9championsvgc2026regma-1913] a0=9 a1=9 src=max_damage g0=0 g1=0
DEBUG:websockets.client:> TEXT 'battle-gen9championsvgc2026regma-1913|/choose m...bat 1, move solarbeam 1' [82 bytes]
DEBUG:websockets.client:< TEXT '>battle-gen9championsvgc2026regma-1913\n|\n|t:|...|Solar Beam\n|\n|upkeep' [618 bytes]
DEBUG:websockets.client:< TEXT '>battle-gen9championsvgc2026regma-1913\n|\n|t:|...|Solar Beam\n|\n|upkeep' [618 bytes]
DEBUG:websockets.client:< TEXT '>battle-gen9championsvgc2026regma-1913\n|reques...ng":false}]},"rqid":12}' [1427 bytes]
DEBUG:websockets.client:< TEXT '>battle-gen9championsvgc2026regma-1913\n|reques...Cancel":true,"rqid":13}' [1482 bytes]
DEBUG:vgc_base:forceSwitch [battle-gen9championsvgc2026regma-1913] force=[True, False] → /choose switch Whimsicott / /choose pass
DEBUG:websockets.client:> TEXT 'battle-gen9championsvgc2026regma-1913|/choose switch Whimsicott, pass' [69 bytes]
DEBUG:websockets.client:< TEXT '>battle-gen9championsvgc2026regma-1913\n|\n|t:|...L50, F|100/100\n|turn|4' [114 bytes]
DEBUG:websockets.client:< TEXT '>battle-gen9championsvgc2026regma-1913\n|\n|t:|...L50, F|137/137\n|turn|4' [114 bytes]
DEBUG:websockets.client:< TEXT '>battle-gen9championsvgc2026regma-1913\n|reques...ng":false}]},"rqid":15}' [1899 bytes]
DEBUG:websockets.client:< TEXT '>battle-gen9championsvgc2026regma-1913\n|reques...ng":false}]},"rqid":14}' [2199 bytes]
DEBUG:vgc_base:Turn 4 [battle-gen9championsvgc2026regma-1913] a0=6 a1=9 src=max_damage g0=0 g1=0
DEBUG:websockets.client:> TEXT 'battle-gen9championsvgc2026regma-1913|/choose m...ast 1, move solarbeam 1' [80 bytes]
INFO:player:Turn 4 [battle-gen9championsvgc2026regma-1913] value head win-prob: 0.136  (losing)
DEBUG:live_vgc_base:Turn 4 [battle-gen9championsvgc2026regma-1913] a0=3 a1=9 src=model opp_splice=on
DEBUG:websockets.client:> TEXT 'battle-gen9championsvgc2026regma-1913|/choose move heatwave, move icywind' [73 bytes]
DEBUG:websockets.client:< TEXT '>battle-gen9championsvgc2026regma-1913\n|\n|t:|...] brn\n|upkeep\n|turn|5' [749 bytes]
DEBUG:websockets.client:< TEXT '>battle-gen9championsvgc2026regma-1913\n|\n|t:|...] brn\n|upkeep\n|turn|5' [749 bytes]
DEBUG:websockets.client:< TEXT '>battle-gen9championsvgc2026regma-1913\n|reques...ng":false}]},"rqid":16}' [2199 bytes]
DEBUG:websockets.client:< TEXT '>battle-gen9championsvgc2026regma-1913\n|reques...ng":false}]},"rqid":17}' [2231 bytes]
DEBUG:vgc_base:Turn 5 [battle-gen9championsvgc2026regma-1913] a0=6 a1=9 src=max_damage g0=0 g1=0
DEBUG:websockets.client:> TEXT 'battle-gen9championsvgc2026regma-1913|/choose m...ast 1, move solarbeam 1' [80 bytes]
INFO:player:Turn 5 [battle-gen9championsvgc2026regma-1913] value head win-prob: 0.259  (losing)
DEBUG:live_vgc_base:Turn 5 [battle-gen9championsvgc2026regma-1913] a0=3 a1=9 src=model opp_splice=on
DEBUG:websockets.client:> TEXT 'battle-gen9championsvgc2026regma-1913|/choose move heatwave, move icywind' [73 bytes]
DEBUG:websockets.client:< TEXT '>battle-gen9championsvgc2026regma-1913\n|\n|t:|...|Solar Beam\n|\n|upkeep' [549 bytes]
DEBUG:websockets.client:< TEXT '>battle-gen9championsvgc2026regma-1913\n|\n|t:|...|Solar Beam\n|\n|upkeep' [550 bytes]
DEBUG:websockets.client:< TEXT '>battle-gen9championsvgc2026regma-1913\n|reques...ng":false}]},"rqid":18}' [1426 bytes]
DEBUG:websockets.client:< TEXT '>battle-gen9championsvgc2026regma-1913\n|reques...Cancel":true,"rqid":19}' [1471 bytes]
DEBUG:vgc_base:forceSwitch [battle-gen9championsvgc2026regma-1913] force=[True, False] → /choose switch Basculegion / /choose pass
DEBUG:websockets.client:> TEXT 'battle-gen9championsvgc2026regma-1913|/choose switch Basculegion, pass' [70 bytes]
DEBUG:websockets.client:< TEXT '>battle-gen9championsvgc2026regma-1913\n|\n|t:|...L50, M|100/100\n|turn|6' [116 bytes]
DEBUG:websockets.client:< TEXT '>battle-gen9championsvgc2026regma-1913\n|\n|t:|...L50, M|197/197\n|turn|6' [116 bytes]
DEBUG:websockets.client:< TEXT '>battle-gen9championsvgc2026regma-1913\n|reques...ng":false}]},"rqid":20}' [2198 bytes]
DEBUG:websockets.client:< TEXT '>battle-gen9championsvgc2026regma-1913\n|reques...ng":false}]},"rqid":21}' [1884 bytes]
INFO:player:Turn 6 [battle-gen9championsvgc2026regma-1913] value head win-prob: 0.564  (winning)
DEBUG:live_vgc_base:Turn 6 [battle-gen9championsvgc2026regma-1913] a0=12 a1=0 src=model opp_splice=on
DEBUG:websockets.client:> TEXT 'battle-gen9championsvgc2026regma-1913|/choose s...rizard, move hypervoice' [79 bytes]
DEBUG:vgc_base:Turn 6 [battle-gen9championsvgc2026regma-1913] a0=3 a1=9 src=max_damage g0=0 g1=0
DEBUG:websockets.client:> TEXT 'battle-gen9championsvgc2026regma-1913|/choose m...ash 1, move solarbeam 1' [80 bytes]
DEBUG:websockets.client:< TEXT ">battle-gen9championsvgc2026regma-1913\n|error|...ch to an active Pokémon" [115 bytes]
INFO:player:Turn 6 [battle-gen9championsvgc2026regma-1913] value head win-prob: 0.564  (winning)
WARNING:live_vgc_base:Turn 6 [battle-gen9championsvgc2026regma-1913] order REJECTED by Showdown — perturbing to a fresh legal action (src=retry). The model did NOT drive this slot.
DEBUG:live_vgc_base:Turn 6 [battle-gen9championsvgc2026regma-1913] a0=8 a1=5 src=retry opp_splice=on
DEBUG:websockets.client:> TEXT 'battle-gen9championsvgc2026regma-1913|/choose m... -2, move shadowball -1' [85 bytes]
DEBUG:websockets.client:< TEXT '>battle-gen9championsvgc2026regma-1913\n|\n|t:|...1b: Zoroark\n|\n|upkeep' [498 bytes]
DEBUG:websockets.client:< TEXT '>battle-gen9championsvgc2026regma-1913\n|\n|t:|...1b: Zoroark\n|\n|upkeep' [499 bytes]
DEBUG:websockets.client:< TEXT '>battle-gen9championsvgc2026regma-1913\n|reques...Cancel":true,"rqid":22}' [1408 bytes]
DEBUG:websockets.client:< TEXT '>battle-gen9championsvgc2026regma-1913\n|reques...ng":false}]},"rqid":23}' [1440 bytes]
DEBUG:live_vgc_base:forceSwitch forced_switch_model [battle-gen9championsvgc2026regma-1913] turn 6 a0=12 a1=None opp_splice=on
DEBUG:websockets.client:> TEXT 'battle-gen9championsvgc2026regma-1913|/choose switch Charizard, pass' [68 bytes]
DEBUG:websockets.client:< TEXT '>battle-gen9championsvgc2026regma-1913\n|\n|t:|...L50, M|168/168\n|turn|7' [112 bytes]
DEBUG:websockets.client:< TEXT '>battle-gen9championsvgc2026regma-1913\n|\n|t:|...L50, M|100/100\n|turn|7' [112 bytes]
DEBUG:websockets.client:< TEXT '>battle-gen9championsvgc2026regma-1913\n|reques...ng":false}]},"rqid":25}' [2221 bytes]
DEBUG:websockets.client:< TEXT '>battle-gen9championsvgc2026regma-1913\n|reques...ng":false}]},"rqid":24}' [2174 bytes]
DEBUG:vgc_base:Turn 7 [battle-gen9championsvgc2026regma-1913] a0=3 a1=9 src=max_damage g0=0 g1=0
DEBUG:websockets.client:> TEXT 'battle-gen9championsvgc2026regma-1913|/choose m...ash 1, move solarbeam 1' [80 bytes]
INFO:player:Turn 7 [battle-gen9championsvgc2026regma-1913] value head win-prob: 0.134  (losing)
DEBUG:live_vgc_base:Turn 7 [battle-gen9championsvgc2026regma-1913] a0=0 a1=0 src=model opp_splice=on
DEBUG:vgc_base:_safe_order: action 0 slot 1 → None, scanning legal actions.
DEBUG:vgc_base:_safe_order: slot 1 has no decodable legal action — sending Pass.
DEBUG:websockets.client:> TEXT 'battle-gen9championsvgc2026regma-1913|/choose move heatwave mega, pass' [70 bytes]
DEBUG:websockets.client:< TEXT '>battle-gen9championsvgc2026regma-1913\n|\n|t:|...] brn\n|upkeep\n|turn|8' [955 bytes]
DEBUG:websockets.client:< TEXT '>battle-gen9championsvgc2026regma-1913\n|\n|t:|...] brn\n|upkeep\n|turn|8' [954 bytes]
DEBUG:websockets.client:< TEXT '>battle-gen9championsvgc2026regma-1913\n|reques...ng":false}]},"rqid":26}' [2157 bytes]
DEBUG:websockets.client:< TEXT '>battle-gen9championsvgc2026regma-1913\n|reques...ng":false}]},"rqid":27}' [2223 bytes]
DEBUG:vgc_base:Turn 8 [battle-gen9championsvgc2026regma-1913] a0=3 a1=0 src=max_damage g0=0 g1=0
DEBUG:vgc_base:_safe_order: action 0 slot 1 → None, scanning legal actions.
DEBUG:vgc_base:_safe_order: slot 1 has no decodable legal action — sending Pass.
DEBUG:websockets.client:> TEXT 'battle-gen9championsvgc2026regma-1913|/choose move wavecrash 1, pass' [68 bytes]
INFO:player:Turn 8 [battle-gen9championsvgc2026regma-1913] value head win-prob: 0.977  (winning)
DEBUG:live_vgc_base:Turn 8 [battle-gen9championsvgc2026regma-1913] a0=0 a1=0 src=model opp_splice=on
DEBUG:vgc_base:_safe_order: action 0 slot 1 → None, scanning legal actions.
DEBUG:vgc_base:_safe_order: slot 1 has no decodable legal action — sending Pass.
DEBUG:websockets.client:> TEXT 'battle-gen9championsvgc2026regma-1913|/choose move heatwave, pass' [65 bytes]
DEBUG:websockets.client:< TEXT '>battle-gen9championsvgc2026regma-1913\n|\n|t:|...asculegion\n|\n|win|BC2' [200 bytes]
DEBUG:websockets.client:< TEXT '>battle-gen9championsvgc2026regma-1913\n|\n|t:|...asculegion\n|\n|win|BC2' [200 bytes]
DEBUG:websockets.client:< TEXT '|updatesearch|{"searching":[],"games":{"battle-... 2026 Reg M-A Battle"}}' [124 bytes]
DEBUG:websockets.client:< TEXT '|updatesearch|{"searching":[],"games":{"battle-... 2026 Reg M-A Battle"}}' [124 bytes]
INFO:vgc_base:Battle battle-gen9championsvgc2026regma-1913 finished — outcome: WIN  (W/L/D so far: 4/0/0)
DEBUG:websockets.client:> TEXT '|/leave battle-gen9championsvgc2026regma-1913' [45 bytes]
INFO:vgc_base:Battle battle-gen9championsvgc2026regma-1913 finished — outcome: LOSS  (W/L/D so far: 0/4/0)
DEBUG:websockets.client:> TEXT '|/leave battle-gen9championsvgc2026regma-1913' [45 bytes]
DEBUG:websockets.client:> TEXT 'battle-gen9championsvgc2026regma-1914|/rejectopenteamsheets' [59 bytes]
DEBUG:websockets.client:> TEXT 'battle-gen9championsvgc2026regma-1914|/rejectopenteamsheets' [59 bytes]
DEBUG:websockets.client:< TEXT '>battle-gen9championsvgc2026regma-1913\n|deinit' [46 bytes]
DEBUG:websockets.client:< TEXT '>battle-gen9championsvgc2026regma-1913\n|l|☆BC2' [48 bytes]
DEBUG:websockets.client:< TEXT '>battle-gen9championsvgc2026regma-1913\n|deinit' [46 bytes]
DEBUG:websockets.client:< TEXT '>battle-gen9championsvgc2026regma-1914\n|uhtmlchange|otsrequest|' [63 bytes]
DEBUG:websockets.client:< TEXT '>battle-gen9championsvgc2026regma-1914\n|uhtmlchange|otsrequest|' [63 bytes]
DEBUG:websockets.client:< TEXT '>battle-gen9championsvgc2026regma-1914\nBC2 rejected open team sheets.' [69 bytes]
DEBUG:websockets.client:< TEXT '>battle-gen9championsvgc2026regma-1914\n|uhtmlchange|otsrequest|' [63 bytes]
DEBUG:websockets.client:< TEXT '>battle-gen9championsvgc2026regma-1914\nBC2 rejected open team sheets.' [69 bytes]
DEBUG:websockets.client:< TEXT '>battle-gen9championsvgc2026regma-1914\n|uhtmlchange|otsrequest|' [63 bytes]
DEBUG:websockets.client:< TEXT '>battle-gen9championsvgc2026regma-1914\nOPmax_2...ected open team sheets.' [73 bytes]
DEBUG:websockets.client:< TEXT '>battle-gen9championsvgc2026regma-1914\nOPmax_2...ected open team sheets.' [73 bytes]
DEBUG:vgc_base:Teampreview: first-4 roster order → ['sneasler', 'charizardmegay', 'whimsicott', 'basculegion']
INFO:vgc_base:Teampreview [battle-gen9championsvgc2026regma-1914] → /team 1234  (sneasler, charizardmegay, whimsicott, basculegion)
DEBUG:websockets.client:> TEXT 'battle-gen9championsvgc2026regma-1914|/team 1234' [48 bytes]
INFO:player:Team-preview [battle-gen9championsvgc2026regma-1914] NET drove: bring=['whimsicott', 'zoroarkhisui', 'ditto', 'charizardmegay'] leads=['whimsicott', 'zoroarkhisui'] (vs opp ['sneasler', 'charizard', 'whimsicott', 'basculegion', 'zoroarkhisui', 'ditto'])
INFO:vgc_base:Teampreview [battle-gen9championsvgc2026regma-1914] → /team 3562  (whimsicott, zoroarkhisui, ditto, charizardmegay)
DEBUG:websockets.client:> TEXT 'battle-gen9championsvgc2026regma-1914|/team 3562' [48 bytes]
DEBUG:websockets.client:< TEXT '>battle-gen9championsvgc2026regma-1914\n|\n|t:|...L50, M|100/100\n|turn|1' [321 bytes]
DEBUG:websockets.client:< TEXT '>battle-gen9championsvgc2026regma-1914\n|\n|t:|...L50, M|168/168\n|turn|1' [321 bytes]
DEBUG:websockets.client:< TEXT '>battle-gen9championsvgc2026regma-1914\n|reques...ing":false}]},"rqid":4}' [2167 bytes]
DEBUG:websockets.client:< TEXT '>battle-gen9championsvgc2026regma-1914\n|reques...ing":false}]},"rqid":5}' [2236 bytes]
DEBUG:vgc_base:Turn 1 [battle-gen9championsvgc2026regma-1914] a0=9 a1=9 src=max_damage g0=0 g1=0
DEBUG:websockets.client:> TEXT 'battle-gen9championsvgc2026regma-1914|/choose m...bat 1, move solarbeam 1' [82 bytes]
INFO:player:Turn 1 [battle-gen9championsvgc2026regma-1914] value head win-prob: 0.351  (losing)
DEBUG:live_vgc_base:Turn 1 [battle-gen9championsvgc2026regma-1914] a0=0 a1=9 src=model opp_splice=on
DEBUG:websockets.client:> TEXT 'battle-gen9championsvgc2026regma-1914|/choose move encore 1, move icywind' [73 bytes]
DEBUG:websockets.client:< TEXT '>battle-gen9championsvgc2026regma-1914\n|\n|t:|...am\n|\n|upkeep\n|turn|2' [614 bytes]
DEBUG:websockets.client:< TEXT '>battle-gen9championsvgc2026regma-1914\n|\n|t:|...am\n|\n|upkeep\n|turn|2' [615 bytes]
DEBUG:websockets.client:< TEXT '>battle-gen9championsvgc2026regma-1914\n|reques...ing":false}]},"rqid":6}' [2166 bytes]
DEBUG:websockets.client:< TEXT '>battle-gen9championsvgc2026regma-1914\n|reques...ing":false}]},"rqid":7}' [1888 bytes]
DEBUG:vgc_base:Turn 2 [battle-gen9championsvgc2026regma-1914] a0=9 a1=9 src=max_damage g0=0 g1=0
DEBUG:websockets.client:> TEXT 'battle-gen9championsvgc2026regma-1914|/choose m...bat 1, move solarbeam 1' [82 bytes]
INFO:player:Turn 2 [battle-gen9championsvgc2026regma-1914] value head win-prob: 0.237  (losing)
DEBUG:live_vgc_base:Turn 2 [battle-gen9championsvgc2026regma-1914] a0=0 a1=9 src=model opp_splice=on
DEBUG:websockets.client:> TEXT 'battle-gen9championsvgc2026regma-1914|/choose move encore 1, move icywind' [73 bytes]
DEBUG:websockets.client:< TEXT '>battle-gen9championsvgc2026regma-1914\n|\n|t:|... Whimsicott\n|\n|upkeep' [638 bytes]
DEBUG:websockets.client:< TEXT '>battle-gen9championsvgc2026regma-1914\n|\n|t:|... Whimsicott\n|\n|upkeep' [639 bytes]
DEBUG:websockets.client:< TEXT '>battle-gen9championsvgc2026regma-1914\n|reques...ing":false}]},"rqid":9}' [1452 bytes]
DEBUG:websockets.client:< TEXT '>battle-gen9championsvgc2026regma-1914\n|reques...oCancel":true,"rqid":8}' [1421 bytes]
DEBUG:live_vgc_base:forceSwitch forced_switch_model [battle-gen9championsvgc2026regma-1914] turn 2 a0=13 a1=None opp_splice=on
DEBUG:websockets.client:> TEXT 'battle-gen9championsvgc2026regma-1914|/choose switch Ditto, pass' [64 bytes]
DEBUG:websockets.client:< TEXT '>battle-gen9championsvgc2026regma-1914\n|\n|t:|...lity: Imposter\n|turn|3' [164 bytes]
DEBUG:websockets.client:< TEXT '>battle-gen9championsvgc2026regma-1914\n|\n|t:|...lity: Imposter\n|turn|3' [164 bytes]
DEBUG:websockets.client:< TEXT '>battle-gen9championsvgc2026regma-1914\n|reques...ng":false}]},"rqid":10}' [2200 bytes]
DEBUG:websockets.client:< TEXT '>battle-gen9championsvgc2026regma-1914\n|reques...ng":false}]},"rqid":11}' [2224 bytes]
DEBUG:vgc_base:Turn 3 [battle-gen9championsvgc2026regma-1914] a0=9 a1=9 src=max_damage g0=0 g1=0
DEBUG:websockets.client:> TEXT 'battle-gen9championsvgc2026regma-1914|/choose m...bat 1, move solarbeam 1' [82 bytes]
INFO:player:Turn 3 [battle-gen9championsvgc2026regma-1914] value head win-prob: 0.487  (even)
DEBUG:live_vgc_base:Turn 3 [battle-gen9championsvgc2026regma-1914] a0=3 a1=9 src=model opp_splice=on
DEBUG:websockets.client:> TEXT 'battle-gen9championsvgc2026regma-1914|/choose move heatwave, move icywind' [73 bytes]
DEBUG:websockets.client:< TEXT '>battle-gen9championsvgc2026regma-1914\n|\n|t:|...|Solar Beam\n|\n|upkeep' [649 bytes]
DEBUG:websockets.client:< TEXT '>battle-gen9championsvgc2026regma-1914\n|\n|t:|...|Solar Beam\n|\n|upkeep' [648 bytes]
DEBUG:websockets.client:< TEXT '>battle-gen9championsvgc2026regma-1914\n|reques...ng":false}]},"rqid":12}' [1428 bytes]
DEBUG:websockets.client:< TEXT '>battle-gen9championsvgc2026regma-1914\n|reques...Cancel":true,"rqid":13}' [1482 bytes]
DEBUG:vgc_base:forceSwitch [battle-gen9championsvgc2026regma-1914] force=[True, False] → /choose switch Whimsicott / /choose pass
DEBUG:websockets.client:> TEXT 'battle-gen9championsvgc2026regma-1914|/choose switch Whimsicott, pass' [69 bytes]
DEBUG:websockets.client:< TEXT '>battle-gen9championsvgc2026regma-1914\n|\n|t:|...L50, F|100/100\n|turn|4' [114 bytes]
DEBUG:websockets.client:< TEXT '>battle-gen9championsvgc2026regma-1914\n|\n|t:|...L50, F|137/137\n|turn|4' [114 bytes]
DEBUG:websockets.client:< TEXT '>battle-gen9championsvgc2026regma-1914\n|reques...ng":false}]},"rqid":14}' [2200 bytes]
DEBUG:websockets.client:< TEXT '>battle-gen9championsvgc2026regma-1914\n|reques...ng":false}]},"rqid":15}' [1899 bytes]
DEBUG:vgc_base:Turn 4 [battle-gen9championsvgc2026regma-1914] a0=6 a1=9 src=max_damage g0=0 g1=0
DEBUG:websockets.client:> TEXT 'battle-gen9championsvgc2026regma-1914|/choose m...ast 1, move solarbeam 1' [80 bytes]
INFO:player:Turn 4 [battle-gen9championsvgc2026regma-1914] value head win-prob: 0.155  (losing)
DEBUG:live_vgc_base:Turn 4 [battle-gen9championsvgc2026regma-1914] a0=3 a1=9 src=model opp_splice=on
DEBUG:websockets.client:> TEXT 'battle-gen9championsvgc2026regma-1914|/choose move heatwave, move icywind' [73 bytes]
DEBUG:websockets.client:< TEXT '>battle-gen9championsvgc2026regma-1914\n|\n|t:|...itto|47/155\n|\n|upkeep' [815 bytes]
DEBUG:websockets.client:< TEXT '>battle-gen9championsvgc2026regma-1914\n|\n|t:|...itto|30/100\n|\n|upkeep' [815 bytes]
DEBUG:websockets.client:< TEXT '>battle-gen9championsvgc2026regma-1914\n|reques...ng":false}]},"rqid":16}' [1427 bytes]
DEBUG:websockets.client:< TEXT '>battle-gen9championsvgc2026regma-1914\n|reques...Cancel":true,"rqid":17}' [1471 bytes]
DEBUG:vgc_base:forceSwitch [battle-gen9championsvgc2026regma-1914] force=[True, False] → /choose switch Basculegion / /choose pass
DEBUG:websockets.client:> TEXT 'battle-gen9championsvgc2026regma-1914|/choose switch Basculegion, pass' [70 bytes]
DEBUG:websockets.client:< TEXT '>battle-gen9championsvgc2026regma-1914\n|\n|t:|...L50, M|100/100\n|turn|5' [116 bytes]
DEBUG:websockets.client:< TEXT '>battle-gen9championsvgc2026regma-1914\n|\n|t:|...L50, M|197/197\n|turn|5' [116 bytes]
DEBUG:websockets.client:< TEXT '>battle-gen9championsvgc2026regma-1914\n|reques...ng":false}]},"rqid":19}' [2222 bytes]
DEBUG:websockets.client:< TEXT '>battle-gen9championsvgc2026regma-1914\n|reques...ng":false}]},"rqid":18}' [2199 bytes]
DEBUG:vgc_base:Turn 5 [battle-gen9championsvgc2026regma-1914] a0=3 a1=9 src=max_damage g0=0 g1=0
DEBUG:websockets.client:> TEXT 'battle-gen9championsvgc2026regma-1914|/choose m...ash 1, move solarbeam 1' [80 bytes]
INFO:player:Turn 5 [battle-gen9championsvgc2026regma-1914] value head win-prob: 0.642  (winning)
DEBUG:live_vgc_base:Turn 5 [battle-gen9championsvgc2026regma-1914] a0=3 a1=0 src=model opp_splice=on
DEBUG:websockets.client:> TEXT 'battle-gen9championsvgc2026regma-1914|/choose m...atwave, move hypervoice' [76 bytes]
DEBUG:websockets.client:< TEXT '>battle-gen9championsvgc2026regma-1914\n|\n|t:|...rom] Recoil\n|\n|upkeep' [370 bytes]
DEBUG:websockets.client:< TEXT '>battle-gen9championsvgc2026regma-1914\n|\n|t:|...rom] Recoil\n|\n|upkeep' [371 bytes]
DEBUG:websockets.client:< TEXT '>battle-gen9championsvgc2026regma-1914\n|reques...Cancel":true,"rqid":20}' [1420 bytes]
DEBUG:websockets.client:< TEXT '>battle-gen9championsvgc2026regma-1914\n|reques...ng":false}]},"rqid":21}' [1439 bytes]
DEBUG:live_vgc_base:forceSwitch forced_switch_model [battle-gen9championsvgc2026regma-1914] turn 5 a0=12 a1=None opp_splice=on
DEBUG:websockets.client:> TEXT 'battle-gen9championsvgc2026regma-1914|/choose switch Charizard, pass' [68 bytes]
DEBUG:websockets.client:< TEXT '>battle-gen9championsvgc2026regma-1914\n|\n|t:|...L50, M|168/168\n|turn|6' [112 bytes]
DEBUG:websockets.client:< TEXT '>battle-gen9championsvgc2026regma-1914\n|\n|t:|...L50, M|100/100\n|turn|6' [112 bytes]
DEBUG:websockets.client:< TEXT '>battle-gen9championsvgc2026regma-1914\n|reques...ng":false}]},"rqid":22}' [2185 bytes]
DEBUG:websockets.client:< TEXT '>battle-gen9championsvgc2026regma-1914\n|reques...ng":false}]},"rqid":23}' [2221 bytes]
DEBUG:vgc_base:Turn 6 [battle-gen9championsvgc2026regma-1914] a0=3 a1=0 src=max_damage g0=0 g1=0
DEBUG:vgc_base:_safe_order: action 0 slot 1 → None, scanning legal actions.
DEBUG:vgc_base:_safe_order: slot 1 has no decodable legal action — sending Pass.
DEBUG:websockets.client:> TEXT 'battle-gen9championsvgc2026regma-1914|/choose move wavecrash 1, pass' [68 bytes]
INFO:player:Turn 6 [battle-gen9championsvgc2026regma-1914] value head win-prob: 0.962  (winning)
DEBUG:live_vgc_base:Turn 6 [battle-gen9championsvgc2026regma-1914] a0=0 a1=0 src=model opp_splice=on
DEBUG:websockets.client:> TEXT 'battle-gen9championsvgc2026regma-1914|/choose m...e mega, move hypervoice' [81 bytes]
DEBUG:websockets.client:< TEXT '>battle-gen9championsvgc2026regma-1914\n|\n|t:|...keep]\n|upkeep\n|turn|7' [613 bytes]
DEBUG:websockets.client:< TEXT '>battle-gen9championsvgc2026regma-1914\n|\n|t:|...keep]\n|upkeep\n|turn|7' [613 bytes]
DEBUG:websockets.client:< TEXT '>battle-gen9championsvgc2026regma-1914\n|reques...ng":false}]},"rqid":24}' [2167 bytes]
DEBUG:websockets.client:< TEXT '>battle-gen9championsvgc2026regma-1914\n|reques...ng":false}]},"rqid":25}' [2220 bytes]
DEBUG:vgc_base:Turn 7 [battle-gen9championsvgc2026regma-1914] a0=3 a1=0 src=max_damage g0=0 g1=0
DEBUG:vgc_base:_safe_order: action 0 slot 1 → None, scanning legal actions.
DEBUG:vgc_base:_safe_order: slot 1 has no decodable legal action — sending Pass.
DEBUG:websockets.client:> TEXT 'battle-gen9championsvgc2026regma-1914|/choose move wavecrash 1, pass' [68 bytes]
INFO:player:Turn 7 [battle-gen9championsvgc2026regma-1914] value head win-prob: 0.971  (winning)
DEBUG:live_vgc_base:Turn 7 [battle-gen9championsvgc2026regma-1914] a0=0 a1=9 src=model opp_splice=on
DEBUG:websockets.client:> TEXT 'battle-gen9championsvgc2026regma-1914|/choose move heatwave, move icywind' [73 bytes]
DEBUG:websockets.client:< TEXT '>battle-gen9championsvgc2026regma-1914\n|\n|t:|...asculegion\n|\n|win|BC2' [367 bytes]
DEBUG:websockets.client:< TEXT '>battle-gen9championsvgc2026regma-1914\n|\n|t:|...asculegion\n|\n|win|BC2' [367 bytes]
DEBUG:websockets.client:< TEXT '|updatesearch|{"searching":[],"games":null}' [43 bytes]
INFO:vgc_base:Battle battle-gen9championsvgc2026regma-1914 finished — outcome: WIN  (W/L/D so far: 5/0/0)
DEBUG:websockets.client:> TEXT '|/leave battle-gen9championsvgc2026regma-1914' [45 bytes]
DEBUG:websockets.client:< TEXT '|updatesearch|{"searching":[],"games":null}' [43 bytes]
INFO:vgc_base:Battle battle-gen9championsvgc2026regma-1914 finished — outcome: LOSS  (W/L/D so far: 0/5/0)
DEBUG:websockets.client:> TEXT '|/leave battle-gen9championsvgc2026regma-1914' [45 bytes]
DEBUG:websockets.client:< TEXT '>battle-gen9championsvgc2026regma-1914\n|deinit' [46 bytes]
DEBUG:websockets.client:< TEXT '>battle-gen9championsvgc2026regma-1914\n|l|☆BC2' [48 bytes]
DEBUG:websockets.client:< TEXT '>battle-gen9championsvgc2026regma-1914\n|deinit' [46 bytes]
DEBUG:websockets.client:> CLOSE 1000 (OK) [2 bytes]
DEBUG:websockets.client:= connection is CLOSING
DEBUG:websockets.client:< CLOSE 1000 (OK) [2 bytes]
DEBUG:websockets.client:< EOF
DEBUG:websockets.client:> EOF
DEBUG:websockets.client:= connection is CLOSED
DEBUG:websockets.client:x half-closing TCP connection
DEBUG:websockets.client:> CLOSE 1000 (OK) [2 bytes]
DEBUG:websockets.client:= connection is CLOSING
DEBUG:websockets.client:< CLOSE 1000 (OK) [2 bytes]
DEBUG:websockets.client:< EOF
DEBUG:websockets.client:> EOF
DEBUG:websockets.client:= connection is CLOSED
DEBUG:websockets.client:x half-closing TCP connection
INFO:__main__:vs max_damage: 5/5
INFO:run_local_battle:Loaded team from D:\ShowdownProject\Victory-Dance\teams\M-A\Trickery
INFO:run_local_battle:Loaded team from D:\ShowdownProject\Victory-Dance\teams\M-A\Trickery
INFO:player:VGCPlayer: loaded battle model from ai_train_scripts\BC_model\checkpoints\bc_best.pt (heads=('our_a', 'our_b'))
INFO:player:VGCPlayer: loaded team-chooser from D:\ShowdownProject\Victory-Dance\ai_train_scripts\teamPreview_model\checkpoints\teampreview_best.pt (vocab=190)
INFO:player:VGCPlayer ready (gap-#6 splice) | battle_model=loaded (ai_train_scripts\BC_model\checkpoints\bc_best.pt) | team_chooser=loaded (D:\ShowdownProject\Victory-Dance\ai_train_scripts\teamPreview_model\checkpoints\teampreview_best.pt) | replay=D:\ShowdownProject\Victory-Dance\replay_buffer\BC3.jsonl
DEBUG:websockets.client:= connection is CONNECTING
DEBUG:websockets.client:> GET /showdown/websocket HTTP/1.1
DEBUG:websockets.client:> Host: localhost:8000
DEBUG:websockets.client:> Upgrade: websocket
DEBUG:websockets.client:> Connection: Upgrade
DEBUG:websockets.client:> Sec-WebSocket-Key: 9QdBjuih21WQTFVD0iILGw==
DEBUG:websockets.client:> Sec-WebSocket-Version: 13
DEBUG:websockets.client:> Sec-WebSocket-Extensions: permessage-deflate; client_max_window_bits
DEBUG:websockets.client:> User-Agent: Python/3.12 websockets/16.0
DEBUG:websockets.client:< HTTP/1.1 101 Switching Protocols
DEBUG:websockets.client:< Upgrade: websocket
DEBUG:websockets.client:< Connection: Upgrade
DEBUG:websockets.client:< Sec-WebSocket-Accept: zP62kZ3aGTfYr8MTVZKbjCFzEtY=
DEBUG:websockets.client:= connection is OPEN
DEBUG:websockets.client:< TEXT '|updateuser| Guest 1187|0|265|{"blockChallenges...c|[Gen 1] Custom Game,c' [8618 bytes]
DEBUG:websockets.client:< TEXT '|challstr|4|b9afb814490f3c9fcf6fedcb270cadd8e2c...602abc75005b3e2ef8a4b0f' [268 bytes]
DEBUG:websockets.client:> TEXT '|/trn BC3,0,' [12 bytes]
DEBUG:websockets.client:< TEXT '|updatesearch|{"searching":[],"games":null}' [43 bytes]
DEBUG:websockets.client:< TEXT '|updateuser| BC3|1|169|{"blockChallenges":false...:false,"language":null}' [346 bytes]
DEBUG:websockets.client:< TEXT '|updatesearch|{"searching":[],"games":null}' [43 bytes]
DEBUG:websockets.client:= connection is CONNECTING
DEBUG:websockets.client:> GET /showdown/websocket HTTP/1.1
DEBUG:websockets.client:> Host: localhost:8000
DEBUG:websockets.client:> Upgrade: websocket
DEBUG:websockets.client:> Connection: Upgrade
DEBUG:websockets.client:> Sec-WebSocket-Key: WFeAbImManjwNxsgsNdEyg==
DEBUG:websockets.client:> Sec-WebSocket-Version: 13
DEBUG:websockets.client:> Sec-WebSocket-Extensions: permessage-deflate; client_max_window_bits
DEBUG:websockets.client:> User-Agent: Python/3.12 websockets/16.0
DEBUG:websockets.client:< HTTP/1.1 101 Switching Protocols
DEBUG:websockets.client:< Upgrade: websocket
DEBUG:websockets.client:< Connection: Upgrade
DEBUG:websockets.client:< Sec-WebSocket-Accept: vB7anYf9xP8vM8j1+lzufq/NRl4=
DEBUG:websockets.client:= connection is OPEN
DEBUG:websockets.client:< TEXT '|updateuser| Guest 1188|0|265|{"blockChallenges...c|[Gen 1] Custom Game,c' [8618 bytes]
DEBUG:websockets.client:< TEXT '|challstr|4|e3676e4106e57902c9c7a32c229f8db76d0...bb72bfae53716962e6fe84d' [268 bytes]
DEBUG:websockets.client:> TEXT '|/trn OPheur3,0,' [16 bytes]
DEBUG:websockets.client:< TEXT '|updatesearch|{"searching":[],"games":null}' [43 bytes]
DEBUG:websockets.client:< TEXT '|updateuser| OPheur3|1|2|{"blockChallenges":fal...:false,"language":null}' [348 bytes]
DEBUG:websockets.client:< TEXT '|updatesearch|{"searching":[],"games":null}' [43 bytes]
DEBUG:websockets.client:> TEXT '|/utm Sneasler||whiteherb|unburden|fakeout,dire...Naive|32,2,,,,32||||50|' [550 bytes]
DEBUG:websockets.client:> TEXT '|/challenge opheur3, gen9championsvgc2026regma' [46 bytes]
DEBUG:websockets.client:< TEXT '|pm| BC3| OPheur3|/challenge gen9championsvgc20...hampionsvgc2026regma|||' [83 bytes]
DEBUG:websockets.client:< TEXT '|pm| BC3| OPheur3|/challenge gen9championsvgc20...hampionsvgc2026regma|||' [83 bytes]
DEBUG:websockets.client:< TEXT '|pm| BC3| OPheur3|/log BC3 wants to battle!' [43 bytes]
DEBUG:websockets.client:< TEXT '|pm| BC3| OPheur3|/log BC3 wants to battle!' [43 bytes]
DEBUG:websockets.client:> TEXT '|/utm Sneasler||whiteherb|unburden|fakeout,dire...Naive|32,2,,,,32||||50|' [550 bytes]
DEBUG:websockets.client:> TEXT '|/accept bc3' [12 bytes]
DEBUG:websockets.client:< TEXT '|pm| OPheur3| BC3|/challenge' [28 bytes]
DEBUG:websockets.client:< TEXT '|pm| OPheur3| BC3|/challenge' [28 bytes]
DEBUG:websockets.client:< TEXT '|updatesearch|{"searching":[],"games":null}' [43 bytes]
DEBUG:websockets.client:< TEXT '|updatesearch|{"searching":[],"games":null}' [43 bytes]
DEBUG:websockets.client:< TEXT '|updatesearch|{"searching":[],"games":{"battle-... 2026 Reg M-A Battle"}}' [124 bytes]
DEBUG:websockets.client:< TEXT '|updatesearch|{"searching":[],"games":{"battle-... 2026 Reg M-A Battle"}}' [124 bytes]
DEBUG:websockets.client:< TEXT '|updatesearch|{"searching":[],"games":{"battle-... 2026 Reg M-A Battle"}}' [124 bytes]
DEBUG:websockets.client:< TEXT '|updatesearch|{"searching":[],"games":{"battle-... 2026 Reg M-A Battle"}}' [124 bytes]
DEBUG:websockets.client:< TEXT '>battle-gen9championsvgc2026regma-1915\n|init|b... vs. OPheur3\n|j|☆BC3\n' [85 bytes]
DEBUG:websockets.client:< TEXT '>battle-gen9championsvgc2026regma-1915\n|init|b...n|j|☆BC3\n|j|☆OPheur3\n' [99 bytes]
DEBUG:websockets.client:< TEXT '>battle-gen9championsvgc2026regma-1915\n|j|☆OPheur3' [52 bytes]
DEBUG:websockets.client:< TEXT '|pm| OPheur3| BC3|/nonotify OPheur3 accepted th...26regma-1915</a>&raquo;' [173 bytes]
DEBUG:websockets.client:> TEXT 'battle-gen9championsvgc2026regma-1915|/rejectopenteamsheets' [59 bytes]
DEBUG:websockets.client:< TEXT '|pm| OPheur3| BC3|/nonotify OPheur3 accepted th...26regma-1915</a>&raquo;' [173 bytes]
DEBUG:websockets.client:< TEXT '>battle-gen9championsvgc2026regma-1915\n|t:|1781645833\n|gametype|doubles' [71 bytes]
DEBUG:websockets.client:< TEXT '>battle-gen9championsvgc2026regma-1915\n|t:|1781645833\n|gametype|doubles' [71 bytes]
DEBUG:websockets.client:> TEXT '|/utm Sneasler||whiteherb|unburden|fakeout,dire...Naive|32,2,,,,32||||50|' [550 bytes]
DEBUG:websockets.client:> TEXT '|/challenge opheur3, gen9championsvgc2026regma' [46 bytes]
DEBUG:websockets.client:< TEXT '>battle-gen9championsvgc2026regma-1915\n|player|p1|BC3|169|' [58 bytes]
DEBUG:websockets.client:> TEXT 'battle-gen9championsvgc2026regma-1915|/rejectopenteamsheets' [59 bytes]
DEBUG:websockets.client:< TEXT '>battle-gen9championsvgc2026regma-1915\n|player|p1|BC3|169|' [58 bytes]
DEBUG:websockets.client:< TEXT '>battle-gen9championsvgc2026regma-1915\n|player...heets</strong></button>' [855 bytes]
DEBUG:websockets.client:< TEXT '>battle-gen9championsvgc2026regma-1915\n|uhtmlchange|otsrequest|' [63 bytes]
DEBUG:websockets.client:< TEXT '>battle-gen9championsvgc2026regma-1915\nBC3 rejected open team sheets.' [69 bytes]
DEBUG:websockets.client:< TEXT '>battle-gen9championsvgc2026regma-1915\n|player...heets</strong></button>' [855 bytes]
DEBUG:websockets.client:< TEXT '>battle-gen9championsvgc2026regma-1915\n|uhtmlchange|otsrequest|' [63 bytes]
DEBUG:websockets.client:< TEXT '>battle-gen9championsvgc2026regma-1915\nBC3 rejected open team sheets.' [69 bytes]
DEBUG:websockets.client:< TEXT '>battle-gen9championsvgc2026regma-1915\n|reques...ing":false}]},"rqid":2}' [2093 bytes]
DEBUG:websockets.client:< TEXT '>battle-gen9championsvgc2026regma-1915\n|reques...ing":false}]},"rqid":3}' [2097 bytes]
DEBUG:websockets.client:< TEXT '>battle-gen9championsvgc2026regma-1915\n|uhtmlchange|otsrequest|' [63 bytes]
DEBUG:websockets.client:< TEXT '>battle-gen9championsvgc2026regma-1915\nOPheur3...ected open team sheets.' [73 bytes]
INFO:player:Team-preview [battle-gen9championsvgc2026regma-1915] NET drove: bring=['whimsicott', 'zoroarkhisui', 'ditto', 'charizardmegay'] leads=['whimsicott', 'zoroarkhisui'] (vs opp ['sneasler', 'charizard', 'whimsicott', 'basculegion', 'zoroarkhisui', 'ditto'])
INFO:vgc_base:Teampreview [battle-gen9championsvgc2026regma-1915] → /team 3562  (whimsicott, zoroarkhisui, ditto, charizardmegay)
DEBUG:websockets.client:> TEXT 'battle-gen9championsvgc2026regma-1915|/team 3562' [48 bytes]
DEBUG:websockets.client:< TEXT '>battle-gen9championsvgc2026regma-1915\n|uhtmlchange|otsrequest|' [63 bytes]
DEBUG:websockets.client:< TEXT '>battle-gen9championsvgc2026regma-1915\nOPheur3...ected open team sheets.' [73 bytes]
DEBUG:websockets.client:< TEXT '|pm| BC3| OPheur3|/challenge gen9championsvgc20...hampionsvgc2026regma|||' [83 bytes]
DEBUG:websockets.client:< TEXT '|pm| BC3| OPheur3|/challenge gen9championsvgc20...hampionsvgc2026regma|||' [83 bytes]
DEBUG:websockets.client:< TEXT '|pm| BC3| OPheur3|/log BC3 wants to battle!' [43 bytes]
DEBUG:vgc_base:Teampreview: first-4 roster order → ['sneasler', 'charizardmegay', 'whimsicott', 'basculegion']
INFO:vgc_base:Teampreview [battle-gen9championsvgc2026regma-1915] → /team 1234  (sneasler, charizardmegay, whimsicott, basculegion)
DEBUG:websockets.client:> TEXT 'battle-gen9championsvgc2026regma-1915|/team 1234' [48 bytes]
DEBUG:websockets.client:< TEXT '|pm| BC3| OPheur3|/log BC3 wants to battle!' [43 bytes]
DEBUG:websockets.client:> TEXT '|/utm Sneasler||whiteherb|unburden|fakeout,dire...Naive|32,2,,,,32||||50|' [550 bytes]
DEBUG:websockets.client:> TEXT '|/accept bc3' [12 bytes]
DEBUG:websockets.client:< TEXT '>battle-gen9championsvgc2026regma-1915\n|\n|t:|...L50, F|100/100\n|turn|1' [321 bytes]
DEBUG:websockets.client:< TEXT '>battle-gen9championsvgc2026regma-1915\n|\n|t:|...L50, F|168/168\n|turn|1' [321 bytes]
DEBUG:websockets.client:< TEXT '>battle-gen9championsvgc2026regma-1915\n|reques...ing":false}]},"rqid":4}' [2167 bytes]
DEBUG:websockets.client:< TEXT '>battle-gen9championsvgc2026regma-1915\n|reques...ing":false}]},"rqid":5}' [2236 bytes]
INFO:player:Turn 1 [battle-gen9championsvgc2026regma-1915] value head win-prob: 0.351  (losing)
DEBUG:live_vgc_base:Turn 1 [battle-gen9championsvgc2026regma-1915] a0=0 a1=9 src=model opp_splice=on
DEBUG:websockets.client:> TEXT 'battle-gen9championsvgc2026regma-1915|/choose move encore 1, move icywind' [73 bytes]
DEBUG:websockets.client:< TEXT '|pm| OPheur3| BC3|/challenge' [28 bytes]
DEBUG:websockets.client:< TEXT '|pm| OPheur3| BC3|/challenge' [28 bytes]
DEBUG:websockets.client:< TEXT '|updatesearch|{"searching":[],"games":{"battle-... 2026 Reg M-A Battle"}}' [124 bytes]
DEBUG:websockets.client:< TEXT '|updatesearch|{"searching":[],"games":{"battle-... 2026 Reg M-A Battle"}}' [208 bytes]
DEBUG:websockets.client:< TEXT '|updatesearch|{"searching":[],"games":{"battle-... 2026 Reg M-A Battle"}}' [208 bytes]
DEBUG:websockets.client:< TEXT '>battle-gen9championsvgc2026regma-1916\n|init|b...n|j|☆BC3\n|j|☆OPheur3\n' [99 bytes]
DEBUG:websockets.client:< TEXT '|pm| OPheur3| BC3|/nonotify OPheur3 accepted th...26regma-1916</a>&raquo;' [173 bytes]
DEBUG:websockets.client:< TEXT '>battle-gen9championsvgc2026regma-1916\n|t:|1781645833\n|gametype|doubles' [71 bytes]
DEBUG:websockets.client:< TEXT '>battle-gen9championsvgc2026regma-1916\n|player|p1|BC3|169|' [58 bytes]
DEBUG:websockets.client:< TEXT '>battle-gen9championsvgc2026regma-1916\n|player...heets</strong></button>' [855 bytes]
DEBUG:websockets.client:< TEXT '>battle-gen9championsvgc2026regma-1916\n|reques...ing":false}]},"rqid":3}' [2097 bytes]
DEBUG:vgc_base:Turn 1 [battle-gen9championsvgc2026regma-1915] a0=3 a1=0 src=heuristic g0=0 g1=0
DEBUG:websockets.client:> TEXT 'battle-gen9championsvgc2026regma-1915|/choose m...reclaw 1, move heatwave' [76 bytes]
DEBUG:websockets.client:< TEXT '|updatesearch|{"searching":[],"games":{"battle-... 2026 Reg M-A Battle"}}' [124 bytes]
DEBUG:websockets.client:< TEXT '|updatesearch|{"searching":[],"games":{"battle-... 2026 Reg M-A Battle"}}' [208 bytes]
DEBUG:websockets.client:< TEXT '|updatesearch|{"searching":[],"games":{"battle-... 2026 Reg M-A Battle"}}' [208 bytes]
DEBUG:websockets.client:< TEXT '>battle-gen9championsvgc2026regma-1916\n|init|b... vs. OPheur3\n|j|☆BC3\n' [85 bytes]
DEBUG:websockets.client:< TEXT '>battle-gen9championsvgc2026regma-1916\n|j|☆OPheur3' [52 bytes]
DEBUG:websockets.client:< TEXT '|pm| OPheur3| BC3|/nonotify OPheur3 accepted th...26regma-1916</a>&raquo;' [173 bytes]
DEBUG:websockets.client:< TEXT '>battle-gen9championsvgc2026regma-1916\n|t:|1781645833\n|gametype|doubles' [71 bytes]
DEBUG:websockets.client:< TEXT '>battle-gen9championsvgc2026regma-1916\n|player|p1|BC3|169|' [58 bytes]
DEBUG:websockets.client:< TEXT '>battle-gen9championsvgc2026regma-1916\n|player...heets</strong></button>' [855 bytes]
DEBUG:websockets.client:< TEXT '>battle-gen9championsvgc2026regma-1916\n|reques...ing":false}]},"rqid":2}' [2093 bytes]
DEBUG:websockets.client:< TEXT '>battle-gen9championsvgc2026regma-1915\n|\n|t:|...rk|Illusion\n|\n|upkeep' [672 bytes]
DEBUG:websockets.client:< TEXT '>battle-gen9championsvgc2026regma-1915\n|\n|t:|...rk|Illusion\n|\n|upkeep' [674 bytes]
DEBUG:websockets.client:< TEXT '>battle-gen9championsvgc2026regma-1915\n|reques...oCancel":true,"rqid":6}' [1420 bytes]
DEBUG:websockets.client:< TEXT '>battle-gen9championsvgc2026regma-1915\n|reques...ing":false}]},"rqid":7}' [1453 bytes]
DEBUG:live_vgc_base:forceSwitch forced_switch_model [battle-gen9championsvgc2026regma-1915] turn 1 a0=13 a1=None opp_splice=on
DEBUG:websockets.client:> TEXT 'battle-gen9championsvgc2026regma-1915|/choose switch Ditto, pass' [64 bytes]
DEBUG:websockets.client:< TEXT '>battle-gen9championsvgc2026regma-1915\n|\n|t:|...lity: Imposter\n|turn|2' [164 bytes]
DEBUG:websockets.client:< TEXT '>battle-gen9championsvgc2026regma-1915\n|\n|t:|...lity: Imposter\n|turn|2' [164 bytes]
DEBUG:websockets.client:< TEXT '>battle-gen9championsvgc2026regma-1915\n|reques...ing":false}]},"rqid":8}' [2198 bytes]
DEBUG:websockets.client:< TEXT '>battle-gen9championsvgc2026regma-1915\n|reques...ing":false}]},"rqid":9}' [2226 bytes]
INFO:player:Turn 2 [battle-gen9championsvgc2026regma-1915] value head win-prob: 0.172  (losing)
DEBUG:live_vgc_base:Turn 2 [battle-gen9championsvgc2026regma-1915] a0=0 a1=9 src=model opp_splice=on
DEBUG:websockets.client:> TEXT 'battle-gen9championsvgc2026regma-1915|/choose move heatwave, move icywind' [73 bytes]
DEBUG:vgc_base:Turn 2 [battle-gen9championsvgc2026regma-1915] a0=3 a1=10 src=heuristic g0=0 g1=0
DEBUG:websockets.client:> TEXT 'battle-gen9championsvgc2026regma-1915|/choose m...law 1, move solarbeam 2' [79 bytes]
DEBUG:websockets.client:< TEXT '>battle-gen9championsvgc2026regma-1915\n|\n|t:|...am\n|\n|upkeep\n|turn|3' [548 bytes]
DEBUG:websockets.client:< TEXT '>battle-gen9championsvgc2026regma-1915\n|\n|t:|...am\n|\n|upkeep\n|turn|3' [550 bytes]
DEBUG:websockets.client:< TEXT '>battle-gen9championsvgc2026regma-1915\n|reques...ng":false}]},"rqid":10}' [2198 bytes]
DEBUG:websockets.client:< TEXT '>battle-gen9championsvgc2026regma-1915\n|reques...ng":false}]},"rqid":11}' [1887 bytes]
DEBUG:vgc_base:Turn 3 [battle-gen9championsvgc2026regma-1915] a0=3 a1=10 src=heuristic g0=0 g1=0
DEBUG:websockets.client:> TEXT 'battle-gen9championsvgc2026regma-1915|/choose m...law 1, move solarbeam 2' [79 bytes]
INFO:player:Turn 3 [battle-gen9championsvgc2026regma-1915] value head win-prob: 0.558  (winning)
DEBUG:live_vgc_base:Turn 3 [battle-gen9championsvgc2026regma-1915] a0=0 a1=9 src=model opp_splice=on
DEBUG:websockets.client:> TEXT 'battle-gen9championsvgc2026regma-1915|/choose move heatwave, move icywind' [73 bytes]
DEBUG:websockets.client:< TEXT '>battle-gen9championsvgc2026regma-1915\n|\n|t:|...1b: Zoroark\n|\n|upkeep' [442 bytes]
DEBUG:websockets.client:< TEXT '>battle-gen9championsvgc2026regma-1915\n|\n|t:|...1b: Zoroark\n|\n|upkeep' [442 bytes]
DEBUG:websockets.client:< TEXT '>battle-gen9championsvgc2026regma-1915\n|reques...Cancel":true,"rqid":12}' [1417 bytes]
DEBUG:websockets.client:< TEXT '>battle-gen9championsvgc2026regma-1915\n|reques...ng":false}]},"rqid":13}' [1451 bytes]
DEBUG:live_vgc_base:forceSwitch forced_switch_model [battle-gen9championsvgc2026regma-1915] turn 3 a0=12 a1=None opp_splice=on
DEBUG:websockets.client:> TEXT 'battle-gen9championsvgc2026regma-1915|/choose switch Charizard, pass' [68 bytes]
DEBUG:websockets.client:< TEXT '>battle-gen9championsvgc2026regma-1915\n|\n|t:|...L50, M|168/168\n|turn|4' [112 bytes]
DEBUG:websockets.client:< TEXT '>battle-gen9championsvgc2026regma-1915\n|\n|t:|...L50, M|100/100\n|turn|4' [112 bytes]
DEBUG:websockets.client:< TEXT '>battle-gen9championsvgc2026regma-1915\n|reques...ng":false}]},"rqid":14}' [2183 bytes]
DEBUG:websockets.client:< TEXT '>battle-gen9championsvgc2026regma-1915\n|reques...ng":false}]},"rqid":15}' [2224 bytes]
DEBUG:vgc_base:Turn 4 [battle-gen9championsvgc2026regma-1915] a0=3 a1=0 src=heuristic g0=0 g1=0
DEBUG:websockets.client:> TEXT 'battle-gen9championsvgc2026regma-1915|/choose m...reclaw 1, move heatwave' [76 bytes]
INFO:player:Turn 4 [battle-gen9championsvgc2026regma-1915] value head win-prob: 0.066  (losing)
DEBUG:live_vgc_base:Turn 4 [battle-gen9championsvgc2026regma-1915] a0=0 a1=0 src=model opp_splice=on
DEBUG:vgc_base:_safe_order: action 0 slot 1 → None, scanning legal actions.
DEBUG:vgc_base:_safe_order: slot 1 has no decodable legal action — sending Pass.
DEBUG:websockets.client:> TEXT 'battle-gen9championsvgc2026regma-1915|/choose move heatwave mega, pass' [70 bytes]
DEBUG:websockets.client:< TEXT '>battle-gen9championsvgc2026regma-1915\n|\n|t:|...izard\n|upkeep\n|turn|5' [583 bytes]
DEBUG:websockets.client:< TEXT '>battle-gen9championsvgc2026regma-1915\n|\n|t:|...izard\n|upkeep\n|turn|5' [583 bytes]
DEBUG:websockets.client:< TEXT '>battle-gen9championsvgc2026regma-1915\n|reques...ng":false}]},"rqid":16}' [2170 bytes]
DEBUG:websockets.client:< TEXT '>battle-gen9championsvgc2026regma-1915\n|reques...ng":false}]},"rqid":17}' [2224 bytes]
DEBUG:vgc_base:Turn 5 [battle-gen9championsvgc2026regma-1915] a0=3 a1=0 src=heuristic g0=0 g1=0
DEBUG:websockets.client:> TEXT 'battle-gen9championsvgc2026regma-1915|/choose m...reclaw 1, move heatwave' [76 bytes]
INFO:player:Turn 5 [battle-gen9championsvgc2026regma-1915] value head win-prob: 0.014  (losing)
DEBUG:live_vgc_base:Turn 5 [battle-gen9championsvgc2026regma-1915] a0=0 a1=0 src=model opp_splice=on
DEBUG:vgc_base:_safe_order: action 0 slot 1 → None, scanning legal actions.
DEBUG:vgc_base:_safe_order: slot 1 has no decodable legal action — sending Pass.
DEBUG:websockets.client:> TEXT 'battle-gen9championsvgc2026regma-1915|/choose move heatwave, pass' [65 bytes]
DEBUG:websockets.client:< TEXT '>battle-gen9championsvgc2026regma-1915\n|\n|t:|...rizard\n|\n|win|OPheur3' [167 bytes]
DEBUG:websockets.client:< TEXT '>battle-gen9championsvgc2026regma-1915\n|\n|t:|...rizard\n|\n|win|OPheur3' [167 bytes]
DEBUG:websockets.client:< TEXT '|updatesearch|{"searching":[],"games":{"battle-... 2026 Reg M-A Battle"}}' [124 bytes]
INFO:vgc_base:Battle battle-gen9championsvgc2026regma-1915 finished — outcome: LOSS  (W/L/D so far: 0/1/0)
DEBUG:websockets.client:> TEXT '|/leave battle-gen9championsvgc2026regma-1915' [45 bytes]
DEBUG:websockets.client:< TEXT '|updatesearch|{"searching":[],"games":{"battle-... 2026 Reg M-A Battle"}}' [124 bytes]
DEBUG:websockets.client:> TEXT 'battle-gen9championsvgc2026regma-1916|/rejectopenteamsheets' [59 bytes]
INFO:vgc_base:Battle battle-gen9championsvgc2026regma-1915 finished — outcome: WIN  (W/L/D so far: 1/0/0)
DEBUG:websockets.client:> TEXT '|/leave battle-gen9championsvgc2026regma-1915' [45 bytes]
DEBUG:websockets.client:> TEXT '|/utm Sneasler||whiteherb|unburden|fakeout,dire...Naive|32,2,,,,32||||50|' [550 bytes]
DEBUG:websockets.client:> TEXT '|/challenge opheur3, gen9championsvgc2026regma' [46 bytes]
DEBUG:websockets.client:> TEXT 'battle-gen9championsvgc2026regma-1916|/rejectopenteamsheets' [59 bytes]
DEBUG:websockets.client:< TEXT '>battle-gen9championsvgc2026regma-1915\n|deinit' [46 bytes]
DEBUG:websockets.client:< TEXT '>battle-gen9championsvgc2026regma-1915\n|l|☆BC3' [48 bytes]
DEBUG:websockets.client:< TEXT '>battle-gen9championsvgc2026regma-1916\n|uhtmlchange|otsrequest|' [63 bytes]
DEBUG:websockets.client:< TEXT '>battle-gen9championsvgc2026regma-1916\nBC3 rejected open team sheets.' [69 bytes]
DEBUG:websockets.client:< TEXT '>battle-gen9championsvgc2026regma-1916\n|uhtmlchange|otsrequest|' [63 bytes]
DEBUG:websockets.client:< TEXT '>battle-gen9championsvgc2026regma-1916\nBC3 rejected open team sheets.' [69 bytes]
DEBUG:websockets.client:< TEXT '>battle-gen9championsvgc2026regma-1915\n|deinit' [46 bytes]
DEBUG:websockets.client:< TEXT '>battle-gen9championsvgc2026regma-1916\n|uhtmlchange|otsrequest|' [63 bytes]
DEBUG:websockets.client:< TEXT '>battle-gen9championsvgc2026regma-1916\n|uhtmlchange|otsrequest|' [63 bytes]
DEBUG:websockets.client:< TEXT '>battle-gen9championsvgc2026regma-1916\nOPheur3...ected open team sheets.' [73 bytes]
DEBUG:websockets.client:< TEXT '>battle-gen9championsvgc2026regma-1916\nOPheur3...ected open team sheets.' [73 bytes]
INFO:player:Team-preview [battle-gen9championsvgc2026regma-1916] NET drove: bring=['whimsicott', 'zoroarkhisui', 'ditto', 'charizardmegay'] leads=['whimsicott', 'zoroarkhisui'] (vs opp ['sneasler', 'charizard', 'whimsicott', 'basculegion', 'zoroarkhisui', 'ditto'])
INFO:vgc_base:Teampreview [battle-gen9championsvgc2026regma-1916] → /team 3562  (whimsicott, zoroarkhisui, ditto, charizardmegay)
DEBUG:websockets.client:> TEXT 'battle-gen9championsvgc2026regma-1916|/team 3562' [48 bytes]
DEBUG:vgc_base:Teampreview: first-4 roster order → ['sneasler', 'charizardmegay', 'whimsicott', 'basculegion']
INFO:vgc_base:Teampreview [battle-gen9championsvgc2026regma-1916] → /team 1234  (sneasler, charizardmegay, whimsicott, basculegion)
DEBUG:websockets.client:> TEXT 'battle-gen9championsvgc2026regma-1916|/team 1234' [48 bytes]
DEBUG:websockets.client:< TEXT '|pm| BC3| OPheur3|/challenge gen9championsvgc20...hampionsvgc2026regma|||' [83 bytes]
DEBUG:websockets.client:< TEXT '|pm| BC3| OPheur3|/challenge gen9championsvgc20...hampionsvgc2026regma|||' [83 bytes]
DEBUG:websockets.client:< TEXT '|pm| BC3| OPheur3|/log BC3 wants to battle!' [43 bytes]
DEBUG:websockets.client:< TEXT '|pm| BC3| OPheur3|/log BC3 wants to battle!' [43 bytes]
DEBUG:websockets.client:> TEXT '|/utm Sneasler||whiteherb|unburden|fakeout,dire...Naive|32,2,,,,32||||50|' [550 bytes]
DEBUG:websockets.client:> TEXT '|/accept bc3' [12 bytes]
DEBUG:websockets.client:< TEXT '|pm| OPheur3| BC3|/challenge' [28 bytes]
DEBUG:websockets.client:< TEXT '|pm| OPheur3| BC3|/challenge' [28 bytes]
DEBUG:websockets.client:< TEXT '|updatesearch|{"searching":[],"games":{"battle-... 2026 Reg M-A Battle"}}' [124 bytes]
DEBUG:websockets.client:< TEXT '|updatesearch|{"searching":[],"games":{"battle-... 2026 Reg M-A Battle"}}' [124 bytes]
DEBUG:websockets.client:< TEXT '|updatesearch|{"searching":[],"games":{"battle-... 2026 Reg M-A Battle"}}' [208 bytes]
DEBUG:websockets.client:< TEXT '|updatesearch|{"searching":[],"games":{"battle-... 2026 Reg M-A Battle"}}' [208 bytes]
DEBUG:websockets.client:< TEXT '|updatesearch|{"searching":[],"games":{"battle-... 2026 Reg M-A Battle"}}' [208 bytes]
DEBUG:websockets.client:< TEXT '|updatesearch|{"searching":[],"games":{"battle-... 2026 Reg M-A Battle"}}' [208 bytes]
DEBUG:websockets.client:< TEXT '>battle-gen9championsvgc2026regma-1917\n|init|b... vs. OPheur3\n|j|☆BC3\n' [85 bytes]
DEBUG:websockets.client:< TEXT '>battle-gen9championsvgc2026regma-1917\n|j|☆OPheur3' [52 bytes]
DEBUG:websockets.client:< TEXT '|pm| OPheur3| BC3|/nonotify OPheur3 accepted th...26regma-1917</a>&raquo;' [173 bytes]
DEBUG:websockets.client:< TEXT '>battle-gen9championsvgc2026regma-1917\n|init|b...n|j|☆BC3\n|j|☆OPheur3\n' [99 bytes]
DEBUG:websockets.client:< TEXT '|pm| OPheur3| BC3|/nonotify OPheur3 accepted th...26regma-1917</a>&raquo;' [173 bytes]
DEBUG:websockets.client:< TEXT '>battle-gen9championsvgc2026regma-1916\n|\n|t:|...L50, M|168/168\n|turn|1' [321 bytes]
DEBUG:websockets.client:< TEXT '>battle-gen9championsvgc2026regma-1916\n|reques...ing":false}]},"rqid":5}' [2236 bytes]
DEBUG:websockets.client:< TEXT '>battle-gen9championsvgc2026regma-1916\n|\n|t:|...L50, M|100/100\n|turn|1' [321 bytes]
DEBUG:websockets.client:< TEXT '>battle-gen9championsvgc2026regma-1916\n|reques...ing":false}]},"rqid":4}' [2167 bytes]
DEBUG:websockets.client:< TEXT '>battle-gen9championsvgc2026regma-1917\n|t:|1781645833\n|gametype|doubles' [71 bytes]
DEBUG:websockets.client:< TEXT '>battle-gen9championsvgc2026regma-1917\n|t:|1781645833\n|gametype|doubles' [71 bytes]
DEBUG:websockets.client:< TEXT '>battle-gen9championsvgc2026regma-1917\n|player|p1|BC3|169|' [58 bytes]
DEBUG:websockets.client:< TEXT '>battle-gen9championsvgc2026regma-1917\n|player|p1|BC3|169|' [58 bytes]
DEBUG:websockets.client:< TEXT '>battle-gen9championsvgc2026regma-1917\n|player...heets</strong></button>' [855 bytes]
DEBUG:websockets.client:< TEXT '>battle-gen9championsvgc2026regma-1917\n|reques...ing":false}]},"rqid":3}' [2097 bytes]
DEBUG:vgc_base:Turn 1 [battle-gen9championsvgc2026regma-1916] a0=3 a1=0 src=heuristic g0=0 g1=0
DEBUG:websockets.client:> TEXT 'battle-gen9championsvgc2026regma-1916|/choose m...reclaw 1, move heatwave' [76 bytes]
DEBUG:websockets.client:< TEXT '>battle-gen9championsvgc2026regma-1917\n|player...heets</strong></button>' [855 bytes]
DEBUG:websockets.client:< TEXT '>battle-gen9championsvgc2026regma-1917\n|reques...ing":false}]},"rqid":2}' [2093 bytes]
INFO:player:Turn 1 [battle-gen9championsvgc2026regma-1916] value head win-prob: 0.351  (losing)
DEBUG:live_vgc_base:Turn 1 [battle-gen9championsvgc2026regma-1916] a0=0 a1=9 src=model opp_splice=on
DEBUG:websockets.client:> TEXT 'battle-gen9championsvgc2026regma-1916|/choose move encore 1, move icywind' [73 bytes]
DEBUG:websockets.client:< TEXT '>battle-gen9championsvgc2026regma-1916\n|\n|t:|...rk|Illusion\n|\n|upkeep' [672 bytes]
DEBUG:websockets.client:< TEXT '>battle-gen9championsvgc2026regma-1916\n|\n|t:|...rk|Illusion\n|\n|upkeep' [674 bytes]
DEBUG:websockets.client:< TEXT '>battle-gen9championsvgc2026regma-1916\n|reques...oCancel":true,"rqid":6}' [1420 bytes]
DEBUG:websockets.client:< TEXT '>battle-gen9championsvgc2026regma-1916\n|reques...ing":false}]},"rqid":7}' [1453 bytes]
DEBUG:live_vgc_base:forceSwitch forced_switch_model [battle-gen9championsvgc2026regma-1916] turn 1 a0=13 a1=None opp_splice=on
DEBUG:websockets.client:> TEXT 'battle-gen9championsvgc2026regma-1916|/choose switch Ditto, pass' [64 bytes]
DEBUG:websockets.client:< TEXT '>battle-gen9championsvgc2026regma-1916\n|\n|t:|...lity: Imposter\n|turn|2' [164 bytes]
DEBUG:websockets.client:< TEXT '>battle-gen9championsvgc2026regma-1916\n|\n|t:|...lity: Imposter\n|turn|2' [164 bytes]
DEBUG:websockets.client:< TEXT '>battle-gen9championsvgc2026regma-1916\n|reques...ing":false}]},"rqid":9}' [2226 bytes]
DEBUG:websockets.client:< TEXT '>battle-gen9championsvgc2026regma-1916\n|reques...ing":false}]},"rqid":8}' [2198 bytes]
DEBUG:vgc_base:Turn 2 [battle-gen9championsvgc2026regma-1916] a0=3 a1=10 src=heuristic g0=0 g1=0
DEBUG:websockets.client:> TEXT 'battle-gen9championsvgc2026regma-1916|/choose m...law 1, move solarbeam 2' [79 bytes]
INFO:player:Turn 2 [battle-gen9championsvgc2026regma-1916] value head win-prob: 0.166  (losing)
DEBUG:live_vgc_base:Turn 2 [battle-gen9championsvgc2026regma-1916] a0=0 a1=9 src=model opp_splice=on
DEBUG:websockets.client:> TEXT 'battle-gen9championsvgc2026regma-1916|/choose move heatwave, move icywind' [73 bytes]
DEBUG:websockets.client:< TEXT '>battle-gen9championsvgc2026regma-1916\n|\n|t:|...] psn\n|upkeep\n|turn|3' [612 bytes]
DEBUG:websockets.client:< TEXT '>battle-gen9championsvgc2026regma-1916\n|\n|t:|...] psn\n|upkeep\n|turn|3' [614 bytes]
DEBUG:websockets.client:< TEXT '>battle-gen9championsvgc2026regma-1916\n|reques...ng":false}]},"rqid":10}' [2202 bytes]
DEBUG:websockets.client:< TEXT '>battle-gen9championsvgc2026regma-1916\n|reques...ng":false}]},"rqid":11}' [1887 bytes]
DEBUG:vgc_base:Turn 3 [battle-gen9championsvgc2026regma-1916] a0=3 a1=10 src=heuristic g0=0 g1=0
DEBUG:websockets.client:> TEXT 'battle-gen9championsvgc2026regma-1916|/choose m...law 1, move solarbeam 2' [79 bytes]
INFO:player:Turn 3 [battle-gen9championsvgc2026regma-1916] value head win-prob: 0.361  (losing)
DEBUG:live_vgc_base:Turn 3 [battle-gen9championsvgc2026regma-1916] a0=0 a1=9 src=model opp_splice=on
DEBUG:websockets.client:> TEXT 'battle-gen9championsvgc2026regma-1916|/choose move heatwave, move icywind' [73 bytes]
DEBUG:websockets.client:< TEXT '>battle-gen9championsvgc2026regma-1916\n|\n|t:|...1b: Zoroark\n|\n|upkeep' [432 bytes]
DEBUG:websockets.client:< TEXT '>battle-gen9championsvgc2026regma-1916\n|\n|t:|...1b: Zoroark\n|\n|upkeep' [432 bytes]
DEBUG:websockets.client:< TEXT '>battle-gen9championsvgc2026regma-1916\n|reques...ng":false}]},"rqid":12}' [1401 bytes]
DEBUG:websockets.client:< TEXT '>battle-gen9championsvgc2026regma-1916\n|reques...ng":false}]},"rqid":13}' [1466 bytes]
DEBUG:vgc_base:forceSwitch [battle-gen9championsvgc2026regma-1916] force=[True, False] → /choose switch Whimsicott / /choose pass
DEBUG:websockets.client:> TEXT 'battle-gen9championsvgc2026regma-1916|/choose switch Whimsicott, pass' [69 bytes]
DEBUG:live_vgc_base:forceSwitch forced_switch_model [battle-gen9championsvgc2026regma-1916] turn 3 a0=12 a1=None opp_splice=on
DEBUG:websockets.client:> TEXT 'battle-gen9championsvgc2026regma-1916|/choose switch Charizard, pass' [68 bytes]
DEBUG:websockets.client:< TEXT '>battle-gen9championsvgc2026regma-1916\n|\n|t:|...L50, M|168/168\n|turn|4' [163 bytes]
DEBUG:websockets.client:< TEXT '>battle-gen9championsvgc2026regma-1916\n|\n|t:|...L50, M|100/100\n|turn|4' [163 bytes]
DEBUG:websockets.client:< TEXT '>battle-gen9championsvgc2026regma-1916\n|reques...ng":false}]},"rqid":14}' [2183 bytes]
DEBUG:websockets.client:< TEXT '>battle-gen9championsvgc2026regma-1916\n|reques...ng":false}]},"rqid":15}' [2237 bytes]
DEBUG:vgc_base:Turn 4 [battle-gen9championsvgc2026regma-1916] a0=6 a1=0 src=heuristic g0=0 g1=0
DEBUG:websockets.client:> TEXT 'battle-gen9championsvgc2026regma-1916|/choose m...nblast 1, move heatwave' [77 bytes]
INFO:player:Turn 4 [battle-gen9championsvgc2026regma-1916] value head win-prob: 0.030  (losing)
DEBUG:live_vgc_base:Turn 4 [battle-gen9championsvgc2026regma-1916] a0=0 a1=0 src=model opp_splice=on
DEBUG:vgc_base:_safe_order: action 0 slot 1 → None, scanning legal actions.
DEBUG:vgc_base:_safe_order: slot 1 has no decodable legal action — sending Pass.
DEBUG:websockets.client:> TEXT 'battle-gen9championsvgc2026regma-1916|/choose move heatwave mega, pass' [70 bytes]
DEBUG:websockets.client:< TEXT '>battle-gen9championsvgc2026regma-1916\n|\n|t:|...nyDay|[upkeep]\n|upkeep' [663 bytes]
DEBUG:websockets.client:< TEXT '>battle-gen9championsvgc2026regma-1916\n|\n|t:|...nyDay|[upkeep]\n|upkeep' [662 bytes]
DEBUG:websockets.client:< TEXT '>battle-gen9championsvgc2026regma-1916\n|reques...ng":false}]},"rqid":16}' [1389 bytes]
DEBUG:websockets.client:< TEXT '>battle-gen9championsvgc2026regma-1916\n|reques...Cancel":true,"rqid":17}' [1470 bytes]
DEBUG:vgc_base:forceSwitch [battle-gen9championsvgc2026regma-1916] force=[False, True] → /choose pass / /choose switch Basculegion
DEBUG:websockets.client:> TEXT 'battle-gen9championsvgc2026regma-1916|/choose pass, switch Basculegion' [70 bytes]
DEBUG:websockets.client:< TEXT '>battle-gen9championsvgc2026regma-1916\n|\n|t:|...L50, M|100/100\n|turn|5' [116 bytes]
DEBUG:websockets.client:< TEXT '>battle-gen9championsvgc2026regma-1916\n|\n|t:|...L50, M|197/197\n|turn|5' [116 bytes]
DEBUG:websockets.client:< TEXT '>battle-gen9championsvgc2026regma-1916\n|reques...ng":false}]},"rqid":18}' [2167 bytes]
DEBUG:websockets.client:< TEXT '>battle-gen9championsvgc2026regma-1916\n|reques...ng":false}]},"rqid":19}' [2200 bytes]
INFO:player:Turn 5 [battle-gen9championsvgc2026regma-1916] value head win-prob: 0.022  (losing)
DEBUG:live_vgc_base:Turn 5 [battle-gen9championsvgc2026regma-1916] a0=0 a1=0 src=model opp_splice=on
DEBUG:vgc_base:_safe_order: action 0 slot 1 → None, scanning legal actions.
DEBUG:vgc_base:_safe_order: slot 1 has no decodable legal action — sending Pass.
DEBUG:websockets.client:> TEXT 'battle-gen9championsvgc2026regma-1916|/choose move heatwave, pass' [65 bytes]
DEBUG:vgc_base:Turn 5 [battle-gen9championsvgc2026regma-1916] a0=6 a1=3 src=heuristic g0=0 g1=0
DEBUG:websockets.client:> TEXT 'battle-gen9championsvgc2026regma-1916|/choose m...ast 1, move wavecrash 1' [80 bytes]
DEBUG:websockets.client:< TEXT '>battle-gen9championsvgc2026regma-1916\n|\n|t:|...Recoil\n|\n|win|OPheur3' [576 bytes]
DEBUG:websockets.client:< TEXT '>battle-gen9championsvgc2026regma-1916\n|\n|t:|...Recoil\n|\n|win|OPheur3' [576 bytes]
DEBUG:websockets.client:< TEXT '|updatesearch|{"searching":[],"games":{"battle-... 2026 Reg M-A Battle"}}' [124 bytes]
INFO:vgc_base:Battle battle-gen9championsvgc2026regma-1916 finished — outcome: LOSS  (W/L/D so far: 0/2/0)
DEBUG:websockets.client:> TEXT '|/leave battle-gen9championsvgc2026regma-1916' [45 bytes]
DEBUG:websockets.client:< TEXT '|updatesearch|{"searching":[],"games":{"battle-... 2026 Reg M-A Battle"}}' [124 bytes]
DEBUG:websockets.client:> TEXT 'battle-gen9championsvgc2026regma-1917|/rejectopenteamsheets' [59 bytes]
INFO:vgc_base:Battle battle-gen9championsvgc2026regma-1916 finished — outcome: WIN  (W/L/D so far: 2/0/0)
DEBUG:websockets.client:> TEXT '|/leave battle-gen9championsvgc2026regma-1916' [45 bytes]
DEBUG:websockets.client:> TEXT '|/utm Sneasler||whiteherb|unburden|fakeout,dire...Naive|32,2,,,,32||||50|' [550 bytes]
DEBUG:websockets.client:> TEXT '|/challenge opheur3, gen9championsvgc2026regma' [46 bytes]
DEBUG:websockets.client:> TEXT 'battle-gen9championsvgc2026regma-1917|/rejectopenteamsheets' [59 bytes]
DEBUG:websockets.client:< TEXT '>battle-gen9championsvgc2026regma-1916\n|deinit' [46 bytes]
DEBUG:websockets.client:< TEXT '>battle-gen9championsvgc2026regma-1916\n|l|☆BC3' [48 bytes]
DEBUG:websockets.client:< TEXT '>battle-gen9championsvgc2026regma-1917\n|uhtmlchange|otsrequest|' [63 bytes]
DEBUG:websockets.client:< TEXT '>battle-gen9championsvgc2026regma-1917\nBC3 rejected open team sheets.' [69 bytes]
DEBUG:websockets.client:< TEXT '>battle-gen9championsvgc2026regma-1917\n|uhtmlchange|otsrequest|' [63 bytes]
DEBUG:websockets.client:< TEXT '>battle-gen9championsvgc2026regma-1917\nBC3 rejected open team sheets.' [69 bytes]
DEBUG:websockets.client:< TEXT '>battle-gen9championsvgc2026regma-1916\n|deinit' [46 bytes]
DEBUG:websockets.client:< TEXT '>battle-gen9championsvgc2026regma-1917\n|uhtmlchange|otsrequest|' [63 bytes]
DEBUG:websockets.client:< TEXT '>battle-gen9championsvgc2026regma-1917\n|uhtmlchange|otsrequest|' [63 bytes]
DEBUG:websockets.client:< TEXT '>battle-gen9championsvgc2026regma-1917\nOPheur3...ected open team sheets.' [73 bytes]
DEBUG:websockets.client:< TEXT '>battle-gen9championsvgc2026regma-1917\nOPheur3...ected open team sheets.' [73 bytes]
INFO:player:Team-preview [battle-gen9championsvgc2026regma-1917] NET drove: bring=['whimsicott', 'zoroarkhisui', 'ditto', 'charizardmegay'] leads=['whimsicott', 'zoroarkhisui'] (vs opp ['sneasler', 'charizard', 'whimsicott', 'basculegion', 'zoroarkhisui', 'ditto'])
INFO:vgc_base:Teampreview [battle-gen9championsvgc2026regma-1917] → /team 3562  (whimsicott, zoroarkhisui, ditto, charizardmegay)
DEBUG:websockets.client:> TEXT 'battle-gen9championsvgc2026regma-1917|/team 3562' [48 bytes]
DEBUG:vgc_base:Teampreview: first-4 roster order → ['sneasler', 'charizardmegay', 'whimsicott', 'basculegion']
INFO:vgc_base:Teampreview [battle-gen9championsvgc2026regma-1917] → /team 1234  (sneasler, charizardmegay, whimsicott, basculegion)
DEBUG:websockets.client:> TEXT 'battle-gen9championsvgc2026regma-1917|/team 1234' [48 bytes]
DEBUG:websockets.client:< TEXT '|pm| BC3| OPheur3|/challenge gen9championsvgc20...hampionsvgc2026regma|||' [83 bytes]
DEBUG:websockets.client:< TEXT '|pm| BC3| OPheur3|/challenge gen9championsvgc20...hampionsvgc2026regma|||' [83 bytes]
DEBUG:websockets.client:< TEXT '|pm| BC3| OPheur3|/log BC3 wants to battle!' [43 bytes]
DEBUG:websockets.client:< TEXT '|pm| BC3| OPheur3|/log BC3 wants to battle!' [43 bytes]
DEBUG:websockets.client:> TEXT '|/utm Sneasler||whiteherb|unburden|fakeout,dire...Naive|32,2,,,,32||||50|' [550 bytes]
DEBUG:websockets.client:> TEXT '|/accept bc3' [12 bytes]
DEBUG:websockets.client:< TEXT '>battle-gen9championsvgc2026regma-1917\n|\n|t:|...L50, M|100/100\n|turn|1' [321 bytes]
DEBUG:websockets.client:< TEXT '>battle-gen9championsvgc2026regma-1917\n|\n|t:|...L50, M|168/168\n|turn|1' [321 bytes]
DEBUG:websockets.client:< TEXT '>battle-gen9championsvgc2026regma-1917\n|reques...ing":false}]},"rqid":5}' [2236 bytes]
DEBUG:websockets.client:< TEXT '|pm| OPheur3| BC3|/challenge' [28 bytes]
DEBUG:websockets.client:< TEXT '>battle-gen9championsvgc2026regma-1917\n|reques...ing":false}]},"rqid":4}' [2167 bytes]
DEBUG:websockets.client:< TEXT '|updatesearch|{"searching":[],"games":{"battle-... 2026 Reg M-A Battle"}}' [124 bytes]
DEBUG:websockets.client:< TEXT '|updatesearch|{"searching":[],"games":{"battle-... 2026 Reg M-A Battle"}}' [208 bytes]
DEBUG:vgc_base:Turn 1 [battle-gen9championsvgc2026regma-1917] a0=3 a1=0 src=heuristic g0=0 g1=0
DEBUG:websockets.client:> TEXT 'battle-gen9championsvgc2026regma-1917|/choose m...reclaw 1, move heatwave' [76 bytes]
DEBUG:websockets.client:< TEXT '|pm| OPheur3| BC3|/challenge' [28 bytes]
DEBUG:websockets.client:< TEXT '|updatesearch|{"searching":[],"games":{"battle-... 2026 Reg M-A Battle"}}' [124 bytes]
DEBUG:websockets.client:< TEXT '|updatesearch|{"searching":[],"games":{"battle-... 2026 Reg M-A Battle"}}' [208 bytes]
DEBUG:websockets.client:< TEXT '|updatesearch|{"searching":[],"games":{"battle-... 2026 Reg M-A Battle"}}' [208 bytes]
DEBUG:websockets.client:< TEXT '>battle-gen9championsvgc2026regma-1918\n|init|b... vs. OPheur3\n|j|☆BC3\n' [85 bytes]
DEBUG:websockets.client:< TEXT '|updatesearch|{"searching":[],"games":{"battle-... 2026 Reg M-A Battle"}}' [208 bytes]
DEBUG:websockets.client:< TEXT '>battle-gen9championsvgc2026regma-1918\n|init|b...n|j|☆BC3\n|j|☆OPheur3\n' [99 bytes]
DEBUG:websockets.client:< TEXT '|pm| OPheur3| BC3|/nonotify OPheur3 accepted th...26regma-1918</a>&raquo;' [173 bytes]
DEBUG:websockets.client:< TEXT '>battle-gen9championsvgc2026regma-1918\n|t:|1781645833\n|gametype|doubles' [71 bytes]
DEBUG:websockets.client:< TEXT '>battle-gen9championsvgc2026regma-1918\n|j|☆OPheur3' [52 bytes]
DEBUG:websockets.client:< TEXT '|pm| OPheur3| BC3|/nonotify OPheur3 accepted th...26regma-1918</a>&raquo;' [173 bytes]
DEBUG:websockets.client:< TEXT '>battle-gen9championsvgc2026regma-1918\n|t:|1781645833\n|gametype|doubles' [71 bytes]
DEBUG:websockets.client:< TEXT '>battle-gen9championsvgc2026regma-1918\n|player|p1|BC3|169|' [58 bytes]
DEBUG:websockets.client:< TEXT '>battle-gen9championsvgc2026regma-1918\n|player...heets</strong></button>' [855 bytes]
DEBUG:websockets.client:< TEXT '>battle-gen9championsvgc2026regma-1918\n|reques...ing":false}]},"rqid":2}' [2093 bytes]
INFO:player:Turn 1 [battle-gen9championsvgc2026regma-1917] value head win-prob: 0.351  (losing)
DEBUG:live_vgc_base:Turn 1 [battle-gen9championsvgc2026regma-1917] a0=0 a1=9 src=model opp_splice=on
DEBUG:websockets.client:> TEXT 'battle-gen9championsvgc2026regma-1917|/choose move encore 1, move icywind' [73 bytes]
DEBUG:websockets.client:< TEXT '>battle-gen9championsvgc2026regma-1918\n|player|p1|BC3|169|' [58 bytes]
DEBUG:websockets.client:< TEXT '>battle-gen9championsvgc2026regma-1918\n|player...heets</strong></button>' [855 bytes]
DEBUG:websockets.client:< TEXT '>battle-gen9championsvgc2026regma-1918\n|reques...ing":false}]},"rqid":3}' [2097 bytes]
DEBUG:websockets.client:< TEXT '>battle-gen9championsvgc2026regma-1917\n|\n|t:|...rk|Illusion\n|\n|upkeep' [673 bytes]
DEBUG:websockets.client:< TEXT '>battle-gen9championsvgc2026regma-1917\n|\n|t:|...rk|Illusion\n|\n|upkeep' [675 bytes]
DEBUG:websockets.client:< TEXT '>battle-gen9championsvgc2026regma-1917\n|reques...oCancel":true,"rqid":6}' [1420 bytes]
DEBUG:websockets.client:< TEXT '>battle-gen9championsvgc2026regma-1917\n|reques...ing":false}]},"rqid":7}' [1453 bytes]
DEBUG:live_vgc_base:forceSwitch forced_switch_model [battle-gen9championsvgc2026regma-1917] turn 1 a0=13 a1=None opp_splice=on
DEBUG:websockets.client:> TEXT 'battle-gen9championsvgc2026regma-1917|/choose switch Ditto, pass' [64 bytes]
DEBUG:websockets.client:< TEXT '>battle-gen9championsvgc2026regma-1917\n|\n|t:|...lity: Imposter\n|turn|2' [164 bytes]
DEBUG:websockets.client:< TEXT '>battle-gen9championsvgc2026regma-1917\n|\n|t:|...lity: Imposter\n|turn|2' [164 bytes]
DEBUG:websockets.client:< TEXT '>battle-gen9championsvgc2026regma-1917\n|reques...ing":false}]},"rqid":9}' [2226 bytes]
DEBUG:websockets.client:< TEXT '>battle-gen9championsvgc2026regma-1917\n|reques...ing":false}]},"rqid":8}' [2198 bytes]
DEBUG:vgc_base:Turn 2 [battle-gen9championsvgc2026regma-1917] a0=3 a1=10 src=heuristic g0=0 g1=0
DEBUG:websockets.client:> TEXT 'battle-gen9championsvgc2026regma-1917|/choose m...law 1, move solarbeam 2' [79 bytes]
INFO:player:Turn 2 [battle-gen9championsvgc2026regma-1917] value head win-prob: 0.168  (losing)
DEBUG:live_vgc_base:Turn 2 [battle-gen9championsvgc2026regma-1917] a0=0 a1=9 src=model opp_splice=on
DEBUG:websockets.client:> TEXT 'battle-gen9championsvgc2026regma-1917|/choose move heatwave, move icywind' [73 bytes]
DEBUG:websockets.client:< TEXT '>battle-gen9championsvgc2026regma-1917\n|\n|t:|...am\n|\n|upkeep\n|turn|3' [548 bytes]
DEBUG:websockets.client:< TEXT '>battle-gen9championsvgc2026regma-1917\n|\n|t:|...am\n|\n|upkeep\n|turn|3' [549 bytes]
DEBUG:websockets.client:< TEXT '>battle-gen9championsvgc2026regma-1917\n|reques...ng":false}]},"rqid":10}' [2198 bytes]
DEBUG:websockets.client:< TEXT '>battle-gen9championsvgc2026regma-1917\n|reques...ng":false}]},"rqid":11}' [1887 bytes]
DEBUG:vgc_base:Turn 3 [battle-gen9championsvgc2026regma-1917] a0=3 a1=10 src=heuristic g0=0 g1=0
DEBUG:websockets.client:> TEXT 'battle-gen9championsvgc2026regma-1917|/choose m...law 1, move solarbeam 2' [79 bytes]
INFO:player:Turn 3 [battle-gen9championsvgc2026regma-1917] value head win-prob: 0.570  (winning)
DEBUG:live_vgc_base:Turn 3 [battle-gen9championsvgc2026regma-1917] a0=0 a1=9 src=model opp_splice=on
DEBUG:websockets.client:> TEXT 'battle-gen9championsvgc2026regma-1917|/choose move heatwave, move icywind' [73 bytes]
DEBUG:websockets.client:< TEXT '>battle-gen9championsvgc2026regma-1917\n|\n|t:|...1b: Zoroark\n|\n|upkeep' [514 bytes]
DEBUG:websockets.client:< TEXT '>battle-gen9championsvgc2026regma-1917\n|\n|t:|...1b: Zoroark\n|\n|upkeep' [515 bytes]
DEBUG:websockets.client:< TEXT '>battle-gen9championsvgc2026regma-1917\n|reques...ng":false}]},"rqid":12}' [1439 bytes]
DEBUG:websockets.client:< TEXT '>battle-gen9championsvgc2026regma-1917\n|reques...ng":false}]},"rqid":13}' [1466 bytes]
DEBUG:vgc_base:forceSwitch [battle-gen9championsvgc2026regma-1917] force=[True, False] → /choose switch Basculegion / /choose pass
DEBUG:websockets.client:> TEXT 'battle-gen9championsvgc2026regma-1917|/choose switch Basculegion, pass' [70 bytes]
DEBUG:live_vgc_base:forceSwitch forced_switch_model [battle-gen9championsvgc2026regma-1917] turn 3 a0=None a1=12 opp_splice=on
DEBUG:websockets.client:> TEXT 'battle-gen9championsvgc2026regma-1917|/choose pass, switch Charizard' [68 bytes]
DEBUG:websockets.client:< TEXT ">battle-gen9championsvgc2026regma-1917\n|error|...ch to an active Pokémon" [115 bytes]
DEBUG:live_vgc_base:forceSwitch forced_switch_model [battle-gen9championsvgc2026regma-1917] turn 3 a0=None a1=12 opp_splice=on
DEBUG:websockets.client:> TEXT 'battle-gen9championsvgc2026regma-1917|/choose pass, switch Charizard' [68 bytes]
DEBUG:websockets.client:< TEXT ">battle-gen9championsvgc2026regma-1917\n|error|...ch to an active Pokémon" [115 bytes]
WARNING:vgc_base:forceSwitch [battle-gen9championsvgc2026regma-1917] re-requested 3× (order rejected) — sending /choose default.
DEBUG:websockets.client:> TEXT 'battle-gen9championsvgc2026regma-1917|/choose default' [53 bytes]
DEBUG:websockets.client:< TEXT '>battle-gen9championsvgc2026regma-1917\n|\n|t:|...L50, M|168/168\n|turn|4' [165 bytes]
DEBUG:websockets.client:< TEXT '>battle-gen9championsvgc2026regma-1917\n|\n|t:|...L50, M|100/100\n|turn|4' [165 bytes]
DEBUG:websockets.client:< TEXT '>battle-gen9championsvgc2026regma-1917\n|reques...ng":false}]},"rqid":14}' [2207 bytes]
DEBUG:websockets.client:< TEXT '>battle-gen9championsvgc2026regma-1917\n|reques...ng":false}]},"rqid":15}' [2233 bytes]
DEBUG:vgc_base:Turn 4 [battle-gen9championsvgc2026regma-1917] a0=3 a1=0 src=heuristic g0=0 g1=0
DEBUG:websockets.client:> TEXT 'battle-gen9championsvgc2026regma-1917|/choose m...ecrash 1, move heatwave' [77 bytes]
INFO:player:Turn 4 [battle-gen9championsvgc2026regma-1917] value head win-prob: 0.094  (losing)
DEBUG:live_vgc_base:Turn 4 [battle-gen9championsvgc2026regma-1917] a0=0 a1=0 src=model opp_splice=on
DEBUG:websockets.client:> TEXT 'battle-gen9championsvgc2026regma-1917|/choose m...ave, move heatwave mega' [79 bytes]
DEBUG:websockets.client:< TEXT '>battle-gen9championsvgc2026regma-1917\n|\n|t:|...nyDay|[upkeep]\n|upkeep' [630 bytes]
DEBUG:websockets.client:< TEXT '>battle-gen9championsvgc2026regma-1917\n|\n|t:|...nyDay|[upkeep]\n|upkeep' [632 bytes]
DEBUG:websockets.client:< TEXT '>battle-gen9championsvgc2026regma-1917\n|reques...ng":false}]},"rqid":16}' [1389 bytes]
DEBUG:websockets.client:< TEXT '>battle-gen9championsvgc2026regma-1917\n|reques...Cancel":true,"rqid":17}' [1481 bytes]
DEBUG:vgc_base:forceSwitch [battle-gen9championsvgc2026regma-1917] force=[False, True] → /choose pass / /choose switch Whimsicott
DEBUG:websockets.client:> TEXT 'battle-gen9championsvgc2026regma-1917|/choose pass, switch Whimsicott' [69 bytes]
DEBUG:websockets.client:< TEXT '>battle-gen9championsvgc2026regma-1917\n|\n|t:|...L50, F|100/100\n|turn|5' [114 bytes]
DEBUG:websockets.client:< TEXT '>battle-gen9championsvgc2026regma-1917\n|\n|t:|...L50, F|137/137\n|turn|5' [114 bytes]
DEBUG:websockets.client:< TEXT '>battle-gen9championsvgc2026regma-1917\n|reques...ng":false}]},"rqid":18}' [1878 bytes]
DEBUG:websockets.client:< TEXT '>battle-gen9championsvgc2026regma-1917\n|reques...ng":false}]},"rqid":19}' [2211 bytes]
DEBUG:vgc_base:Turn 5 [battle-gen9championsvgc2026regma-1917] a0=4 a1=7 src=heuristic g0=0 g1=0
DEBUG:websockets.client:> TEXT 'battle-gen9championsvgc2026regma-1917|/choose m...ash 2, move moonblast 2' [80 bytes]
INFO:player:Turn 5 [battle-gen9championsvgc2026regma-1917] value head win-prob: 0.009  (losing)
DEBUG:live_vgc_base:Turn 5 [battle-gen9championsvgc2026regma-1917] a0=0 a1=0 src=model opp_splice=on
DEBUG:vgc_base:_safe_order: action 0 slot 0 → None, scanning legal actions.
DEBUG:vgc_base:_safe_order: slot 0 has no decodable legal action — sending Pass.
DEBUG:websockets.client:> TEXT 'battle-gen9championsvgc2026regma-1917|/choose pass, move heatwave' [65 bytes]
DEBUG:websockets.client:< TEXT '>battle-gen9championsvgc2026regma-1917\n|\n|t:|...Recoil\n|\n|win|OPheur3' [664 bytes]
DEBUG:websockets.client:< TEXT '>battle-gen9championsvgc2026regma-1917\n|\n|t:|...Recoil\n|\n|win|OPheur3' [664 bytes]
DEBUG:websockets.client:< TEXT '|updatesearch|{"searching":[],"games":{"battle-... 2026 Reg M-A Battle"}}' [124 bytes]
INFO:vgc_base:Battle battle-gen9championsvgc2026regma-1917 finished — outcome: LOSS  (W/L/D so far: 0/3/0)
DEBUG:websockets.client:> TEXT '|/leave battle-gen9championsvgc2026regma-1917' [45 bytes]
DEBUG:websockets.client:< TEXT '|updatesearch|{"searching":[],"games":{"battle-... 2026 Reg M-A Battle"}}' [124 bytes]
DEBUG:websockets.client:> TEXT 'battle-gen9championsvgc2026regma-1918|/rejectopenteamsheets' [59 bytes]
INFO:vgc_base:Battle battle-gen9championsvgc2026regma-1917 finished — outcome: WIN  (W/L/D so far: 3/0/0)
DEBUG:websockets.client:> TEXT '|/leave battle-gen9championsvgc2026regma-1917' [45 bytes]
DEBUG:websockets.client:> TEXT '|/utm Sneasler||whiteherb|unburden|fakeout,dire...Naive|32,2,,,,32||||50|' [550 bytes]
DEBUG:websockets.client:> TEXT '|/challenge opheur3, gen9championsvgc2026regma' [46 bytes]
DEBUG:websockets.client:> TEXT 'battle-gen9championsvgc2026regma-1918|/rejectopenteamsheets' [59 bytes]
DEBUG:websockets.client:< TEXT '>battle-gen9championsvgc2026regma-1917\n|deinit' [46 bytes]
DEBUG:websockets.client:< TEXT '>battle-gen9championsvgc2026regma-1917\n|l|☆BC3' [48 bytes]
DEBUG:websockets.client:< TEXT '>battle-gen9championsvgc2026regma-1918\n|uhtmlchange|otsrequest|' [63 bytes]
DEBUG:websockets.client:< TEXT '>battle-gen9championsvgc2026regma-1918\nBC3 rejected open team sheets.' [69 bytes]
DEBUG:websockets.client:< TEXT '>battle-gen9championsvgc2026regma-1918\n|uhtmlchange|otsrequest|' [63 bytes]
DEBUG:websockets.client:< TEXT '>battle-gen9championsvgc2026regma-1918\nBC3 rejected open team sheets.' [69 bytes]
DEBUG:websockets.client:< TEXT '>battle-gen9championsvgc2026regma-1917\n|deinit' [46 bytes]
DEBUG:websockets.client:< TEXT '>battle-gen9championsvgc2026regma-1918\n|uhtmlchange|otsrequest|' [63 bytes]
DEBUG:websockets.client:< TEXT '>battle-gen9championsvgc2026regma-1918\n|uhtmlchange|otsrequest|' [63 bytes]
DEBUG:websockets.client:< TEXT '>battle-gen9championsvgc2026regma-1918\nOPheur3...ected open team sheets.' [73 bytes]
DEBUG:websockets.client:< TEXT '>battle-gen9championsvgc2026regma-1918\nOPheur3...ected open team sheets.' [73 bytes]
INFO:player:Team-preview [battle-gen9championsvgc2026regma-1918] NET drove: bring=['whimsicott', 'zoroarkhisui', 'ditto', 'charizardmegay'] leads=['whimsicott', 'zoroarkhisui'] (vs opp ['sneasler', 'charizard', 'whimsicott', 'basculegion', 'zoroarkhisui', 'ditto'])
INFO:vgc_base:Teampreview [battle-gen9championsvgc2026regma-1918] → /team 3562  (whimsicott, zoroarkhisui, ditto, charizardmegay)
DEBUG:websockets.client:> TEXT 'battle-gen9championsvgc2026regma-1918|/team 3562' [48 bytes]
DEBUG:vgc_base:Teampreview: first-4 roster order → ['sneasler', 'charizardmegay', 'whimsicott', 'basculegion']
INFO:vgc_base:Teampreview [battle-gen9championsvgc2026regma-1918] → /team 1234  (sneasler, charizardmegay, whimsicott, basculegion)
DEBUG:websockets.client:> TEXT 'battle-gen9championsvgc2026regma-1918|/team 1234' [48 bytes]
DEBUG:websockets.client:< TEXT '|pm| BC3| OPheur3|/challenge gen9championsvgc20...hampionsvgc2026regma|||' [83 bytes]
DEBUG:websockets.client:< TEXT '|pm| BC3| OPheur3|/challenge gen9championsvgc20...hampionsvgc2026regma|||' [83 bytes]
DEBUG:websockets.client:< TEXT '|pm| BC3| OPheur3|/log BC3 wants to battle!' [43 bytes]
DEBUG:websockets.client:< TEXT '|pm| BC3| OPheur3|/log BC3 wants to battle!' [43 bytes]
DEBUG:websockets.client:> TEXT '|/utm Sneasler||whiteherb|unburden|fakeout,dire...Naive|32,2,,,,32||||50|' [550 bytes]
DEBUG:websockets.client:> TEXT '|/accept bc3' [12 bytes]
DEBUG:websockets.client:< TEXT '>battle-gen9championsvgc2026regma-1918\n|\n|t:|...L50, F|100/100\n|turn|1' [321 bytes]
DEBUG:websockets.client:< TEXT '>battle-gen9championsvgc2026regma-1918\n|\n|t:|...L50, F|168/168\n|turn|1' [321 bytes]
DEBUG:websockets.client:< TEXT '>battle-gen9championsvgc2026regma-1918\n|reques...ing":false}]},"rqid":4}' [2167 bytes]
DEBUG:websockets.client:< TEXT '>battle-gen9championsvgc2026regma-1918\n|reques...ing":false}]},"rqid":5}' [2236 bytes]
DEBUG:websockets.client:< TEXT '|pm| OPheur3| BC3|/challenge' [28 bytes]
INFO:player:Turn 1 [battle-gen9championsvgc2026regma-1918] value head win-prob: 0.351  (losing)
DEBUG:live_vgc_base:Turn 1 [battle-gen9championsvgc2026regma-1918] a0=0 a1=9 src=model opp_splice=on
DEBUG:websockets.client:> TEXT 'battle-gen9championsvgc2026regma-1918|/choose move encore 1, move icywind' [73 bytes]
DEBUG:websockets.client:< TEXT '|pm| OPheur3| BC3|/challenge' [28 bytes]
DEBUG:websockets.client:< TEXT '|updatesearch|{"searching":[],"games":{"battle-... 2026 Reg M-A Battle"}}' [124 bytes]
DEBUG:websockets.client:< TEXT '|updatesearch|{"searching":[],"games":{"battle-... 2026 Reg M-A Battle"}}' [124 bytes]
DEBUG:websockets.client:< TEXT '|updatesearch|{"searching":[],"games":{"battle-... 2026 Reg M-A Battle"}}' [208 bytes]
DEBUG:websockets.client:< TEXT '|updatesearch|{"searching":[],"games":{"battle-... 2026 Reg M-A Battle"}}' [208 bytes]
DEBUG:websockets.client:< TEXT '|updatesearch|{"searching":[],"games":{"battle-... 2026 Reg M-A Battle"}}' [208 bytes]
DEBUG:websockets.client:< TEXT '|updatesearch|{"searching":[],"games":{"battle-... 2026 Reg M-A Battle"}}' [208 bytes]
DEBUG:websockets.client:< TEXT '>battle-gen9championsvgc2026regma-1919\n|init|b...n|j|☆BC3\n|j|☆OPheur3\n' [99 bytes]
DEBUG:websockets.client:< TEXT '|pm| OPheur3| BC3|/nonotify OPheur3 accepted th...26regma-1919</a>&raquo;' [173 bytes]
DEBUG:websockets.client:< TEXT '>battle-gen9championsvgc2026regma-1919\n|t:|1781645833\n|gametype|doubles' [71 bytes]
DEBUG:websockets.client:< TEXT '>battle-gen9championsvgc2026regma-1919\n|player|p1|BC3|169|' [58 bytes]
DEBUG:websockets.client:< TEXT '>battle-gen9championsvgc2026regma-1919\n|player...heets</strong></button>' [855 bytes]
DEBUG:websockets.client:< TEXT '>battle-gen9championsvgc2026regma-1919\n|reques...ing":false}]},"rqid":3}' [2097 bytes]
DEBUG:vgc_base:Turn 1 [battle-gen9championsvgc2026regma-1918] a0=3 a1=0 src=heuristic g0=0 g1=0
DEBUG:websockets.client:> TEXT 'battle-gen9championsvgc2026regma-1918|/choose m...reclaw 1, move heatwave' [76 bytes]
DEBUG:websockets.client:< TEXT '>battle-gen9championsvgc2026regma-1919\n|init|b... vs. OPheur3\n|j|☆BC3\n' [85 bytes]
DEBUG:websockets.client:< TEXT '>battle-gen9championsvgc2026regma-1919\n|j|☆OPheur3' [52 bytes]
DEBUG:websockets.client:< TEXT '|pm| OPheur3| BC3|/nonotify OPheur3 accepted th...26regma-1919</a>&raquo;' [173 bytes]
DEBUG:websockets.client:< TEXT '>battle-gen9championsvgc2026regma-1919\n|t:|1781645833\n|gametype|doubles' [71 bytes]
DEBUG:websockets.client:< TEXT '>battle-gen9championsvgc2026regma-1919\n|player|p1|BC3|169|' [58 bytes]
DEBUG:websockets.client:< TEXT '>battle-gen9championsvgc2026regma-1919\n|player...heets</strong></button>' [855 bytes]
DEBUG:websockets.client:< TEXT '>battle-gen9championsvgc2026regma-1919\n|reques...ing":false}]},"rqid":2}' [2093 bytes]
DEBUG:websockets.client:< TEXT '>battle-gen9championsvgc2026regma-1918\n|\n|t:|...rk|Illusion\n|\n|upkeep' [672 bytes]
DEBUG:websockets.client:< TEXT '>battle-gen9championsvgc2026regma-1918\n|\n|t:|...rk|Illusion\n|\n|upkeep' [674 bytes]
DEBUG:websockets.client:< TEXT '>battle-gen9championsvgc2026regma-1918\n|reques...oCancel":true,"rqid":6}' [1420 bytes]
DEBUG:websockets.client:< TEXT '>battle-gen9championsvgc2026regma-1918\n|reques...ing":false}]},"rqid":7}' [1453 bytes]
DEBUG:live_vgc_base:forceSwitch forced_switch_model [battle-gen9championsvgc2026regma-1918] turn 1 a0=13 a1=None opp_splice=on
DEBUG:websockets.client:> TEXT 'battle-gen9championsvgc2026regma-1918|/choose switch Ditto, pass' [64 bytes]
DEBUG:websockets.client:< TEXT '>battle-gen9championsvgc2026regma-1918\n|\n|t:|...lity: Imposter\n|turn|2' [164 bytes]
DEBUG:websockets.client:< TEXT '>battle-gen9championsvgc2026regma-1918\n|\n|t:|...lity: Imposter\n|turn|2' [164 bytes]
DEBUG:websockets.client:< TEXT '>battle-gen9championsvgc2026regma-1918\n|reques...ing":false}]},"rqid":8}' [2198 bytes]
DEBUG:websockets.client:< TEXT '>battle-gen9championsvgc2026regma-1918\n|reques...ing":false}]},"rqid":9}' [2226 bytes]
DEBUG:vgc_base:Turn 2 [battle-gen9championsvgc2026regma-1918] a0=3 a1=10 src=heuristic g0=0 g1=0
DEBUG:websockets.client:> TEXT 'battle-gen9championsvgc2026regma-1918|/choose m...law 1, move solarbeam 2' [79 bytes]
INFO:player:Turn 2 [battle-gen9championsvgc2026regma-1918] value head win-prob: 0.181  (losing)
DEBUG:live_vgc_base:Turn 2 [battle-gen9championsvgc2026regma-1918] a0=0 a1=9 src=model opp_splice=on
DEBUG:websockets.client:> TEXT 'battle-gen9championsvgc2026regma-1918|/choose move heatwave, move icywind' [73 bytes]
DEBUG:websockets.client:< TEXT '>battle-gen9championsvgc2026regma-1918\n|\n|t:|...am\n|\n|upkeep\n|turn|3' [548 bytes]
DEBUG:websockets.client:< TEXT '>battle-gen9championsvgc2026regma-1918\n|\n|t:|...am\n|\n|upkeep\n|turn|3' [549 bytes]
DEBUG:websockets.client:< TEXT '>battle-gen9championsvgc2026regma-1918\n|reques...ng":false}]},"rqid":10}' [2198 bytes]
DEBUG:websockets.client:< TEXT '>battle-gen9championsvgc2026regma-1918\n|reques...ng":false}]},"rqid":11}' [1887 bytes]
DEBUG:vgc_base:Turn 3 [battle-gen9championsvgc2026regma-1918] a0=3 a1=10 src=heuristic g0=0 g1=0
DEBUG:websockets.client:> TEXT 'battle-gen9championsvgc2026regma-1918|/choose m...law 1, move solarbeam 2' [79 bytes]
INFO:player:Turn 3 [battle-gen9championsvgc2026regma-1918] value head win-prob: 0.544  (even)
DEBUG:live_vgc_base:Turn 3 [battle-gen9championsvgc2026regma-1918] a0=0 a1=9 src=model opp_splice=on
DEBUG:websockets.client:> TEXT 'battle-gen9championsvgc2026regma-1918|/choose move heatwave, move icywind' [73 bytes]
DEBUG:websockets.client:< TEXT '>battle-gen9championsvgc2026regma-1918\n|\n|t:|...1b: Zoroark\n|\n|upkeep' [441 bytes]
DEBUG:websockets.client:< TEXT '>battle-gen9championsvgc2026regma-1918\n|\n|t:|...1b: Zoroark\n|\n|upkeep' [442 bytes]
DEBUG:websockets.client:< TEXT '>battle-gen9championsvgc2026regma-1918\n|reques...Cancel":true,"rqid":12}' [1417 bytes]
DEBUG:websockets.client:< TEXT '>battle-gen9championsvgc2026regma-1918\n|reques...ng":false}]},"rqid":13}' [1452 bytes]
DEBUG:live_vgc_base:forceSwitch forced_switch_model [battle-gen9championsvgc2026regma-1918] turn 3 a0=12 a1=None opp_splice=on
DEBUG:websockets.client:> TEXT 'battle-gen9championsvgc2026regma-1918|/choose switch Charizard, pass' [68 bytes]
DEBUG:websockets.client:< TEXT '>battle-gen9championsvgc2026regma-1918\n|\n|t:|...L50, F|168/168\n|turn|4' [112 bytes]
DEBUG:websockets.client:< TEXT '>battle-gen9championsvgc2026regma-1918\n|\n|t:|...L50, F|100/100\n|turn|4' [112 bytes]
DEBUG:websockets.client:< TEXT '>battle-gen9championsvgc2026regma-1918\n|reques...ng":false}]},"rqid":14}' [2183 bytes]
DEBUG:websockets.client:< TEXT '>battle-gen9championsvgc2026regma-1918\n|reques...ng":false}]},"rqid":15}' [2225 bytes]
DEBUG:vgc_base:Turn 4 [battle-gen9championsvgc2026regma-1918] a0=3 a1=0 src=heuristic g0=0 g1=0
DEBUG:websockets.client:> TEXT 'battle-gen9championsvgc2026regma-1918|/choose m...reclaw 1, move heatwave' [76 bytes]
INFO:player:Turn 4 [battle-gen9championsvgc2026regma-1918] value head win-prob: 0.062  (losing)
DEBUG:live_vgc_base:Turn 4 [battle-gen9championsvgc2026regma-1918] a0=0 a1=0 src=model opp_splice=on
DEBUG:vgc_base:_safe_order: action 0 slot 1 → None, scanning legal actions.
DEBUG:vgc_base:_safe_order: slot 1 has no decodable legal action — sending Pass.
DEBUG:websockets.client:> TEXT 'battle-gen9championsvgc2026regma-1918|/choose move heatwave mega, pass' [70 bytes]
DEBUG:websockets.client:< TEXT '>battle-gen9championsvgc2026regma-1918\n|\n|t:|...rizard\n|\n|win|OPheur3' [626 bytes]
DEBUG:websockets.client:< TEXT '>battle-gen9championsvgc2026regma-1918\n|\n|t:|...rizard\n|\n|win|OPheur3' [626 bytes]
DEBUG:websockets.client:< TEXT '|updatesearch|{"searching":[],"games":{"battle-... 2026 Reg M-A Battle"}}' [124 bytes]
INFO:vgc_base:Battle battle-gen9championsvgc2026regma-1918 finished — outcome: LOSS  (W/L/D so far: 0/4/0)
DEBUG:websockets.client:> TEXT '|/leave battle-gen9championsvgc2026regma-1918' [45 bytes]
DEBUG:websockets.client:< TEXT '|updatesearch|{"searching":[],"games":{"battle-... 2026 Reg M-A Battle"}}' [124 bytes]
DEBUG:websockets.client:> TEXT 'battle-gen9championsvgc2026regma-1919|/rejectopenteamsheets' [59 bytes]
INFO:vgc_base:Battle battle-gen9championsvgc2026regma-1918 finished — outcome: WIN  (W/L/D so far: 4/0/0)
DEBUG:websockets.client:> TEXT '|/leave battle-gen9championsvgc2026regma-1918' [45 bytes]
DEBUG:websockets.client:> TEXT 'battle-gen9championsvgc2026regma-1919|/rejectopenteamsheets' [59 bytes]
DEBUG:websockets.client:< TEXT '>battle-gen9championsvgc2026regma-1918\n|deinit' [46 bytes]
DEBUG:websockets.client:< TEXT '>battle-gen9championsvgc2026regma-1918\n|l|☆BC3' [48 bytes]
DEBUG:websockets.client:< TEXT '>battle-gen9championsvgc2026regma-1919\n|uhtmlchange|otsrequest|' [63 bytes]
DEBUG:websockets.client:< TEXT '>battle-gen9championsvgc2026regma-1919\nBC3 rejected open team sheets.' [69 bytes]
DEBUG:websockets.client:< TEXT '>battle-gen9championsvgc2026regma-1919\n|uhtmlchange|otsrequest|' [63 bytes]
DEBUG:websockets.client:< TEXT '>battle-gen9championsvgc2026regma-1919\nBC3 rejected open team sheets.' [69 bytes]
DEBUG:websockets.client:< TEXT '>battle-gen9championsvgc2026regma-1918\n|deinit' [46 bytes]
DEBUG:websockets.client:< TEXT '>battle-gen9championsvgc2026regma-1919\n|uhtmlchange|otsrequest|' [63 bytes]
DEBUG:websockets.client:< TEXT '>battle-gen9championsvgc2026regma-1919\n|uhtmlchange|otsrequest|' [63 bytes]
DEBUG:websockets.client:< TEXT '>battle-gen9championsvgc2026regma-1919\nOPheur3...ected open team sheets.' [73 bytes]
DEBUG:websockets.client:< TEXT '>battle-gen9championsvgc2026regma-1919\nOPheur3...ected open team sheets.' [73 bytes]
INFO:player:Team-preview [battle-gen9championsvgc2026regma-1919] NET drove: bring=['whimsicott', 'zoroarkhisui', 'ditto', 'charizardmegay'] leads=['whimsicott', 'zoroarkhisui'] (vs opp ['sneasler', 'charizard', 'whimsicott', 'basculegion', 'zoroarkhisui', 'ditto'])
INFO:vgc_base:Teampreview [battle-gen9championsvgc2026regma-1919] → /team 3562  (whimsicott, zoroarkhisui, ditto, charizardmegay)
DEBUG:websockets.client:> TEXT 'battle-gen9championsvgc2026regma-1919|/team 3562' [48 bytes]
DEBUG:vgc_base:Teampreview: first-4 roster order → ['sneasler', 'charizardmegay', 'whimsicott', 'basculegion']
INFO:vgc_base:Teampreview [battle-gen9championsvgc2026regma-1919] → /team 1234  (sneasler, charizardmegay, whimsicott, basculegion)
DEBUG:websockets.client:> TEXT 'battle-gen9championsvgc2026regma-1919|/team 1234' [48 bytes]
DEBUG:websockets.client:< TEXT '>battle-gen9championsvgc2026regma-1919\n|\n|t:|...L50, F|100/100\n|turn|1' [321 bytes]
DEBUG:websockets.client:< TEXT '>battle-gen9championsvgc2026regma-1919\n|\n|t:|...L50, F|168/168\n|turn|1' [321 bytes]
DEBUG:websockets.client:< TEXT '>battle-gen9championsvgc2026regma-1919\n|reques...ing":false}]},"rqid":4}' [2167 bytes]
DEBUG:websockets.client:< TEXT '>battle-gen9championsvgc2026regma-1919\n|reques...ing":false}]},"rqid":5}' [2236 bytes]
DEBUG:vgc_base:Turn 1 [battle-gen9championsvgc2026regma-1919] a0=3 a1=0 src=heuristic g0=0 g1=0
DEBUG:websockets.client:> TEXT 'battle-gen9championsvgc2026regma-1919|/choose m...reclaw 1, move heatwave' [76 bytes]
INFO:player:Turn 1 [battle-gen9championsvgc2026regma-1919] value head win-prob: 0.351  (losing)
DEBUG:live_vgc_base:Turn 1 [battle-gen9championsvgc2026regma-1919] a0=0 a1=9 src=model opp_splice=on
DEBUG:websockets.client:> TEXT 'battle-gen9championsvgc2026regma-1919|/choose move encore 1, move icywind' [73 bytes]
DEBUG:websockets.client:< TEXT '>battle-gen9championsvgc2026regma-1919\n|\n|t:|...rk|Illusion\n|\n|upkeep' [673 bytes]
DEBUG:websockets.client:< TEXT '>battle-gen9championsvgc2026regma-1919\n|\n|t:|...rk|Illusion\n|\n|upkeep' [675 bytes]
DEBUG:websockets.client:< TEXT '>battle-gen9championsvgc2026regma-1919\n|reques...oCancel":true,"rqid":6}' [1420 bytes]
DEBUG:websockets.client:< TEXT '>battle-gen9championsvgc2026regma-1919\n|reques...ing":false}]},"rqid":7}' [1453 bytes]
DEBUG:live_vgc_base:forceSwitch forced_switch_model [battle-gen9championsvgc2026regma-1919] turn 1 a0=13 a1=None opp_splice=on
DEBUG:websockets.client:> TEXT 'battle-gen9championsvgc2026regma-1919|/choose switch Ditto, pass' [64 bytes]
DEBUG:websockets.client:< TEXT '>battle-gen9championsvgc2026regma-1919\n|\n|t:|...lity: Imposter\n|turn|2' [164 bytes]
DEBUG:websockets.client:< TEXT '>battle-gen9championsvgc2026regma-1919\n|\n|t:|...lity: Imposter\n|turn|2' [164 bytes]
DEBUG:websockets.client:< TEXT '>battle-gen9championsvgc2026regma-1919\n|reques...ing":false}]},"rqid":8}' [2198 bytes]
DEBUG:websockets.client:< TEXT '>battle-gen9championsvgc2026regma-1919\n|reques...ing":false}]},"rqid":9}' [2226 bytes]
DEBUG:vgc_base:Turn 2 [battle-gen9championsvgc2026regma-1919] a0=3 a1=10 src=heuristic g0=0 g1=0
DEBUG:websockets.client:> TEXT 'battle-gen9championsvgc2026regma-1919|/choose m...law 1, move solarbeam 2' [79 bytes]
INFO:player:Turn 2 [battle-gen9championsvgc2026regma-1919] value head win-prob: 0.174  (losing)
DEBUG:live_vgc_base:Turn 2 [battle-gen9championsvgc2026regma-1919] a0=0 a1=9 src=model opp_splice=on
DEBUG:websockets.client:> TEXT 'battle-gen9championsvgc2026regma-1919|/choose move heatwave, move icywind' [73 bytes]
DEBUG:websockets.client:< TEXT '>battle-gen9championsvgc2026regma-1919\n|\n|t:|...] psn\n|upkeep\n|turn|3' [612 bytes]
DEBUG:websockets.client:< TEXT '>battle-gen9championsvgc2026regma-1919\n|\n|t:|...] psn\n|upkeep\n|turn|3' [613 bytes]
DEBUG:websockets.client:< TEXT '>battle-gen9championsvgc2026regma-1919\n|reques...ng":false}]},"rqid":10}' [2202 bytes]
DEBUG:websockets.client:< TEXT '>battle-gen9championsvgc2026regma-1919\n|reques...ng":false}]},"rqid":11}' [1887 bytes]
DEBUG:vgc_base:Turn 3 [battle-gen9championsvgc2026regma-1919] a0=3 a1=10 src=heuristic g0=0 g1=0
DEBUG:websockets.client:> TEXT 'battle-gen9championsvgc2026regma-1919|/choose m...law 1, move solarbeam 2' [79 bytes]
INFO:player:Turn 3 [battle-gen9championsvgc2026regma-1919] value head win-prob: 0.396  (losing)
DEBUG:live_vgc_base:Turn 3 [battle-gen9championsvgc2026regma-1919] a0=0 a1=9 src=model opp_splice=on
DEBUG:websockets.client:> TEXT 'battle-gen9championsvgc2026regma-1919|/choose move heatwave, move icywind' [73 bytes]
DEBUG:websockets.client:< TEXT '>battle-gen9championsvgc2026regma-1919\n|\n|t:|...1b: Zoroark\n|\n|upkeep' [433 bytes]
DEBUG:websockets.client:< TEXT '>battle-gen9championsvgc2026regma-1919\n|\n|t:|...1b: Zoroark\n|\n|upkeep' [433 bytes]
DEBUG:websockets.client:< TEXT '>battle-gen9championsvgc2026regma-1919\n|reques...ng":false}]},"rqid":12}' [1401 bytes]
DEBUG:websockets.client:< TEXT '>battle-gen9championsvgc2026regma-1919\n|reques...ng":false}]},"rqid":13}' [1466 bytes]
DEBUG:vgc_base:forceSwitch [battle-gen9championsvgc2026regma-1919] force=[True, False] → /choose switch Whimsicott / /choose pass
DEBUG:websockets.client:> TEXT 'battle-gen9championsvgc2026regma-1919|/choose switch Whimsicott, pass' [69 bytes]
DEBUG:live_vgc_base:forceSwitch forced_switch_model [battle-gen9championsvgc2026regma-1919] turn 3 a0=12 a1=None opp_splice=on
DEBUG:websockets.client:> TEXT 'battle-gen9championsvgc2026regma-1919|/choose switch Charizard, pass' [68 bytes]
DEBUG:websockets.client:< TEXT '>battle-gen9championsvgc2026regma-1919\n|\n|t:|...L50, M|168/168\n|turn|4' [163 bytes]
DEBUG:websockets.client:< TEXT '>battle-gen9championsvgc2026regma-1919\n|\n|t:|...L50, M|100/100\n|turn|4' [163 bytes]
DEBUG:websockets.client:< TEXT '>battle-gen9championsvgc2026regma-1919\n|reques...ng":false}]},"rqid":14}' [2183 bytes]
DEBUG:websockets.client:< TEXT '>battle-gen9championsvgc2026regma-1919\n|reques...ng":false}]},"rqid":15}' [2237 bytes]
INFO:player:Turn 4 [battle-gen9championsvgc2026regma-1919] value head win-prob: 0.031  (losing)
DEBUG:live_vgc_base:Turn 4 [battle-gen9championsvgc2026regma-1919] a0=0 a1=0 src=model opp_splice=on
DEBUG:vgc_base:_safe_order: action 0 slot 1 → None, scanning legal actions.
DEBUG:vgc_base:_safe_order: slot 1 has no decodable legal action — sending Pass.
DEBUG:websockets.client:> TEXT 'battle-gen9championsvgc2026regma-1919|/choose move heatwave mega, pass' [70 bytes]
DEBUG:vgc_base:Turn 4 [battle-gen9championsvgc2026regma-1919] a0=6 a1=0 src=heuristic g0=0 g1=0
DEBUG:websockets.client:> TEXT 'battle-gen9championsvgc2026regma-1919|/choose m...nblast 1, move heatwave' [77 bytes]
DEBUG:websockets.client:< TEXT '>battle-gen9championsvgc2026regma-1919\n|\n|t:|...nyDay|[upkeep]\n|upkeep' [708 bytes]
DEBUG:websockets.client:< TEXT '>battle-gen9championsvgc2026regma-1919\n|\n|t:|...nyDay|[upkeep]\n|upkeep' [707 bytes]
DEBUG:websockets.client:< TEXT '>battle-gen9championsvgc2026regma-1919\n|reques...ng":false}]},"rqid":16}' [1389 bytes]
DEBUG:websockets.client:< TEXT '>battle-gen9championsvgc2026regma-1919\n|reques...Cancel":true,"rqid":17}' [1469 bytes]
DEBUG:vgc_base:forceSwitch slot 1: no available switch — '/choose default' (handled poke-env desync).
DEBUG:vgc_base:forceSwitch DIAG [battle-gen9championsvgc2026regma-1919] turn=4 slot=1 force=[True, True] available_switches=[['basculegion'], ['basculegion']] own_bench_mons=['basculegion'] request_state={'Whimsicott': 'actfnt', 'Charizard': 'actfnt', 'Sneasler': 'fnt', 'Basculegion': ''} team_keys=['p2: Sneasler', 'p2: Charizard', 'p2: Whimsicott', 'p2: Basculegion', 'p2: Zoroark', 'p2: Ditto'] team=[sneasler(act=False,fnt=True,hp=0), charizard(act=True,fnt=True,hp=0), whimsicott(act=True,fnt=True,hp=0), basculegion(act=False,fnt=False,hp=1.0), zoroarkhisui(act=False,fnt=False,hp=1.0), ditto(act=False,fnt=False,hp=1.0)]
DEBUG:websockets.client:> TEXT 'battle-gen9championsvgc2026regma-1919|/choose default' [53 bytes]
DEBUG:websockets.client:< TEXT '>battle-gen9championsvgc2026regma-1919\n|\n|t:|...L50, M|100/100\n|turn|5' [116 bytes]
DEBUG:websockets.client:< TEXT '>battle-gen9championsvgc2026regma-1919\n|\n|t:|...L50, M|197/197\n|turn|5' [116 bytes]
DEBUG:websockets.client:< TEXT '>battle-gen9championsvgc2026regma-1919\n|reques...ng":false}]},"rqid":18}' [2167 bytes]
DEBUG:websockets.client:< TEXT '>battle-gen9championsvgc2026regma-1919\n|reques...ng":false}]},"rqid":19}' [2221 bytes]
INFO:player:Turn 5 [battle-gen9championsvgc2026regma-1919] value head win-prob: 0.904  (winning)
DEBUG:live_vgc_base:Turn 5 [battle-gen9championsvgc2026regma-1919] a0=0 a1=0 src=model opp_splice=on
DEBUG:vgc_base:_safe_order: action 0 slot 1 → None, scanning legal actions.
DEBUG:vgc_base:_safe_order: slot 1 has no decodable legal action — sending Pass.
DEBUG:websockets.client:> TEXT 'battle-gen9championsvgc2026regma-1919|/choose move heatwave, pass' [65 bytes]
DEBUG:vgc_base:Turn 5 [battle-gen9championsvgc2026regma-1919] a0=3 a1=0 src=heuristic g0=0 g1=0
DEBUG:vgc_base:_safe_order: action 0 slot 1 → None, scanning legal actions.
DEBUG:vgc_base:_safe_order: slot 1 has no decodable legal action — sending Pass.
DEBUG:websockets.client:> TEXT 'battle-gen9championsvgc2026regma-1919|/choose move wavecrash 1, pass' [68 bytes]
DEBUG:websockets.client:< TEXT '>battle-gen9championsvgc2026regma-1919\n|\n|t:|...Recoil\n|\n|win|OPheur3' [363 bytes]
DEBUG:websockets.client:< TEXT '>battle-gen9championsvgc2026regma-1919\n|\n|t:|...Recoil\n|\n|win|OPheur3' [364 bytes]
DEBUG:websockets.client:< TEXT '|updatesearch|{"searching":[],"games":null}' [43 bytes]
INFO:vgc_base:Battle battle-gen9championsvgc2026regma-1919 finished — outcome: LOSS  (W/L/D so far: 0/5/0)
DEBUG:websockets.client:> TEXT '|/leave battle-gen9championsvgc2026regma-1919' [45 bytes]
DEBUG:websockets.client:< TEXT '|updatesearch|{"searching":[],"games":null}' [43 bytes]
INFO:vgc_base:Battle battle-gen9championsvgc2026regma-1919 finished — outcome: WIN  (W/L/D so far: 5/0/0)
DEBUG:websockets.client:> TEXT '|/leave battle-gen9championsvgc2026regma-1919' [45 bytes]
DEBUG:websockets.client:< TEXT '>battle-gen9championsvgc2026regma-1919\n|deinit' [46 bytes]
DEBUG:websockets.client:< TEXT '>battle-gen9championsvgc2026regma-1919\n|l|☆BC3' [48 bytes]
DEBUG:websockets.client:< TEXT '>battle-gen9championsvgc2026regma-1919\n|deinit' [46 bytes]
DEBUG:websockets.client:> CLOSE 1000 (OK) [2 bytes]
DEBUG:websockets.client:= connection is CLOSING
DEBUG:websockets.client:< CLOSE 1000 (OK) [2 bytes]
DEBUG:websockets.client:< EOF
DEBUG:websockets.client:> EOF
DEBUG:websockets.client:= connection is CLOSED
DEBUG:websockets.client:x half-closing TCP connection
DEBUG:websockets.client:> CLOSE 1000 (OK) [2 bytes]
DEBUG:websockets.client:= connection is CLOSING
DEBUG:websockets.client:< CLOSE 1000 (OK) [2 bytes]
DEBUG:websockets.client:< EOF
DEBUG:websockets.client:> EOF
DEBUG:websockets.client:= connection is CLOSED
DEBUG:websockets.client:x half-closing TCP connection
INFO:__main__:vs heuristic: 0/5
