DEBUG:asyncio:Using proactor: IocpProactor
DEBUG:asyncio:Using proactor: IocpProactor
INFO:run_local_battle:Showdown server already running on port 8000 — skipping launch.
INFO:run_local_battle:Loaded team from D:\ShowdownProject\Victory-Dance\teams\M-A\Trickery
INFO:run_local_battle:Loaded team from D:\ShowdownProject\Victory-Dance\teams\M-A\Trickery
INFO:vgc_base:Loaded default BeliefState from D:\ShowdownProject\Victory-Dance\data\pikalytics_regma.json
INFO:player:VGCPlayer: loaded battle model from D:\ShowdownProject\Victory-Dance\ai_train_scripts\BC_model\checkpoints\bc_best.pt (heads=('our_a', 'our_b'))
INFO:player:VGCPlayer: loaded team-chooser from D:\ShowdownProject\Victory-Dance\ai_train_scripts\teamPreview_model\checkpoints\teampreview_best.pt (vocab=190)
INFO:player:VGCPlayer ready (gap-#6 splice) | battle_model=loaded (D:\ShowdownProject\Victory-Dance\ai_train_scripts\BC_model\checkpoints\bc_best.pt) | team_chooser=loaded (D:\ShowdownProject\Victory-Dance\ai_train_scripts\teamPreview_model\checkpoints\teampreview_best.pt) | replay=D:\ShowdownProject\Victory-Dance\replay_buffer\BC1.jsonl
INFO:random_player:RandomVGCPlayer ready (gap-#6 splice) | replay=D:\ShowdownProject\Victory-Dance\replay_buffer\OPrand1.jsonl
DEBUG:websockets.client:= connection is CONNECTING
DEBUG:websockets.client:> GET /showdown/websocket HTTP/1.1
DEBUG:websockets.client:> Host: localhost:8000
DEBUG:websockets.client:> Upgrade: websocket
DEBUG:websockets.client:> Connection: Upgrade
DEBUG:websockets.client:> Sec-WebSocket-Key: eHPVqIIEQqQZozYqNZ6UWA==
DEBUG:websockets.client:> Sec-WebSocket-Version: 13
DEBUG:websockets.client:> Sec-WebSocket-Extensions: permessage-deflate; client_max_window_bits
DEBUG:websockets.client:> User-Agent: Python/3.12 websockets/16.0
DEBUG:websockets.client:< HTTP/1.1 101 Switching Protocols
DEBUG:websockets.client:< Upgrade: websocket
DEBUG:websockets.client:< Connection: Upgrade
DEBUG:websockets.client:< Sec-WebSocket-Accept: ylm14dJK9OZLMEHJNVm1p29vM+o=
DEBUG:websockets.client:= connection is OPEN
DEBUG:websockets.client:< TEXT '|updateuser| Guest 1177|0|101|{"blockChallenges...c|[Gen 1] Custom Game,c' [8618 bytes]
DEBUG:websockets.client:< TEXT '|challstr|4|d298ad6a83475d6d686e97c613dbcf8d882...c34ffc930c83953571e6e28' [268 bytes]
DEBUG:websockets.client:> TEXT '|/trn BC1,0,' [12 bytes]
DEBUG:websockets.client:< TEXT '|updatesearch|{"searching":[],"games":null}' [43 bytes]
DEBUG:websockets.client:< TEXT '|updateuser| BC1|1|266|{"blockChallenges":false...:false,"language":null}' [346 bytes]
DEBUG:websockets.client:< TEXT '|updatesearch|{"searching":[],"games":null}' [43 bytes]
DEBUG:websockets.client:= connection is CONNECTING
DEBUG:websockets.client:> GET /showdown/websocket HTTP/1.1
DEBUG:websockets.client:> Host: localhost:8000
DEBUG:websockets.client:> Upgrade: websocket
DEBUG:websockets.client:> Connection: Upgrade
DEBUG:websockets.client:> Sec-WebSocket-Key: iZwxIArrNuI1UerZPn3f3Q==
DEBUG:websockets.client:> Sec-WebSocket-Version: 13
DEBUG:websockets.client:> Sec-WebSocket-Extensions: permessage-deflate; client_max_window_bits
DEBUG:websockets.client:> User-Agent: Python/3.12 websockets/16.0
DEBUG:websockets.client:< HTTP/1.1 101 Switching Protocols
DEBUG:websockets.client:< Upgrade: websocket
DEBUG:websockets.client:< Connection: Upgrade
DEBUG:websockets.client:< Sec-WebSocket-Accept: paJvDvg7qoResKITTBTi58AdxvU=
DEBUG:websockets.client:= connection is OPEN
DEBUG:websockets.client:< TEXT '|updateuser| Guest 1178|0|102|{"blockChallenges...c|[Gen 1] Custom Game,c' [8618 bytes]
DEBUG:websockets.client:< TEXT '|challstr|4|062d607a0030a0529aeff1cb1233d39ad0b...2d75cdcdfc9b3eae401dffa' [268 bytes]
DEBUG:websockets.client:> TEXT '|/trn OPrand1,0,' [16 bytes]
DEBUG:websockets.client:< TEXT '|updatesearch|{"searching":[],"games":null}' [43 bytes]
DEBUG:websockets.client:< TEXT '|updateuser| OPrand1|1|266|{"blockChallenges":f...:false,"language":null}' [350 bytes]
DEBUG:websockets.client:< TEXT '|updatesearch|{"searching":[],"games":null}' [43 bytes]
DEBUG:websockets.client:> TEXT '|/utm Sneasler||whiteherb|unburden|fakeout,dire...Naive|32,2,,,,32||||50|' [550 bytes]
DEBUG:websockets.client:> TEXT '|/challenge oprand1, gen9championsvgc2026regma' [46 bytes]
DEBUG:websockets.client:< TEXT '|pm| BC1| OPrand1|/challenge gen9championsvgc20...hampionsvgc2026regma|||' [83 bytes]
DEBUG:websockets.client:< TEXT '|pm| BC1| OPrand1|/challenge gen9championsvgc20...hampionsvgc2026regma|||' [83 bytes]
DEBUG:websockets.client:< TEXT '|pm| BC1| OPrand1|/log BC1 wants to battle!' [43 bytes]
DEBUG:websockets.client:< TEXT '|pm| BC1| OPrand1|/log BC1 wants to battle!' [43 bytes]
DEBUG:websockets.client:> TEXT '|/utm Sneasler||whiteherb|unburden|fakeout,dire...Naive|32,2,,,,32||||50|' [550 bytes]
DEBUG:websockets.client:> TEXT '|/accept bc1' [12 bytes]
DEBUG:websockets.client:< TEXT '|pm| OPrand1| BC1|/challenge' [28 bytes]
DEBUG:websockets.client:< TEXT '|pm| OPrand1| BC1|/challenge' [28 bytes]
DEBUG:websockets.client:< TEXT '|updatesearch|{"searching":[],"games":null}' [43 bytes]
DEBUG:websockets.client:< TEXT '|updatesearch|{"searching":[],"games":null}' [43 bytes]
DEBUG:websockets.client:< TEXT '|updatesearch|{"searching":[],"games":{"battle-... 2026 Reg M-A Battle"}}' [124 bytes]
DEBUG:websockets.client:< TEXT '|updatesearch|{"searching":[],"games":{"battle-... 2026 Reg M-A Battle"}}' [124 bytes]
DEBUG:websockets.client:< TEXT '|updatesearch|{"searching":[],"games":{"battle-... 2026 Reg M-A Battle"}}' [124 bytes]
DEBUG:websockets.client:< TEXT '|updatesearch|{"searching":[],"games":{"battle-... 2026 Reg M-A Battle"}}' [124 bytes]
DEBUG:websockets.client:< TEXT '>battle-gen9championsvgc2026regma-1890\n|init|b... vs. OPrand1\n|j|\u2606BC1\n' [85 bytes]
DEBUG:websockets.client:< TEXT '>battle-gen9championsvgc2026regma-1890\n|init|b...n|j|\u2606BC1\n|j|\u2606OPrand1\n' [99 bytes]
DEBUG:websockets.client:< TEXT '>battle-gen9championsvgc2026regma-1890\n|j|\u2606OPrand1' [52 bytes]
DEBUG:websockets.client:< TEXT '|pm| OPrand1| BC1|/nonotify OPrand1 accepted th...26regma-1890</a>&raquo;' [173 bytes]
DEBUG:websockets.client:> TEXT 'battle-gen9championsvgc2026regma-1890|/rejectopenteamsheets' [59 bytes]
DEBUG:websockets.client:< TEXT '|pm| OPrand1| BC1|/nonotify OPrand1 accepted th...26regma-1890</a>&raquo;' [173 bytes]
DEBUG:websockets.client:< TEXT '>battle-gen9championsvgc2026regma-1890\n|t:|1781645512\n|gametype|doubles' [71 bytes]
DEBUG:websockets.client:< TEXT '>battle-gen9championsvgc2026regma-1890\n|t:|1781645512\n|gametype|doubles' [71 bytes]
DEBUG:websockets.client:> TEXT '|/utm Sneasler||whiteherb|unburden|fakeout,dire...Naive|32,2,,,,32||||50|' [550 bytes]
DEBUG:websockets.client:> TEXT '|/challenge oprand1, gen9championsvgc2026regma' [46 bytes]
DEBUG:websockets.client:< TEXT '>battle-gen9championsvgc2026regma-1890\n|player|p1|BC1|266|' [58 bytes]
DEBUG:websockets.client:< TEXT '>battle-gen9championsvgc2026regma-1890\n|player...heets</strong></button>' [857 bytes]
DEBUG:websockets.client:> TEXT 'battle-gen9championsvgc2026regma-1890|/rejectopenteamsheets' [59 bytes]
DEBUG:websockets.client:< TEXT '>battle-gen9championsvgc2026regma-1890\n|player|p1|BC1|266|' [58 bytes]
DEBUG:websockets.client:< TEXT '>battle-gen9championsvgc2026regma-1890\n|player...heets</strong></button>' [857 bytes]
DEBUG:websockets.client:< TEXT '>battle-gen9championsvgc2026regma-1890\n|reques...ing":false}]},"rqid":2}' [2093 bytes]
DEBUG:websockets.client:< TEXT '>battle-gen9championsvgc2026regma-1890\n|reques...ing":false}]},"rqid":3}' [2097 bytes]
DEBUG:websockets.client:< TEXT '>battle-gen9championsvgc2026regma-1890\n|uhtmlchange|otsrequest|' [63 bytes]
DEBUG:websockets.client:< TEXT '>battle-gen9championsvgc2026regma-1890\nBC1 rejected open team sheets.' [69 bytes]
DEBUG:websockets.client:< TEXT '>battle-gen9championsvgc2026regma-1890\n|uhtmlchange|otsrequest|' [63 bytes]
DEBUG:websockets.client:< TEXT '>battle-gen9championsvgc2026regma-1890\nBC1 rejected open team sheets.' [69 bytes]
DEBUG:websockets.client:< TEXT '>battle-gen9championsvgc2026regma-1890\n|uhtmlchange|otsrequest|' [63 bytes]
INFO:vgc_base:Teampreview [battle-gen9championsvgc2026regma-1890] \u2192 /team 4213  (basculegion, charizardmegay, sneasler, whimsicott)
DEBUG:websockets.client:> TEXT 'battle-gen9championsvgc2026regma-1890|/team 4213' [48 bytes]
DEBUG:websockets.client:< TEXT '>battle-gen9championsvgc2026regma-1890\n|uhtmlchange|otsrequest|' [63 bytes]
DEBUG:websockets.client:< TEXT '>battle-gen9championsvgc2026regma-1890\nOPrand1...ected open team sheets.' [73 bytes]
INFO:player:Team-preview [battle-gen9championsvgc2026regma-1890] NET drove: bring=['whimsicott', 'zoroarkhisui', 'ditto', 'charizardmegay'] leads=['whimsicott', 'zoroarkhisui'] (vs opp ['sneasler', 'charizard', 'whimsicott', 'basculegion', 'zoroarkhisui', 'ditto'])
INFO:vgc_base:Teampreview [battle-gen9championsvgc2026regma-1890] \u2192 /team 3562  (whimsicott, zoroarkhisui, ditto, charizardmegay)
DEBUG:websockets.client:> TEXT 'battle-gen9championsvgc2026regma-1890|/team 3562' [48 bytes]
DEBUG:websockets.client:< TEXT '>battle-gen9championsvgc2026regma-1890\nOPrand1...ected open team sheets.' [73 bytes]
DEBUG:websockets.client:< TEXT '|pm| BC1| OPrand1|/challenge gen9championsvgc20...hampionsvgc2026regma|||' [83 bytes]
DEBUG:websockets.client:< TEXT '|pm| BC1| OPrand1|/log BC1 wants to battle!' [43 bytes]
DEBUG:websockets.client:< TEXT '|pm| BC1| OPrand1|/challenge gen9championsvgc20...hampionsvgc2026regma|||' [83 bytes]
DEBUG:websockets.client:< TEXT '|pm| BC1| OPrand1|/log BC1 wants to battle!' [43 bytes]
DEBUG:websockets.client:> TEXT '|/utm Sneasler||whiteherb|unburden|fakeout,dire...Naive|32,2,,,,32||||50|' [550 bytes]
DEBUG:websockets.client:> TEXT '|/accept bc1' [12 bytes]
DEBUG:websockets.client:< TEXT '>battle-gen9championsvgc2026regma-1890\n|\n|t:|...L50, F|100/100\n|turn|1' [327 bytes]
DEBUG:websockets.client:< TEXT '>battle-gen9championsvgc2026regma-1890\n|\n|t:|...L50, F|168/168\n|turn|1' [327 bytes]
DEBUG:websockets.client:< TEXT '>battle-gen9championsvgc2026regma-1890\n|reques...ing":false}]},"rqid":4}' [2167 bytes]
DEBUG:websockets.client:< TEXT '>battle-gen9championsvgc2026regma-1890\n|reques...ing":false}]},"rqid":5}' [2244 bytes]
DEBUG:websockets.client:< TEXT '|pm| OPrand1| BC1|/challenge' [28 bytes]
DEBUG:websockets.client:< TEXT '|pm| OPrand1| BC1|/challenge' [28 bytes]
DEBUG:websockets.client:< TEXT '|updatesearch|{"searching":[],"games":{"battle-... 2026 Reg M-A Battle"}}' [124 bytes]
DEBUG:websockets.client:< TEXT '|updatesearch|{"searching":[],"games":{"battle-... 2026 Reg M-A Battle"}}' [208 bytes]
DEBUG:websockets.client:< TEXT '|updatesearch|{"searching":[],"games":{"battle-... 2026 Reg M-A Battle"}}' [208 bytes]
DEBUG:live_vgc_base:Turn 1 [battle-gen9championsvgc2026regma-1890] a0=13 a1=9 src=random opp_splice=on
DEBUG:websockets.client:> TEXT 'battle-gen9championsvgc2026regma-1890|/choose s...icott, move solarbeam 1' [81 bytes]
DEBUG:websockets.client:< TEXT '|updatesearch|{"searching":[],"games":{"battle-... 2026 Reg M-A Battle"}}' [124 bytes]
DEBUG:websockets.client:< TEXT '|updatesearch|{"searching":[],"games":{"battle-... 2026 Reg M-A Battle"}}' [208 bytes]
DEBUG:websockets.client:< TEXT '|updatesearch|{"searching":[],"games":{"battle-... 2026 Reg M-A Battle"}}' [208 bytes]
INFO:player:Turn 1 [battle-gen9championsvgc2026regma-1890] value head win-prob: 0.136  (losing)
DEBUG:live_vgc_base:Turn 1 [battle-gen9championsvgc2026regma-1890] a0=0 a1=9 src=model opp_splice=on
DEBUG:websockets.client:> TEXT 'battle-gen9championsvgc2026regma-1890|/choose move encore 1, move icywind' [73 bytes]
DEBUG:websockets.client:< TEXT '>battle-gen9championsvgc2026regma-1891\n|init|b... vs. OPrand1\n|j|\u2606BC1\n' [85 bytes]
DEBUG:websockets.client:< TEXT '>battle-gen9championsvgc2026regma-1891\n|j|\u2606OPrand1' [52 bytes]
DEBUG:websockets.client:< TEXT '|pm| OPrand1| BC1|/nonotify OPrand1 accepted th...26regma-1891</a>&raquo;' [173 bytes]
DEBUG:websockets.client:< TEXT '>battle-gen9championsvgc2026regma-1891\n|t:|1781645512\n|gametype|doubles' [71 bytes]
DEBUG:websockets.client:< TEXT '>battle-gen9championsvgc2026regma-1891\n|player|p1|BC1|266|' [58 bytes]
DEBUG:websockets.client:< TEXT '>battle-gen9championsvgc2026regma-1891\n|player...heets</strong></button>' [857 bytes]
DEBUG:websockets.client:< TEXT '>battle-gen9championsvgc2026regma-1891\n|reques...ing":false}]},"rqid":2}' [2093 bytes]
DEBUG:websockets.client:< TEXT '>battle-gen9championsvgc2026regma-1891\n|init|b...n|j|\u2606BC1\n|j|\u2606OPrand1\n' [99 bytes]
DEBUG:websockets.client:< TEXT '|pm| OPrand1| BC1|/nonotify OPrand1 accepted th...26regma-1891</a>&raquo;' [173 bytes]
DEBUG:websockets.client:< TEXT '>battle-gen9championsvgc2026regma-1891\n|t:|1781645512\n|gametype|doubles' [71 bytes]
DEBUG:websockets.client:< TEXT '>battle-gen9championsvgc2026regma-1891\n|player|p1|BC1|266|' [58 bytes]
DEBUG:websockets.client:< TEXT '>battle-gen9championsvgc2026regma-1891\n|player...heets</strong></button>' [857 bytes]
DEBUG:websockets.client:< TEXT '>battle-gen9championsvgc2026regma-1891\n|reques...ing":false}]},"rqid":3}' [2097 bytes]
DEBUG:websockets.client:< TEXT '>battle-gen9championsvgc2026regma-1890\n|\n|t:|...am\n|\n|upkeep\n|turn|2' [485 bytes]
DEBUG:websockets.client:< TEXT '>battle-gen9championsvgc2026regma-1890\n|\n|t:|...am\n|\n|upkeep\n|turn|2' [486 bytes]
DEBUG:websockets.client:< TEXT '>battle-gen9championsvgc2026regma-1890\n|reques...ing":false}]},"rqid":7}' [1909 bytes]
DEBUG:websockets.client:< TEXT '>battle-gen9championsvgc2026regma-1890\n|reques...ing":false}]},"rqid":6}' [2167 bytes]
DEBUG:live_vgc_base:Turn 2 [battle-gen9championsvgc2026regma-1890] a0=7 a1=11 src=random opp_splice=on
DEBUG:websockets.client:> TEXT 'battle-gen9championsvgc2026regma-1890|/choose m...st 2, move solarbeam -1' [81 bytes]
INFO:player:Turn 2 [battle-gen9championsvgc2026regma-1890] value head win-prob: 0.361  (losing)
DEBUG:live_vgc_base:Turn 2 [battle-gen9championsvgc2026regma-1890] a0=0 a1=9 src=model opp_splice=on
DEBUG:websockets.client:> TEXT 'battle-gen9championsvgc2026regma-1890|/choose move encore 1, move icywind' [73 bytes]
DEBUG:websockets.client:< TEXT '>battle-gen9championsvgc2026regma-1890\n|\n|t:|...37\n|\n|upkeep\n|turn|3' [633 bytes]
DEBUG:websockets.client:< TEXT '>battle-gen9championsvgc2026regma-1890\n|\n|t:|...00\n|\n|upkeep\n|turn|3' [634 bytes]
DEBUG:websockets.client:< TEXT '>battle-gen9championsvgc2026regma-1890\n|reques...ing":false}]},"rqid":8}' [2165 bytes]
DEBUG:websockets.client:< TEXT '>battle-gen9championsvgc2026regma-1890\n|reques...ing":false}]},"rqid":9}' [2246 bytes]
DEBUG:live_vgc_base:Turn 3 [battle-gen9championsvgc2026regma-1890] a0=3 a1=10 src=random opp_splice=on
DEBUG:websockets.client:> TEXT 'battle-gen9championsvgc2026regma-1890|/choose m...lwind, move solarbeam 2' [77 bytes]
INFO:player:Turn 3 [battle-gen9championsvgc2026regma-1890] value head win-prob: 0.229  (losing)
DEBUG:live_vgc_base:Turn 3 [battle-gen9championsvgc2026regma-1890] a0=0 a1=9 src=model opp_splice=on
DEBUG:websockets.client:> TEXT 'battle-gen9championsvgc2026regma-1890|/choose move encore 1, move icywind' [73 bytes]
DEBUG:websockets.client:< TEXT '>battle-gen9championsvgc2026regma-1890\n|\n|t:|...|Solar Beam\n|\n|upkeep' [430 bytes]
DEBUG:websockets.client:< TEXT '>battle-gen9championsvgc2026regma-1890\n|\n|t:|...|Solar Beam\n|\n|upkeep' [430 bytes]
DEBUG:websockets.client:< TEXT '>battle-gen9championsvgc2026regma-1890\n|reques...ng":false}]},"rqid":10}' [1391 bytes]
DEBUG:websockets.client:< TEXT '>battle-gen9championsvgc2026regma-1890\n|reques...Cancel":true,"rqid":11}' [1491 bytes]
DEBUG:vgc_base:forceSwitch [battle-gen9championsvgc2026regma-1890] force=[True, False] \u2192 /choose switch Sneasler / /choose pass
DEBUG:websockets.client:> TEXT 'battle-gen9championsvgc2026regma-1890|/choose switch Sneasler, pass' [67 bytes]
DEBUG:websockets.client:< TEXT '>battle-gen9championsvgc2026regma-1890\n|\n|t:|...L50, M|100/100\n|turn|4' [110 bytes]
DEBUG:websockets.client:< TEXT '>battle-gen9championsvgc2026regma-1890\n|\n|t:|...L50, M|157/157\n|turn|4' [110 bytes]
DEBUG:websockets.client:< TEXT '>battle-gen9championsvgc2026regma-1890\n|reques...ng":false}]},"rqid":12}' [2166 bytes]
DEBUG:websockets.client:< TEXT '>battle-gen9championsvgc2026regma-1890\n|reques...ng":false}]},"rqid":13}' [1896 bytes]
DEBUG:live_vgc_base:Turn 4 [battle-gen9championsvgc2026regma-1890] a0=3 a1=11 src=random opp_splice=on
DEBUG:websockets.client:> TEXT 'battle-gen9championsvgc2026regma-1890|/choose m...aw 1, move solarbeam -1' [80 bytes]
INFO:player:Turn 4 [battle-gen9championsvgc2026regma-1890] value head win-prob: 0.620  (winning)
DEBUG:live_vgc_base:Turn 4 [battle-gen9championsvgc2026regma-1890] a0=1 a1=9 src=model opp_splice=on
DEBUG:websockets.client:> TEXT 'battle-gen9championsvgc2026regma-1890|/choose move encore 2, move icywind' [73 bytes]
DEBUG:websockets.client:< TEXT '>battle-gen9championsvgc2026regma-1890\n|\n|t:|...1b: Zoroark\n|\n|upkeep' [646 bytes]
DEBUG:websockets.client:< TEXT '>battle-gen9championsvgc2026regma-1890\n|\n|t:|...1b: Zoroark\n|\n|upkeep' [647 bytes]
DEBUG:websockets.client:< TEXT '>battle-gen9championsvgc2026regma-1890\n|reques...Cancel":true,"rqid":14}' [1419 bytes]
DEBUG:websockets.client:< TEXT '>battle-gen9championsvgc2026regma-1890\n|reques...ng":false}]},"rqid":15}' [1451 bytes]
DEBUG:live_vgc_base:forceSwitch forced_switch_model [battle-gen9championsvgc2026regma-1890] turn 4 a0=13 a1=12 opp_splice=on
DEBUG:websockets.client:> TEXT 'battle-gen9championsvgc2026regma-1890|/choose s...Ditto, switch Charizard' [76 bytes]
DEBUG:websockets.client:< TEXT '>battle-gen9championsvgc2026regma-1890\n|\n|t:|...lity: Imposter\n|turn|5' [213 bytes]
DEBUG:websockets.client:< TEXT '>battle-gen9championsvgc2026regma-1890\n|\n|t:|...lity: Imposter\n|turn|5' [213 bytes]
DEBUG:websockets.client:< TEXT '>battle-gen9championsvgc2026regma-1890\n|reques...ng":false}]},"rqid":16}' [2209 bytes]
DEBUG:websockets.client:< TEXT '>battle-gen9championsvgc2026regma-1890\n|reques...ng":false}]},"rqid":17}' [2221 bytes]
DEBUG:live_vgc_base:Turn 5 [battle-gen9championsvgc2026regma-1890] a0=4 a1=11 src=random opp_splice=on
DEBUG:websockets.client:> TEXT 'battle-gen9championsvgc2026regma-1890|/choose m...aw 2, move solarbeam -1' [80 bytes]
INFO:player:Turn 5 [battle-gen9championsvgc2026regma-1890] value head win-prob: 0.208  (losing)
DEBUG:live_vgc_base:Turn 5 [battle-gen9championsvgc2026regma-1890] a0=0 a1=0 src=model opp_splice=on
DEBUG:websockets.client:> TEXT 'battle-gen9championsvgc2026regma-1890|/choose m...m 1, move heatwave mega' [82 bytes]
DEBUG:websockets.client:< TEXT '>battle-gen9championsvgc2026regma-1890\n|\n|t:|...of] p1a: Ditto\n|upkeep' [738 bytes]
DEBUG:websockets.client:< TEXT '>battle-gen9championsvgc2026regma-1890\n|\n|t:|...of] p1a: Ditto\n|upkeep' [737 bytes]
DEBUG:websockets.client:< TEXT '>battle-gen9championsvgc2026regma-1890\n|reques...ng":false}]},"rqid":18}' [1427 bytes]
DEBUG:websockets.client:< TEXT '>battle-gen9championsvgc2026regma-1890\n|reques...Cancel":true,"rqid":19}' [1478 bytes]
DEBUG:vgc_base:forceSwitch slot 1: no available switch — '/choose default' (handled poke-env desync).
DEBUG:vgc_base:forceSwitch DIAG [battle-gen9championsvgc2026regma-1890] turn=5 slot=1 force=[True, True] available_switches=[['basculegion'], ['basculegion']] own_bench_mons=['basculegion'] request_state={'Sneasler': 'actfnt', 'Charizard': 'actfnt', 'Whimsicott': 'fnt', 'Basculegion': ''} team_keys=['p2: Sneasler', 'p2: Charizard', 'p2: Whimsicott', 'p2: Basculegion', 'p2: Zoroark', 'p2: Ditto'] team=[sneasler(act=True,fnt=True,hp=0), charizard(act=True,fnt=True,hp=0), whimsicott(act=False,fnt=True,hp=0), basculegion(act=False,fnt=False,hp=1.0), zoroarkhisui(act=False,fnt=False,hp=1.0), ditto(act=False,fnt=False,hp=1.0)]
DEBUG:websockets.client:> TEXT 'battle-gen9championsvgc2026regma-1890|/choose default' [53 bytes]
DEBUG:websockets.client:< TEXT '>battle-gen9championsvgc2026regma-1890\n|\n|t:|...L50, M|100/100\n|turn|6' [116 bytes]
DEBUG:websockets.client:< TEXT '>battle-gen9championsvgc2026regma-1890\n|\n|t:|...L50, M|197/197\n|turn|6' [116 bytes]
DEBUG:websockets.client:< TEXT '>battle-gen9championsvgc2026regma-1890\n|reques...ng":false}]},"rqid":20}' [2192 bytes]
DEBUG:websockets.client:< TEXT '>battle-gen9championsvgc2026regma-1890\n|reques...ng":false}]},"rqid":21}' [2230 bytes]
INFO:player:Turn 6 [battle-gen9championsvgc2026regma-1890] value head win-prob: 0.791  (winning)
DEBUG:live_vgc_base:Turn 6 [battle-gen9championsvgc2026regma-1890] a0=0 a1=0 src=model opp_splice=on
DEBUG:websockets.client:> TEXT 'battle-gen9championsvgc2026regma-1890|/choose m...arbeam 1, move heatwave' [77 bytes]
DEBUG:live_vgc_base:Turn 6 [battle-gen9championsvgc2026regma-1890] a0=3 a1=0 src=random opp_splice=on
DEBUG:vgc_base:_safe_order: action 0 slot 1 \u2192 None, scanning legal actions.
DEBUG:vgc_base:_safe_order: slot 1 has no decodable legal action — sending Pass.
DEBUG:websockets.client:> TEXT 'battle-gen9championsvgc2026regma-1890|/choose move wavecrash 1, pass' [68 bytes]
DEBUG:websockets.client:< TEXT '>battle-gen9championsvgc2026regma-1890\n|\n|t:|...keep]\n|upkeep\n|turn|7' [361 bytes]
DEBUG:websockets.client:< TEXT '>battle-gen9championsvgc2026regma-1890\n|\n|t:|...keep]\n|upkeep\n|turn|7' [362 bytes]
DEBUG:websockets.client:< TEXT '>battle-gen9championsvgc2026regma-1890\n|reques...ng":false}]},"rqid":23}' [2230 bytes]
DEBUG:websockets.client:< TEXT '>battle-gen9championsvgc2026regma-1890\n|reques...ng":false}]},"rqid":22}' [1877 bytes]
DEBUG:live_vgc_base:Turn 7 [battle-gen9championsvgc2026regma-1890] a0=4 a1=0 src=random opp_splice=on
DEBUG:vgc_base:_safe_order: action 0 slot 1 \u2192 None, scanning legal actions.
DEBUG:vgc_base:_safe_order: slot 1 has no decodable legal action — sending Pass.
DEBUG:websockets.client:> TEXT 'battle-gen9championsvgc2026regma-1890|/choose move wavecrash 2, pass' [68 bytes]
INFO:player:Turn 7 [battle-gen9championsvgc2026regma-1890] value head win-prob: 0.812  (winning)
DEBUG:live_vgc_base:Turn 7 [battle-gen9championsvgc2026regma-1890] a0=0 a1=0 src=model opp_splice=on
DEBUG:vgc_base:_safe_order: action 0 slot 0 \u2192 None, scanning legal actions.
DEBUG:vgc_base:_safe_order: slot 0 has no decodable legal action — sending Pass.
DEBUG:websockets.client:> TEXT 'battle-gen9championsvgc2026regma-1890|/choose pass, move heatwave' [65 bytes]
DEBUG:websockets.client:< TEXT '>battle-gen9championsvgc2026regma-1890\n|\n|t:|...Recoil\n|\n|win|OPrand1' [363 bytes]
DEBUG:websockets.client:< TEXT '>battle-gen9championsvgc2026regma-1890\n|\n|t:|...Recoil\n|\n|win|OPrand1' [363 bytes]
DEBUG:websockets.client:< TEXT '|updatesearch|{"searching":[],"games":{"battle-... 2026 Reg M-A Battle"}}' [124 bytes]
INFO:vgc_base:Battle battle-gen9championsvgc2026regma-1890 finished — outcome: LOSS  (W/L/D so far: 0/1/0)
DEBUG:websockets.client:> TEXT '|/leave battle-gen9championsvgc2026regma-1890' [45 bytes]
DEBUG:websockets.client:< TEXT '|updatesearch|{"searching":[],"games":{"battle-... 2026 Reg M-A Battle"}}' [124 bytes]
DEBUG:websockets.client:> TEXT 'battle-gen9championsvgc2026regma-1891|/rejectopenteamsheets' [59 bytes]
INFO:vgc_base:Battle battle-gen9championsvgc2026regma-1890 finished — outcome: WIN  (W/L/D so far: 1/0/0)
DEBUG:websockets.client:> TEXT '|/leave battle-gen9championsvgc2026regma-1890' [45 bytes]
DEBUG:websockets.client:> TEXT '|/utm Sneasler||whiteherb|unburden|fakeout,dire...Naive|32,2,,,,32||||50|' [550 bytes]
DEBUG:websockets.client:> TEXT '|/challenge oprand1, gen9championsvgc2026regma' [46 bytes]
DEBUG:websockets.client:> TEXT 'battle-gen9championsvgc2026regma-1891|/rejectopenteamsheets' [59 bytes]
DEBUG:websockets.client:< TEXT '>battle-gen9championsvgc2026regma-1890\n|deinit' [46 bytes]
DEBUG:websockets.client:< TEXT '>battle-gen9championsvgc2026regma-1890\n|l|\u2606BC1' [48 bytes]
DEBUG:websockets.client:< TEXT '>battle-gen9championsvgc2026regma-1891\n|uhtmlchange|otsrequest|' [63 bytes]
DEBUG:websockets.client:< TEXT '>battle-gen9championsvgc2026regma-1891\nBC1 rejected open team sheets.' [69 bytes]
DEBUG:websockets.client:< TEXT '>battle-gen9championsvgc2026regma-1891\n|uhtmlchange|otsrequest|' [63 bytes]
DEBUG:websockets.client:< TEXT '>battle-gen9championsvgc2026regma-1891\nBC1 rejected open team sheets.' [69 bytes]
DEBUG:websockets.client:< TEXT '>battle-gen9championsvgc2026regma-1890\n|deinit' [46 bytes]
DEBUG:websockets.client:< TEXT '>battle-gen9championsvgc2026regma-1891\n|uhtmlchange|otsrequest|' [63 bytes]
DEBUG:websockets.client:< TEXT '>battle-gen9championsvgc2026regma-1891\n|uhtmlchange|otsrequest|' [63 bytes]
DEBUG:websockets.client:< TEXT '>battle-gen9championsvgc2026regma-1891\nOPrand1...ected open team sheets.' [73 bytes]
DEBUG:websockets.client:< TEXT '>battle-gen9championsvgc2026regma-1891\nOPrand1...ected open team sheets.' [73 bytes]
INFO:player:Team-preview [battle-gen9championsvgc2026regma-1891] NET drove: bring=['whimsicott', 'zoroarkhisui', 'ditto', 'charizardmegay'] leads=['whimsicott', 'zoroarkhisui'] (vs opp ['sneasler', 'charizard', 'whimsicott', 'basculegion', 'zoroarkhisui', 'ditto'])
INFO:vgc_base:Teampreview [battle-gen9championsvgc2026regma-1891] \u2192 /team 3562  (whimsicott, zoroarkhisui, ditto, charizardmegay)
DEBUG:websockets.client:> TEXT 'battle-gen9championsvgc2026regma-1891|/team 3562' [48 bytes]
INFO:vgc_base:Teampreview [battle-gen9championsvgc2026regma-1891] \u2192 /team 1236  (sneasler, charizardmegay, whimsicott, ditto)
DEBUG:websockets.client:> TEXT 'battle-gen9championsvgc2026regma-1891|/team 1236' [48 bytes]
DEBUG:websockets.client:< TEXT '|pm| BC1| OPrand1|/challenge gen9championsvgc20...hampionsvgc2026regma|||' [83 bytes]
DEBUG:websockets.client:< TEXT '|pm| BC1| OPrand1|/challenge gen9championsvgc20...hampionsvgc2026regma|||' [83 bytes]
DEBUG:websockets.client:< TEXT '|pm| BC1| OPrand1|/log BC1 wants to battle!' [43 bytes]
DEBUG:websockets.client:< TEXT '|pm| BC1| OPrand1|/log BC1 wants to battle!' [43 bytes]
DEBUG:websockets.client:> TEXT '|/utm Sneasler||whiteherb|unburden|fakeout,dire...Naive|32,2,,,,32||||50|' [550 bytes]
DEBUG:websockets.client:> TEXT '|/accept bc1' [12 bytes]
DEBUG:websockets.client:< TEXT '|pm| OPrand1| BC1|/challenge' [28 bytes]
DEBUG:websockets.client:< TEXT '|pm| OPrand1| BC1|/challenge' [28 bytes]
DEBUG:websockets.client:< TEXT '|updatesearch|{"searching":[],"games":{"battle-... 2026 Reg M-A Battle"}}' [124 bytes]
DEBUG:websockets.client:< TEXT '|updatesearch|{"searching":[],"games":{"battle-... 2026 Reg M-A Battle"}}' [124 bytes]
DEBUG:websockets.client:< TEXT '|updatesearch|{"searching":[],"games":{"battle-... 2026 Reg M-A Battle"}}' [208 bytes]
DEBUG:websockets.client:< TEXT '|updatesearch|{"searching":[],"games":{"battle-... 2026 Reg M-A Battle"}}' [208 bytes]
DEBUG:websockets.client:< TEXT '|updatesearch|{"searching":[],"games":{"battle-... 2026 Reg M-A Battle"}}' [208 bytes]
DEBUG:websockets.client:< TEXT '|updatesearch|{"searching":[],"games":{"battle-... 2026 Reg M-A Battle"}}' [208 bytes]
DEBUG:websockets.client:< TEXT '>battle-gen9championsvgc2026regma-1892\n|init|b... vs. OPrand1\n|j|\u2606BC1\n' [85 bytes]
DEBUG:websockets.client:< TEXT '>battle-gen9championsvgc2026regma-1892\n|j|\u2606OPrand1' [52 bytes]
DEBUG:websockets.client:< TEXT '>battle-gen9championsvgc2026regma-1892\n|init|b...n|j|\u2606BC1\n|j|\u2606OPrand1\n' [99 bytes]
DEBUG:websockets.client:< TEXT '|pm| OPrand1| BC1|/nonotify OPrand1 accepted th...26regma-1892</a>&raquo;' [173 bytes]
DEBUG:websockets.client:< TEXT '>battle-gen9championsvgc2026regma-1891\n|\n|t:|...L50, F|168/168\n|turn|1' [321 bytes]
DEBUG:websockets.client:< TEXT '>battle-gen9championsvgc2026regma-1891\n|reques...ing":false}]},"rqid":5}' [2165 bytes]
DEBUG:websockets.client:< TEXT '|pm| OPrand1| BC1|/nonotify OPrand1 accepted th...26regma-1892</a>&raquo;' [173 bytes]
DEBUG:websockets.client:< TEXT '>battle-gen9championsvgc2026regma-1891\n|\n|t:|...L50, F|100/100\n|turn|1' [321 bytes]
DEBUG:websockets.client:< TEXT '>battle-gen9championsvgc2026regma-1891\n|reques...ing":false}]},"rqid":4}' [2167 bytes]
DEBUG:websockets.client:< TEXT '>battle-gen9championsvgc2026regma-1892\n|t:|1781645512\n|gametype|doubles' [71 bytes]
DEBUG:websockets.client:< TEXT '>battle-gen9championsvgc2026regma-1892\n|player|p1|BC1|266|' [58 bytes]
DEBUG:websockets.client:< TEXT '>battle-gen9championsvgc2026regma-1892\n|t:|1781645512\n|gametype|doubles' [71 bytes]
DEBUG:websockets.client:< TEXT '>battle-gen9championsvgc2026regma-1892\n|player|p1|BC1|266|' [58 bytes]
INFO:player:Turn 1 [battle-gen9championsvgc2026regma-1891] value head win-prob: 0.351  (losing)
DEBUG:live_vgc_base:Turn 1 [battle-gen9championsvgc2026regma-1891] a0=0 a1=9 src=model opp_splice=on
DEBUG:websockets.client:> TEXT 'battle-gen9championsvgc2026regma-1891|/choose move encore 1, move icywind' [73 bytes]
DEBUG:websockets.client:< TEXT '>battle-gen9championsvgc2026regma-1892\n|player...heets</strong></button>' [857 bytes]
DEBUG:websockets.client:< TEXT '>battle-gen9championsvgc2026regma-1892\n|reques...ing":false}]},"rqid":3}' [2097 bytes]
DEBUG:live_vgc_base:Turn 1 [battle-gen9championsvgc2026regma-1891] a0=4 a1=13 src=random opp_splice=on
DEBUG:websockets.client:> TEXT 'battle-gen9championsvgc2026regma-1891|/choose m...ireclaw 2, switch Ditto' [75 bytes]
DEBUG:websockets.client:< TEXT '>battle-gen9championsvgc2026regma-1892\n|player...heets</strong></button>' [857 bytes]
DEBUG:websockets.client:< TEXT '>battle-gen9championsvgc2026regma-1892\n|reques...ing":false}]},"rqid":2}' [2093 bytes]
DEBUG:websockets.client:< TEXT '>battle-gen9championsvgc2026regma-1891\n|\n|t:|...t]\n|\n|upkeep\n|turn|2' [694 bytes]
DEBUG:websockets.client:< TEXT '>battle-gen9championsvgc2026regma-1891\n|\n|t:|...t]\n|\n|upkeep\n|turn|2' [695 bytes]
DEBUG:websockets.client:< TEXT '>battle-gen9championsvgc2026regma-1891\n|reques...ing":false}]},"rqid":6}' [2166 bytes]
DEBUG:websockets.client:< TEXT '>battle-gen9championsvgc2026regma-1891\n|reques...ing":false}]},"rqid":7}' [2162 bytes]
DEBUG:live_vgc_base:Turn 2 [battle-gen9championsvgc2026regma-1891] a0=11 a1=7 src=random opp_splice=on
DEBUG:websockets.client:> TEXT 'battle-gen9championsvgc2026regma-1891|/choose m...at -2, move moonblast 2' [83 bytes]
INFO:player:Turn 2 [battle-gen9championsvgc2026regma-1891] value head win-prob: 0.564  (winning)
DEBUG:live_vgc_base:Turn 2 [battle-gen9championsvgc2026regma-1891] a0=0 a1=9 src=model opp_splice=on
DEBUG:websockets.client:> TEXT 'battle-gen9championsvgc2026regma-1891|/choose move encore 1, move icywind' [73 bytes]
DEBUG:websockets.client:< TEXT '>battle-gen9championsvgc2026regma-1891\n|\n|t:|...1b: Zoroark\n|\n|upkeep' [564 bytes]
DEBUG:websockets.client:< TEXT '>battle-gen9championsvgc2026regma-1891\n|\n|t:|...1b: Zoroark\n|\n|upkeep' [564 bytes]
DEBUG:websockets.client:< TEXT '>battle-gen9championsvgc2026regma-1891\n|reques...ing":false}]},"rqid":9}' [1416 bytes]
DEBUG:websockets.client:< TEXT '>battle-gen9championsvgc2026regma-1891\n|reques...oCancel":true,"rqid":8}' [1418 bytes]
DEBUG:live_vgc_base:forceSwitch forced_switch_model [battle-gen9championsvgc2026regma-1891] turn 2 a0=13 a1=12 opp_splice=on
DEBUG:websockets.client:> TEXT 'battle-gen9championsvgc2026regma-1891|/choose s...Ditto, switch Charizard' [76 bytes]
DEBUG:websockets.client:< TEXT '>battle-gen9championsvgc2026regma-1891\n|\n|t:|...L50, M|168/168\n|turn|3' [150 bytes]
DEBUG:websockets.client:< TEXT '>battle-gen9championsvgc2026regma-1891\n|\n|t:|...L50, M|100/100\n|turn|3' [150 bytes]
DEBUG:websockets.client:< TEXT '>battle-gen9championsvgc2026regma-1891\n|reques...ng":false}]},"rqid":10}' [1896 bytes]
DEBUG:websockets.client:< TEXT '>battle-gen9championsvgc2026regma-1891\n|reques...ng":false}]},"rqid":11}' [2161 bytes]
INFO:player:Turn 3 [battle-gen9championsvgc2026regma-1891] value head win-prob: 0.133  (losing)
DEBUG:live_vgc_base:Turn 3 [battle-gen9championsvgc2026regma-1891] a0=0 a1=6 src=model opp_splice=on
DEBUG:websockets.client:> TEXT 'battle-gen9championsvgc2026regma-1891|/choose m...rm 1, move protect mega' [81 bytes]
DEBUG:live_vgc_base:Turn 3 [battle-gen9championsvgc2026regma-1891] a0=13 a1=12 src=random opp_splice=on
DEBUG:websockets.client:> TEXT 'battle-gen9championsvgc2026regma-1891|/choose s...icott, switch Charizard' [81 bytes]
DEBUG:websockets.client:< TEXT ">battle-gen9championsvgc2026regma-1891\n|error|...ch to an active Pokémon" [115 bytes]
DEBUG:live_vgc_base:Turn 3 [battle-gen9championsvgc2026regma-1891] a0=4 a1=0 src=random opp_splice=on
DEBUG:websockets.client:> TEXT 'battle-gen9championsvgc2026regma-1891|/choose m...reclaw 2, move encore 1' [76 bytes]
DEBUG:websockets.client:< TEXT '>battle-gen9championsvgc2026regma-1891\n|\n|t:|...keep]\n|upkeep\n|turn|4' [560 bytes]
DEBUG:websockets.client:< TEXT '>battle-gen9championsvgc2026regma-1891\n|\n|t:|...keep]\n|upkeep\n|turn|4' [560 bytes]
DEBUG:websockets.client:< TEXT '>battle-gen9championsvgc2026regma-1891\n|reques...ng":false}]},"rqid":12}' [2175 bytes]
DEBUG:websockets.client:< TEXT '>battle-gen9championsvgc2026regma-1891\n|reques...ng":false}]},"rqid":13}' [2161 bytes]
DEBUG:live_vgc_base:Turn 4 [battle-gen9championsvgc2026regma-1891] a0=3 a1=1 src=random opp_splice=on
DEBUG:websockets.client:> TEXT 'battle-gen9championsvgc2026regma-1891|/choose m...reclaw 1, move encore 2' [76 bytes]
INFO:player:Turn 4 [battle-gen9championsvgc2026regma-1891] value head win-prob: 0.465  (even)
DEBUG:live_vgc_base:Turn 4 [battle-gen9championsvgc2026regma-1891] a0=1 a1=0 src=model opp_splice=on
DEBUG:websockets.client:> TEXT 'battle-gen9championsvgc2026regma-1891|/choose m...reclaw 2, move heatwave' [76 bytes]
DEBUG:websockets.client:< TEXT '>battle-gen9championsvgc2026regma-1891\n|\n|t:|...neasler|Encore\n|upkeep' [453 bytes]
DEBUG:websockets.client:< TEXT '>battle-gen9championsvgc2026regma-1891\n|\n|t:|...neasler|Encore\n|upkeep' [453 bytes]
DEBUG:websockets.client:< TEXT '>battle-gen9championsvgc2026regma-1891\n|reques...Cancel":true,"rqid":15}' [1412 bytes]
DEBUG:websockets.client:< TEXT '>battle-gen9championsvgc2026regma-1891\n|reques...ng":false}]},"rqid":14}' [1423 bytes]
DEBUG:vgc_base:forceSwitch [battle-gen9championsvgc2026regma-1891] force=[False, True] \u2192 /choose pass / /choose switch Charizard
DEBUG:websockets.client:> TEXT 'battle-gen9championsvgc2026regma-1891|/choose pass, switch Charizard' [68 bytes]
DEBUG:websockets.client:< TEXT '>battle-gen9championsvgc2026regma-1891\n|\n|t:|...L50, F|100/100\n|turn|5' [112 bytes]
DEBUG:websockets.client:< TEXT '>battle-gen9championsvgc2026regma-1891\n|\n|t:|...L50, F|168/168\n|turn|5' [112 bytes]
DEBUG:websockets.client:< TEXT '>battle-gen9championsvgc2026regma-1891\n|reques...ng":false}]},"rqid":16}' [2171 bytes]
DEBUG:websockets.client:< TEXT '>battle-gen9championsvgc2026regma-1891\n|reques...ng":false}]},"rqid":17}' [2154 bytes]
DEBUG:live_vgc_base:Turn 5 [battle-gen9championsvgc2026regma-1891] a0=4 a1=11 src=random opp_splice=on
DEBUG:websockets.client:> TEXT 'battle-gen9championsvgc2026regma-1891|/choose m...aw 2, move solarbeam -1' [80 bytes]
INFO:player:Turn 5 [battle-gen9championsvgc2026regma-1891] value head win-prob: 0.313  (losing)
DEBUG:live_vgc_base:Turn 5 [battle-gen9championsvgc2026regma-1891] a0=1 a1=6 src=model opp_splice=on
DEBUG:websockets.client:> TEXT 'battle-gen9championsvgc2026regma-1891|/choose m...ireclaw 2, move protect' [75 bytes]
DEBUG:websockets.client:< TEXT '>battle-gen9championsvgc2026regma-1891\n|\n|t:|...izard\n|upkeep\n|turn|6' [620 bytes]
DEBUG:websockets.client:< TEXT '>battle-gen9championsvgc2026regma-1891\n|\n|t:|...izard\n|upkeep\n|turn|6' [620 bytes]
DEBUG:websockets.client:< TEXT '>battle-gen9championsvgc2026regma-1891\n|reques...ng":false}]},"rqid":18}' [2171 bytes]
DEBUG:websockets.client:< TEXT '>battle-gen9championsvgc2026regma-1891\n|reques...ng":false}]},"rqid":19}' [2152 bytes]
DEBUG:live_vgc_base:Turn 6 [battle-gen9championsvgc2026regma-1891] a0=3 a1=6 src=random opp_splice=on
DEBUG:websockets.client:> TEXT 'battle-gen9championsvgc2026regma-1891|/choose m...ireclaw 1, move protect' [75 bytes]
INFO:player:Turn 6 [battle-gen9championsvgc2026regma-1891] value head win-prob: 0.391  (losing)
DEBUG:live_vgc_base:Turn 6 [battle-gen9championsvgc2026regma-1891] a0=1 a1=6 src=model opp_splice=on
DEBUG:websockets.client:> TEXT 'battle-gen9championsvgc2026regma-1891|/choose m...ireclaw 2, move protect' [75 bytes]
DEBUG:websockets.client:< TEXT '>battle-gen9championsvgc2026regma-1891\n|\n|t:|...ncore\n|upkeep\n|turn|7' [542 bytes]
DEBUG:websockets.client:< TEXT '>battle-gen9championsvgc2026regma-1891\n|\n|t:|...ncore\n|upkeep\n|turn|7' [542 bytes]
DEBUG:websockets.client:< TEXT '>battle-gen9championsvgc2026regma-1891\n|reques...ng":false}]},"rqid":21}' [2152 bytes]
DEBUG:websockets.client:< TEXT '>battle-gen9championsvgc2026regma-1891\n|reques...ng":false}]},"rqid":20}' [2174 bytes]
DEBUG:live_vgc_base:Turn 7 [battle-gen9championsvgc2026regma-1891] a0=9 a1=6 src=random opp_splice=on
DEBUG:websockets.client:> TEXT 'battle-gen9championsvgc2026regma-1891|/choose m...ecombat 1, move protect' [78 bytes]
INFO:player:Turn 7 [battle-gen9championsvgc2026regma-1891] value head win-prob: 0.605  (winning)
DEBUG:live_vgc_base:Turn 7 [battle-gen9championsvgc2026regma-1891] a0=1 a1=6 src=model opp_splice=on
DEBUG:websockets.client:> TEXT 'battle-gen9championsvgc2026regma-1891|/choose m...ireclaw 2, move protect' [75 bytes]
DEBUG:websockets.client:< TEXT '>battle-gen9championsvgc2026regma-1891\n|\n|t:|...|none\n|upkeep\n|turn|8' [398 bytes]
DEBUG:websockets.client:< TEXT '>battle-gen9championsvgc2026regma-1891\n|\n|t:|...|none\n|upkeep\n|turn|8' [398 bytes]
DEBUG:websockets.client:< TEXT '>battle-gen9championsvgc2026regma-1891\n|reques...ng":false}]},"rqid":22}' [1878 bytes]
DEBUG:websockets.client:< TEXT '>battle-gen9championsvgc2026regma-1891\n|reques...ng":false}]},"rqid":23}' [2152 bytes]
DEBUG:live_vgc_base:Turn 8 [battle-gen9championsvgc2026regma-1891] a0=5 a1=12 src=random opp_splice=on
DEBUG:websockets.client:> TEXT 'battle-gen9championsvgc2026regma-1891|/choose m...w -2, switch Whimsicott' [81 bytes]
INFO:player:Turn 8 [battle-gen9championsvgc2026regma-1891] value head win-prob: 0.236  (losing)
DEBUG:live_vgc_base:Turn 8 [battle-gen9championsvgc2026regma-1891] a0=0 a1=0 src=model opp_splice=on
DEBUG:vgc_base:_safe_order: action 0 slot 0 \u2192 None, scanning legal actions.
DEBUG:vgc_base:_safe_order: slot 0 has no decodable legal action — sending Pass.
DEBUG:websockets.client:> TEXT 'battle-gen9championsvgc2026regma-1891|/choose pass, move heatwave' [65 bytes]
DEBUG:websockets.client:< TEXT '>battle-gen9championsvgc2026regma-1891\n|\n|t:|...a: Sneasler\n|\n|upkeep' [346 bytes]
DEBUG:websockets.client:< TEXT '>battle-gen9championsvgc2026regma-1891\n|\n|t:|...a: Sneasler\n|\n|upkeep' [346 bytes]
DEBUG:websockets.client:< TEXT '>battle-gen9championsvgc2026regma-1891\n|reques...ng":false}]},"rqid":24}' [1389 bytes]
DEBUG:websockets.client:< TEXT '>battle-gen9championsvgc2026regma-1891\n|reques...Cancel":true,"rqid":25}' [1406 bytes]
DEBUG:vgc_base:forceSwitch slot 1: no available switch — '/choose default' (handled poke-env desync).
DEBUG:vgc_base:forceSwitch DIAG [battle-gen9championsvgc2026regma-1891] turn=8 slot=1 force=[True, True] available_switches=[['charizard'], ['charizard']] own_bench_mons=['charizard'] request_state={'Sneasler': 'actfnt', 'Whimsicott': 'actfnt', 'Charizard': '', 'Ditto': 'fnt'} team_keys=['p2: Sneasler', 'p2: Charizard', 'p2: Whimsicott', 'p2: Basculegion', 'p2: Zoroark', 'p2: Ditto'] team=[sneasler(act=True,fnt=True,hp=0), charizard(act=False,fnt=False,hp=0.2976190476190476), whimsicott(act=True,fnt=True,hp=0), basculegion(act=False,fnt=False,hp=1.0), zoroarkhisui(act=False,fnt=False,hp=1.0), ditto(act=False,fnt=True,hp=0)]
DEBUG:websockets.client:> TEXT 'battle-gen9championsvgc2026regma-1891|/choose default' [53 bytes]
DEBUG:websockets.client:< TEXT '>battle-gen9championsvgc2026regma-1891\n|\n|t:|... L50, F|29/100\n|turn|9' [111 bytes]
DEBUG:websockets.client:< TEXT '>battle-gen9championsvgc2026regma-1891\n|\n|t:|... L50, F|50/168\n|turn|9' [111 bytes]
DEBUG:websockets.client:< TEXT '>battle-gen9championsvgc2026regma-1891\n|reques...ng":false}]},"rqid":26}' [1878 bytes]
DEBUG:websockets.client:< TEXT '>battle-gen9championsvgc2026regma-1891\n|reques...ng":false}]},"rqid":27}' [2162 bytes]
DEBUG:live_vgc_base:Turn 9 [battle-gen9championsvgc2026regma-1891] a0=6 a1=0 src=random opp_splice=on
DEBUG:vgc_base:_safe_order: action 0 slot 1 \u2192 None, scanning legal actions.
DEBUG:vgc_base:_safe_order: slot 1 has no decodable legal action — sending Pass.
DEBUG:websockets.client:> TEXT 'battle-gen9championsvgc2026regma-1891|/choose move protect, pass' [64 bytes]
INFO:player:Turn 9 [battle-gen9championsvgc2026regma-1891] value head win-prob: 0.708  (winning)
DEBUG:live_vgc_base:Turn 9 [battle-gen9championsvgc2026regma-1891] a0=0 a1=0 src=model opp_splice=on
DEBUG:vgc_base:_safe_order: action 0 slot 0 \u2192 None, scanning legal actions.
DEBUG:vgc_base:_safe_order: slot 0 has no decodable legal action — sending Pass.
DEBUG:websockets.client:> TEXT 'battle-gen9championsvgc2026regma-1891|/choose pass, move heatwave' [65 bytes]
DEBUG:websockets.client:< TEXT '>battle-gen9championsvgc2026regma-1891\n|\n|t:|...t\n|\n|upkeep\n|turn|10' [240 bytes]
DEBUG:websockets.client:< TEXT '>battle-gen9championsvgc2026regma-1891\n|\n|t:|...t\n|\n|upkeep\n|turn|10' [240 bytes]
DEBUG:websockets.client:< TEXT '>battle-gen9championsvgc2026regma-1891\n|reques...ng":false}]},"rqid":28}' [1878 bytes]
DEBUG:websockets.client:< TEXT '>battle-gen9championsvgc2026regma-1891\n|reques...ng":false}]},"rqid":29}' [2162 bytes]
DEBUG:live_vgc_base:Turn 10 [battle-gen9championsvgc2026regma-1891] a0=4 a1=0 src=random opp_splice=on
DEBUG:vgc_base:_safe_order: action 0 slot 1 \u2192 None, scanning legal actions.
DEBUG:vgc_base:_safe_order: slot 1 has no decodable legal action — sending Pass.
DEBUG:websockets.client:> TEXT 'battle-gen9championsvgc2026regma-1891|/choose move weatherball 2, pass' [70 bytes]
INFO:player:Turn 10 [battle-gen9championsvgc2026regma-1891] value head win-prob: 0.700  (winning)
DEBUG:live_vgc_base:Turn 10 [battle-gen9championsvgc2026regma-1891] a0=0 a1=0 src=model opp_splice=on
DEBUG:vgc_base:_safe_order: action 0 slot 0 \u2192 None, scanning legal actions.
DEBUG:vgc_base:_safe_order: slot 0 has no decodable legal action — sending Pass.
DEBUG:websockets.client:> TEXT 'battle-gen9championsvgc2026regma-1891|/choose pass, move heatwave' [65 bytes]
DEBUG:websockets.client:< TEXT '>battle-gen9championsvgc2026regma-1891\n|\n|t:|... Charizard\n|\n|win|BC1' [295 bytes]
DEBUG:websockets.client:< TEXT '>battle-gen9championsvgc2026regma-1891\n|\n|t:|... Charizard\n|\n|win|BC1' [294 bytes]
DEBUG:websockets.client:< TEXT '|updatesearch|{"searching":[],"games":{"battle-... 2026 Reg M-A Battle"}}' [124 bytes]
INFO:vgc_base:Battle battle-gen9championsvgc2026regma-1891 finished — outcome: WIN  (W/L/D so far: 1/1/0)
DEBUG:websockets.client:> TEXT '|/leave battle-gen9championsvgc2026regma-1891' [45 bytes]
DEBUG:websockets.client:< TEXT '|updatesearch|{"searching":[],"games":{"battle-... 2026 Reg M-A Battle"}}' [124 bytes]
DEBUG:websockets.client:> TEXT 'battle-gen9championsvgc2026regma-1892|/rejectopenteamsheets' [59 bytes]
INFO:vgc_base:Battle battle-gen9championsvgc2026regma-1891 finished — outcome: LOSS  (W/L/D so far: 1/1/0)
DEBUG:websockets.client:> TEXT '|/leave battle-gen9championsvgc2026regma-1891' [45 bytes]
DEBUG:websockets.client:> TEXT '|/utm Sneasler||whiteherb|unburden|fakeout,dire...Naive|32,2,,,,32||||50|' [550 bytes]
DEBUG:websockets.client:> TEXT '|/challenge oprand1, gen9championsvgc2026regma' [46 bytes]
DEBUG:websockets.client:> TEXT 'battle-gen9championsvgc2026regma-1892|/rejectopenteamsheets' [59 bytes]
DEBUG:websockets.client:< TEXT '>battle-gen9championsvgc2026regma-1891\n|deinit' [46 bytes]
DEBUG:websockets.client:< TEXT '>battle-gen9championsvgc2026regma-1891\n|l|\u2606BC1' [48 bytes]
DEBUG:websockets.client:< TEXT '>battle-gen9championsvgc2026regma-1892\n|uhtmlchange|otsrequest|' [63 bytes]
DEBUG:websockets.client:< TEXT '>battle-gen9championsvgc2026regma-1892\nBC1 rejected open team sheets.' [69 bytes]
DEBUG:websockets.client:< TEXT '>battle-gen9championsvgc2026regma-1892\n|uhtmlchange|otsrequest|' [63 bytes]
DEBUG:websockets.client:< TEXT '>battle-gen9championsvgc2026regma-1892\nBC1 rejected open team sheets.' [69 bytes]
DEBUG:websockets.client:< TEXT '>battle-gen9championsvgc2026regma-1891\n|deinit' [46 bytes]
DEBUG:websockets.client:< TEXT '>battle-gen9championsvgc2026regma-1892\n|uhtmlchange|otsrequest|' [63 bytes]
DEBUG:websockets.client:< TEXT '>battle-gen9championsvgc2026regma-1892\n|uhtmlchange|otsrequest|' [63 bytes]
DEBUG:websockets.client:< TEXT '>battle-gen9championsvgc2026regma-1892\nOPrand1...ected open team sheets.' [73 bytes]
DEBUG:websockets.client:< TEXT '>battle-gen9championsvgc2026regma-1892\nOPrand1...ected open team sheets.' [73 bytes]
INFO:player:Team-preview [battle-gen9championsvgc2026regma-1892] NET drove: bring=['whimsicott', 'zoroarkhisui', 'ditto', 'charizardmegay'] leads=['whimsicott', 'zoroarkhisui'] (vs opp ['sneasler', 'charizard', 'whimsicott', 'basculegion', 'zoroarkhisui', 'ditto'])
INFO:vgc_base:Teampreview [battle-gen9championsvgc2026regma-1892] \u2192 /team 3562  (whimsicott, zoroarkhisui, ditto, charizardmegay)
DEBUG:websockets.client:> TEXT 'battle-gen9championsvgc2026regma-1892|/team 3562' [48 bytes]
INFO:vgc_base:Teampreview [battle-gen9championsvgc2026regma-1892] \u2192 /team 5621  (zoroarkhisui, ditto, charizardmegay, sneasler)
DEBUG:websockets.client:> TEXT 'battle-gen9championsvgc2026regma-1892|/team 5621' [48 bytes]
DEBUG:websockets.client:< TEXT '|pm| BC1| OPrand1|/challenge gen9championsvgc20...hampionsvgc2026regma|||' [83 bytes]
DEBUG:websockets.client:< TEXT '|pm| BC1| OPrand1|/challenge gen9championsvgc20...hampionsvgc2026regma|||' [83 bytes]
DEBUG:websockets.client:< TEXT '|pm| BC1| OPrand1|/log BC1 wants to battle!' [43 bytes]
DEBUG:websockets.client:< TEXT '|pm| BC1| OPrand1|/log BC1 wants to battle!' [43 bytes]
DEBUG:websockets.client:> TEXT '|/utm Sneasler||whiteherb|unburden|fakeout,dire...Naive|32,2,,,,32||||50|' [550 bytes]
DEBUG:websockets.client:> TEXT '|/accept bc1' [12 bytes]
DEBUG:websockets.client:< TEXT '>battle-gen9championsvgc2026regma-1892\n|\n|t:|...lity: Imposter\n|turn|1' [374 bytes]
DEBUG:websockets.client:< TEXT '>battle-gen9championsvgc2026regma-1892\n|\n|t:|...lity: Imposter\n|turn|1' [374 bytes]
DEBUG:websockets.client:< TEXT '>battle-gen9championsvgc2026regma-1892\n|reques...ing":false}]},"rqid":5}' [2193 bytes]
DEBUG:websockets.client:< TEXT '>battle-gen9championsvgc2026regma-1892\n|reques...ing":false}]},"rqid":4}' [2167 bytes]
DEBUG:live_vgc_base:Turn 1 [battle-gen9championsvgc2026regma-1892] a0=12 a1=6 src=random opp_splice=on
DEBUG:websockets.client:> TEXT 'battle-gen9championsvgc2026regma-1892|/choose s...asler, move moonblast 1' [79 bytes]
INFO:player:Turn 1 [battle-gen9championsvgc2026regma-1892] value head win-prob: 0.517  (even)
DEBUG:live_vgc_base:Turn 1 [battle-gen9championsvgc2026regma-1892] a0=0 a1=9 src=model opp_splice=on
DEBUG:websockets.client:> TEXT 'battle-gen9championsvgc2026regma-1892|/choose move encore 1, move icywind' [73 bytes]
DEBUG:websockets.client:< TEXT '|pm| OPrand1| BC1|/challenge' [28 bytes]
DEBUG:websockets.client:< TEXT '|pm| OPrand1| BC1|/challenge' [28 bytes]
DEBUG:websockets.client:< TEXT '|updatesearch|{"searching":[],"games":{"battle-... 2026 Reg M-A Battle"}}' [124 bytes]
DEBUG:websockets.client:< TEXT '|updatesearch|{"searching":[],"games":{"battle-... 2026 Reg M-A Battle"}}' [208 bytes]
DEBUG:websockets.client:< TEXT '|updatesearch|{"searching":[],"games":{"battle-... 2026 Reg M-A Battle"}}' [208 bytes]
DEBUG:websockets.client:< TEXT '>battle-gen9championsvgc2026regma-1893\n|init|b...n|j|\u2606BC1\n|j|\u2606OPrand1\n' [99 bytes]
DEBUG:websockets.client:< TEXT '|pm| OPrand1| BC1|/nonotify OPrand1 accepted th...26regma-1893</a>&raquo;' [173 bytes]
DEBUG:websockets.client:< TEXT '>battle-gen9championsvgc2026regma-1893\n|t:|1781645513\n|gametype|doubles' [71 bytes]
DEBUG:websockets.client:< TEXT '>battle-gen9championsvgc2026regma-1893\n|player|p1|BC1|266|' [58 bytes]
DEBUG:websockets.client:< TEXT '>battle-gen9championsvgc2026regma-1893\n|player...heets</strong></button>' [857 bytes]
DEBUG:websockets.client:< TEXT '>battle-gen9championsvgc2026regma-1893\n|reques...ing":false}]},"rqid":3}' [2097 bytes]
DEBUG:websockets.client:< TEXT '|updatesearch|{"searching":[],"games":{"battle-... 2026 Reg M-A Battle"}}' [124 bytes]
DEBUG:websockets.client:< TEXT '|updatesearch|{"searching":[],"games":{"battle-... 2026 Reg M-A Battle"}}' [208 bytes]
DEBUG:websockets.client:< TEXT '|updatesearch|{"searching":[],"games":{"battle-... 2026 Reg M-A Battle"}}' [208 bytes]
DEBUG:websockets.client:< TEXT '>battle-gen9championsvgc2026regma-1893\n|init|b... vs. OPrand1\n|j|\u2606BC1\n' [85 bytes]
DEBUG:websockets.client:< TEXT '>battle-gen9championsvgc2026regma-1893\n|j|\u2606OPrand1' [52 bytes]
DEBUG:websockets.client:< TEXT '|pm| OPrand1| BC1|/nonotify OPrand1 accepted th...26regma-1893</a>&raquo;' [173 bytes]
DEBUG:websockets.client:< TEXT '>battle-gen9championsvgc2026regma-1893\n|t:|1781645513\n|gametype|doubles' [71 bytes]
DEBUG:websockets.client:< TEXT '>battle-gen9championsvgc2026regma-1893\n|player|p1|BC1|266|' [58 bytes]
DEBUG:websockets.client:< TEXT '>battle-gen9championsvgc2026regma-1893\n|player...heets</strong></button>' [857 bytes]
DEBUG:websockets.client:< TEXT '>battle-gen9championsvgc2026regma-1893\n|reques...ing":false}]},"rqid":2}' [2093 bytes]
DEBUG:websockets.client:< TEXT '>battle-gen9championsvgc2026regma-1892\n|\n|t:|...t]\n|\n|upkeep\n|turn|2' [537 bytes]
DEBUG:websockets.client:< TEXT '>battle-gen9championsvgc2026regma-1892\n|\n|t:|...t]\n|\n|upkeep\n|turn|2' [538 bytes]
DEBUG:websockets.client:< TEXT '>battle-gen9championsvgc2026regma-1892\n|reques...ing":false}]},"rqid":7}' [2161 bytes]
DEBUG:websockets.client:< TEXT '>battle-gen9championsvgc2026regma-1892\n|reques...ing":false}]},"rqid":6}' [2166 bytes]
DEBUG:live_vgc_base:Turn 2 [battle-gen9championsvgc2026regma-1892] a0=1 a1=7 src=random opp_splice=on
DEBUG:websockets.client:> TEXT 'battle-gen9championsvgc2026regma-1892|/choose m...out 2, move moonblast 2' [78 bytes]
INFO:player:Turn 2 [battle-gen9championsvgc2026regma-1892] value head win-prob: 0.548  (even)
DEBUG:live_vgc_base:Turn 2 [battle-gen9championsvgc2026regma-1892] a0=0 a1=9 src=model opp_splice=on
DEBUG:websockets.client:> TEXT 'battle-gen9championsvgc2026regma-1892|/choose move encore 1, move icywind' [73 bytes]
DEBUG:websockets.client:< TEXT '>battle-gen9championsvgc2026regma-1892\n|\n|t:|...on\n|\n|upkeep\n|turn|3' [563 bytes]
DEBUG:websockets.client:< TEXT '>battle-gen9championsvgc2026regma-1892\n|\n|t:|...on\n|\n|upkeep\n|turn|3' [563 bytes]
DEBUG:websockets.client:< TEXT '>battle-gen9championsvgc2026regma-1892\n|reques...ing":false}]},"rqid":8}' [2165 bytes]
DEBUG:websockets.client:< TEXT '>battle-gen9championsvgc2026regma-1892\n|reques...ing":false}]},"rqid":9}' [1878 bytes]
DEBUG:live_vgc_base:Turn 3 [battle-gen9championsvgc2026regma-1892] a0=12 a1=8 src=random opp_splice=on
DEBUG:websockets.client:> TEXT 'battle-gen9championsvgc2026regma-1892|/choose s...zard, move moonblast -1' [81 bytes]
INFO:player:Turn 3 [battle-gen9championsvgc2026regma-1892] value head win-prob: 0.513  (even)
DEBUG:live_vgc_base:Turn 3 [battle-gen9championsvgc2026regma-1892] a0=0 a1=9 src=model opp_splice=on
DEBUG:websockets.client:> TEXT 'battle-gen9championsvgc2026regma-1892|/choose move encore 1, move icywind' [73 bytes]
DEBUG:websockets.client:< TEXT '>battle-gen9championsvgc2026regma-1892\n|\n|t:|...|p2b: Ditto\n|\n|upkeep' [371 bytes]
DEBUG:websockets.client:< TEXT '>battle-gen9championsvgc2026regma-1892\n|\n|t:|...|p2b: Ditto\n|\n|upkeep' [372 bytes]
DEBUG:websockets.client:< TEXT '>battle-gen9championsvgc2026regma-1892\n|reques...Cancel":true,"rqid":11}' [1409 bytes]
DEBUG:websockets.client:< TEXT '>battle-gen9championsvgc2026regma-1892\n|reques...ng":false}]},"rqid":10}' [1391 bytes]
DEBUG:vgc_base:forceSwitch [battle-gen9championsvgc2026regma-1892] force=[False, True] \u2192 /choose pass / /choose switch Zoroark
DEBUG:websockets.client:> TEXT 'battle-gen9championsvgc2026regma-1892|/choose pass, switch Zoroark' [66 bytes]
DEBUG:websockets.client:< TEXT '>battle-gen9championsvgc2026regma-1892\n|\n|t:|...L50, F|100/100\n|turn|4' [110 bytes]
DEBUG:websockets.client:< TEXT '>battle-gen9championsvgc2026regma-1892\n|\n|t:|...L50, F|132/132\n|turn|4' [110 bytes]
DEBUG:websockets.client:< TEXT '>battle-gen9championsvgc2026regma-1892\n|reques...ng":false}]},"rqid":12}' [2166 bytes]
DEBUG:websockets.client:< TEXT '>battle-gen9championsvgc2026regma-1892\n|reques...ng":false}]},"rqid":13}' [2174 bytes]
INFO:player:Turn 4 [battle-gen9championsvgc2026regma-1892] value head win-prob: 0.553  (winning)
DEBUG:live_vgc_base:Turn 4 [battle-gen9championsvgc2026regma-1892] a0=0 a1=13 src=model opp_splice=on
DEBUG:websockets.client:> TEXT 'battle-gen9championsvgc2026regma-1892|/choose move encore 1, switch Ditto' [73 bytes]
DEBUG:live_vgc_base:Turn 4 [battle-gen9championsvgc2026regma-1892] a0=9 a1=5 src=random opp_splice=on
DEBUG:websockets.client:> TEXT 'battle-gen9championsvgc2026regma-1892|/choose m...m 1, move shadowball -1' [82 bytes]
DEBUG:websockets.client:< TEXT '>battle-gen9championsvgc2026regma-1892\n|\n|t:|...am\n|\n|upkeep\n|turn|5' [421 bytes]
DEBUG:websockets.client:< TEXT '>battle-gen9championsvgc2026regma-1892\n|\n|t:|...am\n|\n|upkeep\n|turn|5' [421 bytes]
DEBUG:websockets.client:< TEXT '>battle-gen9championsvgc2026regma-1892\n|reques...ng":false}]},"rqid":14}' [2190 bytes]
DEBUG:websockets.client:< TEXT '>battle-gen9championsvgc2026regma-1892\n|reques...ng":false}]},"rqid":15}' [1835 bytes]
DEBUG:live_vgc_base:Turn 5 [battle-gen9championsvgc2026regma-1892] a0=10 a1=3 src=random opp_splice=on
DEBUG:websockets.client:> TEXT 'battle-gen9championsvgc2026regma-1892|/choose m...am 2, move shadowball 1' [81 bytes]
INFO:player:Turn 5 [battle-gen9championsvgc2026regma-1892] value head win-prob: 0.854  (winning)
DEBUG:live_vgc_base:Turn 5 [battle-gen9championsvgc2026regma-1892] a0=0 a1=6 src=model opp_splice=on
DEBUG:websockets.client:> TEXT 'battle-gen9championsvgc2026regma-1892|/choose move encore 1, move protect' [73 bytes]
DEBUG:websockets.client:< TEXT '>battle-gen9championsvgc2026regma-1892\n|\n|t:|...ve: Protect\n|\n|upkeep' [406 bytes]
DEBUG:websockets.client:< TEXT '>battle-gen9championsvgc2026regma-1892\n|\n|t:|...ve: Protect\n|\n|upkeep' [406 bytes]
DEBUG:websockets.client:< TEXT '>battle-gen9championsvgc2026regma-1892\n|reques...ng":false}]},"rqid":17}' [1377 bytes]
DEBUG:websockets.client:< TEXT '>battle-gen9championsvgc2026regma-1892\n|reques...Cancel":true,"rqid":16}' [1458 bytes]
DEBUG:live_vgc_base:forceSwitch forced_switch_model [battle-gen9championsvgc2026regma-1892] turn 5 a0=13 a1=None opp_splice=on
DEBUG:websockets.client:> TEXT 'battle-gen9championsvgc2026regma-1892|/choose switch Zoroark, pass' [66 bytes]
DEBUG:websockets.client:< TEXT '>battle-gen9championsvgc2026regma-1892\n|\n|t:|... L50, M|36/132\n|turn|6' [111 bytes]
DEBUG:websockets.client:< TEXT '>battle-gen9championsvgc2026regma-1892\n|\n|t:|... L50, M|27/100\n|turn|6' [111 bytes]
DEBUG:websockets.client:< TEXT '>battle-gen9championsvgc2026regma-1892\n|reques...ng":false}]},"rqid":18}' [2199 bytes]
DEBUG:websockets.client:< TEXT '>battle-gen9championsvgc2026regma-1892\n|reques...ng":false}]},"rqid":19}' [2170 bytes]
DEBUG:live_vgc_base:Turn 6 [battle-gen9championsvgc2026regma-1892] a0=10 a1=3 src=random opp_splice=on
DEBUG:websockets.client:> TEXT 'battle-gen9championsvgc2026regma-1892|/choose m...am 2, move shadowball 1' [81 bytes]
INFO:player:Turn 6 [battle-gen9championsvgc2026regma-1892] value head win-prob: 0.959  (winning)
DEBUG:live_vgc_base:Turn 6 [battle-gen9championsvgc2026regma-1892] a0=0 a1=10 src=model opp_splice=on
DEBUG:websockets.client:> TEXT 'battle-gen9championsvgc2026regma-1892|/choose m...voice, move solarbeam 2' [79 bytes]
DEBUG:websockets.client:< TEXT '>battle-gen9championsvgc2026regma-1892\n|\n|t:|...|Solar Beam\n|\n|upkeep' [340 bytes]
DEBUG:websockets.client:< TEXT '>battle-gen9championsvgc2026regma-1892\n|\n|t:|...|Solar Beam\n|\n|upkeep' [340 bytes]
DEBUG:websockets.client:< TEXT '>battle-gen9championsvgc2026regma-1892\n|reques...ng":false}]},"rqid":20}' [1427 bytes]
DEBUG:websockets.client:< TEXT '>battle-gen9championsvgc2026regma-1892\n|reques...Cancel":true,"rqid":21}' [1407 bytes]
DEBUG:vgc_base:forceSwitch [battle-gen9championsvgc2026regma-1892] force=[True, False] \u2192 /choose switch Sneasler / /choose pass
DEBUG:websockets.client:> TEXT 'battle-gen9championsvgc2026regma-1892|/choose switch Sneasler, pass' [67 bytes]
DEBUG:websockets.client:< TEXT '>battle-gen9championsvgc2026regma-1892\n|\n|t:|... L50, F|61/100\n|turn|7' [109 bytes]
DEBUG:websockets.client:< TEXT '>battle-gen9championsvgc2026regma-1892\n|\n|t:|... L50, F|96/157\n|turn|7' [109 bytes]
DEBUG:websockets.client:< TEXT '>battle-gen9championsvgc2026regma-1892\n|reques...ng":false}]},"rqid":22}' [1885 bytes]
DEBUG:websockets.client:< TEXT '>battle-gen9championsvgc2026regma-1892\n|reques...ng":false}]},"rqid":23}' [2139 bytes]
INFO:player:Turn 7 [battle-gen9championsvgc2026regma-1892] value head win-prob: 0.859  (winning)
DEBUG:live_vgc_base:Turn 7 [battle-gen9championsvgc2026regma-1892] a0=0 a1=9 src=model opp_splice=on
DEBUG:websockets.client:> TEXT 'battle-gen9championsvgc2026regma-1892|/choose m...voice, move solarbeam 1' [79 bytes]
DEBUG:live_vgc_base:Turn 7 [battle-gen9championsvgc2026regma-1892] a0=4 a1=0 src=random opp_splice=on
DEBUG:websockets.client:> TEXT 'battle-gen9championsvgc2026regma-1892|/choose m...claw 2, move hypervoice' [78 bytes]
DEBUG:websockets.client:< TEXT '>battle-gen9championsvgc2026regma-1892\n|\n|t:|...on\n|\n|upkeep\n|turn|8' [526 bytes]
DEBUG:websockets.client:< TEXT '>battle-gen9championsvgc2026regma-1892\n|\n|t:|...on\n|\n|upkeep\n|turn|8' [526 bytes]
DEBUG:websockets.client:< TEXT '>battle-gen9championsvgc2026regma-1892\n|reques...ng":false}]},"rqid":24}' [2197 bytes]
DEBUG:websockets.client:< TEXT '>battle-gen9championsvgc2026regma-1892\n|reques...ng":false}]},"rqid":25}' [2137 bytes]
DEBUG:live_vgc_base:Turn 8 [battle-gen9championsvgc2026regma-1892] a0=4 a1=4 src=random opp_splice=on
DEBUG:websockets.client:> TEXT 'battle-gen9championsvgc2026regma-1892|/choose m...aw 2, move shadowball 2' [80 bytes]
INFO:player:Turn 8 [battle-gen9championsvgc2026regma-1892] value head win-prob: 0.958  (winning)
DEBUG:live_vgc_base:Turn 8 [battle-gen9championsvgc2026regma-1892] a0=0 a1=12 src=model opp_splice=on
DEBUG:websockets.client:> TEXT 'battle-gen9championsvgc2026regma-1892|/choose m...voice, switch Charizard' [79 bytes]
DEBUG:websockets.client:< TEXT ">battle-gen9championsvgc2026regma-1892\n|error|...ch to an active Pokémon" [115 bytes]
INFO:player:Turn 8 [battle-gen9championsvgc2026regma-1892] value head win-prob: 0.958  (winning)
WARNING:live_vgc_base:Turn 8 [battle-gen9championsvgc2026regma-1892] order REJECTED by Showdown — perturbing to a fresh legal action (src=retry). The model did NOT drive this slot.
DEBUG:live_vgc_base:Turn 8 [battle-gen9championsvgc2026regma-1892] a0=4 a1=11 src=retry opp_splice=on
DEBUG:websockets.client:> TEXT 'battle-gen9championsvgc2026regma-1892|/choose m...ll 2, move solarbeam -1' [82 bytes]
DEBUG:websockets.client:< TEXT '>battle-gen9championsvgc2026regma-1892\n|\n|t:|...2b: Zoroark\n|\n|upkeep' [288 bytes]
DEBUG:websockets.client:< TEXT '>battle-gen9championsvgc2026regma-1892\n|\n|t:|...2b: Zoroark\n|\n|upkeep' [288 bytes]
DEBUG:websockets.client:< TEXT '>battle-gen9championsvgc2026regma-1892\n|reques...Cancel":true,"rqid":26}' [1419 bytes]
DEBUG:websockets.client:< TEXT '>battle-gen9championsvgc2026regma-1892\n|reques...ng":false}]},"rqid":27}' [1375 bytes]
DEBUG:live_vgc_base:forceSwitch forced_switch_model [battle-gen9championsvgc2026regma-1892] turn 8 a0=None a1=12 opp_splice=on
DEBUG:websockets.client:> TEXT 'battle-gen9championsvgc2026regma-1892|/choose pass, switch Charizard' [68 bytes]
DEBUG:websockets.client:< TEXT '>battle-gen9championsvgc2026regma-1892\n|\n|t:|...L50, M|168/168\n|turn|9' [112 bytes]
DEBUG:websockets.client:< TEXT '>battle-gen9championsvgc2026regma-1892\n|\n|t:|...L50, M|100/100\n|turn|9' [112 bytes]
DEBUG:websockets.client:< TEXT '>battle-gen9championsvgc2026regma-1892\n|reques...ng":false}]},"rqid":29}' [2137 bytes]
DEBUG:websockets.client:< TEXT '>battle-gen9championsvgc2026regma-1892\n|reques...ng":false}]},"rqid":28}' [2184 bytes]
DEBUG:live_vgc_base:Turn 9 [battle-gen9championsvgc2026regma-1892] a0=3 a1=3 src=random opp_splice=on
DEBUG:websockets.client:> TEXT 'battle-gen9championsvgc2026regma-1892|/choose m...aw 1, move shadowball 1' [80 bytes]
INFO:player:Turn 9 [battle-gen9championsvgc2026regma-1892] value head win-prob: 0.862  (winning)
DEBUG:live_vgc_base:Turn 9 [battle-gen9championsvgc2026regma-1892] a0=0 a1=6 src=model opp_splice=on
DEBUG:websockets.client:> TEXT 'battle-gen9championsvgc2026regma-1892|/choose m...oice, move protect mega' [80 bytes]
DEBUG:websockets.client:< TEXT '>battle-gen9championsvgc2026regma-1892\n|\n|t:|...eep]\n|upkeep\n|turn|10' [628 bytes]
DEBUG:websockets.client:< TEXT '>battle-gen9championsvgc2026regma-1892\n|\n|t:|...eep]\n|upkeep\n|turn|10' [628 bytes]
DEBUG:websockets.client:< TEXT '>battle-gen9championsvgc2026regma-1892\n|reques...ng":false}]},"rqid":30}' [2167 bytes]
DEBUG:websockets.client:< TEXT '>battle-gen9championsvgc2026regma-1892\n|reques...ng":false}]},"rqid":31}' [2137 bytes]
DEBUG:live_vgc_base:Turn 10 [battle-gen9championsvgc2026regma-1892] a0=5 a1=9 src=random opp_splice=on
DEBUG:websockets.client:> TEXT 'battle-gen9championsvgc2026regma-1892|/choose m...reclaw -2, move icywind' [76 bytes]
INFO:player:Turn 10 [battle-gen9championsvgc2026regma-1892] value head win-prob: 0.309  (losing)
DEBUG:live_vgc_base:Turn 10 [battle-gen9championsvgc2026regma-1892] a0=0 a1=6 src=model opp_splice=on
DEBUG:vgc_base:_safe_order: action 0 slot 0 \u2192 None, scanning legal actions.
DEBUG:vgc_base:_safe_order: slot 0 has no decodable legal action — sending Pass.
DEBUG:websockets.client:> TEXT 'battle-gen9championsvgc2026regma-1892|/choose pass, move protect' [64 bytes]
DEBUG:websockets.client:< TEXT '>battle-gen9championsvgc2026regma-1892\n|\n|t:|...eep]\n|upkeep\n|turn|11' [279 bytes]
DEBUG:websockets.client:< TEXT '>battle-gen9championsvgc2026regma-1892\n|\n|t:|...eep]\n|upkeep\n|turn|11' [279 bytes]
DEBUG:websockets.client:< TEXT '>battle-gen9championsvgc2026regma-1892\n|reques...ng":false}]},"rqid":32}' [2167 bytes]
DEBUG:websockets.client:< TEXT '>battle-gen9championsvgc2026regma-1892\n|reques...ng":false}]},"rqid":33}' [2136 bytes]
DEBUG:live_vgc_base:Turn 11 [battle-gen9championsvgc2026regma-1892] a0=6 a1=0 src=random opp_splice=on
DEBUG:vgc_base:_safe_order: action 0 slot 1 \u2192 None, scanning legal actions.
DEBUG:vgc_base:_safe_order: slot 1 has no decodable legal action — sending Pass.
DEBUG:websockets.client:> TEXT 'battle-gen9championsvgc2026regma-1892|/choose move protect, pass' [64 bytes]
INFO:player:Turn 11 [battle-gen9championsvgc2026regma-1892] value head win-prob: 0.944  (winning)
DEBUG:live_vgc_base:Turn 11 [battle-gen9championsvgc2026regma-1892] a0=0 a1=6 src=model opp_splice=on
DEBUG:vgc_base:_safe_order: action 0 slot 0 \u2192 None, scanning legal actions.
DEBUG:vgc_base:_safe_order: slot 0 has no decodable legal action — sending Pass.
DEBUG:websockets.client:> TEXT 'battle-gen9championsvgc2026regma-1892|/choose pass, move protect' [64 bytes]
DEBUG:websockets.client:< TEXT '>battle-gen9championsvgc2026regma-1892\n|\n|t:|...eep]\n|upkeep\n|turn|12' [239 bytes]
DEBUG:websockets.client:< TEXT '>battle-gen9championsvgc2026regma-1892\n|\n|t:|...eep]\n|upkeep\n|turn|12' [239 bytes]
DEBUG:websockets.client:< TEXT '>battle-gen9championsvgc2026regma-1892\n|reques...ng":false}]},"rqid":34}' [2167 bytes]
DEBUG:websockets.client:< TEXT '>battle-gen9championsvgc2026regma-1892\n|reques...ng":false}]},"rqid":35}' [2136 bytes]
DEBUG:live_vgc_base:Turn 12 [battle-gen9championsvgc2026regma-1892] a0=9 a1=0 src=random opp_splice=on
DEBUG:vgc_base:_safe_order: action 0 slot 1 \u2192 None, scanning legal actions.
DEBUG:vgc_base:_safe_order: slot 1 has no decodable legal action — sending Pass.
DEBUG:websockets.client:> TEXT 'battle-gen9championsvgc2026regma-1892|/choose move closecombat 1, pass' [70 bytes]
INFO:player:Turn 12 [battle-gen9championsvgc2026regma-1892] value head win-prob: 0.877  (winning)
DEBUG:live_vgc_base:Turn 12 [battle-gen9championsvgc2026regma-1892] a0=0 a1=6 src=model opp_splice=on
DEBUG:vgc_base:_safe_order: action 0 slot 0 \u2192 None, scanning legal actions.
DEBUG:vgc_base:_safe_order: slot 0 has no decodable legal action — sending Pass.
DEBUG:websockets.client:> TEXT 'battle-gen9championsvgc2026regma-1892|/choose pass, move protect' [64 bytes]
DEBUG:websockets.client:< TEXT '>battle-gen9championsvgc2026regma-1892\n|\n|t:|...eep]\n|upkeep\n|turn|13' [270 bytes]
DEBUG:websockets.client:< TEXT '>battle-gen9championsvgc2026regma-1892\n|\n|t:|...eep]\n|upkeep\n|turn|13' [270 bytes]
DEBUG:websockets.client:< TEXT '>battle-gen9championsvgc2026regma-1892\n|reques...ng":false}]},"rqid":36}' [2167 bytes]
DEBUG:websockets.client:< TEXT '>battle-gen9championsvgc2026regma-1892\n|reques...ng":false}]},"rqid":37}' [2136 bytes]
DEBUG:live_vgc_base:Turn 13 [battle-gen9championsvgc2026regma-1892] a0=3 a1=0 src=random opp_splice=on
DEBUG:vgc_base:_safe_order: action 0 slot 1 \u2192 None, scanning legal actions.
DEBUG:vgc_base:_safe_order: slot 1 has no decodable legal action — sending Pass.
DEBUG:websockets.client:> TEXT 'battle-gen9championsvgc2026regma-1892|/choose move direclaw 1, pass' [67 bytes]
INFO:player:Turn 13 [battle-gen9championsvgc2026regma-1892] value head win-prob: 0.872  (winning)
DEBUG:live_vgc_base:Turn 13 [battle-gen9championsvgc2026regma-1892] a0=0 a1=6 src=model opp_splice=on
DEBUG:vgc_base:_safe_order: action 0 slot 0 \u2192 None, scanning legal actions.
DEBUG:vgc_base:_safe_order: slot 0 has no decodable legal action — sending Pass.
DEBUG:websockets.client:> TEXT 'battle-gen9championsvgc2026regma-1892|/choose pass, move protect' [64 bytes]
DEBUG:websockets.client:< TEXT '>battle-gen9championsvgc2026regma-1892\n|\n|t:|... psn\n|upkeep\n|turn|14' [299 bytes]
DEBUG:websockets.client:< TEXT '>battle-gen9championsvgc2026regma-1892\n|\n|t:|... psn\n|upkeep\n|turn|14' [299 bytes]
DEBUG:websockets.client:< TEXT '>battle-gen9championsvgc2026regma-1892\n|reques...ng":false}]},"rqid":38}' [2170 bytes]
DEBUG:websockets.client:< TEXT '>battle-gen9championsvgc2026regma-1892\n|reques...ng":false}]},"rqid":39}' [2136 bytes]
DEBUG:live_vgc_base:Turn 14 [battle-gen9championsvgc2026regma-1892] a0=9 a1=0 src=random opp_splice=on
DEBUG:vgc_base:_safe_order: action 0 slot 1 \u2192 None, scanning legal actions.
DEBUG:vgc_base:_safe_order: slot 1 has no decodable legal action — sending Pass.
DEBUG:websockets.client:> TEXT 'battle-gen9championsvgc2026regma-1892|/choose move closecombat 1, pass' [70 bytes]
INFO:player:Turn 14 [battle-gen9championsvgc2026regma-1892] value head win-prob: 0.070  (losing)
DEBUG:live_vgc_base:Turn 14 [battle-gen9championsvgc2026regma-1892] a0=0 a1=6 src=model opp_splice=on
DEBUG:vgc_base:_safe_order: action 0 slot 0 \u2192 None, scanning legal actions.
DEBUG:vgc_base:_safe_order: slot 0 has no decodable legal action — sending Pass.
DEBUG:websockets.client:> TEXT 'battle-gen9championsvgc2026regma-1892|/choose pass, move protect' [64 bytes]
DEBUG:websockets.client:< TEXT '>battle-gen9championsvgc2026regma-1892\n|\n|t:|... psn\n|upkeep\n|turn|15' [288 bytes]
DEBUG:websockets.client:< TEXT '>battle-gen9championsvgc2026regma-1892\n|\n|t:|... psn\n|upkeep\n|turn|15' [288 bytes]
DEBUG:websockets.client:< TEXT '>battle-gen9championsvgc2026regma-1892\n|reques...ng":false}]},"rqid":40}' [2170 bytes]
DEBUG:websockets.client:< TEXT '>battle-gen9championsvgc2026regma-1892\n|reques...ng":false}]},"rqid":41}' [2136 bytes]
DEBUG:live_vgc_base:Turn 15 [battle-gen9championsvgc2026regma-1892] a0=6 a1=0 src=random opp_splice=on
DEBUG:vgc_base:_safe_order: action 0 slot 1 \u2192 None, scanning legal actions.
DEBUG:vgc_base:_safe_order: slot 1 has no decodable legal action — sending Pass.
DEBUG:websockets.client:> TEXT 'battle-gen9championsvgc2026regma-1892|/choose move protect, pass' [64 bytes]
INFO:player:Turn 15 [battle-gen9championsvgc2026regma-1892] value head win-prob: 0.049  (losing)
DEBUG:live_vgc_base:Turn 15 [battle-gen9championsvgc2026regma-1892] a0=0 a1=6 src=model opp_splice=on
DEBUG:vgc_base:_safe_order: action 0 slot 0 \u2192 None, scanning legal actions.
DEBUG:vgc_base:_safe_order: slot 0 has no decodable legal action — sending Pass.
DEBUG:websockets.client:> TEXT 'battle-gen9championsvgc2026regma-1892|/choose pass, move protect' [64 bytes]
DEBUG:websockets.client:< TEXT '>battle-gen9championsvgc2026regma-1892\n|\n|t:|... psn\n|upkeep\n|turn|16' [257 bytes]
DEBUG:websockets.client:< TEXT '>battle-gen9championsvgc2026regma-1892\n|\n|t:|... psn\n|upkeep\n|turn|16' [257 bytes]
DEBUG:websockets.client:< TEXT '>battle-gen9championsvgc2026regma-1892\n|reques...ng":false}]},"rqid":42}' [2170 bytes]
DEBUG:websockets.client:< TEXT '>battle-gen9championsvgc2026regma-1892\n|reques...ng":false}]},"rqid":43}' [2136 bytes]
DEBUG:live_vgc_base:Turn 16 [battle-gen9championsvgc2026regma-1892] a0=9 a1=0 src=random opp_splice=on
DEBUG:vgc_base:_safe_order: action 0 slot 1 \u2192 None, scanning legal actions.
DEBUG:vgc_base:_safe_order: slot 1 has no decodable legal action — sending Pass.
DEBUG:websockets.client:> TEXT 'battle-gen9championsvgc2026regma-1892|/choose move closecombat 1, pass' [70 bytes]
INFO:player:Turn 16 [battle-gen9championsvgc2026regma-1892] value head win-prob: 0.035  (losing)
DEBUG:live_vgc_base:Turn 16 [battle-gen9championsvgc2026regma-1892] a0=0 a1=6 src=model opp_splice=on
DEBUG:vgc_base:_safe_order: action 0 slot 0 \u2192 None, scanning legal actions.
DEBUG:vgc_base:_safe_order: slot 0 has no decodable legal action — sending Pass.
DEBUG:websockets.client:> TEXT 'battle-gen9championsvgc2026regma-1892|/choose pass, move protect' [64 bytes]
DEBUG:websockets.client:< TEXT '>battle-gen9championsvgc2026regma-1892\n|\n|t:|... psn\n|upkeep\n|turn|17' [287 bytes]
DEBUG:websockets.client:< TEXT '>battle-gen9championsvgc2026regma-1892\n|\n|t:|... psn\n|upkeep\n|turn|17' [287 bytes]
DEBUG:websockets.client:< TEXT '>battle-gen9championsvgc2026regma-1892\n|reques...ng":false}]},"rqid":44}' [2168 bytes]
DEBUG:websockets.client:< TEXT '>battle-gen9championsvgc2026regma-1892\n|reques...ng":false}]},"rqid":45}' [2136 bytes]
DEBUG:live_vgc_base:Turn 17 [battle-gen9championsvgc2026regma-1892] a0=9 a1=0 src=random opp_splice=on
DEBUG:vgc_base:_safe_order: action 0 slot 1 \u2192 None, scanning legal actions.
DEBUG:vgc_base:_safe_order: slot 1 has no decodable legal action — sending Pass.
DEBUG:websockets.client:> TEXT 'battle-gen9championsvgc2026regma-1892|/choose move closecombat 1, pass' [70 bytes]
INFO:player:Turn 17 [battle-gen9championsvgc2026regma-1892] value head win-prob: 0.025  (losing)
DEBUG:live_vgc_base:Turn 17 [battle-gen9championsvgc2026regma-1892] a0=0 a1=0 src=model opp_splice=on
DEBUG:vgc_base:_safe_order: action 0 slot 0 \u2192 None, scanning legal actions.
DEBUG:vgc_base:_safe_order: slot 0 has no decodable legal action — sending Pass.
DEBUG:websockets.client:> TEXT 'battle-gen9championsvgc2026regma-1892|/choose pass, move heatwave' [65 bytes]
DEBUG:websockets.client:< TEXT '>battle-gen9championsvgc2026regma-1892\n|\n|t:|...rizard\n|\n|win|OPrand1' [258 bytes]
DEBUG:websockets.client:< TEXT '>battle-gen9championsvgc2026regma-1892\n|\n|t:|...rizard\n|\n|win|OPrand1' [258 bytes]
INFO:vgc_base:Battle battle-gen9championsvgc2026regma-1892 finished — outcome: LOSS  (W/L/D so far: 1/2/0)
DEBUG:websockets.client:> TEXT '|/leave battle-gen9championsvgc2026regma-1892' [45 bytes]
DEBUG:websockets.client:< TEXT '|updatesearch|{"searching":[],"games":{"battle-... 2026 Reg M-A Battle"}}' [124 bytes]
DEBUG:websockets.client:< TEXT '|updatesearch|{"searching":[],"games":{"battle-... 2026 Reg M-A Battle"}}' [124 bytes]
DEBUG:websockets.client:> TEXT 'battle-gen9championsvgc2026regma-1893|/rejectopenteamsheets' [59 bytes]
INFO:vgc_base:Battle battle-gen9championsvgc2026regma-1892 finished — outcome: WIN  (W/L/D so far: 2/1/0)
DEBUG:websockets.client:> TEXT '|/leave battle-gen9championsvgc2026regma-1892' [45 bytes]
DEBUG:websockets.client:> TEXT '|/utm Sneasler||whiteherb|unburden|fakeout,dire...Naive|32,2,,,,32||||50|' [550 bytes]
DEBUG:websockets.client:> TEXT '|/challenge oprand1, gen9championsvgc2026regma' [46 bytes]
DEBUG:websockets.client:> TEXT 'battle-gen9championsvgc2026regma-1893|/rejectopenteamsheets' [59 bytes]
DEBUG:websockets.client:< TEXT '>battle-gen9championsvgc2026regma-1892\n|deinit' [46 bytes]
DEBUG:websockets.client:< TEXT '>battle-gen9championsvgc2026regma-1892\n|l|\u2606BC1' [48 bytes]
DEBUG:websockets.client:< TEXT '>battle-gen9championsvgc2026regma-1893\n|uhtmlchange|otsrequest|' [63 bytes]
DEBUG:websockets.client:< TEXT '>battle-gen9championsvgc2026regma-1893\nBC1 rejected open team sheets.' [69 bytes]
DEBUG:websockets.client:< TEXT '>battle-gen9championsvgc2026regma-1893\n|uhtmlchange|otsrequest|' [63 bytes]
DEBUG:websockets.client:< TEXT '>battle-gen9championsvgc2026regma-1893\nBC1 rejected open team sheets.' [69 bytes]
DEBUG:websockets.client:< TEXT '>battle-gen9championsvgc2026regma-1892\n|deinit' [46 bytes]
DEBUG:websockets.client:< TEXT '>battle-gen9championsvgc2026regma-1893\n|uhtmlchange|otsrequest|' [63 bytes]
DEBUG:websockets.client:< TEXT '>battle-gen9championsvgc2026regma-1893\n|uhtmlchange|otsrequest|' [63 bytes]
DEBUG:websockets.client:< TEXT '>battle-gen9championsvgc2026regma-1893\nOPrand1...ected open team sheets.' [73 bytes]
DEBUG:websockets.client:< TEXT '>battle-gen9championsvgc2026regma-1893\nOPrand1...ected open team sheets.' [73 bytes]
INFO:player:Team-preview [battle-gen9championsvgc2026regma-1893] NET drove: bring=['whimsicott', 'zoroarkhisui', 'ditto', 'charizardmegay'] leads=['whimsicott', 'zoroarkhisui'] (vs opp ['sneasler', 'charizard', 'whimsicott', 'basculegion', 'zoroarkhisui', 'ditto'])
INFO:vgc_base:Teampreview [battle-gen9championsvgc2026regma-1893] \u2192 /team 3562  (whimsicott, zoroarkhisui, ditto, charizardmegay)
DEBUG:websockets.client:> TEXT 'battle-gen9championsvgc2026regma-1893|/team 3562' [48 bytes]
INFO:vgc_base:Teampreview [battle-gen9championsvgc2026regma-1893] \u2192 /team 3162  (whimsicott, sneasler, ditto, charizardmegay)
DEBUG:websockets.client:> TEXT 'battle-gen9championsvgc2026regma-1893|/team 3162' [48 bytes]
DEBUG:websockets.client:< TEXT '|pm| BC1| OPrand1|/challenge gen9championsvgc20...hampionsvgc2026regma|||' [83 bytes]
DEBUG:websockets.client:< TEXT '|pm| BC1| OPrand1|/challenge gen9championsvgc20...hampionsvgc2026regma|||' [83 bytes]
DEBUG:websockets.client:< TEXT '|pm| BC1| OPrand1|/log BC1 wants to battle!' [43 bytes]
DEBUG:websockets.client:< TEXT '|pm| BC1| OPrand1|/log BC1 wants to battle!' [43 bytes]
DEBUG:websockets.client:> TEXT '|/utm Sneasler||whiteherb|unburden|fakeout,dire...Naive|32,2,,,,32||||50|' [550 bytes]
DEBUG:websockets.client:> TEXT '|/accept bc1' [12 bytes]
DEBUG:websockets.client:< TEXT '|pm| OPrand1| BC1|/challenge' [28 bytes]
DEBUG:websockets.client:< TEXT '|pm| OPrand1| BC1|/challenge' [28 bytes]
DEBUG:websockets.client:< TEXT '|updatesearch|{"searching":[],"games":{"battle-... 2026 Reg M-A Battle"}}' [124 bytes]
DEBUG:websockets.client:< TEXT '|updatesearch|{"searching":[],"games":{"battle-... 2026 Reg M-A Battle"}}' [124 bytes]
DEBUG:websockets.client:< TEXT '|updatesearch|{"searching":[],"games":{"battle-... 2026 Reg M-A Battle"}}' [208 bytes]
DEBUG:websockets.client:< TEXT '|updatesearch|{"searching":[],"games":{"battle-... 2026 Reg M-A Battle"}}' [208 bytes]
DEBUG:websockets.client:< TEXT '|updatesearch|{"searching":[],"games":{"battle-... 2026 Reg M-A Battle"}}' [208 bytes]
DEBUG:websockets.client:< TEXT '|updatesearch|{"searching":[],"games":{"battle-... 2026 Reg M-A Battle"}}' [208 bytes]
DEBUG:websockets.client:< TEXT '>battle-gen9championsvgc2026regma-1894\n|init|b...n|j|\u2606BC1\n|j|\u2606OPrand1\n' [99 bytes]
DEBUG:websockets.client:< TEXT '>battle-gen9championsvgc2026regma-1894\n|init|b... vs. OPrand1\n|j|\u2606BC1\n' [85 bytes]
DEBUG:websockets.client:< TEXT '|pm| OPrand1| BC1|/nonotify OPrand1 accepted th...26regma-1894</a>&raquo;' [173 bytes]
DEBUG:websockets.client:< TEXT '>battle-gen9championsvgc2026regma-1893\n|\n|t:|...L50, F|157/157\n|turn|1' [323 bytes]
DEBUG:websockets.client:< TEXT '>battle-gen9championsvgc2026regma-1894\n|j|\u2606OPrand1' [52 bytes]
DEBUG:websockets.client:< TEXT '|pm| OPrand1| BC1|/nonotify OPrand1 accepted th...26regma-1894</a>&raquo;' [173 bytes]
DEBUG:websockets.client:< TEXT '>battle-gen9championsvgc2026regma-1893\n|\n|t:|...L50, F|100/100\n|turn|1' [323 bytes]
DEBUG:websockets.client:< TEXT '>battle-gen9championsvgc2026regma-1893\n|reques...ing":false}]},"rqid":4}' [2167 bytes]
DEBUG:websockets.client:< TEXT '>battle-gen9championsvgc2026regma-1894\n|t:|1781645514\n|gametype|doubles' [71 bytes]
DEBUG:websockets.client:< TEXT '>battle-gen9championsvgc2026regma-1894\n|player|p1|BC1|266|' [58 bytes]
DEBUG:websockets.client:< TEXT '>battle-gen9championsvgc2026regma-1893\n|reques...ing":false}]},"rqid":5}' [2144 bytes]
DEBUG:websockets.client:< TEXT '>battle-gen9championsvgc2026regma-1894\n|t:|1781645514\n|gametype|doubles' [71 bytes]
DEBUG:websockets.client:< TEXT '>battle-gen9championsvgc2026regma-1894\n|player|p1|BC1|266|' [58 bytes]
DEBUG:websockets.client:< TEXT '>battle-gen9championsvgc2026regma-1894\n|player...heets</strong></button>' [857 bytes]
INFO:player:Turn 1 [battle-gen9championsvgc2026regma-1893] value head win-prob: 0.187  (losing)
DEBUG:live_vgc_base:Turn 1 [battle-gen9championsvgc2026regma-1893] a0=0 a1=9 src=model opp_splice=on
DEBUG:websockets.client:> TEXT 'battle-gen9championsvgc2026regma-1893|/choose move encore 1, move icywind' [73 bytes]
DEBUG:websockets.client:< TEXT '>battle-gen9championsvgc2026regma-1894\n|player...heets</strong></button>' [857 bytes]
DEBUG:websockets.client:< TEXT '>battle-gen9championsvgc2026regma-1894\n|reques...ing":false}]},"rqid":3}' [2097 bytes]
DEBUG:live_vgc_base:Turn 1 [battle-gen9championsvgc2026regma-1893] a0=3 a1=10 src=random opp_splice=on
DEBUG:websockets.client:> TEXT 'battle-gen9championsvgc2026regma-1893|/choose m...ind, move closecombat 2' [79 bytes]
DEBUG:websockets.client:< TEXT '>battle-gen9championsvgc2026regma-1894\n|reques...ing":false}]},"rqid":2}' [2093 bytes]
DEBUG:websockets.client:< TEXT '>battle-gen9championsvgc2026regma-1893\n|\n|t:|...t]\n|\n|upkeep\n|turn|2' [593 bytes]
DEBUG:websockets.client:< TEXT '>battle-gen9championsvgc2026regma-1893\n|\n|t:|...t]\n|\n|upkeep\n|turn|2' [594 bytes]
DEBUG:websockets.client:< TEXT '>battle-gen9championsvgc2026regma-1893\n|reques...ing":false}]},"rqid":7}' [2133 bytes]
DEBUG:websockets.client:< TEXT '>battle-gen9championsvgc2026regma-1893\n|reques...ing":false}]},"rqid":6}' [2167 bytes]
DEBUG:live_vgc_base:Turn 2 [battle-gen9championsvgc2026regma-1893] a0=0 a1=11 src=random opp_splice=on
DEBUG:websockets.client:> TEXT 'battle-gen9championsvgc2026regma-1893|/choose m... 1, move closecombat -1' [80 bytes]
INFO:player:Turn 2 [battle-gen9championsvgc2026regma-1893] value head win-prob: 0.230  (losing)
DEBUG:live_vgc_base:Turn 2 [battle-gen9championsvgc2026regma-1893] a0=0 a1=9 src=model opp_splice=on
DEBUG:websockets.client:> TEXT 'battle-gen9championsvgc2026regma-1893|/choose move encore 1, move icywind' [73 bytes]
DEBUG:websockets.client:< TEXT '>battle-gen9championsvgc2026regma-1893\n|\n|t:|...asler|spe|1\n|\n|upkeep' [506 bytes]
DEBUG:websockets.client:< TEXT '>battle-gen9championsvgc2026regma-1893\n|\n|t:|...asler|spe|1\n|\n|upkeep' [506 bytes]
DEBUG:websockets.client:< TEXT '>battle-gen9championsvgc2026regma-1893\n|reques...ing":false}]},"rqid":8}' [1392 bytes]
DEBUG:websockets.client:< TEXT '>battle-gen9championsvgc2026regma-1893\n|reques...oCancel":true,"rqid":9}' [1410 bytes]
DEBUG:vgc_base:forceSwitch [battle-gen9championsvgc2026regma-1893] force=[True, False] \u2192 /choose switch Charizard / /choose pass
DEBUG:websockets.client:> TEXT 'battle-gen9championsvgc2026regma-1893|/choose switch Charizard, pass' [68 bytes]
DEBUG:websockets.client:< TEXT '>battle-gen9championsvgc2026regma-1893\n|\n|t:|...L50, F|100/100\n|turn|3' [112 bytes]
DEBUG:websockets.client:< TEXT '>battle-gen9championsvgc2026regma-1893\n|\n|t:|...L50, F|168/168\n|turn|3' [112 bytes]
DEBUG:websockets.client:< TEXT '>battle-gen9championsvgc2026regma-1893\n|reques...ng":false}]},"rqid":10}' [2168 bytes]
DEBUG:websockets.client:< TEXT '>battle-gen9championsvgc2026regma-1893\n|reques...ng":false}]},"rqid":11}' [2153 bytes]
INFO:player:Turn 3 [battle-gen9championsvgc2026regma-1893] value head win-prob: 0.652  (winning)
DEBUG:live_vgc_base:Turn 3 [battle-gen9championsvgc2026regma-1893] a0=0 a1=9 src=model opp_splice=on
DEBUG:websockets.client:> TEXT 'battle-gen9championsvgc2026regma-1893|/choose move encore 1, move icywind' [73 bytes]
DEBUG:live_vgc_base:Turn 3 [battle-gen9championsvgc2026regma-1893] a0=0 a1=4 src=random opp_splice=on
DEBUG:websockets.client:> TEXT 'battle-gen9championsvgc2026regma-1893|/choose m...atwave, move direclaw 2' [76 bytes]
DEBUG:websockets.client:< TEXT '>battle-gen9championsvgc2026regma-1893\n|\n|t:|...1b: Zoroark\n|\n|upkeep' [567 bytes]
DEBUG:websockets.client:< TEXT '>battle-gen9championsvgc2026regma-1893\n|\n|t:|...1b: Zoroark\n|\n|upkeep' [567 bytes]
DEBUG:websockets.client:< TEXT '>battle-gen9championsvgc2026regma-1893\n|reques...Cancel":true,"rqid":12}' [1412 bytes]
DEBUG:live_vgc_base:forceSwitch forced_switch_model [battle-gen9championsvgc2026regma-1893] turn 3 a0=None a1=13 opp_splice=on
DEBUG:websockets.client:> TEXT 'battle-gen9championsvgc2026regma-1893|/choose pass, switch Ditto' [64 bytes]
DEBUG:websockets.client:< TEXT '>battle-gen9championsvgc2026regma-1893\n|reques...ng":false}]},"rqid":13}' [1380 bytes]
DEBUG:websockets.client:< TEXT '>battle-gen9championsvgc2026regma-1893\n|\n|t:|...lity: Imposter\n|turn|4' [164 bytes]
DEBUG:websockets.client:< TEXT '>battle-gen9championsvgc2026regma-1893\n|\n|t:|...lity: Imposter\n|turn|4' [164 bytes]
DEBUG:websockets.client:< TEXT '>battle-gen9championsvgc2026regma-1893\n|reques...ng":false}]},"rqid":15}' [2153 bytes]
DEBUG:websockets.client:< TEXT '>battle-gen9championsvgc2026regma-1893\n|reques...ng":false}]},"rqid":14}' [2180 bytes]
DEBUG:live_vgc_base:Turn 4 [battle-gen9championsvgc2026regma-1893] a0=6 a1=3 src=random opp_splice=on
DEBUG:websockets.client:> TEXT 'battle-gen9championsvgc2026regma-1893|/choose m...rotect, move direclaw 1' [75 bytes]
INFO:player:Turn 4 [battle-gen9championsvgc2026regma-1893] value head win-prob: 0.822  (winning)
DEBUG:live_vgc_base:Turn 4 [battle-gen9championsvgc2026regma-1893] a0=0 a1=0 src=model opp_splice=on
DEBUG:websockets.client:> TEXT 'battle-gen9championsvgc2026regma-1893|/choose m...encore 1, move heatwave' [74 bytes]
DEBUG:websockets.client:< TEXT '>battle-gen9championsvgc2026regma-1893\n|\n|t:|...move: Tailwind\n|upkeep' [566 bytes]
DEBUG:websockets.client:< TEXT '>battle-gen9championsvgc2026regma-1893\n|\n|t:|...move: Tailwind\n|upkeep' [566 bytes]
DEBUG:websockets.client:< TEXT '>battle-gen9championsvgc2026regma-1893\n|reques...ng":false}]},"rqid":16}' [1432 bytes]
DEBUG:websockets.client:< TEXT '>battle-gen9championsvgc2026regma-1893\n|reques...ng":false}]},"rqid":17}' [1394 bytes]
DEBUG:vgc_base:forceSwitch [battle-gen9championsvgc2026regma-1893] force=[False, True] \u2192 /choose pass / /choose switch Ditto
DEBUG:websockets.client:> TEXT 'battle-gen9championsvgc2026regma-1893|/choose pass, switch Ditto' [64 bytes]
DEBUG:live_vgc_base:forceSwitch forced_switch_model [battle-gen9championsvgc2026regma-1893] turn 4 a0=12 a1=None opp_splice=on
DEBUG:websockets.client:> TEXT 'battle-gen9championsvgc2026regma-1893|/choose switch Charizard, pass' [68 bytes]
DEBUG:websockets.client:< TEXT ">battle-gen9championsvgc2026regma-1893\n|error|...ch to an active Pokémon" [115 bytes]
DEBUG:live_vgc_base:forceSwitch forced_switch_model [battle-gen9championsvgc2026regma-1893] turn 4 a0=12 a1=None opp_splice=on
DEBUG:websockets.client:> TEXT 'battle-gen9championsvgc2026regma-1893|/choose switch Charizard, pass' [68 bytes]
DEBUG:websockets.client:< TEXT ">battle-gen9championsvgc2026regma-1893\n|error|...ch to an active Pokémon" [115 bytes]
WARNING:vgc_base:forceSwitch [battle-gen9championsvgc2026regma-1893] re-requested 3× (order rejected) — sending /choose default.
DEBUG:websockets.client:> TEXT 'battle-gen9championsvgc2026regma-1893|/choose default' [53 bytes]
DEBUG:websockets.client:< TEXT '>battle-gen9championsvgc2026regma-1893\n|\n|t:|...lity: Imposter\n|turn|5' [213 bytes]
DEBUG:websockets.client:< TEXT '>battle-gen9championsvgc2026regma-1893\n|\n|t:|...lity: Imposter\n|turn|5' [213 bytes]
DEBUG:websockets.client:< TEXT '>battle-gen9championsvgc2026regma-1893\n|reques...ng":false}]},"rqid":18}' [2200 bytes]
DEBUG:websockets.client:< TEXT '>battle-gen9championsvgc2026regma-1893\n|reques...ng":false}]},"rqid":19}' [2199 bytes]
DEBUG:live_vgc_base:Turn 5 [battle-gen9championsvgc2026regma-1893] a0=4 a1=6 src=random opp_splice=on
DEBUG:websockets.client:> TEXT 'battle-gen9championsvgc2026regma-1893|/choose m...l 2, move weatherball 1' [84 bytes]
INFO:player:Turn 5 [battle-gen9championsvgc2026regma-1893] value head win-prob: 0.625  (winning)
DEBUG:live_vgc_base:Turn 5 [battle-gen9championsvgc2026regma-1893] a0=0 a1=0 src=model opp_splice=on
DEBUG:websockets.client:> TEXT 'battle-gen9championsvgc2026regma-1893|/choose m...ave mega, move heatwave' [79 bytes]
DEBUG:websockets.client:< TEXT '>battle-gen9championsvgc2026regma-1893\n|\n|t:|...Ditto\n|upkeep\n|turn|6' [1024 bytes]
DEBUG:websockets.client:< TEXT '>battle-gen9championsvgc2026regma-1893\n|\n|t:|...Ditto\n|upkeep\n|turn|6' [1025 bytes]
DEBUG:websockets.client:< TEXT '>battle-gen9championsvgc2026regma-1893\n|reques...ng":false}]},"rqid":20}' [2182 bytes]
DEBUG:websockets.client:< TEXT '>battle-gen9championsvgc2026regma-1893\n|reques...ng":false}]},"rqid":21}' [2196 bytes]
DEBUG:live_vgc_base:Turn 6 [battle-gen9championsvgc2026regma-1893] a0=9 a1=3 src=random opp_splice=on
DEBUG:websockets.client:> TEXT 'battle-gen9championsvgc2026regma-1893|/choose m...arbeam 1, move heatwave' [77 bytes]
INFO:player:Turn 6 [battle-gen9championsvgc2026regma-1893] value head win-prob: 0.576  (winning)
DEBUG:live_vgc_base:Turn 6 [battle-gen9championsvgc2026regma-1893] a0=0 a1=0 src=model opp_splice=on
DEBUG:websockets.client:> TEXT 'battle-gen9championsvgc2026regma-1893|/choose m...heatwave, move heatwave' [74 bytes]
DEBUG:websockets.client:< TEXT '>battle-gen9championsvgc2026regma-1893\n|\n|t:|...p2b: Ditto\n|\n|win|BC1' [647 bytes]
DEBUG:websockets.client:< TEXT '>battle-gen9championsvgc2026regma-1893\n|\n|t:|...p2b: Ditto\n|\n|win|BC1' [647 bytes]
INFO:vgc_base:Battle battle-gen9championsvgc2026regma-1893 finished — outcome: WIN  (W/L/D so far: 2/2/0)
DEBUG:websockets.client:> TEXT '|/leave battle-gen9championsvgc2026regma-1893' [45 bytes]
DEBUG:websockets.client:> TEXT 'battle-gen9championsvgc2026regma-1894|/rejectopenteamsheets' [59 bytes]
INFO:vgc_base:Battle battle-gen9championsvgc2026regma-1893 finished — outcome: LOSS  (W/L/D so far: 2/2/0)
DEBUG:websockets.client:> TEXT '|/leave battle-gen9championsvgc2026regma-1893' [45 bytes]
DEBUG:websockets.client:< TEXT '|updatesearch|{"searching":[],"games":{"battle-... 2026 Reg M-A Battle"}}' [124 bytes]
DEBUG:websockets.client:< TEXT '|updatesearch|{"searching":[],"games":{"battle-... 2026 Reg M-A Battle"}}' [124 bytes]
DEBUG:websockets.client:> TEXT 'battle-gen9championsvgc2026regma-1894|/rejectopenteamsheets' [59 bytes]
DEBUG:websockets.client:< TEXT '>battle-gen9championsvgc2026regma-1893\n|deinit' [46 bytes]
DEBUG:websockets.client:< TEXT '>battle-gen9championsvgc2026regma-1894\n|uhtmlchange|otsrequest|' [63 bytes]
DEBUG:websockets.client:< TEXT '>battle-gen9championsvgc2026regma-1894\nBC1 rejected open team sheets.' [69 bytes]
DEBUG:websockets.client:< TEXT '>battle-gen9championsvgc2026regma-1893\n|l|\u2606BC1' [48 bytes]
DEBUG:websockets.client:< TEXT '>battle-gen9championsvgc2026regma-1894\n|uhtmlchange|otsrequest|' [63 bytes]
DEBUG:websockets.client:< TEXT '>battle-gen9championsvgc2026regma-1894\nBC1 rejected open team sheets.' [69 bytes]
DEBUG:websockets.client:< TEXT '>battle-gen9championsvgc2026regma-1893\n|deinit' [46 bytes]
DEBUG:websockets.client:< TEXT '>battle-gen9championsvgc2026regma-1894\n|uhtmlchange|otsrequest|' [63 bytes]
INFO:player:Team-preview [battle-gen9championsvgc2026regma-1894] NET drove: bring=['whimsicott', 'zoroarkhisui', 'ditto', 'charizardmegay'] leads=['whimsicott', 'zoroarkhisui'] (vs opp ['sneasler', 'charizard', 'whimsicott', 'basculegion', 'zoroarkhisui', 'ditto'])
INFO:vgc_base:Teampreview [battle-gen9championsvgc2026regma-1894] \u2192 /team 3562  (whimsicott, zoroarkhisui, ditto, charizardmegay)
DEBUG:websockets.client:> TEXT 'battle-gen9championsvgc2026regma-1894|/team 3562' [48 bytes]
INFO:vgc_base:Teampreview [battle-gen9championsvgc2026regma-1894] \u2192 /team 2635  (charizardmegay, ditto, whimsicott, zoroarkhisui)
DEBUG:websockets.client:> TEXT 'battle-gen9championsvgc2026regma-1894|/team 2635' [48 bytes]
DEBUG:websockets.client:< TEXT '>battle-gen9championsvgc2026regma-1894\nOPrand1...ected open team sheets.' [73 bytes]
DEBUG:websockets.client:< TEXT '>battle-gen9championsvgc2026regma-1894\n|uhtmlchange|otsrequest|' [63 bytes]
DEBUG:websockets.client:< TEXT '>battle-gen9championsvgc2026regma-1894\nOPrand1...ected open team sheets.' [73 bytes]
DEBUG:websockets.client:< TEXT '>battle-gen9championsvgc2026regma-1894\n|\n|t:|...lity: Imposter\n|turn|1' [376 bytes]
DEBUG:websockets.client:< TEXT '>battle-gen9championsvgc2026regma-1894\n|\n|t:|...lity: Imposter\n|turn|1' [376 bytes]
DEBUG:websockets.client:< TEXT '>battle-gen9championsvgc2026regma-1894\n|reques...ing":false}]},"rqid":5}' [2211 bytes]
DEBUG:websockets.client:< TEXT '>battle-gen9championsvgc2026regma-1894\n|reques...ing":false}]},"rqid":4}' [2167 bytes]
DEBUG:live_vgc_base:Turn 1 [battle-gen9championsvgc2026regma-1894] a0=3 a1=12 src=random opp_splice=on
DEBUG:websockets.client:> TEXT 'battle-gen9championsvgc2026regma-1894|/choose m...ll 1, switch Whimsicott' [83 bytes]
INFO:player:Turn 1 [battle-gen9championsvgc2026regma-1894] value head win-prob: 0.355  (losing)
DEBUG:live_vgc_base:Turn 1 [battle-gen9championsvgc2026regma-1894] a0=0 a1=9 src=model opp_splice=on
DEBUG:websockets.client:> TEXT 'battle-gen9championsvgc2026regma-1894|/choose move encore 1, move icywind' [73 bytes]
DEBUG:websockets.client:< TEXT ">battle-gen9championsvgc2026regma-1894\n|error|...ch to an active Pokémon" [115 bytes]
DEBUG:live_vgc_base:Turn 1 [battle-gen9championsvgc2026regma-1894] a0=4 a1=13 src=random opp_splice=on
DEBUG:websockets.client:> TEXT 'battle-gen9championsvgc2026regma-1894|/choose m...rball 2, switch Zoroark' [80 bytes]
DEBUG:websockets.client:< TEXT '>battle-gen9championsvgc2026regma-1894\n|\n|t:|...rd\n|\n|upkeep\n|turn|2' [491 bytes]
DEBUG:websockets.client:< TEXT '>battle-gen9championsvgc2026regma-1894\n|\n|t:|...rd\n|\n|upkeep\n|turn|2' [492 bytes]
DEBUG:websockets.client:< TEXT '>battle-gen9championsvgc2026regma-1894\n|reques...ing":false}]},"rqid":7}' [2191 bytes]
DEBUG:websockets.client:< TEXT '>battle-gen9championsvgc2026regma-1894\n|reques...ing":false}]},"rqid":6}' [2167 bytes]
DEBUG:live_vgc_base:Turn 2 [battle-gen9championsvgc2026regma-1894] a0=9 a1=4 src=random opp_splice=on
DEBUG:websockets.client:> TEXT 'battle-gen9championsvgc2026regma-1894|/choose m...am 1, move shadowball 2' [81 bytes]
INFO:player:Turn 2 [battle-gen9championsvgc2026regma-1894] value head win-prob: 0.758  (winning)
DEBUG:live_vgc_base:Turn 2 [battle-gen9championsvgc2026regma-1894] a0=0 a1=9 src=model opp_splice=on
DEBUG:websockets.client:> TEXT 'battle-gen9championsvgc2026regma-1894|/choose move encore 1, move icywind' [73 bytes]
DEBUG:websockets.client:< TEXT '>battle-gen9championsvgc2026regma-1894\n|\n|t:|...rd\n|\n|upkeep\n|turn|3' [472 bytes]
DEBUG:websockets.client:< TEXT '>battle-gen9championsvgc2026regma-1894\n|\n|t:|...rd\n|\n|upkeep\n|turn|3' [473 bytes]
DEBUG:websockets.client:< TEXT '>battle-gen9championsvgc2026regma-1894\n|reques...ing":false}]},"rqid":8}' [2167 bytes]
DEBUG:websockets.client:< TEXT '>battle-gen9championsvgc2026regma-1894\n|reques...ing":false}]},"rqid":9}' [2188 bytes]
DEBUG:live_vgc_base:Turn 3 [battle-gen9championsvgc2026regma-1894] a0=12 a1=6 src=random opp_splice=on
DEBUG:websockets.client:> TEXT 'battle-gen9championsvgc2026regma-1894|/choose s...himsicott, move protect' [77 bytes]
INFO:player:Turn 3 [battle-gen9championsvgc2026regma-1894] value head win-prob: 0.827  (winning)
DEBUG:live_vgc_base:Turn 3 [battle-gen9championsvgc2026regma-1894] a0=0 a1=9 src=model opp_splice=on
DEBUG:websockets.client:> TEXT 'battle-gen9championsvgc2026regma-1894|/choose move encore 1, move icywind' [73 bytes]
DEBUG:websockets.client:< TEXT '>battle-gen9championsvgc2026regma-1894\n|\n|t:|...|1\n|\n|upkeep\n|turn|4' [455 bytes]
DEBUG:websockets.client:< TEXT '>battle-gen9championsvgc2026regma-1894\n|\n|t:|...|1\n|\n|upkeep\n|turn|4' [455 bytes]
DEBUG:websockets.client:< TEXT '>battle-gen9championsvgc2026regma-1894\n|reques...ng":false}]},"rqid":11}' [2170 bytes]
DEBUG:websockets.client:< TEXT '>battle-gen9championsvgc2026regma-1894\n|reques...ng":false}]},"rqid":10}' [2168 bytes]
DEBUG:live_vgc_base:Turn 4 [battle-gen9championsvgc2026regma-1894] a0=12 a1=4 src=random opp_splice=on
DEBUG:websockets.client:> TEXT 'battle-gen9championsvgc2026regma-1894|/choose s...zard, move shadowball 2' [81 bytes]
INFO:player:Turn 4 [battle-gen9championsvgc2026regma-1894] value head win-prob: 0.846  (winning)
DEBUG:live_vgc_base:Turn 4 [battle-gen9championsvgc2026regma-1894] a0=0 a1=9 src=model opp_splice=on
DEBUG:websockets.client:> TEXT 'battle-gen9championsvgc2026regma-1894|/choose move encore 1, move icywind' [73 bytes]
DEBUG:websockets.client:< TEXT '>battle-gen9championsvgc2026regma-1894\n|\n|t:|...rd\n|\n|upkeep\n|turn|5' [433 bytes]
DEBUG:websockets.client:< TEXT '>battle-gen9championsvgc2026regma-1894\n|\n|t:|...rd\n|\n|upkeep\n|turn|5' [433 bytes]
DEBUG:websockets.client:< TEXT '>battle-gen9championsvgc2026regma-1894\n|reques...ng":false}]},"rqid":12}' [2168 bytes]
DEBUG:websockets.client:< TEXT '>battle-gen9championsvgc2026regma-1894\n|reques...ng":false}]},"rqid":13}' [2190 bytes]
DEBUG:live_vgc_base:Turn 5 [battle-gen9championsvgc2026regma-1894] a0=11 a1=3 src=random opp_splice=on
DEBUG:websockets.client:> TEXT 'battle-gen9championsvgc2026regma-1894|/choose m...m -2, move shadowball 1' [82 bytes]
INFO:player:Turn 5 [battle-gen9championsvgc2026regma-1894] value head win-prob: 0.864  (winning)
DEBUG:live_vgc_base:Turn 5 [battle-gen9championsvgc2026regma-1894] a0=0 a1=9 src=model opp_splice=on
DEBUG:websockets.client:> TEXT 'battle-gen9championsvgc2026regma-1894|/choose move encore 1, move icywind' [73 bytes]
DEBUG:websockets.client:< TEXT '>battle-gen9championsvgc2026regma-1894\n|\n|t:|...|Solar Beam\n|\n|upkeep' [375 bytes]
DEBUG:websockets.client:< TEXT '>battle-gen9championsvgc2026regma-1894\n|\n|t:|...|Solar Beam\n|\n|upkeep' [375 bytes]
DEBUG:websockets.client:< TEXT '>battle-gen9championsvgc2026regma-1894\n|reques...ng":false}]},"rqid":14}' [1393 bytes]
DEBUG:websockets.client:< TEXT '>battle-gen9championsvgc2026regma-1894\n|reques...Cancel":true,"rqid":15}' [1424 bytes]
DEBUG:vgc_base:forceSwitch [battle-gen9championsvgc2026regma-1894] force=[False, True] \u2192 /choose pass / /choose switch Whimsicott
DEBUG:websockets.client:> TEXT 'battle-gen9championsvgc2026regma-1894|/choose pass, switch Whimsicott' [69 bytes]
DEBUG:websockets.client:< TEXT '>battle-gen9championsvgc2026regma-1894\n|\n|t:|... L50, M|56/100\n|turn|6' [113 bytes]
DEBUG:websockets.client:< TEXT '>battle-gen9championsvgc2026regma-1894\n|\n|t:|... L50, M|77/137\n|turn|6' [113 bytes]
DEBUG:websockets.client:< TEXT '>battle-gen9championsvgc2026regma-1894\n|reques...ng":false}]},"rqid":16}' [2168 bytes]
DEBUG:websockets.client:< TEXT '>battle-gen9championsvgc2026regma-1894\n|reques...ng":false}]},"rqid":17}' [1841 bytes]
INFO:player:Turn 6 [battle-gen9championsvgc2026regma-1894] value head win-prob: 0.976  (winning)
DEBUG:live_vgc_base:Turn 6 [battle-gen9championsvgc2026regma-1894] a0=0 a1=9 src=model opp_splice=on
DEBUG:websockets.client:> TEXT 'battle-gen9championsvgc2026regma-1894|/choose move encore 1, move icywind' [73 bytes]
DEBUG:live_vgc_base:Turn 6 [battle-gen9championsvgc2026regma-1894] a0=11 a1=7 src=random opp_splice=on
DEBUG:websockets.client:> TEXT 'battle-gen9championsvgc2026regma-1894|/choose m...am -2, move moonblast 2' [81 bytes]
DEBUG:websockets.client:< TEXT '>battle-gen9championsvgc2026regma-1894\n|\n|t:|...: Charizard\n|\n|upkeep' [621 bytes]
DEBUG:websockets.client:< TEXT '>battle-gen9championsvgc2026regma-1894\n|\n|t:|...: Charizard\n|\n|upkeep' [621 bytes]
DEBUG:websockets.client:< TEXT '>battle-gen9championsvgc2026regma-1894\n|reques...ng":false}]},"rqid":18}' [1392 bytes]
DEBUG:websockets.client:< TEXT '>battle-gen9championsvgc2026regma-1894\n|reques...Cancel":true,"rqid":19}' [1423 bytes]
DEBUG:vgc_base:forceSwitch [battle-gen9championsvgc2026regma-1894] force=[False, True] \u2192 /choose pass / /choose switch Ditto
DEBUG:websockets.client:> TEXT 'battle-gen9championsvgc2026regma-1894|/choose pass, switch Ditto' [64 bytes]
DEBUG:websockets.client:< TEXT '>battle-gen9championsvgc2026regma-1894\n|\n|t:|...lity: Imposter\n|turn|7' [165 bytes]
DEBUG:websockets.client:< TEXT '>battle-gen9championsvgc2026regma-1894\n|\n|t:|...lity: Imposter\n|turn|7' [165 bytes]
DEBUG:websockets.client:< TEXT '>battle-gen9championsvgc2026regma-1894\n|reques...ng":false}]},"rqid":20}' [2167 bytes]
DEBUG:websockets.client:< TEXT '>battle-gen9championsvgc2026regma-1894\n|reques...ng":false}]},"rqid":21}' [2204 bytes]
DEBUG:live_vgc_base:Turn 7 [battle-gen9championsvgc2026regma-1894] a0=10 a1=1 src=random opp_splice=on
DEBUG:websockets.client:> TEXT 'battle-gen9championsvgc2026regma-1894|/choose m...arbeam 2, move encore 2' [77 bytes]
INFO:player:Turn 7 [battle-gen9championsvgc2026regma-1894] value head win-prob: 0.983  (winning)
DEBUG:live_vgc_base:Turn 7 [battle-gen9championsvgc2026regma-1894] a0=0 a1=9 src=model opp_splice=on
DEBUG:websockets.client:> TEXT 'battle-gen9championsvgc2026regma-1894|/choose move encore 1, move icywind' [73 bytes]
DEBUG:websockets.client:< TEXT '>battle-gen9championsvgc2026regma-1894\n|\n|t:|...am\n|\n|upkeep\n|turn|8' [451 bytes]
DEBUG:websockets.client:< TEXT '>battle-gen9championsvgc2026regma-1894\n|\n|t:|...am\n|\n|upkeep\n|turn|8' [451 bytes]
DEBUG:websockets.client:< TEXT '>battle-gen9championsvgc2026regma-1894\n|reques...ng":false}]},"rqid":22}' [2163 bytes]
DEBUG:websockets.client:< TEXT '>battle-gen9championsvgc2026regma-1894\n|reques...ng":false}]},"rqid":23}' [1868 bytes]
DEBUG:live_vgc_base:Turn 8 [battle-gen9championsvgc2026regma-1894] a0=10 a1=7 src=random opp_splice=on
DEBUG:websockets.client:> TEXT 'battle-gen9championsvgc2026regma-1894|/choose m...eam 2, move moonblast 2' [80 bytes]
INFO:player:Turn 8 [battle-gen9championsvgc2026regma-1894] value head win-prob: 0.989  (winning)
DEBUG:live_vgc_base:Turn 8 [battle-gen9championsvgc2026regma-1894] a0=0 a1=9 src=model opp_splice=on
DEBUG:websockets.client:> TEXT 'battle-gen9championsvgc2026regma-1894|/choose move encore 1, move icywind' [73 bytes]
DEBUG:websockets.client:< TEXT '>battle-gen9championsvgc2026regma-1894\n|\n|t:|...arizard|Encore\n|upkeep' [574 bytes]
DEBUG:websockets.client:< TEXT '>battle-gen9championsvgc2026regma-1894\n|\n|t:|...arizard|Encore\n|upkeep' [574 bytes]
DEBUG:websockets.client:< TEXT '>battle-gen9championsvgc2026regma-1894\n|reques...Cancel":true,"rqid":24}' [1421 bytes]
DEBUG:live_vgc_base:forceSwitch forced_switch_model [battle-gen9championsvgc2026regma-1894] turn 8 a0=None a1=13 opp_splice=on
DEBUG:websockets.client:> TEXT 'battle-gen9championsvgc2026regma-1894|/choose pass, switch Ditto' [64 bytes]
DEBUG:websockets.client:< TEXT '>battle-gen9championsvgc2026regma-1894\n|reques...ng":false}]},"rqid":25}' [1425 bytes]
DEBUG:websockets.client:< TEXT '>battle-gen9championsvgc2026regma-1894\n|\n|t:|...lity: Imposter\n|turn|9' [164 bytes]
DEBUG:websockets.client:< TEXT '>battle-gen9championsvgc2026regma-1894\n|\n|t:|...lity: Imposter\n|turn|9' [164 bytes]
DEBUG:websockets.client:< TEXT '>battle-gen9championsvgc2026regma-1894\n|reques...ng":false}]},"rqid":27}' [2205 bytes]
DEBUG:websockets.client:< TEXT '>battle-gen9championsvgc2026regma-1894\n|reques...ng":false}]},"rqid":26}' [2188 bytes]
DEBUG:live_vgc_base:Turn 9 [battle-gen9championsvgc2026regma-1894] a0=4 a1=6 src=random opp_splice=on
DEBUG:websockets.client:> TEXT 'battle-gen9championsvgc2026regma-1894|/choose m...all 2, move moonblast 1' [82 bytes]
INFO:player:Turn 9 [battle-gen9championsvgc2026regma-1894] value head win-prob: 0.994  (winning)
DEBUG:live_vgc_base:Turn 9 [battle-gen9championsvgc2026regma-1894] a0=6 a1=4 src=model opp_splice=on
DEBUG:websockets.client:> TEXT 'battle-gen9championsvgc2026regma-1894|/choose m...ast 1, move solarbeam 2' [80 bytes]
DEBUG:websockets.client:< TEXT '>battle-gen9championsvgc2026regma-1894\n|\n|t:|...m\n|\n|upkeep\n|turn|10' [377 bytes]
DEBUG:websockets.client:< TEXT '>battle-gen9championsvgc2026regma-1894\n|\n|t:|...m\n|\n|upkeep\n|turn|10' [377 bytes]
DEBUG:websockets.client:< TEXT '>battle-gen9championsvgc2026regma-1894\n|reques...ng":false}]},"rqid":28}' [1874 bytes]
DEBUG:websockets.client:< TEXT '>battle-gen9championsvgc2026regma-1894\n|reques...ng":false}]},"rqid":29}' [2205 bytes]
DEBUG:live_vgc_base:Turn 10 [battle-gen9championsvgc2026regma-1894] a0=0 a1=0 src=random opp_splice=on
DEBUG:vgc_base:_safe_order: action 0 slot 0 \u2192 None, scanning legal actions.
DEBUG:vgc_base:_safe_order: slot 0 has no decodable legal action — sending Pass.
DEBUG:websockets.client:> TEXT 'battle-gen9championsvgc2026regma-1894|/choose pass, move encore 1' [65 bytes]
INFO:player:Turn 10 [battle-gen9championsvgc2026regma-1894] value head win-prob: 0.999  (winning)
DEBUG:live_vgc_base:Turn 10 [battle-gen9championsvgc2026regma-1894] a0=3 a1=4 src=model opp_splice=on
DEBUG:websockets.client:> TEXT 'battle-gen9championsvgc2026regma-1894|/choose m...lwind, move solarbeam 2' [77 bytes]
DEBUG:websockets.client:< TEXT '>battle-gen9championsvgc2026regma-1894\n|\n|t:|...p2b: Ditto\n|\n|win|BC1' [344 bytes]
DEBUG:websockets.client:< TEXT '>battle-gen9championsvgc2026regma-1894\n|\n|t:|...p2b: Ditto\n|\n|win|BC1' [344 bytes]
DEBUG:websockets.client:< TEXT '|updatesearch|{"searching":[],"games":null}' [43 bytes]
INFO:vgc_base:Battle battle-gen9championsvgc2026regma-1894 finished — outcome: WIN  (W/L/D so far: 3/2/0)
DEBUG:websockets.client:> TEXT '|/leave battle-gen9championsvgc2026regma-1894' [45 bytes]
DEBUG:websockets.client:< TEXT '|updatesearch|{"searching":[],"games":null}' [43 bytes]
INFO:vgc_base:Battle battle-gen9championsvgc2026regma-1894 finished — outcome: LOSS  (W/L/D so far: 2/3/0)
DEBUG:websockets.client:> TEXT '|/leave battle-gen9championsvgc2026regma-1894' [45 bytes]
DEBUG:websockets.client:< TEXT '>battle-gen9championsvgc2026regma-1894\n|deinit' [46 bytes]
DEBUG:websockets.client:< TEXT '>battle-gen9championsvgc2026regma-1894\n|l|\u2606BC1' [48 bytes]
DEBUG:websockets.client:< TEXT '>battle-gen9championsvgc2026regma-1894\n|deinit' [46 bytes]
DEBUG:websockets.client:> CLOSE 1000 (OK) [2 bytes]
DEBUG:websockets.client:= connection is CLOSING
DEBUG:websockets.client:< CLOSE 1000 (OK) [2 bytes]
DEBUG:websockets.client:< EOF
DEBUG:websockets.client:> EOF
DEBUG:websockets.client:= connection is CLOSED
DEBUG:websockets.client:x half-closing TCP connection
DEBUG:websockets.client:> CLOSE 1000 (OK) [2 bytes]
DEBUG:websockets.client:= connection is CLOSING
DEBUG:websockets.client:< CLOSE 1000 (OK) [2 bytes]
DEBUG:websockets.client:< EOF
DEBUG:websockets.client:> EOF
DEBUG:websockets.client:= connection is CLOSED
DEBUG:websockets.client:x half-closing TCP connection
INFO:__main__:vs random: 3/5
INFO:run_local_battle:Loaded team from D:\ShowdownProject\Victory-Dance\teams\M-A\Trickery
INFO:run_local_battle:Loaded team from D:\ShowdownProject\Victory-Dance\teams\M-A\Trickery
INFO:player:VGCPlayer: loaded battle model from D:\ShowdownProject\Victory-Dance\ai_train_scripts\BC_model\checkpoints\bc_best.pt (heads=('our_a', 'our_b'))
INFO:player:VGCPlayer: loaded team-chooser from D:\ShowdownProject\Victory-Dance\ai_train_scripts\teamPreview_model\checkpoints\teampreview_best.pt (vocab=190)
INFO:player:VGCPlayer ready (gap-#6 splice) | battle_model=loaded (D:\ShowdownProject\Victory-Dance\ai_train_scripts\BC_model\checkpoints\bc_best.pt) | team_chooser=loaded (D:\ShowdownProject\Victory-Dance\ai_train_scripts\teamPreview_model\checkpoints\teampreview_best.pt) | replay=D:\ShowdownProject\Victory-Dance\replay_buffer\BC2.jsonl
DEBUG:websockets.client:= connection is CONNECTING
DEBUG:websockets.client:> GET /showdown/websocket HTTP/1.1
DEBUG:websockets.client:> Host: localhost:8000
DEBUG:websockets.client:> Upgrade: websocket
DEBUG:websockets.client:> Connection: Upgrade
DEBUG:websockets.client:> Sec-WebSocket-Key: Py/wzBAHehrp/CBFOvLEkw==
DEBUG:websockets.client:> Sec-WebSocket-Version: 13
DEBUG:websockets.client:> Sec-WebSocket-Extensions: permessage-deflate; client_max_window_bits
DEBUG:websockets.client:> User-Agent: Python/3.12 websockets/16.0
DEBUG:websockets.client:< HTTP/1.1 101 Switching Protocols
DEBUG:websockets.client:< Upgrade: websocket
DEBUG:websockets.client:< Connection: Upgrade
DEBUG:websockets.client:< Sec-WebSocket-Accept: 9XRBuYT/IEZSNGvqyd1uqV5fopg=
DEBUG:websockets.client:= connection is OPEN
DEBUG:websockets.client:< TEXT '|updateuser| Guest 1179|0|169|{"blockChallenges...c|[Gen 1] Custom Game,c' [8618 bytes]
DEBUG:websockets.client:< TEXT '|challstr|4|a289c4fa6d9f5fc6cc2cd5b2f2bdb6bc97c...779a89c3a2f338e587341f3' [268 bytes]
DEBUG:websockets.client:> TEXT '|/trn BC2,0,' [12 bytes]
DEBUG:websockets.client:< TEXT '|updatesearch|{"searching":[],"games":null}' [43 bytes]
DEBUG:websockets.client:< TEXT '|updateuser| BC2|1|102|{"blockChallenges":false...:false,"language":null}' [346 bytes]
DEBUG:websockets.client:< TEXT '|updatesearch|{"searching":[],"games":null}' [43 bytes]
DEBUG:websockets.client:= connection is CONNECTING
DEBUG:websockets.client:> GET /showdown/websocket HTTP/1.1
DEBUG:websockets.client:> Host: localhost:8000
DEBUG:websockets.client:> Upgrade: websocket
DEBUG:websockets.client:> Connection: Upgrade
DEBUG:websockets.client:> Sec-WebSocket-Key: q0ETy4X2zioZHMVf4i5PWQ==
DEBUG:websockets.client:> Sec-WebSocket-Version: 13
DEBUG:websockets.client:> Sec-WebSocket-Extensions: permessage-deflate; client_max_window_bits
DEBUG:websockets.client:> User-Agent: Python/3.12 websockets/16.0
DEBUG:websockets.client:< HTTP/1.1 101 Switching Protocols
DEBUG:websockets.client:< Upgrade: websocket
DEBUG:websockets.client:< Connection: Upgrade
DEBUG:websockets.client:< Sec-WebSocket-Accept: btBQKXG2dP4VijLKV/59Np+t1C8=
DEBUG:websockets.client:= connection is OPEN
DEBUG:websockets.client:< TEXT '|updateuser| Guest 1180|0|101|{"blockChallenges...c|[Gen 1] Custom Game,c' [8618 bytes]
DEBUG:websockets.client:< TEXT '|challstr|4|4aa700817938a6a9bf452eb8521b5e101ec...1bcf645599de7cae5b700d0' [268 bytes]
DEBUG:websockets.client:> TEXT '|/trn OPmax_2,0,' [16 bytes]
DEBUG:websockets.client:< TEXT '|updatesearch|{"searching":[],"games":null}' [43 bytes]
DEBUG:websockets.client:< TEXT '|updateuser| OPmax_2|1|1|{"blockChallenges":fal...:false,"language":null}' [348 bytes]
DEBUG:websockets.client:< TEXT '|updatesearch|{"searching":[],"games":null}' [43 bytes]
DEBUG:websockets.client:> TEXT '|/utm Sneasler||whiteherb|unburden|fakeout,dire...Naive|32,2,,,,32||||50|' [550 bytes]
DEBUG:websockets.client:> TEXT '|/challenge opmax2, gen9championsvgc2026regma' [45 bytes]
DEBUG:websockets.client:< TEXT '|pm| BC2| OPmax_2|/challenge gen9championsvgc20...hampionsvgc2026regma|||' [83 bytes]
DEBUG:websockets.client:< TEXT '|pm| BC2| OPmax_2|/challenge gen9championsvgc20...hampionsvgc2026regma|||' [83 bytes]
DEBUG:websockets.client:< TEXT '|pm| BC2| OPmax_2|/log BC2 wants to battle!' [43 bytes]
DEBUG:websockets.client:< TEXT '|pm| BC2| OPmax_2|/log BC2 wants to battle!' [43 bytes]
DEBUG:websockets.client:> TEXT '|/utm Sneasler||whiteherb|unburden|fakeout,dire...Naive|32,2,,,,32||||50|' [550 bytes]
DEBUG:websockets.client:> TEXT '|/accept bc2' [12 bytes]
DEBUG:websockets.client:< TEXT '|pm| OPmax_2| BC2|/challenge' [28 bytes]
DEBUG:websockets.client:< TEXT '|pm| OPmax_2| BC2|/challenge' [28 bytes]
DEBUG:websockets.client:< TEXT '|updatesearch|{"searching":[],"games":null}' [43 bytes]
DEBUG:websockets.client:< TEXT '|updatesearch|{"searching":[],"games":null}' [43 bytes]
DEBUG:websockets.client:< TEXT '|updatesearch|{"searching":[],"games":{"battle-... 2026 Reg M-A Battle"}}' [124 bytes]
DEBUG:websockets.client:< TEXT '|updatesearch|{"searching":[],"games":{"battle-... 2026 Reg M-A Battle"}}' [124 bytes]
DEBUG:websockets.client:< TEXT '|updatesearch|{"searching":[],"games":{"battle-... 2026 Reg M-A Battle"}}' [124 bytes]
DEBUG:websockets.client:< TEXT '|updatesearch|{"searching":[],"games":{"battle-... 2026 Reg M-A Battle"}}' [124 bytes]
DEBUG:websockets.client:< TEXT '>battle-gen9championsvgc2026regma-1895\n|init|b... vs. OPmax_2\n|j|\u2606BC2\n' [85 bytes]
DEBUG:websockets.client:< TEXT '>battle-gen9championsvgc2026regma-1895\n|j|\u2606OPmax_2' [52 bytes]
DEBUG:websockets.client:< TEXT '>battle-gen9championsvgc2026regma-1895\n|init|b...n|j|\u2606BC2\n|j|\u2606OPmax_2\n' [99 bytes]
DEBUG:websockets.client:< TEXT '|pm| OPmax_2| BC2|/nonotify OPmax_2 accepted th...26regma-1895</a>&raquo;' [173 bytes]
DEBUG:websockets.client:< TEXT '>battle-gen9championsvgc2026regma-1895\n|t:|1781645516\n|gametype|doubles' [71 bytes]
DEBUG:websockets.client:< TEXT '|pm| OPmax_2| BC2|/nonotify OPmax_2 accepted th...26regma-1895</a>&raquo;' [173 bytes]
DEBUG:websockets.client:< TEXT '>battle-gen9championsvgc2026regma-1895\n|t:|1781645516\n|gametype|doubles' [71 bytes]
DEBUG:websockets.client:< TEXT '>battle-gen9championsvgc2026regma-1895\n|player|p1|BC2|102|' [58 bytes]
DEBUG:websockets.client:< TEXT '>battle-gen9championsvgc2026regma-1895\n|player|p1|BC2|102|' [58 bytes]
DEBUG:websockets.client:> TEXT 'battle-gen9championsvgc2026regma-1895|/rejectopenteamsheets' [59 bytes]
DEBUG:websockets.client:> TEXT 'battle-gen9championsvgc2026regma-1895|/rejectopenteamsheets' [59 bytes]
DEBUG:websockets.client:> TEXT '|/utm Sneasler||whiteherb|unburden|fakeout,dire...Naive|32,2,,,,32||||50|' [550 bytes]
DEBUG:websockets.client:> TEXT '|/challenge opmax2, gen9championsvgc2026regma' [45 bytes]
DEBUG:websockets.client:< TEXT '>battle-gen9championsvgc2026regma-1895\n|player...heets</strong></button>' [855 bytes]
DEBUG:websockets.client:< TEXT '>battle-gen9championsvgc2026regma-1895\n|player...heets</strong></button>' [855 bytes]
DEBUG:websockets.client:< TEXT '>battle-gen9championsvgc2026regma-1895\n|reques...ing":false}]},"rqid":2}' [2093 bytes]
DEBUG:websockets.client:< TEXT '>battle-gen9championsvgc2026regma-1895\n|uhtmlchange|otsrequest|' [63 bytes]
DEBUG:websockets.client:< TEXT '>battle-gen9championsvgc2026regma-1895\nBC2 rejected open team sheets.' [69 bytes]
DEBUG:websockets.client:< TEXT '>battle-gen9championsvgc2026regma-1895\n|uhtmlchange|otsrequest|' [63 bytes]
DEBUG:websockets.client:< TEXT '>battle-gen9championsvgc2026regma-1895\nOPmax_2...ected open team sheets.' [73 bytes]
DEBUG:websockets.client:< TEXT '>battle-gen9championsvgc2026regma-1895\n|reques...ing":false}]},"rqid":3}' [2097 bytes]
DEBUG:websockets.client:< TEXT '>battle-gen9championsvgc2026regma-1895\n|uhtmlchange|otsrequest|' [63 bytes]
DEBUG:websockets.client:< TEXT '>battle-gen9championsvgc2026regma-1895\nBC2 rejected open team sheets.' [69 bytes]
DEBUG:websockets.client:< TEXT '>battle-gen9championsvgc2026regma-1895\n|uhtmlchange|otsrequest|' [63 bytes]
DEBUG:websockets.client:< TEXT '>battle-gen9championsvgc2026regma-1895\nOPmax_2...ected open team sheets.' [73 bytes]
INFO:player:Team-preview [battle-gen9championsvgc2026regma-1895] NET drove: bring=['whimsicott', 'zoroarkhisui', 'ditto', 'charizardmegay'] leads=['whimsicott', 'zoroarkhisui'] (vs opp ['sneasler', 'charizard', 'whimsicott', 'basculegion', 'zoroarkhisui', 'ditto'])
INFO:vgc_base:Teampreview [battle-gen9championsvgc2026regma-1895] \u2192 /team 3562  (whimsicott, zoroarkhisui, ditto, charizardmegay)
DEBUG:websockets.client:> TEXT 'battle-gen9championsvgc2026regma-1895|/team 3562' [48 bytes]
DEBUG:vgc_base:Teampreview: first-4 roster order \u2192 ['sneasler', 'charizardmegay', 'whimsicott', 'basculegion']
INFO:vgc_base:Teampreview [battle-gen9championsvgc2026regma-1895] \u2192 /team 1234  (sneasler, charizardmegay, whimsicott, basculegion)
DEBUG:websockets.client:> TEXT 'battle-gen9championsvgc2026regma-1895|/team 1234' [48 bytes]
DEBUG:websockets.client:< TEXT '|pm| BC2| OPmax_2|/challenge gen9championsvgc20...hampionsvgc2026regma|||' [83 bytes]
DEBUG:websockets.client:< TEXT '|pm| BC2| OPmax_2|/challenge gen9championsvgc20...hampionsvgc2026regma|||' [83 bytes]
DEBUG:websockets.client:< TEXT '|pm| BC2| OPmax_2|/log BC2 wants to battle!' [43 bytes]
DEBUG:websockets.client:< TEXT '|pm| BC2| OPmax_2|/log BC2 wants to battle!' [43 bytes]
DEBUG:websockets.client:> TEXT '|/utm Sneasler||whiteherb|unburden|fakeout,dire...Naive|32,2,,,,32||||50|' [550 bytes]
DEBUG:websockets.client:> TEXT '|/accept bc2' [12 bytes]
DEBUG:websockets.client:< TEXT '>battle-gen9championsvgc2026regma-1895\n|\n|t:|...L50, F|100/100\n|turn|1' [321 bytes]
DEBUG:websockets.client:< TEXT '>battle-gen9championsvgc2026regma-1895\n|\n|t:|...L50, F|168/168\n|turn|1' [321 bytes]
DEBUG:websockets.client:< TEXT '>battle-gen9championsvgc2026regma-1895\n|reques...ing":false}]},"rqid":4}' [2167 bytes]
DEBUG:websockets.client:< TEXT '>battle-gen9championsvgc2026regma-1895\n|reques...ing":false}]},"rqid":5}' [2236 bytes]
DEBUG:websockets.client:< TEXT '|pm| OPmax_2| BC2|/challenge' [28 bytes]
INFO:player:Turn 1 [battle-gen9championsvgc2026regma-1895] value head win-prob: 0.351  (losing)
DEBUG:live_vgc_base:Turn 1 [battle-gen9championsvgc2026regma-1895] a0=0 a1=9 src=model opp_splice=on
DEBUG:websockets.client:> TEXT 'battle-gen9championsvgc2026regma-1895|/choose move encore 1, move icywind' [73 bytes]
DEBUG:websockets.client:< TEXT '|pm| OPmax_2| BC2|/challenge' [28 bytes]
DEBUG:websockets.client:< TEXT '|updatesearch|{"searching":[],"games":{"battle-... 2026 Reg M-A Battle"}}' [124 bytes]
DEBUG:websockets.client:< TEXT '|updatesearch|{"searching":[],"games":{"battle-... 2026 Reg M-A Battle"}}' [208 bytes]
DEBUG:websockets.client:< TEXT '|updatesearch|{"searching":[],"games":{"battle-... 2026 Reg M-A Battle"}}' [208 bytes]
DEBUG:websockets.client:< TEXT '|updatesearch|{"searching":[],"games":{"battle-... 2026 Reg M-A Battle"}}' [124 bytes]
DEBUG:websockets.client:< TEXT '|updatesearch|{"searching":[],"games":{"battle-... 2026 Reg M-A Battle"}}' [208 bytes]
DEBUG:websockets.client:< TEXT '|updatesearch|{"searching":[],"games":{"battle-... 2026 Reg M-A Battle"}}' [208 bytes]
DEBUG:websockets.client:< TEXT '>battle-gen9championsvgc2026regma-1896\n|init|b...n|j|\u2606BC2\n|j|\u2606OPmax_2\n' [99 bytes]
DEBUG:websockets.client:< TEXT '|pm| OPmax_2| BC2|/nonotify OPmax_2 accepted th...26regma-1896</a>&raquo;' [173 bytes]
DEBUG:websockets.client:< TEXT '>battle-gen9championsvgc2026regma-1896\n|t:|1781645516\n|gametype|doubles' [71 bytes]
DEBUG:websockets.client:< TEXT '>battle-gen9championsvgc2026regma-1896\n|player|p1|BC2|102|' [58 bytes]
DEBUG:websockets.client:< TEXT '>battle-gen9championsvgc2026regma-1896\n|player...heets</strong></button>' [855 bytes]
DEBUG:websockets.client:< TEXT '>battle-gen9championsvgc2026regma-1896\n|reques...ing":false}]},"rqid":3}' [2097 bytes]
DEBUG:vgc_base:Turn 1 [battle-gen9championsvgc2026regma-1895] a0=9 a1=9 src=max_damage g0=0 g1=0
DEBUG:websockets.client:> TEXT 'battle-gen9championsvgc2026regma-1895|/choose m...bat 1, move solarbeam 1' [82 bytes]
DEBUG:websockets.client:< TEXT '>battle-gen9championsvgc2026regma-1896\n|init|b... vs. OPmax_2\n|j|\u2606BC2\n' [85 bytes]
DEBUG:websockets.client:< TEXT '>battle-gen9championsvgc2026regma-1896\n|j|\u2606OPmax_2' [52 bytes]
DEBUG:websockets.client:< TEXT '|pm| OPmax_2| BC2|/nonotify OPmax_2 accepted th...26regma-1896</a>&raquo;' [173 bytes]
DEBUG:websockets.client:< TEXT '>battle-gen9championsvgc2026regma-1896\n|t:|1781645516\n|gametype|doubles' [71 bytes]
DEBUG:websockets.client:< TEXT '>battle-gen9championsvgc2026regma-1896\n|player|p1|BC2|102|' [58 bytes]
DEBUG:websockets.client:< TEXT '>battle-gen9championsvgc2026regma-1896\n|player...heets</strong></button>' [855 bytes]
DEBUG:websockets.client:< TEXT '>battle-gen9championsvgc2026regma-1896\n|reques...ing":false}]},"rqid":2}' [2093 bytes]
DEBUG:websockets.client:< TEXT '>battle-gen9championsvgc2026regma-1895\n|\n|t:|...am\n|\n|upkeep\n|turn|2' [643 bytes]
DEBUG:websockets.client:< TEXT '>battle-gen9championsvgc2026regma-1895\n|\n|t:|...am\n|\n|upkeep\n|turn|2' [645 bytes]
DEBUG:websockets.client:< TEXT '>battle-gen9championsvgc2026regma-1895\n|reques...ing":false}]},"rqid":7}' [1888 bytes]
DEBUG:websockets.client:< TEXT '>battle-gen9championsvgc2026regma-1895\n|reques...ing":false}]},"rqid":6}' [2166 bytes]
DEBUG:vgc_base:Turn 2 [battle-gen9championsvgc2026regma-1895] a0=9 a1=9 src=max_damage g0=0 g1=0
DEBUG:websockets.client:> TEXT 'battle-gen9championsvgc2026regma-1895|/choose m...bat 1, move solarbeam 1' [82 bytes]
INFO:player:Turn 2 [battle-gen9championsvgc2026regma-1895] value head win-prob: 0.278  (losing)
DEBUG:live_vgc_base:Turn 2 [battle-gen9championsvgc2026regma-1895] a0=0 a1=9 src=model opp_splice=on
DEBUG:websockets.client:> TEXT 'battle-gen9championsvgc2026regma-1895|/choose move encore 1, move icywind' [73 bytes]
DEBUG:websockets.client:< TEXT '>battle-gen9championsvgc2026regma-1895\n|\n|t:|... Whimsicott\n|\n|upkeep' [661 bytes]
DEBUG:websockets.client:< TEXT '>battle-gen9championsvgc2026regma-1895\n|\n|t:|... Whimsicott\n|\n|upkeep' [662 bytes]
DEBUG:websockets.client:< TEXT '>battle-gen9championsvgc2026regma-1895\n|reques...oCancel":true,"rqid":8}' [1421 bytes]
DEBUG:websockets.client:< TEXT '>battle-gen9championsvgc2026regma-1895\n|reques...ing":false}]},"rqid":9}' [1452 bytes]
DEBUG:live_vgc_base:forceSwitch forced_switch_model [battle-gen9championsvgc2026regma-1895] turn 2 a0=13 a1=None opp_splice=on
DEBUG:websockets.client:> TEXT 'battle-gen9championsvgc2026regma-1895|/choose switch Ditto, pass' [64 bytes]
DEBUG:websockets.client:< TEXT '>battle-gen9championsvgc2026regma-1895\n|\n|t:|...lity: Imposter\n|turn|3' [164 bytes]
DEBUG:websockets.client:< TEXT '>battle-gen9championsvgc2026regma-1895\n|\n|t:|...lity: Imposter\n|turn|3' [164 bytes]
DEBUG:websockets.client:< TEXT '>battle-gen9championsvgc2026regma-1895\n|reques...ng":false}]},"rqid":10}' [2200 bytes]
DEBUG:websockets.client:< TEXT '>battle-gen9championsvgc2026regma-1895\n|reques...ng":false}]},"rqid":11}' [2224 bytes]
DEBUG:vgc_base:Turn 3 [battle-gen9championsvgc2026regma-1895] a0=9 a1=9 src=max_damage g0=0 g1=0
DEBUG:websockets.client:> TEXT 'battle-gen9championsvgc2026regma-1895|/choose m...bat 1, move solarbeam 1' [82 bytes]
INFO:player:Turn 3 [battle-gen9championsvgc2026regma-1895] value head win-prob: 0.574  (winning)
DEBUG:live_vgc_base:Turn 3 [battle-gen9championsvgc2026regma-1895] a0=3 a1=9 src=model opp_splice=on
DEBUG:websockets.client:> TEXT 'battle-gen9championsvgc2026regma-1895|/choose move heatwave, move icywind' [73 bytes]
DEBUG:websockets.client:< TEXT '>battle-gen9championsvgc2026regma-1895\n|\n|t:|...zard|40/100\n|\n|upkeep' [544 bytes]
DEBUG:websockets.client:< TEXT '>battle-gen9championsvgc2026regma-1895\n|\n|t:|...zard|68/168\n|\n|upkeep' [543 bytes]
DEBUG:websockets.client:< TEXT '>battle-gen9championsvgc2026regma-1895\n|reques...ng":false}]},"rqid":12}' [1428 bytes]
DEBUG:websockets.client:< TEXT '>battle-gen9championsvgc2026regma-1895\n|reques...Cancel":true,"rqid":13}' [1482 bytes]
DEBUG:vgc_base:forceSwitch [battle-gen9championsvgc2026regma-1895] force=[True, False] \u2192 /choose switch Whimsicott / /choose pass
DEBUG:websockets.client:> TEXT 'battle-gen9championsvgc2026regma-1895|/choose switch Whimsicott, pass' [69 bytes]
DEBUG:websockets.client:< TEXT '>battle-gen9championsvgc2026regma-1895\n|\n|t:|...L50, F|100/100\n|turn|4' [114 bytes]
DEBUG:websockets.client:< TEXT '>battle-gen9championsvgc2026regma-1895\n|\n|t:|...L50, F|137/137\n|turn|4' [114 bytes]
DEBUG:websockets.client:< TEXT '>battle-gen9championsvgc2026regma-1895\n|reques...ng":false}]},"rqid":14}' [2200 bytes]
DEBUG:websockets.client:< TEXT '>battle-gen9championsvgc2026regma-1895\n|reques...ng":false}]},"rqid":15}' [1899 bytes]
DEBUG:vgc_base:Turn 4 [battle-gen9championsvgc2026regma-1895] a0=6 a1=9 src=max_damage g0=0 g1=0
DEBUG:websockets.client:> TEXT 'battle-gen9championsvgc2026regma-1895|/choose m...ast 1, move solarbeam 1' [80 bytes]
INFO:player:Turn 4 [battle-gen9championsvgc2026regma-1895] value head win-prob: 0.141  (losing)
DEBUG:live_vgc_base:Turn 4 [battle-gen9championsvgc2026regma-1895] a0=3 a1=9 src=model opp_splice=on
DEBUG:websockets.client:> TEXT 'battle-gen9championsvgc2026regma-1895|/choose move heatwave, move icywind' [73 bytes]
DEBUG:websockets.client:< TEXT '>battle-gen9championsvgc2026regma-1895\n|\n|t:|...55\n|\n|upkeep\n|turn|5' [776 bytes]
DEBUG:websockets.client:< TEXT '>battle-gen9championsvgc2026regma-1895\n|\n|t:|...00\n|\n|upkeep\n|turn|5' [777 bytes]
DEBUG:websockets.client:< TEXT '>battle-gen9championsvgc2026regma-1895\n|reques...ng":false}]},"rqid":16}' [2199 bytes]
DEBUG:websockets.client:< TEXT '>battle-gen9championsvgc2026regma-1895\n|reques...ng":false}]},"rqid":17}' [2226 bytes]
DEBUG:vgc_base:Turn 5 [battle-gen9championsvgc2026regma-1895] a0=6 a1=9 src=max_damage g0=0 g1=0
DEBUG:websockets.client:> TEXT 'battle-gen9championsvgc2026regma-1895|/choose m...ast 1, move solarbeam 1' [80 bytes]
INFO:player:Turn 5 [battle-gen9championsvgc2026regma-1895] value head win-prob: 0.620  (winning)
DEBUG:live_vgc_base:Turn 5 [battle-gen9championsvgc2026regma-1895] a0=3 a1=9 src=model opp_splice=on
DEBUG:websockets.client:> TEXT 'battle-gen9championsvgc2026regma-1895|/choose move heatwave, move icywind' [73 bytes]
DEBUG:websockets.client:< TEXT '>battle-gen9championsvgc2026regma-1895\n|\n|t:|...|p1a: Ditto\n|\n|upkeep' [340 bytes]
DEBUG:websockets.client:< TEXT '>battle-gen9championsvgc2026regma-1895\n|\n|t:|...|p1a: Ditto\n|\n|upkeep' [340 bytes]
DEBUG:websockets.client:< TEXT '>battle-gen9championsvgc2026regma-1895\n|reques...Cancel":true,"rqid":19}' [1469 bytes]
DEBUG:websockets.client:< TEXT '>battle-gen9championsvgc2026regma-1895\n|reques...ng":false}]},"rqid":18}' [1427 bytes]
DEBUG:vgc_base:forceSwitch slot 1: no available switch — '/choose default' (handled poke-env desync).
DEBUG:vgc_base:forceSwitch DIAG [battle-gen9championsvgc2026regma-1895] turn=5 slot=1 force=[True, True] available_switches=[['basculegion'], ['basculegion']] own_bench_mons=['basculegion'] request_state={'Whimsicott': 'actfnt', 'Charizard': 'actfnt', 'Sneasler': 'fnt', 'Basculegion': ''} team_keys=['p2: Sneasler', 'p2: Charizard', 'p2: Whimsicott', 'p2: Basculegion', 'p2: Zoroark', 'p2: Ditto'] team=[sneasler(act=False,fnt=True,hp=0), charizard(act=True,fnt=True,hp=0), whimsicott(act=True,fnt=True,hp=0), basculegion(act=False,fnt=False,hp=1.0), zoroarkhisui(act=False,fnt=False,hp=1.0), ditto(act=False,fnt=False,hp=1.0)]
DEBUG:websockets.client:> TEXT 'battle-gen9championsvgc2026regma-1895|/choose default' [53 bytes]
DEBUG:websockets.client:< TEXT '>battle-gen9championsvgc2026regma-1895\n|\n|t:|...L50, M|100/100\n|turn|6' [116 bytes]
DEBUG:websockets.client:< TEXT '>battle-gen9championsvgc2026regma-1895\n|\n|t:|...L50, M|197/197\n|turn|6' [116 bytes]
DEBUG:websockets.client:< TEXT '>battle-gen9championsvgc2026regma-1895\n|reques...ng":false}]},"rqid":20}' [2199 bytes]
DEBUG:websockets.client:< TEXT '>battle-gen9championsvgc2026regma-1895\n|reques...ng":false}]},"rqid":21}' [2221 bytes]
DEBUG:vgc_base:Turn 6 [battle-gen9championsvgc2026regma-1895] a0=3 a1=0 src=max_damage g0=0 g1=0
DEBUG:vgc_base:_safe_order: action 0 slot 1 \u2192 None, scanning legal actions.
DEBUG:vgc_base:_safe_order: slot 1 has no decodable legal action — sending Pass.
DEBUG:websockets.client:> TEXT 'battle-gen9championsvgc2026regma-1895|/choose move wavecrash 1, pass' [68 bytes]
INFO:player:Turn 6 [battle-gen9championsvgc2026regma-1895] value head win-prob: 0.975  (winning)
DEBUG:live_vgc_base:Turn 6 [battle-gen9championsvgc2026regma-1895] a0=0 a1=9 src=model opp_splice=on
DEBUG:websockets.client:> TEXT 'battle-gen9championsvgc2026regma-1895|/choose m...larbeam 1, move icywind' [76 bytes]
DEBUG:websockets.client:< TEXT '>battle-gen9championsvgc2026regma-1895\n|\n|t:|...rom] Recoil\n|\n|upkeep' [374 bytes]
DEBUG:websockets.client:< TEXT '>battle-gen9championsvgc2026regma-1895\n|\n|t:|...rom] Recoil\n|\n|upkeep' [376 bytes]
DEBUG:websockets.client:< TEXT '>battle-gen9championsvgc2026regma-1895\n|reques...Cancel":true,"rqid":22}' [1420 bytes]
DEBUG:websockets.client:< TEXT '>battle-gen9championsvgc2026regma-1895\n|reques...ng":false}]},"rqid":23}' [1439 bytes]
DEBUG:live_vgc_base:forceSwitch forced_switch_model [battle-gen9championsvgc2026regma-1895] turn 6 a0=12 a1=None opp_splice=on
DEBUG:websockets.client:> TEXT 'battle-gen9championsvgc2026regma-1895|/choose switch Charizard, pass' [68 bytes]
DEBUG:websockets.client:< TEXT '>battle-gen9championsvgc2026regma-1895\n|\n|t:|...L50, M|168/168\n|turn|7' [112 bytes]
DEBUG:websockets.client:< TEXT '>battle-gen9championsvgc2026regma-1895\n|\n|t:|...L50, M|100/100\n|turn|7' [112 bytes]
DEBUG:websockets.client:< TEXT '>battle-gen9championsvgc2026regma-1895\n|reques...ng":false}]},"rqid":24}' [2185 bytes]
DEBUG:websockets.client:< TEXT '>battle-gen9championsvgc2026regma-1895\n|reques...ng":false}]},"rqid":25}' [2221 bytes]
DEBUG:vgc_base:Turn 7 [battle-gen9championsvgc2026regma-1895] a0=3 a1=0 src=max_damage g0=0 g1=0
DEBUG:vgc_base:_safe_order: action 0 slot 1 \u2192 None, scanning legal actions.
DEBUG:vgc_base:_safe_order: slot 1 has no decodable legal action — sending Pass.
DEBUG:websockets.client:> TEXT 'battle-gen9championsvgc2026regma-1895|/choose move wavecrash 1, pass' [68 bytes]
INFO:player:Turn 7 [battle-gen9championsvgc2026regma-1895] value head win-prob: 0.970  (winning)
DEBUG:live_vgc_base:Turn 7 [battle-gen9championsvgc2026regma-1895] a0=0 a1=0 src=model opp_splice=on
DEBUG:websockets.client:> TEXT 'battle-gen9championsvgc2026regma-1895|/choose m...e mega, move hypervoice' [81 bytes]
DEBUG:websockets.client:< TEXT '>battle-gen9championsvgc2026regma-1895\n|\n|t:|...keep]\n|upkeep\n|turn|8' [634 bytes]
DEBUG:websockets.client:< TEXT '>battle-gen9championsvgc2026regma-1895\n|\n|t:|...keep]\n|upkeep\n|turn|8' [635 bytes]
DEBUG:websockets.client:< TEXT '>battle-gen9championsvgc2026regma-1895\n|reques...ng":false}]},"rqid":26}' [2167 bytes]
DEBUG:websockets.client:< TEXT '>battle-gen9championsvgc2026regma-1895\n|reques...ng":false}]},"rqid":27}' [2220 bytes]
DEBUG:vgc_base:Turn 8 [battle-gen9championsvgc2026regma-1895] a0=3 a1=0 src=max_damage g0=0 g1=0
DEBUG:vgc_base:_safe_order: action 0 slot 1 \u2192 None, scanning legal actions.
DEBUG:vgc_base:_safe_order: slot 1 has no decodable legal action — sending Pass.
DEBUG:websockets.client:> TEXT 'battle-gen9championsvgc2026regma-1895|/choose move wavecrash 1, pass' [68 bytes]
INFO:player:Turn 8 [battle-gen9championsvgc2026regma-1895] value head win-prob: 0.991  (winning)
DEBUG:live_vgc_base:Turn 8 [battle-gen9championsvgc2026regma-1895] a0=0 a1=0 src=model opp_splice=on
DEBUG:vgc_base:_safe_order: action 0 slot 0 \u2192 None, scanning legal actions.
DEBUG:vgc_base:_safe_order: slot 0 has no decodable legal action — sending Pass.
DEBUG:websockets.client:> TEXT 'battle-gen9championsvgc2026regma-1895|/choose pass, move hypervoice' [67 bytes]
DEBUG:websockets.client:< TEXT '>battle-gen9championsvgc2026regma-1895\n|\n|t:|...asculegion\n|\n|win|BC2' [364 bytes]
DEBUG:websockets.client:< TEXT '>battle-gen9championsvgc2026regma-1895\n|\n|t:|...asculegion\n|\n|win|BC2' [364 bytes]
DEBUG:websockets.client:< TEXT '|updatesearch|{"searching":[],"games":{"battle-... 2026 Reg M-A Battle"}}' [124 bytes]
INFO:vgc_base:Battle battle-gen9championsvgc2026regma-1895 finished — outcome: WIN  (W/L/D so far: 1/0/0)
DEBUG:websockets.client:> TEXT '|/leave battle-gen9championsvgc2026regma-1895' [45 bytes]
DEBUG:websockets.client:< TEXT '|updatesearch|{"searching":[],"games":{"battle-... 2026 Reg M-A Battle"}}' [124 bytes]
DEBUG:websockets.client:> TEXT 'battle-gen9championsvgc2026regma-1896|/rejectopenteamsheets' [59 bytes]
INFO:vgc_base:Battle battle-gen9championsvgc2026regma-1895 finished — outcome: LOSS  (W/L/D so far: 0/1/0)
DEBUG:websockets.client:> TEXT '|/leave battle-gen9championsvgc2026regma-1895' [45 bytes]
DEBUG:websockets.client:> TEXT '|/utm Sneasler||whiteherb|unburden|fakeout,dire...Naive|32,2,,,,32||||50|' [550 bytes]
DEBUG:websockets.client:> TEXT '|/challenge opmax2, gen9championsvgc2026regma' [45 bytes]
DEBUG:websockets.client:> TEXT 'battle-gen9championsvgc2026regma-1896|/rejectopenteamsheets' [59 bytes]
DEBUG:websockets.client:< TEXT '>battle-gen9championsvgc2026regma-1895\n|deinit' [46 bytes]
DEBUG:websockets.client:< TEXT '>battle-gen9championsvgc2026regma-1895\n|l|\u2606BC2' [48 bytes]
DEBUG:websockets.client:< TEXT '>battle-gen9championsvgc2026regma-1896\n|uhtmlchange|otsrequest|' [63 bytes]
DEBUG:websockets.client:< TEXT '>battle-gen9championsvgc2026regma-1896\nBC2 rejected open team sheets.' [69 bytes]
DEBUG:websockets.client:< TEXT '>battle-gen9championsvgc2026regma-1896\n|uhtmlchange|otsrequest|' [63 bytes]
DEBUG:websockets.client:< TEXT '>battle-gen9championsvgc2026regma-1896\nBC2 rejected open team sheets.' [69 bytes]
DEBUG:websockets.client:< TEXT '>battle-gen9championsvgc2026regma-1895\n|deinit' [46 bytes]
DEBUG:websockets.client:< TEXT '>battle-gen9championsvgc2026regma-1896\n|uhtmlchange|otsrequest|' [63 bytes]
DEBUG:websockets.client:< TEXT '>battle-gen9championsvgc2026regma-1896\n|uhtmlchange|otsrequest|' [63 bytes]
DEBUG:websockets.client:< TEXT '>battle-gen9championsvgc2026regma-1896\nOPmax_2...ected open team sheets.' [73 bytes]
DEBUG:websockets.client:< TEXT '>battle-gen9championsvgc2026regma-1896\nOPmax_2...ected open team sheets.' [73 bytes]
INFO:player:Team-preview [battle-gen9championsvgc2026regma-1896] NET drove: bring=['whimsicott', 'zoroarkhisui', 'ditto', 'charizardmegay'] leads=['whimsicott', 'zoroarkhisui'] (vs opp ['sneasler', 'charizard', 'whimsicott', 'basculegion', 'zoroarkhisui', 'ditto'])
INFO:vgc_base:Teampreview [battle-gen9championsvgc2026regma-1896] \u2192 /team 3562  (whimsicott, zoroarkhisui, ditto, charizardmegay)
DEBUG:websockets.client:> TEXT 'battle-gen9championsvgc2026regma-1896|/team 3562' [48 bytes]
DEBUG:vgc_base:Teampreview: first-4 roster order \u2192 ['sneasler', 'charizardmegay', 'whimsicott', 'basculegion']
INFO:vgc_base:Teampreview [battle-gen9championsvgc2026regma-1896] \u2192 /team 1234  (sneasler, charizardmegay, whimsicott, basculegion)
DEBUG:websockets.client:> TEXT 'battle-gen9championsvgc2026regma-1896|/team 1234' [48 bytes]
DEBUG:websockets.client:< TEXT '|pm| BC2| OPmax_2|/challenge gen9championsvgc20...hampionsvgc2026regma|||' [83 bytes]
DEBUG:websockets.client:< TEXT '|pm| BC2| OPmax_2|/challenge gen9championsvgc20...hampionsvgc2026regma|||' [83 bytes]
DEBUG:websockets.client:< TEXT '|pm| BC2| OPmax_2|/log BC2 wants to battle!' [43 bytes]
DEBUG:websockets.client:< TEXT '|pm| BC2| OPmax_2|/log BC2 wants to battle!' [43 bytes]
DEBUG:websockets.client:> TEXT '|/utm Sneasler||whiteherb|unburden|fakeout,dire...Naive|32,2,,,,32||||50|' [550 bytes]
DEBUG:websockets.client:> TEXT '|/accept bc2' [12 bytes]
DEBUG:websockets.client:< TEXT '>battle-gen9championsvgc2026regma-1896\n|\n|t:|...L50, M|100/100\n|turn|1' [321 bytes]
DEBUG:websockets.client:< TEXT '>battle-gen9championsvgc2026regma-1896\n|\n|t:|...L50, M|168/168\n|turn|1' [321 bytes]
DEBUG:websockets.client:< TEXT '>battle-gen9championsvgc2026regma-1896\n|reques...ing":false}]},"rqid":4}' [2167 bytes]
DEBUG:websockets.client:< TEXT '>battle-gen9championsvgc2026regma-1896\n|reques...ing":false}]},"rqid":5}' [2236 bytes]
INFO:player:Turn 1 [battle-gen9championsvgc2026regma-1896] value head win-prob: 0.351  (losing)
DEBUG:live_vgc_base:Turn 1 [battle-gen9championsvgc2026regma-1896] a0=0 a1=9 src=model opp_splice=on
DEBUG:websockets.client:> TEXT 'battle-gen9championsvgc2026regma-1896|/choose move encore 1, move icywind' [73 bytes]
DEBUG:vgc_base:Turn 1 [battle-gen9championsvgc2026regma-1896] a0=9 a1=9 src=max_damage g0=0 g1=0
DEBUG:websockets.client:> TEXT 'battle-gen9championsvgc2026regma-1896|/choose m...bat 1, move solarbeam 1' [82 bytes]
DEBUG:websockets.client:< TEXT '|pm| OPmax_2| BC2|/challenge' [28 bytes]
DEBUG:websockets.client:< TEXT '|pm| OPmax_2| BC2|/challenge' [28 bytes]
DEBUG:websockets.client:< TEXT '|updatesearch|{"searching":[],"games":{"battle-... 2026 Reg M-A Battle"}}' [124 bytes]
DEBUG:websockets.client:< TEXT '|updatesearch|{"searching":[],"games":{"battle-... 2026 Reg M-A Battle"}}' [208 bytes]
DEBUG:websockets.client:< TEXT '|updatesearch|{"searching":[],"games":{"battle-... 2026 Reg M-A Battle"}}' [208 bytes]
DEBUG:websockets.client:< TEXT '>battle-gen9championsvgc2026regma-1897\n|init|b...n|j|\u2606BC2\n|j|\u2606OPmax_2\n' [99 bytes]
DEBUG:websockets.client:< TEXT '|pm| OPmax_2| BC2|/nonotify OPmax_2 accepted th...26regma-1897</a>&raquo;' [173 bytes]
DEBUG:websockets.client:< TEXT '>battle-gen9championsvgc2026regma-1897\n|t:|1781645517\n|gametype|doubles' [71 bytes]
DEBUG:websockets.client:< TEXT '>battle-gen9championsvgc2026regma-1897\n|player|p1|BC2|102|' [58 bytes]
DEBUG:websockets.client:< TEXT '>battle-gen9championsvgc2026regma-1897\n|player...heets</strong></button>' [855 bytes]
DEBUG:websockets.client:< TEXT '>battle-gen9championsvgc2026regma-1897\n|reques...ing":false}]},"rqid":3}' [2097 bytes]
DEBUG:websockets.client:< TEXT '|updatesearch|{"searching":[],"games":{"battle-... 2026 Reg M-A Battle"}}' [124 bytes]
DEBUG:websockets.client:< TEXT '|updatesearch|{"searching":[],"games":{"battle-... 2026 Reg M-A Battle"}}' [208 bytes]
DEBUG:websockets.client:< TEXT '|updatesearch|{"searching":[],"games":{"battle-... 2026 Reg M-A Battle"}}' [208 bytes]
DEBUG:websockets.client:< TEXT '>battle-gen9championsvgc2026regma-1897\n|init|b... vs. OPmax_2\n|j|\u2606BC2\n' [85 bytes]
DEBUG:websockets.client:< TEXT '>battle-gen9championsvgc2026regma-1897\n|j|\u2606OPmax_2' [52 bytes]
DEBUG:websockets.client:< TEXT '|pm| OPmax_2| BC2|/nonotify OPmax_2 accepted th...26regma-1897</a>&raquo;' [173 bytes]
DEBUG:websockets.client:< TEXT '>battle-gen9championsvgc2026regma-1897\n|t:|1781645517\n|gametype|doubles' [71 bytes]
DEBUG:websockets.client:< TEXT '>battle-gen9championsvgc2026regma-1897\n|player|p1|BC2|102|' [58 bytes]
DEBUG:websockets.client:< TEXT '>battle-gen9championsvgc2026regma-1897\n|player...heets</strong></button>' [855 bytes]
DEBUG:websockets.client:< TEXT '>battle-gen9championsvgc2026regma-1897\n|reques...ing":false}]},"rqid":2}' [2093 bytes]
DEBUG:websockets.client:< TEXT '>battle-gen9championsvgc2026regma-1896\n|\n|t:|...am\n|\n|upkeep\n|turn|2' [644 bytes]
DEBUG:websockets.client:< TEXT '>battle-gen9championsvgc2026regma-1896\n|\n|t:|...am\n|\n|upkeep\n|turn|2' [646 bytes]
DEBUG:websockets.client:< TEXT '>battle-gen9championsvgc2026regma-1896\n|reques...ing":false}]},"rqid":6}' [2166 bytes]
DEBUG:websockets.client:< TEXT '>battle-gen9championsvgc2026regma-1896\n|reques...ing":false}]},"rqid":7}' [1888 bytes]
DEBUG:vgc_base:Turn 2 [battle-gen9championsvgc2026regma-1896] a0=9 a1=9 src=max_damage g0=0 g1=0
DEBUG:websockets.client:> TEXT 'battle-gen9championsvgc2026regma-1896|/choose m...bat 1, move solarbeam 1' [82 bytes]
INFO:player:Turn 2 [battle-gen9championsvgc2026regma-1896] value head win-prob: 0.274  (losing)
DEBUG:live_vgc_base:Turn 2 [battle-gen9championsvgc2026regma-1896] a0=0 a1=9 src=model opp_splice=on
DEBUG:websockets.client:> TEXT 'battle-gen9championsvgc2026regma-1896|/choose move encore 1, move icywind' [73 bytes]
DEBUG:websockets.client:< TEXT '>battle-gen9championsvgc2026regma-1896\n|\n|t:|... Whimsicott\n|\n|upkeep' [639 bytes]
DEBUG:websockets.client:< TEXT '>battle-gen9championsvgc2026regma-1896\n|\n|t:|... Whimsicott\n|\n|upkeep' [640 bytes]
DEBUG:websockets.client:< TEXT '>battle-gen9championsvgc2026regma-1896\n|reques...oCancel":true,"rqid":8}' [1421 bytes]
DEBUG:websockets.client:< TEXT '>battle-gen9championsvgc2026regma-1896\n|reques...ing":false}]},"rqid":9}' [1452 bytes]
DEBUG:live_vgc_base:forceSwitch forced_switch_model [battle-gen9championsvgc2026regma-1896] turn 2 a0=13 a1=None opp_splice=on
DEBUG:websockets.client:> TEXT 'battle-gen9championsvgc2026regma-1896|/choose switch Ditto, pass' [64 bytes]
DEBUG:websockets.client:< TEXT '>battle-gen9championsvgc2026regma-1896\n|\n|t:|...lity: Imposter\n|turn|3' [164 bytes]
DEBUG:websockets.client:< TEXT '>battle-gen9championsvgc2026regma-1896\n|\n|t:|...lity: Imposter\n|turn|3' [164 bytes]
DEBUG:websockets.client:< TEXT '>battle-gen9championsvgc2026regma-1896\n|reques...ng":false}]},"rqid":11}' [2224 bytes]
DEBUG:websockets.client:< TEXT '>battle-gen9championsvgc2026regma-1896\n|reques...ng":false}]},"rqid":10}' [2200 bytes]
DEBUG:vgc_base:Turn 3 [battle-gen9championsvgc2026regma-1896] a0=9 a1=9 src=max_damage g0=0 g1=0
DEBUG:websockets.client:> TEXT 'battle-gen9championsvgc2026regma-1896|/choose m...bat 1, move solarbeam 1' [82 bytes]
INFO:player:Turn 3 [battle-gen9championsvgc2026regma-1896] value head win-prob: 0.518  (even)
DEBUG:live_vgc_base:Turn 3 [battle-gen9championsvgc2026regma-1896] a0=3 a1=9 src=model opp_splice=on
DEBUG:websockets.client:> TEXT 'battle-gen9championsvgc2026regma-1896|/choose move heatwave, move icywind' [73 bytes]
DEBUG:websockets.client:< TEXT '>battle-gen9championsvgc2026regma-1896\n|\n|t:|...am\n|\n|upkeep\n|turn|4' [634 bytes]
DEBUG:websockets.client:< TEXT '>battle-gen9championsvgc2026regma-1896\n|\n|t:|...am\n|\n|upkeep\n|turn|4' [634 bytes]
DEBUG:websockets.client:< TEXT '>battle-gen9championsvgc2026regma-1896\n|reques...ng":false}]},"rqid":12}' [2199 bytes]
DEBUG:websockets.client:< TEXT '>battle-gen9championsvgc2026regma-1896\n|reques...ng":false}]},"rqid":13}' [1885 bytes]
DEBUG:vgc_base:Turn 4 [battle-gen9championsvgc2026regma-1896] a0=9 a1=9 src=max_damage g0=0 g1=0
DEBUG:websockets.client:> TEXT 'battle-gen9championsvgc2026regma-1896|/choose m...bat 1, move solarbeam 1' [82 bytes]
INFO:player:Turn 4 [battle-gen9championsvgc2026regma-1896] value head win-prob: 0.733  (winning)
DEBUG:live_vgc_base:Turn 4 [battle-gen9championsvgc2026regma-1896] a0=3 a1=9 src=model opp_splice=on
DEBUG:websockets.client:> TEXT 'battle-gen9championsvgc2026regma-1896|/choose move heatwave, move icywind' [73 bytes]
DEBUG:websockets.client:< TEXT '>battle-gen9championsvgc2026regma-1896\n|\n|t:|...: Charizard\n|\n|upkeep' [360 bytes]
DEBUG:websockets.client:< TEXT '>battle-gen9championsvgc2026regma-1896\n|\n|t:|...: Charizard\n|\n|upkeep' [360 bytes]
DEBUG:websockets.client:< TEXT '>battle-gen9championsvgc2026regma-1896\n|reques...ng":false}]},"rqid":14}' [1427 bytes]
DEBUG:websockets.client:< TEXT '>battle-gen9championsvgc2026regma-1896\n|reques...Cancel":true,"rqid":15}' [1480 bytes]
DEBUG:vgc_base:forceSwitch [battle-gen9championsvgc2026regma-1896] force=[True, True] \u2192 /choose switch Basculegion / /choose switch Whimsicott
DEBUG:websockets.client:> TEXT 'battle-gen9championsvgc2026regma-1896|/choose s...gion, switch Whimsicott' [83 bytes]
DEBUG:websockets.client:< TEXT '>battle-gen9championsvgc2026regma-1896\n|\n|t:|...L50, M|100/100\n|turn|5' [167 bytes]
DEBUG:websockets.client:< TEXT '>battle-gen9championsvgc2026regma-1896\n|\n|t:|...L50, M|137/137\n|turn|5' [167 bytes]
DEBUG:websockets.client:< TEXT '>battle-gen9championsvgc2026regma-1896\n|reques...ng":false}]},"rqid":17}' [2211 bytes]
DEBUG:websockets.client:< TEXT '>battle-gen9championsvgc2026regma-1896\n|reques...ng":false}]},"rqid":16}' [2199 bytes]
DEBUG:vgc_base:Turn 5 [battle-gen9championsvgc2026regma-1896] a0=3 a1=6 src=max_damage g0=0 g1=0
DEBUG:websockets.client:> TEXT 'battle-gen9championsvgc2026regma-1896|/choose m...ash 1, move moonblast 1' [80 bytes]
INFO:player:Turn 5 [battle-gen9championsvgc2026regma-1896] value head win-prob: 0.750  (winning)
DEBUG:live_vgc_base:Turn 5 [battle-gen9championsvgc2026regma-1896] a0=3 a1=6 src=model opp_splice=on
DEBUG:websockets.client:> TEXT 'battle-gen9championsvgc2026regma-1896|/choose move heatwave, move protect' [73 bytes]
DEBUG:websockets.client:< TEXT '>battle-gen9championsvgc2026regma-1896\n|\n|t:|...rom] Recoil\n|\n|upkeep' [423 bytes]
DEBUG:websockets.client:< TEXT '>battle-gen9championsvgc2026regma-1896\n|\n|t:|...rom] Recoil\n|\n|upkeep' [424 bytes]
DEBUG:websockets.client:< TEXT '>battle-gen9championsvgc2026regma-1896\n|reques...Cancel":true,"rqid":18}' [1420 bytes]
DEBUG:websockets.client:< TEXT '>battle-gen9championsvgc2026regma-1896\n|reques...ng":false}]},"rqid":19}' [1450 bytes]
DEBUG:live_vgc_base:forceSwitch forced_switch_model [battle-gen9championsvgc2026regma-1896] turn 5 a0=12 a1=None opp_splice=on
DEBUG:websockets.client:> TEXT 'battle-gen9championsvgc2026regma-1896|/choose switch Charizard, pass' [68 bytes]
DEBUG:websockets.client:< TEXT '>battle-gen9championsvgc2026regma-1896\n|\n|t:|...L50, F|168/168\n|turn|6' [112 bytes]
DEBUG:websockets.client:< TEXT '>battle-gen9championsvgc2026regma-1896\n|\n|t:|...L50, F|100/100\n|turn|6' [112 bytes]
DEBUG:websockets.client:< TEXT '>battle-gen9championsvgc2026regma-1896\n|reques...ng":false}]},"rqid":20}' [2185 bytes]
DEBUG:websockets.client:< TEXT '>battle-gen9championsvgc2026regma-1896\n|reques...ng":false}]},"rqid":21}' [2211 bytes]
DEBUG:vgc_base:Turn 6 [battle-gen9championsvgc2026regma-1896] a0=3 a1=6 src=max_damage g0=0 g1=0
DEBUG:websockets.client:> TEXT 'battle-gen9championsvgc2026regma-1896|/choose m...ash 1, move moonblast 1' [80 bytes]
INFO:player:Turn 6 [battle-gen9championsvgc2026regma-1896] value head win-prob: 0.250  (losing)
DEBUG:live_vgc_base:Turn 6 [battle-gen9championsvgc2026regma-1896] a0=0 a1=0 src=model opp_splice=on
DEBUG:websockets.client:> TEXT 'battle-gen9championsvgc2026regma-1896|/choose m...e mega, move hypervoice' [81 bytes]
DEBUG:websockets.client:< TEXT '>battle-gen9championsvgc2026regma-1896\n|\n|t:|...keep]\n|upkeep\n|turn|7' [980 bytes]
DEBUG:websockets.client:< TEXT '>battle-gen9championsvgc2026regma-1896\n|\n|t:|...keep]\n|upkeep\n|turn|7' [980 bytes]
DEBUG:websockets.client:< TEXT '>battle-gen9championsvgc2026regma-1896\n|reques...ng":false}]},"rqid":22}' [2167 bytes]
DEBUG:websockets.client:< TEXT '>battle-gen9championsvgc2026regma-1896\n|reques...ng":false}]},"rqid":23}' [2199 bytes]
DEBUG:vgc_base:Turn 7 [battle-gen9championsvgc2026regma-1896] a0=3 a1=0 src=max_damage g0=0 g1=0
DEBUG:vgc_base:_safe_order: action 0 slot 1 \u2192 None, scanning legal actions.
DEBUG:vgc_base:_safe_order: slot 1 has no decodable legal action — sending Pass.
DEBUG:websockets.client:> TEXT 'battle-gen9championsvgc2026regma-1896|/choose move wavecrash 1, pass' [68 bytes]
INFO:player:Turn 7 [battle-gen9championsvgc2026regma-1896] value head win-prob: 0.987  (winning)
DEBUG:live_vgc_base:Turn 7 [battle-gen9championsvgc2026regma-1896] a0=0 a1=0 src=model opp_splice=on
DEBUG:vgc_base:_safe_order: action 0 slot 0 \u2192 None, scanning legal actions.
DEBUG:vgc_base:_safe_order: slot 0 has no decodable legal action — sending Pass.
DEBUG:websockets.client:> TEXT 'battle-gen9championsvgc2026regma-1896|/choose pass, move hypervoice' [67 bytes]
DEBUG:websockets.client:< TEXT '>battle-gen9championsvgc2026regma-1896\n|\n|t:|...keep]\n|upkeep\n|turn|8' [376 bytes]
DEBUG:websockets.client:< TEXT '>battle-gen9championsvgc2026regma-1896\n|\n|t:|...keep]\n|upkeep\n|turn|8' [376 bytes]
DEBUG:websockets.client:< TEXT '>battle-gen9championsvgc2026regma-1896\n|reques...ng":false}]},"rqid":24}' [2166 bytes]
DEBUG:websockets.client:< TEXT '>battle-gen9championsvgc2026regma-1896\n|reques...ng":false}]},"rqid":25}' [2198 bytes]
DEBUG:vgc_base:Turn 8 [battle-gen9championsvgc2026regma-1896] a0=4 a1=0 src=max_damage g0=0 g1=0
DEBUG:vgc_base:_safe_order: action 0 slot 1 \u2192 None, scanning legal actions.
DEBUG:vgc_base:_safe_order: slot 1 has no decodable legal action — sending Pass.
DEBUG:websockets.client:> TEXT 'battle-gen9championsvgc2026regma-1896|/choose move wavecrash 2, pass' [68 bytes]
INFO:player:Turn 8 [battle-gen9championsvgc2026regma-1896] value head win-prob: 0.969  (winning)
DEBUG:live_vgc_base:Turn 8 [battle-gen9championsvgc2026regma-1896] a0=0 a1=9 src=model opp_splice=on
DEBUG:vgc_base:_safe_order: action 0 slot 0 \u2192 None, scanning legal actions.
DEBUG:vgc_base:_safe_order: slot 0 has no decodable legal action — sending Pass.
DEBUG:websockets.client:> TEXT 'battle-gen9championsvgc2026regma-1896|/choose pass, move icywind' [64 bytes]
DEBUG:websockets.client:< TEXT '>battle-gen9championsvgc2026regma-1896\n|\n|t:|...asculegion\n|\n|win|BC2' [197 bytes]
DEBUG:websockets.client:< TEXT '>battle-gen9championsvgc2026regma-1896\n|\n|t:|...asculegion\n|\n|win|BC2' [197 bytes]
INFO:vgc_base:Battle battle-gen9championsvgc2026regma-1896 finished — outcome: WIN  (W/L/D so far: 2/0/0)
DEBUG:websockets.client:> TEXT '|/leave battle-gen9championsvgc2026regma-1896' [45 bytes]
DEBUG:websockets.client:< TEXT '|updatesearch|{"searching":[],"games":{"battle-... 2026 Reg M-A Battle"}}' [124 bytes]
DEBUG:websockets.client:< TEXT '|updatesearch|{"searching":[],"games":{"battle-... 2026 Reg M-A Battle"}}' [124 bytes]
DEBUG:websockets.client:> TEXT 'battle-gen9championsvgc2026regma-1897|/rejectopenteamsheets' [59 bytes]
INFO:vgc_base:Battle battle-gen9championsvgc2026regma-1896 finished — outcome: LOSS  (W/L/D so far: 0/2/0)
DEBUG:websockets.client:> TEXT '|/leave battle-gen9championsvgc2026regma-1896' [45 bytes]
DEBUG:websockets.client:> TEXT '|/utm Sneasler||whiteherb|unburden|fakeout,dire...Naive|32,2,,,,32||||50|' [550 bytes]
DEBUG:websockets.client:> TEXT '|/challenge opmax2, gen9championsvgc2026regma' [45 bytes]
DEBUG:websockets.client:> TEXT 'battle-gen9championsvgc2026regma-1897|/rejectopenteamsheets' [59 bytes]
DEBUG:websockets.client:< TEXT '>battle-gen9championsvgc2026regma-1896\n|deinit' [46 bytes]
DEBUG:websockets.client:< TEXT '>battle-gen9championsvgc2026regma-1896\n|l|\u2606BC2' [48 bytes]
DEBUG:websockets.client:< TEXT '>battle-gen9championsvgc2026regma-1897\n|uhtmlchange|otsrequest|' [63 bytes]
DEBUG:websockets.client:< TEXT '>battle-gen9championsvgc2026regma-1897\nBC2 rejected open team sheets.' [69 bytes]
DEBUG:websockets.client:< TEXT '>battle-gen9championsvgc2026regma-1897\n|uhtmlchange|otsrequest|' [63 bytes]
DEBUG:websockets.client:< TEXT '>battle-gen9championsvgc2026regma-1897\nBC2 rejected open team sheets.' [69 bytes]
DEBUG:websockets.client:< TEXT '>battle-gen9championsvgc2026regma-1896\n|deinit' [46 bytes]
DEBUG:websockets.client:< TEXT '>battle-gen9championsvgc2026regma-1897\n|uhtmlchange|otsrequest|' [63 bytes]
DEBUG:websockets.client:< TEXT '>battle-gen9championsvgc2026regma-1897\nOPmax_2...ected open team sheets.' [73 bytes]
DEBUG:websockets.client:< TEXT '>battle-gen9championsvgc2026regma-1897\n|uhtmlchange|otsrequest|' [63 bytes]
DEBUG:websockets.client:< TEXT '>battle-gen9championsvgc2026regma-1897\nOPmax_2...ected open team sheets.' [73 bytes]
INFO:player:Team-preview [battle-gen9championsvgc2026regma-1897] NET drove: bring=['whimsicott', 'zoroarkhisui', 'ditto', 'charizardmegay'] leads=['whimsicott', 'zoroarkhisui'] (vs opp ['sneasler', 'charizard', 'whimsicott', 'basculegion', 'zoroarkhisui', 'ditto'])
INFO:vgc_base:Teampreview [battle-gen9championsvgc2026regma-1897] \u2192 /team 3562  (whimsicott, zoroarkhisui, ditto, charizardmegay)
DEBUG:websockets.client:> TEXT 'battle-gen9championsvgc2026regma-1897|/team 3562' [48 bytes]
DEBUG:vgc_base:Teampreview: first-4 roster order \u2192 ['sneasler', 'charizardmegay', 'whimsicott', 'basculegion']
INFO:vgc_base:Teampreview [battle-gen9championsvgc2026regma-1897] \u2192 /team 1234  (sneasler, charizardmegay, whimsicott, basculegion)
DEBUG:websockets.client:> TEXT 'battle-gen9championsvgc2026regma-1897|/team 1234' [48 bytes]
DEBUG:websockets.client:< TEXT '|pm| BC2| OPmax_2|/challenge gen9championsvgc20...hampionsvgc2026regma|||' [83 bytes]
DEBUG:websockets.client:< TEXT '|pm| BC2| OPmax_2|/challenge gen9championsvgc20...hampionsvgc2026regma|||' [83 bytes]
DEBUG:websockets.client:< TEXT '|pm| BC2| OPmax_2|/log BC2 wants to battle!' [43 bytes]
DEBUG:websockets.client:< TEXT '|pm| BC2| OPmax_2|/log BC2 wants to battle!' [43 bytes]
DEBUG:websockets.client:> TEXT '|/utm Sneasler||whiteherb|unburden|fakeout,dire...Naive|32,2,,,,32||||50|' [550 bytes]
DEBUG:websockets.client:> TEXT '|/accept bc2' [12 bytes]
DEBUG:websockets.client:< TEXT '>battle-gen9championsvgc2026regma-1897\n|\n|t:|...L50, F|100/100\n|turn|1' [321 bytes]
DEBUG:websockets.client:< TEXT '>battle-gen9championsvgc2026regma-1897\n|\n|t:|...L50, F|168/168\n|turn|1' [321 bytes]
DEBUG:websockets.client:< TEXT '>battle-gen9championsvgc2026regma-1897\n|reques...ing":false}]},"rqid":4}' [2167 bytes]
DEBUG:websockets.client:< TEXT '>battle-gen9championsvgc2026regma-1897\n|reques...ing":false}]},"rqid":5}' [2236 bytes]
DEBUG:vgc_base:Turn 1 [battle-gen9championsvgc2026regma-1897] a0=9 a1=9 src=max_damage g0=0 g1=0
DEBUG:websockets.client:> TEXT 'battle-gen9championsvgc2026regma-1897|/choose m...bat 1, move solarbeam 1' [82 bytes]
INFO:player:Turn 1 [battle-gen9championsvgc2026regma-1897] value head win-prob: 0.351  (losing)
DEBUG:live_vgc_base:Turn 1 [battle-gen9championsvgc2026regma-1897] a0=0 a1=9 src=model opp_splice=on
DEBUG:websockets.client:> TEXT 'battle-gen9championsvgc2026regma-1897|/choose move encore 1, move icywind' [73 bytes]
DEBUG:websockets.client:< TEXT '|pm| OPmax_2| BC2|/challenge' [28 bytes]
DEBUG:websockets.client:< TEXT '|pm| OPmax_2| BC2|/challenge' [28 bytes]
DEBUG:websockets.client:< TEXT '|updatesearch|{"searching":[],"games":{"battle-... 2026 Reg M-A Battle"}}' [124 bytes]
DEBUG:websockets.client:< TEXT '|updatesearch|{"searching":[],"games":{"battle-... 2026 Reg M-A Battle"}}' [208 bytes]
DEBUG:websockets.client:< TEXT '|updatesearch|{"searching":[],"games":{"battle-... 2026 Reg M-A Battle"}}' [208 bytes]
DEBUG:websockets.client:< TEXT '>battle-gen9championsvgc2026regma-1898\n|init|b...n|j|\u2606BC2\n|j|\u2606OPmax_2\n' [99 bytes]
DEBUG:websockets.client:< TEXT '|pm| OPmax_2| BC2|/nonotify OPmax_2 accepted th...26regma-1898</a>&raquo;' [173 bytes]
DEBUG:websockets.client:< TEXT '>battle-gen9championsvgc2026regma-1898\n|t:|1781645517\n|gametype|doubles' [71 bytes]
DEBUG:websockets.client:< TEXT '>battle-gen9championsvgc2026regma-1898\n|player|p1|BC2|102|' [58 bytes]
DEBUG:websockets.client:< TEXT '>battle-gen9championsvgc2026regma-1898\n|player...heets</strong></button>' [855 bytes]
DEBUG:websockets.client:< TEXT '>battle-gen9championsvgc2026regma-1898\n|reques...ing":false}]},"rqid":3}' [2097 bytes]
DEBUG:websockets.client:< TEXT '|updatesearch|{"searching":[],"games":{"battle-... 2026 Reg M-A Battle"}}' [124 bytes]
DEBUG:websockets.client:< TEXT '|updatesearch|{"searching":[],"games":{"battle-... 2026 Reg M-A Battle"}}' [208 bytes]
DEBUG:websockets.client:< TEXT '|updatesearch|{"searching":[],"games":{"battle-... 2026 Reg M-A Battle"}}' [208 bytes]
DEBUG:websockets.client:< TEXT '>battle-gen9championsvgc2026regma-1898\n|init|b... vs. OPmax_2\n|j|\u2606BC2\n' [85 bytes]
DEBUG:websockets.client:< TEXT '>battle-gen9championsvgc2026regma-1898\n|j|\u2606OPmax_2' [52 bytes]
DEBUG:websockets.client:< TEXT '|pm| OPmax_2| BC2|/nonotify OPmax_2 accepted th...26regma-1898</a>&raquo;' [173 bytes]
DEBUG:websockets.client:< TEXT '>battle-gen9championsvgc2026regma-1898\n|t:|1781645517\n|gametype|doubles' [71 bytes]
DEBUG:websockets.client:< TEXT '>battle-gen9championsvgc2026regma-1898\n|player|p1|BC2|102|' [58 bytes]
DEBUG:websockets.client:< TEXT '>battle-gen9championsvgc2026regma-1898\n|player...heets</strong></button>' [855 bytes]
DEBUG:websockets.client:< TEXT '>battle-gen9championsvgc2026regma-1898\n|reques...ing":false}]},"rqid":2}' [2093 bytes]
DEBUG:websockets.client:< TEXT '>battle-gen9championsvgc2026regma-1897\n|\n|t:|...am\n|\n|upkeep\n|turn|2' [664 bytes]
DEBUG:websockets.client:< TEXT '>battle-gen9championsvgc2026regma-1897\n|\n|t:|...am\n|\n|upkeep\n|turn|2' [666 bytes]
DEBUG:websockets.client:< TEXT '>battle-gen9championsvgc2026regma-1897\n|reques...ing":false}]},"rqid":6}' [2166 bytes]
DEBUG:websockets.client:< TEXT '>battle-gen9championsvgc2026regma-1897\n|reques...ing":false}]},"rqid":7}' [1888 bytes]
DEBUG:vgc_base:Turn 2 [battle-gen9championsvgc2026regma-1897] a0=9 a1=9 src=max_damage g0=0 g1=0
DEBUG:websockets.client:> TEXT 'battle-gen9championsvgc2026regma-1897|/choose m...bat 1, move solarbeam 1' [82 bytes]
INFO:player:Turn 2 [battle-gen9championsvgc2026regma-1897] value head win-prob: 0.277  (losing)
DEBUG:live_vgc_base:Turn 2 [battle-gen9championsvgc2026regma-1897] a0=0 a1=9 src=model opp_splice=on
DEBUG:websockets.client:> TEXT 'battle-gen9championsvgc2026regma-1897|/choose move encore 1, move icywind' [73 bytes]
DEBUG:websockets.client:< TEXT '>battle-gen9championsvgc2026regma-1897\n|\n|t:|... Whimsicott\n|\n|upkeep' [611 bytes]
DEBUG:websockets.client:< TEXT '>battle-gen9championsvgc2026regma-1897\n|\n|t:|... Whimsicott\n|\n|upkeep' [612 bytes]
DEBUG:websockets.client:< TEXT '>battle-gen9championsvgc2026regma-1897\n|reques...oCancel":true,"rqid":8}' [1421 bytes]
DEBUG:websockets.client:< TEXT '>battle-gen9championsvgc2026regma-1897\n|reques...ing":false}]},"rqid":9}' [1453 bytes]
DEBUG:live_vgc_base:forceSwitch forced_switch_model [battle-gen9championsvgc2026regma-1897] turn 2 a0=13 a1=None opp_splice=on
DEBUG:websockets.client:> TEXT 'battle-gen9championsvgc2026regma-1897|/choose switch Ditto, pass' [64 bytes]
DEBUG:websockets.client:< TEXT '>battle-gen9championsvgc2026regma-1897\n|\n|t:|...lity: Imposter\n|turn|3' [164 bytes]
DEBUG:websockets.client:< TEXT '>battle-gen9championsvgc2026regma-1897\n|\n|t:|...lity: Imposter\n|turn|3' [164 bytes]
DEBUG:websockets.client:< TEXT '>battle-gen9championsvgc2026regma-1897\n|reques...ng":false}]},"rqid":10}' [2200 bytes]
DEBUG:websockets.client:< TEXT '>battle-gen9championsvgc2026regma-1897\n|reques...ng":false}]},"rqid":11}' [2225 bytes]
DEBUG:vgc_base:Turn 3 [battle-gen9championsvgc2026regma-1897] a0=9 a1=9 src=max_damage g0=0 g1=0
DEBUG:websockets.client:> TEXT 'battle-gen9championsvgc2026regma-1897|/choose m...bat 1, move solarbeam 1' [82 bytes]
INFO:player:Turn 3 [battle-gen9championsvgc2026regma-1897] value head win-prob: 0.409  (losing)
DEBUG:live_vgc_base:Turn 3 [battle-gen9championsvgc2026regma-1897] a0=3 a1=9 src=model opp_splice=on
DEBUG:websockets.client:> TEXT 'battle-gen9championsvgc2026regma-1897|/choose move heatwave, move icywind' [73 bytes]
DEBUG:websockets.client:< TEXT '>battle-gen9championsvgc2026regma-1897\n|\n|t:|...|Solar Beam\n|\n|upkeep' [619 bytes]
DEBUG:websockets.client:< TEXT '>battle-gen9championsvgc2026regma-1897\n|\n|t:|...|Solar Beam\n|\n|upkeep' [619 bytes]
DEBUG:websockets.client:< TEXT '>battle-gen9championsvgc2026regma-1897\n|reques...ng":false}]},"rqid":12}' [1427 bytes]
DEBUG:websockets.client:< TEXT '>battle-gen9championsvgc2026regma-1897\n|reques...Cancel":true,"rqid":13}' [1482 bytes]
DEBUG:vgc_base:forceSwitch [battle-gen9championsvgc2026regma-1897] force=[True, False] \u2192 /choose switch Basculegion / /choose pass
DEBUG:websockets.client:> TEXT 'battle-gen9championsvgc2026regma-1897|/choose switch Basculegion, pass' [70 bytes]
DEBUG:websockets.client:< TEXT '>battle-gen9championsvgc2026regma-1897\n|\n|t:|...L50, M|100/100\n|turn|4' [116 bytes]
DEBUG:websockets.client:< TEXT '>battle-gen9championsvgc2026regma-1897\n|\n|t:|...L50, M|197/197\n|turn|4' [116 bytes]
DEBUG:websockets.client:< TEXT '>battle-gen9championsvgc2026regma-1897\n|reques...ng":false}]},"rqid":15}' [1895 bytes]
DEBUG:websockets.client:< TEXT '>battle-gen9championsvgc2026regma-1897\n|reques...ng":false}]},"rqid":14}' [2199 bytes]
DEBUG:vgc_base:Turn 4 [battle-gen9championsvgc2026regma-1897] a0=3 a1=9 src=max_damage g0=0 g1=0
DEBUG:websockets.client:> TEXT 'battle-gen9championsvgc2026regma-1897|/choose m...ash 1, move solarbeam 1' [80 bytes]
INFO:player:Turn 4 [battle-gen9championsvgc2026regma-1897] value head win-prob: 0.108  (losing)
DEBUG:live_vgc_base:Turn 4 [battle-gen9championsvgc2026regma-1897] a0=3 a1=0 src=model opp_splice=on
DEBUG:websockets.client:> TEXT 'battle-gen9championsvgc2026regma-1897|/choose m...atwave, move hypervoice' [76 bytes]
DEBUG:websockets.client:< TEXT '>battle-gen9championsvgc2026regma-1897\n|\n|t:|...rk|Illusion\n|\n|upkeep' [516 bytes]
DEBUG:websockets.client:< TEXT '>battle-gen9championsvgc2026regma-1897\n|\n|t:|...rk|Illusion\n|\n|upkeep' [518 bytes]
DEBUG:websockets.client:< TEXT '>battle-gen9championsvgc2026regma-1897\n|reques...ng":false}]},"rqid":17}' [1451 bytes]
DEBUG:websockets.client:< TEXT '>battle-gen9championsvgc2026regma-1897\n|reques...Cancel":true,"rqid":16}' [1419 bytes]
DEBUG:live_vgc_base:forceSwitch forced_switch_model [battle-gen9championsvgc2026regma-1897] turn 4 a0=12 a1=None opp_splice=on
DEBUG:websockets.client:> TEXT 'battle-gen9championsvgc2026regma-1897|/choose switch Charizard, pass' [68 bytes]
DEBUG:websockets.client:< TEXT '>battle-gen9championsvgc2026regma-1897\n|\n|t:|...L50, M|168/168\n|turn|5' [112 bytes]
DEBUG:websockets.client:< TEXT '>battle-gen9championsvgc2026regma-1897\n|\n|t:|...L50, M|100/100\n|turn|5' [112 bytes]
DEBUG:websockets.client:< TEXT '>battle-gen9championsvgc2026regma-1897\n|reques...ng":false}]},"rqid":18}' [2184 bytes]
DEBUG:websockets.client:< TEXT '>battle-gen9championsvgc2026regma-1897\n|reques...ng":false}]},"rqid":19}' [2233 bytes]
DEBUG:vgc_base:Turn 5 [battle-gen9championsvgc2026regma-1897] a0=3 a1=9 src=max_damage g0=0 g1=0
DEBUG:websockets.client:> TEXT 'battle-gen9championsvgc2026regma-1897|/choose m...ash 1, move solarbeam 1' [80 bytes]
INFO:player:Turn 5 [battle-gen9championsvgc2026regma-1897] value head win-prob: 0.055  (losing)
DEBUG:live_vgc_base:Turn 5 [battle-gen9championsvgc2026regma-1897] a0=0 a1=0 src=model opp_splice=on
DEBUG:websockets.client:> TEXT 'battle-gen9championsvgc2026regma-1897|/choose m...e mega, move hypervoice' [81 bytes]
DEBUG:websockets.client:< TEXT '>battle-gen9championsvgc2026regma-1897\n|\n|t:|...nyDay|[upkeep]\n|upkeep' [689 bytes]
DEBUG:websockets.client:< TEXT '>battle-gen9championsvgc2026regma-1897\n|\n|t:|...nyDay|[upkeep]\n|upkeep' [690 bytes]
DEBUG:websockets.client:< TEXT '>battle-gen9championsvgc2026regma-1897\n|reques...ng":false}]},"rqid":20}' [1388 bytes]
DEBUG:websockets.client:< TEXT '>battle-gen9championsvgc2026regma-1897\n|reques...Cancel":true,"rqid":21}' [1480 bytes]
DEBUG:vgc_base:forceSwitch [battle-gen9championsvgc2026regma-1897] force=[False, True] \u2192 /choose pass / /choose switch Whimsicott
DEBUG:websockets.client:> TEXT 'battle-gen9championsvgc2026regma-1897|/choose pass, switch Whimsicott' [69 bytes]
DEBUG:websockets.client:< TEXT '>battle-gen9championsvgc2026regma-1897\n|\n|t:|...L50, M|100/100\n|turn|6' [114 bytes]
DEBUG:websockets.client:< TEXT '>battle-gen9championsvgc2026regma-1897\n|\n|t:|...L50, M|137/137\n|turn|6' [114 bytes]
DEBUG:websockets.client:< TEXT '>battle-gen9championsvgc2026regma-1897\n|reques...ng":false}]},"rqid":22}' [2166 bytes]
DEBUG:websockets.client:< TEXT '>battle-gen9championsvgc2026regma-1897\n|reques...ng":false}]},"rqid":23}' [2210 bytes]
INFO:player:Turn 6 [battle-gen9championsvgc2026regma-1897] value head win-prob: 0.002  (losing)
DEBUG:live_vgc_base:Turn 6 [battle-gen9championsvgc2026regma-1897] a0=0 a1=0 src=model opp_splice=on
DEBUG:vgc_base:_safe_order: action 0 slot 0 \u2192 None, scanning legal actions.
DEBUG:vgc_base:_safe_order: slot 0 has no decodable legal action — sending Pass.
DEBUG:websockets.client:> TEXT 'battle-gen9championsvgc2026regma-1897|/choose pass, move hypervoice' [67 bytes]
DEBUG:vgc_base:Turn 6 [battle-gen9championsvgc2026regma-1897] a0=4 a1=7 src=max_damage g0=0 g1=0
DEBUG:websockets.client:> TEXT 'battle-gen9championsvgc2026regma-1897|/choose m...ash 2, move moonblast 2' [80 bytes]
DEBUG:websockets.client:< TEXT '>battle-gen9championsvgc2026regma-1897\n|\n|t:|...oroark\n|\n|win|OPmax_2' [163 bytes]
DEBUG:websockets.client:< TEXT '>battle-gen9championsvgc2026regma-1897\n|\n|t:|...oroark\n|\n|win|OPmax_2' [163 bytes]
DEBUG:websockets.client:< TEXT '|updatesearch|{"searching":[],"games":{"battle-... 2026 Reg M-A Battle"}}' [124 bytes]
DEBUG:websockets.client:< TEXT '|updatesearch|{"searching":[],"games":{"battle-... 2026 Reg M-A Battle"}}' [124 bytes]
INFO:vgc_base:Battle battle-gen9championsvgc2026regma-1897 finished — outcome: LOSS  (W/L/D so far: 2/1/0)
DEBUG:websockets.client:> TEXT '|/leave battle-gen9championsvgc2026regma-1897' [45 bytes]
INFO:vgc_base:Battle battle-gen9championsvgc2026regma-1897 finished — outcome: WIN  (W/L/D so far: 1/2/0)
DEBUG:websockets.client:> TEXT '|/leave battle-gen9championsvgc2026regma-1897' [45 bytes]
DEBUG:websockets.client:> TEXT 'battle-gen9championsvgc2026regma-1898|/rejectopenteamsheets' [59 bytes]
DEBUG:websockets.client:> TEXT 'battle-gen9championsvgc2026regma-1898|/rejectopenteamsheets' [59 bytes]
DEBUG:websockets.client:< TEXT '>battle-gen9championsvgc2026regma-1897\n|deinit' [46 bytes]
DEBUG:websockets.client:< TEXT '>battle-gen9championsvgc2026regma-1897\n|l|\u2606BC2' [48 bytes]
DEBUG:websockets.client:> TEXT '|/utm Sneasler||whiteherb|unburden|fakeout,dire...Naive|32,2,,,,32||||50|' [550 bytes]
DEBUG:websockets.client:> TEXT '|/challenge opmax2, gen9championsvgc2026regma' [45 bytes]
DEBUG:websockets.client:< TEXT '>battle-gen9championsvgc2026regma-1897\n|deinit' [46 bytes]
DEBUG:websockets.client:< TEXT '>battle-gen9championsvgc2026regma-1898\n|uhtmlchange|otsrequest|' [63 bytes]
DEBUG:websockets.client:< TEXT '>battle-gen9championsvgc2026regma-1898\n|uhtmlchange|otsrequest|' [63 bytes]
DEBUG:websockets.client:< TEXT '>battle-gen9championsvgc2026regma-1898\nBC2 rejected open team sheets.' [69 bytes]
DEBUG:websockets.client:< TEXT '>battle-gen9championsvgc2026regma-1898\n|uhtmlchange|otsrequest|' [63 bytes]
DEBUG:websockets.client:< TEXT '>battle-gen9championsvgc2026regma-1898\nOPmax_2...ected open team sheets.' [73 bytes]
DEBUG:websockets.client:< TEXT '>battle-gen9championsvgc2026regma-1898\nBC2 rejected open team sheets.' [69 bytes]
DEBUG:websockets.client:< TEXT '>battle-gen9championsvgc2026regma-1898\n|uhtmlchange|otsrequest|' [63 bytes]
DEBUG:websockets.client:< TEXT '>battle-gen9championsvgc2026regma-1898\nOPmax_2...ected open team sheets.' [73 bytes]
DEBUG:vgc_base:Teampreview: first-4 roster order \u2192 ['sneasler', 'charizardmegay', 'whimsicott', 'basculegion']
INFO:vgc_base:Teampreview [battle-gen9championsvgc2026regma-1898] \u2192 /team 1234  (sneasler, charizardmegay, whimsicott, basculegion)
DEBUG:websockets.client:> TEXT 'battle-gen9championsvgc2026regma-1898|/team 1234' [48 bytes]
INFO:player:Team-preview [battle-gen9championsvgc2026regma-1898] NET drove: bring=['whimsicott', 'zoroarkhisui', 'ditto', 'charizardmegay'] leads=['whimsicott', 'zoroarkhisui'] (vs opp ['sneasler', 'charizard', 'whimsicott', 'basculegion', 'zoroarkhisui', 'ditto'])
INFO:vgc_base:Teampreview [battle-gen9championsvgc2026regma-1898] \u2192 /team 3562  (whimsicott, zoroarkhisui, ditto, charizardmegay)
DEBUG:websockets.client:> TEXT 'battle-gen9championsvgc2026regma-1898|/team 3562' [48 bytes]
DEBUG:websockets.client:< TEXT '|pm| BC2| OPmax_2|/challenge gen9championsvgc20...hampionsvgc2026regma|||' [83 bytes]
DEBUG:websockets.client:< TEXT '|pm| BC2| OPmax_2|/challenge gen9championsvgc20...hampionsvgc2026regma|||' [83 bytes]
DEBUG:websockets.client:< TEXT '|pm| BC2| OPmax_2|/log BC2 wants to battle!' [43 bytes]
DEBUG:websockets.client:< TEXT '|pm| BC2| OPmax_2|/log BC2 wants to battle!' [43 bytes]
DEBUG:websockets.client:> TEXT '|/utm Sneasler||whiteherb|unburden|fakeout,dire...Naive|32,2,,,,32||||50|' [550 bytes]
DEBUG:websockets.client:> TEXT '|/accept bc2' [12 bytes]
DEBUG:websockets.client:< TEXT '>battle-gen9championsvgc2026regma-1898\n|\n|t:|...L50, M|100/100\n|turn|1' [321 bytes]
DEBUG:websockets.client:< TEXT '>battle-gen9championsvgc2026regma-1898\n|\n|t:|...L50, M|168/168\n|turn|1' [321 bytes]
DEBUG:websockets.client:< TEXT '>battle-gen9championsvgc2026regma-1898\n|reques...ing":false}]},"rqid":4}' [2167 bytes]
DEBUG:websockets.client:< TEXT '>battle-gen9championsvgc2026regma-1898\n|reques...ing":false}]},"rqid":5}' [2236 bytes]
DEBUG:websockets.client:< TEXT '|pm| OPmax_2| BC2|/challenge' [28 bytes]
DEBUG:vgc_base:Turn 1 [battle-gen9championsvgc2026regma-1898] a0=9 a1=9 src=max_damage g0=0 g1=0
DEBUG:websockets.client:> TEXT 'battle-gen9championsvgc2026regma-1898|/choose m...bat 1, move solarbeam 1' [82 bytes]
INFO:player:Turn 1 [battle-gen9championsvgc2026regma-1898] value head win-prob: 0.351  (losing)
DEBUG:live_vgc_base:Turn 1 [battle-gen9championsvgc2026regma-1898] a0=0 a1=9 src=model opp_splice=on
DEBUG:websockets.client:> TEXT 'battle-gen9championsvgc2026regma-1898|/choose move encore 1, move icywind' [73 bytes]
DEBUG:websockets.client:< TEXT '|pm| OPmax_2| BC2|/challenge' [28 bytes]
DEBUG:websockets.client:< TEXT '|updatesearch|{"searching":[],"games":{"battle-... 2026 Reg M-A Battle"}}' [124 bytes]
DEBUG:websockets.client:< TEXT '|updatesearch|{"searching":[],"games":{"battle-... 2026 Reg M-A Battle"}}' [124 bytes]
DEBUG:websockets.client:< TEXT '|updatesearch|{"searching":[],"games":{"battle-... 2026 Reg M-A Battle"}}' [208 bytes]
DEBUG:websockets.client:< TEXT '|updatesearch|{"searching":[],"games":{"battle-... 2026 Reg M-A Battle"}}' [208 bytes]
DEBUG:websockets.client:< TEXT '>battle-gen9championsvgc2026regma-1899\n|init|b... vs. OPmax_2\n|j|\u2606BC2\n' [85 bytes]
DEBUG:websockets.client:< TEXT '>battle-gen9championsvgc2026regma-1899\n|j|\u2606OPmax_2' [52 bytes]
DEBUG:websockets.client:< TEXT '|pm| OPmax_2| BC2|/nonotify OPmax_2 accepted th...26regma-1899</a>&raquo;' [173 bytes]
DEBUG:websockets.client:< TEXT '>battle-gen9championsvgc2026regma-1899\n|t:|1781645517\n|gametype|doubles' [71 bytes]
DEBUG:websockets.client:< TEXT '>battle-gen9championsvgc2026regma-1899\n|player|p1|BC2|102|' [58 bytes]
DEBUG:websockets.client:< TEXT '>battle-gen9championsvgc2026regma-1899\n|player...heets</strong></button>' [855 bytes]
DEBUG:websockets.client:< TEXT '>battle-gen9championsvgc2026regma-1899\n|reques...ing":false}]},"rqid":2}' [2093 bytes]
DEBUG:websockets.client:< TEXT '|updatesearch|{"searching":[],"games":{"battle-... 2026 Reg M-A Battle"}}' [208 bytes]
DEBUG:websockets.client:< TEXT '|updatesearch|{"searching":[],"games":{"battle-... 2026 Reg M-A Battle"}}' [208 bytes]
DEBUG:websockets.client:< TEXT '>battle-gen9championsvgc2026regma-1899\n|init|b...n|j|\u2606BC2\n|j|\u2606OPmax_2\n' [99 bytes]
DEBUG:websockets.client:< TEXT '|pm| OPmax_2| BC2|/nonotify OPmax_2 accepted th...26regma-1899</a>&raquo;' [173 bytes]
DEBUG:websockets.client:< TEXT '>battle-gen9championsvgc2026regma-1899\n|t:|1781645517\n|gametype|doubles' [71 bytes]
DEBUG:websockets.client:< TEXT '>battle-gen9championsvgc2026regma-1899\n|player|p1|BC2|102|' [58 bytes]
DEBUG:websockets.client:< TEXT '>battle-gen9championsvgc2026regma-1899\n|player...heets</strong></button>' [855 bytes]
DEBUG:websockets.client:< TEXT '>battle-gen9championsvgc2026regma-1899\n|reques...ing":false}]},"rqid":3}' [2097 bytes]
DEBUG:websockets.client:< TEXT '>battle-gen9championsvgc2026regma-1898\n|\n|t:|...am\n|\n|upkeep\n|turn|2' [643 bytes]
DEBUG:websockets.client:< TEXT '>battle-gen9championsvgc2026regma-1898\n|\n|t:|...am\n|\n|upkeep\n|turn|2' [645 bytes]
DEBUG:websockets.client:< TEXT '>battle-gen9championsvgc2026regma-1898\n|reques...ing":false}]},"rqid":6}' [2166 bytes]
DEBUG:websockets.client:< TEXT '>battle-gen9championsvgc2026regma-1898\n|reques...ing":false}]},"rqid":7}' [1888 bytes]
DEBUG:vgc_base:Turn 2 [battle-gen9championsvgc2026regma-1898] a0=9 a1=9 src=max_damage g0=0 g1=0
DEBUG:websockets.client:> TEXT 'battle-gen9championsvgc2026regma-1898|/choose m...bat 1, move solarbeam 1' [82 bytes]
INFO:player:Turn 2 [battle-gen9championsvgc2026regma-1898] value head win-prob: 0.274  (losing)
DEBUG:live_vgc_base:Turn 2 [battle-gen9championsvgc2026regma-1898] a0=0 a1=9 src=model opp_splice=on
DEBUG:websockets.client:> TEXT 'battle-gen9championsvgc2026regma-1898|/choose move encore 1, move icywind' [73 bytes]
DEBUG:websockets.client:< TEXT '>battle-gen9championsvgc2026regma-1898\n|\n|t:|... Whimsicott\n|\n|upkeep' [639 bytes]
DEBUG:websockets.client:< TEXT '>battle-gen9championsvgc2026regma-1898\n|\n|t:|... Whimsicott\n|\n|upkeep' [639 bytes]
DEBUG:websockets.client:< TEXT '>battle-gen9championsvgc2026regma-1898\n|reques...oCancel":true,"rqid":8}' [1421 bytes]
DEBUG:websockets.client:< TEXT '>battle-gen9championsvgc2026regma-1898\n|reques...ing":false}]},"rqid":9}' [1452 bytes]
DEBUG:live_vgc_base:forceSwitch forced_switch_model [battle-gen9championsvgc2026regma-1898] turn 2 a0=13 a1=None opp_splice=on
DEBUG:websockets.client:> TEXT 'battle-gen9championsvgc2026regma-1898|/choose switch Ditto, pass' [64 bytes]
DEBUG:websockets.client:< TEXT '>battle-gen9championsvgc2026regma-1898\n|\n|t:|...lity: Imposter\n|turn|3' [164 bytes]
DEBUG:websockets.client:< TEXT '>battle-gen9championsvgc2026regma-1898\n|\n|t:|...lity: Imposter\n|turn|3' [164 bytes]
DEBUG:websockets.client:< TEXT '>battle-gen9championsvgc2026regma-1898\n|reques...ng":false}]},"rqid":10}' [2200 bytes]
DEBUG:websockets.client:< TEXT '>battle-gen9championsvgc2026regma-1898\n|reques...ng":false}]},"rqid":11}' [2224 bytes]
INFO:player:Turn 3 [battle-gen9championsvgc2026regma-1898] value head win-prob: 0.507  (even)
DEBUG:live_vgc_base:Turn 3 [battle-gen9championsvgc2026regma-1898] a0=3 a1=9 src=model opp_splice=on
DEBUG:websockets.client:> TEXT 'battle-gen9championsvgc2026regma-1898|/choose move heatwave, move icywind' [73 bytes]
DEBUG:vgc_base:Turn 3 [battle-gen9championsvgc2026regma-1898] a0=9 a1=9 src=max_damage g0=0 g1=0
DEBUG:websockets.client:> TEXT 'battle-gen9championsvgc2026regma-1898|/choose m...bat 1, move solarbeam 1' [82 bytes]
DEBUG:websockets.client:< TEXT '>battle-gen9championsvgc2026regma-1898\n|\n|t:|...|Solar Beam\n|\n|upkeep' [619 bytes]
DEBUG:websockets.client:< TEXT '>battle-gen9championsvgc2026regma-1898\n|\n|t:|...|Solar Beam\n|\n|upkeep' [619 bytes]
DEBUG:websockets.client:< TEXT '>battle-gen9championsvgc2026regma-1898\n|reques...ng":false}]},"rqid":12}' [1427 bytes]
DEBUG:websockets.client:< TEXT '>battle-gen9championsvgc2026regma-1898\n|reques...Cancel":true,"rqid":13}' [1482 bytes]
DEBUG:vgc_base:forceSwitch [battle-gen9championsvgc2026regma-1898] force=[True, False] \u2192 /choose switch Basculegion / /choose pass
DEBUG:websockets.client:> TEXT 'battle-gen9championsvgc2026regma-1898|/choose switch Basculegion, pass' [70 bytes]
DEBUG:websockets.client:< TEXT '>battle-gen9championsvgc2026regma-1898\n|\n|t:|...L50, M|100/100\n|turn|4' [116 bytes]
DEBUG:websockets.client:< TEXT '>battle-gen9championsvgc2026regma-1898\n|\n|t:|...L50, M|197/197\n|turn|4' [116 bytes]
DEBUG:websockets.client:< TEXT '>battle-gen9championsvgc2026regma-1898\n|reques...ng":false}]},"rqid":14}' [2199 bytes]
DEBUG:websockets.client:< TEXT '>battle-gen9championsvgc2026regma-1898\n|reques...ng":false}]},"rqid":15}' [1895 bytes]
INFO:player:Turn 4 [battle-gen9championsvgc2026regma-1898] value head win-prob: 0.104  (losing)
DEBUG:live_vgc_base:Turn 4 [battle-gen9championsvgc2026regma-1898] a0=3 a1=0 src=model opp_splice=on
DEBUG:websockets.client:> TEXT 'battle-gen9championsvgc2026regma-1898|/choose m...atwave, move hypervoice' [76 bytes]
DEBUG:vgc_base:Turn 4 [battle-gen9championsvgc2026regma-1898] a0=3 a1=9 src=max_damage g0=0 g1=0
DEBUG:websockets.client:> TEXT 'battle-gen9championsvgc2026regma-1898|/choose m...ash 1, move solarbeam 1' [80 bytes]
DEBUG:websockets.client:< TEXT '>battle-gen9championsvgc2026regma-1898\n|\n|t:|...rom] Recoil\n|\n|upkeep' [392 bytes]
DEBUG:websockets.client:< TEXT '>battle-gen9championsvgc2026regma-1898\n|\n|t:|...rom] Recoil\n|\n|upkeep' [393 bytes]
DEBUG:websockets.client:< TEXT '>battle-gen9championsvgc2026regma-1898\n|reques...ng":false}]},"rqid":17}' [1465 bytes]
DEBUG:websockets.client:< TEXT '>battle-gen9championsvgc2026regma-1898\n|reques...ng":false}]},"rqid":16}' [1404 bytes]
DEBUG:vgc_base:forceSwitch [battle-gen9championsvgc2026regma-1898] force=[False, True] \u2192 /choose pass / /choose switch Whimsicott
DEBUG:websockets.client:> TEXT 'battle-gen9championsvgc2026regma-1898|/choose pass, switch Whimsicott' [69 bytes]
DEBUG:live_vgc_base:forceSwitch forced_switch_model [battle-gen9championsvgc2026regma-1898] turn 4 a0=12 a1=None opp_splice=on
DEBUG:websockets.client:> TEXT 'battle-gen9championsvgc2026regma-1898|/choose switch Charizard, pass' [68 bytes]
DEBUG:websockets.client:< TEXT '>battle-gen9championsvgc2026regma-1898\n|\n|t:|...L50, M|168/168\n|turn|5' [163 bytes]
DEBUG:websockets.client:< TEXT '>battle-gen9championsvgc2026regma-1898\n|\n|t:|...L50, M|100/100\n|turn|5' [163 bytes]
DEBUG:websockets.client:< TEXT '>battle-gen9championsvgc2026regma-1898\n|reques...ng":false}]},"rqid":18}' [2185 bytes]
DEBUG:websockets.client:< TEXT '>battle-gen9championsvgc2026regma-1898\n|reques...ng":false}]},"rqid":19}' [2211 bytes]
DEBUG:vgc_base:Turn 5 [battle-gen9championsvgc2026regma-1898] a0=3 a1=6 src=max_damage g0=0 g1=0
DEBUG:websockets.client:> TEXT 'battle-gen9championsvgc2026regma-1898|/choose m...ash 1, move moonblast 1' [80 bytes]
INFO:player:Turn 5 [battle-gen9championsvgc2026regma-1898] value head win-prob: 0.160  (losing)
DEBUG:live_vgc_base:Turn 5 [battle-gen9championsvgc2026regma-1898] a0=0 a1=0 src=model opp_splice=on
DEBUG:websockets.client:> TEXT 'battle-gen9championsvgc2026regma-1898|/choose m...e mega, move hypervoice' [81 bytes]
DEBUG:websockets.client:< TEXT '>battle-gen9championsvgc2026regma-1898\n|\n|t:|...keep]\n|upkeep\n|turn|6' [980 bytes]
DEBUG:websockets.client:< TEXT '>battle-gen9championsvgc2026regma-1898\n|\n|t:|...keep]\n|upkeep\n|turn|6' [980 bytes]
DEBUG:websockets.client:< TEXT '>battle-gen9championsvgc2026regma-1898\n|reques...ng":false}]},"rqid":20}' [2167 bytes]
DEBUG:websockets.client:< TEXT '>battle-gen9championsvgc2026regma-1898\n|reques...ng":false}]},"rqid":21}' [2199 bytes]
DEBUG:vgc_base:Turn 6 [battle-gen9championsvgc2026regma-1898] a0=3 a1=0 src=max_damage g0=0 g1=0
DEBUG:vgc_base:_safe_order: action 0 slot 1 \u2192 None, scanning legal actions.
DEBUG:vgc_base:_safe_order: slot 1 has no decodable legal action — sending Pass.
DEBUG:websockets.client:> TEXT 'battle-gen9championsvgc2026regma-1898|/choose move wavecrash 1, pass' [68 bytes]
INFO:player:Turn 6 [battle-gen9championsvgc2026regma-1898] value head win-prob: 0.988  (winning)
DEBUG:live_vgc_base:Turn 6 [battle-gen9championsvgc2026regma-1898] a0=0 a1=0 src=model opp_splice=on
DEBUG:vgc_base:_safe_order: action 0 slot 0 \u2192 None, scanning legal actions.
DEBUG:vgc_base:_safe_order: slot 0 has no decodable legal action — sending Pass.
DEBUG:websockets.client:> TEXT 'battle-gen9championsvgc2026regma-1898|/choose pass, move hypervoice' [67 bytes]
DEBUG:websockets.client:< TEXT '>battle-gen9championsvgc2026regma-1898\n|\n|t:|...keep]\n|upkeep\n|turn|7' [374 bytes]
DEBUG:websockets.client:< TEXT '>battle-gen9championsvgc2026regma-1898\n|\n|t:|...keep]\n|upkeep\n|turn|7' [375 bytes]
DEBUG:websockets.client:< TEXT '>battle-gen9championsvgc2026regma-1898\n|reques...ng":false}]},"rqid":22}' [2164 bytes]
DEBUG:websockets.client:< TEXT '>battle-gen9championsvgc2026regma-1898\n|reques...ng":false}]},"rqid":23}' [2198 bytes]
DEBUG:vgc_base:Turn 7 [battle-gen9championsvgc2026regma-1898] a0=4 a1=0 src=max_damage g0=0 g1=0
DEBUG:vgc_base:_safe_order: action 0 slot 1 \u2192 None, scanning legal actions.
DEBUG:vgc_base:_safe_order: slot 1 has no decodable legal action — sending Pass.
DEBUG:websockets.client:> TEXT 'battle-gen9championsvgc2026regma-1898|/choose move wavecrash 2, pass' [68 bytes]
INFO:player:Turn 7 [battle-gen9championsvgc2026regma-1898] value head win-prob: 0.968  (winning)
DEBUG:live_vgc_base:Turn 7 [battle-gen9championsvgc2026regma-1898] a0=0 a1=9 src=model opp_splice=on
DEBUG:vgc_base:_safe_order: action 0 slot 0 \u2192 None, scanning legal actions.
DEBUG:vgc_base:_safe_order: slot 0 has no decodable legal action — sending Pass.
DEBUG:websockets.client:> TEXT 'battle-gen9championsvgc2026regma-1898|/choose pass, move icywind' [64 bytes]
DEBUG:websockets.client:< TEXT '>battle-gen9championsvgc2026regma-1898\n|\n|t:|...Recoil\n|\n|win|OPmax_2' [300 bytes]
DEBUG:websockets.client:< TEXT '>battle-gen9championsvgc2026regma-1898\n|\n|t:|...Recoil\n|\n|win|OPmax_2' [301 bytes]
DEBUG:websockets.client:< TEXT '|updatesearch|{"searching":[],"games":{"battle-... 2026 Reg M-A Battle"}}' [124 bytes]
DEBUG:websockets.client:< TEXT '|updatesearch|{"searching":[],"games":{"battle-... 2026 Reg M-A Battle"}}' [124 bytes]
INFO:vgc_base:Battle battle-gen9championsvgc2026regma-1898 finished — outcome: LOSS  (W/L/D so far: 2/2/0)
DEBUG:websockets.client:> TEXT '|/leave battle-gen9championsvgc2026regma-1898' [45 bytes]
INFO:vgc_base:Battle battle-gen9championsvgc2026regma-1898 finished — outcome: WIN  (W/L/D so far: 2/2/0)
DEBUG:websockets.client:> TEXT '|/leave battle-gen9championsvgc2026regma-1898' [45 bytes]
DEBUG:websockets.client:> TEXT 'battle-gen9championsvgc2026regma-1899|/rejectopenteamsheets' [59 bytes]
DEBUG:websockets.client:> TEXT 'battle-gen9championsvgc2026regma-1899|/rejectopenteamsheets' [59 bytes]
DEBUG:websockets.client:< TEXT '>battle-gen9championsvgc2026regma-1898\n|deinit' [46 bytes]
DEBUG:websockets.client:< TEXT '>battle-gen9championsvgc2026regma-1898\n|l|\u2606BC2' [48 bytes]
DEBUG:websockets.client:< TEXT '>battle-gen9championsvgc2026regma-1898\n|deinit' [46 bytes]
DEBUG:vgc_base:Teampreview: first-4 roster order \u2192 ['sneasler', 'charizardmegay', 'whimsicott', 'basculegion']
INFO:vgc_base:Teampreview [battle-gen9championsvgc2026regma-1899] \u2192 /team 1234  (sneasler, charizardmegay, whimsicott, basculegion)
DEBUG:websockets.client:> TEXT 'battle-gen9championsvgc2026regma-1899|/team 1234' [48 bytes]
DEBUG:websockets.client:< TEXT '>battle-gen9championsvgc2026regma-1899\n|uhtmlchange|otsrequest|' [63 bytes]
DEBUG:websockets.client:< TEXT '>battle-gen9championsvgc2026regma-1899\n|uhtmlchange|otsrequest|' [63 bytes]
INFO:player:Team-preview [battle-gen9championsvgc2026regma-1899] NET drove: bring=['whimsicott', 'zoroarkhisui', 'ditto', 'charizardmegay'] leads=['whimsicott', 'zoroarkhisui'] (vs opp ['sneasler', 'charizard', 'whimsicott', 'basculegion', 'zoroarkhisui', 'ditto'])
INFO:vgc_base:Teampreview [battle-gen9championsvgc2026regma-1899] \u2192 /team 3562  (whimsicott, zoroarkhisui, ditto, charizardmegay)
DEBUG:websockets.client:> TEXT 'battle-gen9championsvgc2026regma-1899|/team 3562' [48 bytes]
DEBUG:websockets.client:< TEXT '>battle-gen9championsvgc2026regma-1899\nBC2 rejected open team sheets.' [69 bytes]
DEBUG:websockets.client:< TEXT '>battle-gen9championsvgc2026regma-1899\n|uhtmlchange|otsrequest|' [63 bytes]
DEBUG:websockets.client:< TEXT '>battle-gen9championsvgc2026regma-1899\nBC2 rejected open team sheets.' [69 bytes]
DEBUG:websockets.client:< TEXT '>battle-gen9championsvgc2026regma-1899\n|uhtmlchange|otsrequest|' [63 bytes]
DEBUG:websockets.client:< TEXT '>battle-gen9championsvgc2026regma-1899\nOPmax_2...ected open team sheets.' [73 bytes]
DEBUG:websockets.client:< TEXT '>battle-gen9championsvgc2026regma-1899\nOPmax_2...ected open team sheets.' [73 bytes]
DEBUG:websockets.client:< TEXT '>battle-gen9championsvgc2026regma-1899\n|\n|t:|...L50, F|100/100\n|turn|1' [321 bytes]
DEBUG:websockets.client:< TEXT '>battle-gen9championsvgc2026regma-1899\n|\n|t:|...L50, F|168/168\n|turn|1' [321 bytes]
DEBUG:websockets.client:< TEXT '>battle-gen9championsvgc2026regma-1899\n|reques...ing":false}]},"rqid":4}' [2167 bytes]
DEBUG:websockets.client:< TEXT '>battle-gen9championsvgc2026regma-1899\n|reques...ing":false}]},"rqid":5}' [2236 bytes]
INFO:player:Turn 1 [battle-gen9championsvgc2026regma-1899] value head win-prob: 0.351  (losing)
DEBUG:live_vgc_base:Turn 1 [battle-gen9championsvgc2026regma-1899] a0=0 a1=9 src=model opp_splice=on
DEBUG:websockets.client:> TEXT 'battle-gen9championsvgc2026regma-1899|/choose move encore 1, move icywind' [73 bytes]
DEBUG:vgc_base:Turn 1 [battle-gen9championsvgc2026regma-1899] a0=9 a1=9 src=max_damage g0=0 g1=0
DEBUG:websockets.client:> TEXT 'battle-gen9championsvgc2026regma-1899|/choose m...bat 1, move solarbeam 1' [82 bytes]
DEBUG:websockets.client:< TEXT '>battle-gen9championsvgc2026regma-1899\n|\n|t:|...am\n|\n|upkeep\n|turn|2' [643 bytes]
DEBUG:websockets.client:< TEXT '>battle-gen9championsvgc2026regma-1899\n|\n|t:|...am\n|\n|upkeep\n|turn|2' [645 bytes]
DEBUG:websockets.client:< TEXT '>battle-gen9championsvgc2026regma-1899\n|reques...ing":false}]},"rqid":6}' [2166 bytes]
DEBUG:websockets.client:< TEXT '>battle-gen9championsvgc2026regma-1899\n|reques...ing":false}]},"rqid":7}' [1888 bytes]
DEBUG:vgc_base:Turn 2 [battle-gen9championsvgc2026regma-1899] a0=9 a1=9 src=max_damage g0=0 g1=0
DEBUG:websockets.client:> TEXT 'battle-gen9championsvgc2026regma-1899|/choose m...bat 1, move solarbeam 1' [82 bytes]
INFO:player:Turn 2 [battle-gen9championsvgc2026regma-1899] value head win-prob: 0.255  (losing)
DEBUG:live_vgc_base:Turn 2 [battle-gen9championsvgc2026regma-1899] a0=0 a1=9 src=model opp_splice=on
DEBUG:websockets.client:> TEXT 'battle-gen9championsvgc2026regma-1899|/choose move encore 1, move icywind' [73 bytes]
DEBUG:websockets.client:< TEXT '>battle-gen9championsvgc2026regma-1899\n|\n|t:|... Whimsicott\n|\n|upkeep' [639 bytes]
DEBUG:websockets.client:< TEXT '>battle-gen9championsvgc2026regma-1899\n|\n|t:|... Whimsicott\n|\n|upkeep' [640 bytes]
DEBUG:websockets.client:< TEXT '>battle-gen9championsvgc2026regma-1899\n|reques...oCancel":true,"rqid":8}' [1421 bytes]
DEBUG:websockets.client:< TEXT '>battle-gen9championsvgc2026regma-1899\n|reques...ing":false}]},"rqid":9}' [1452 bytes]
DEBUG:live_vgc_base:forceSwitch forced_switch_model [battle-gen9championsvgc2026regma-1899] turn 2 a0=13 a1=None opp_splice=on
DEBUG:websockets.client:> TEXT 'battle-gen9championsvgc2026regma-1899|/choose switch Ditto, pass' [64 bytes]
DEBUG:websockets.client:< TEXT '>battle-gen9championsvgc2026regma-1899\n|\n|t:|...lity: Imposter\n|turn|3' [164 bytes]
DEBUG:websockets.client:< TEXT '>battle-gen9championsvgc2026regma-1899\n|\n|t:|...lity: Imposter\n|turn|3' [164 bytes]
DEBUG:websockets.client:< TEXT '>battle-gen9championsvgc2026regma-1899\n|reques...ng":false}]},"rqid":10}' [2200 bytes]
DEBUG:websockets.client:< TEXT '>battle-gen9championsvgc2026regma-1899\n|reques...ng":false}]},"rqid":11}' [2224 bytes]
DEBUG:vgc_base:Turn 3 [battle-gen9championsvgc2026regma-1899] a0=9 a1=9 src=max_damage g0=0 g1=0
DEBUG:websockets.client:> TEXT 'battle-gen9championsvgc2026regma-1899|/choose m...bat 1, move solarbeam 1' [82 bytes]
INFO:player:Turn 3 [battle-gen9championsvgc2026regma-1899] value head win-prob: 0.507  (even)
DEBUG:live_vgc_base:Turn 3 [battle-gen9championsvgc2026regma-1899] a0=3 a1=9 src=model opp_splice=on
DEBUG:websockets.client:> TEXT 'battle-gen9championsvgc2026regma-1899|/choose move heatwave, move icywind' [73 bytes]
DEBUG:websockets.client:< TEXT '>battle-gen9championsvgc2026regma-1899\n|\n|t:|...|Solar Beam\n|\n|upkeep' [649 bytes]
DEBUG:websockets.client:< TEXT '>battle-gen9championsvgc2026regma-1899\n|\n|t:|...|Solar Beam\n|\n|upkeep' [648 bytes]
DEBUG:websockets.client:< TEXT '>battle-gen9championsvgc2026regma-1899\n|reques...ng":false}]},"rqid":12}' [1427 bytes]
DEBUG:websockets.client:< TEXT '>battle-gen9championsvgc2026regma-1899\n|reques...Cancel":true,"rqid":13}' [1482 bytes]
DEBUG:vgc_base:forceSwitch [battle-gen9championsvgc2026regma-1899] force=[True, False] \u2192 /choose switch Basculegion / /choose pass
DEBUG:websockets.client:> TEXT 'battle-gen9championsvgc2026regma-1899|/choose switch Basculegion, pass' [70 bytes]
DEBUG:websockets.client:< TEXT '>battle-gen9championsvgc2026regma-1899\n|\n|t:|...L50, M|100/100\n|turn|4' [116 bytes]
DEBUG:websockets.client:< TEXT '>battle-gen9championsvgc2026regma-1899\n|\n|t:|...L50, M|197/197\n|turn|4' [116 bytes]
DEBUG:websockets.client:< TEXT '>battle-gen9championsvgc2026regma-1899\n|reques...ng":false}]},"rqid":14}' [2199 bytes]
DEBUG:websockets.client:< TEXT '>battle-gen9championsvgc2026regma-1899\n|reques...ng":false}]},"rqid":15}' [1895 bytes]
DEBUG:vgc_base:Turn 4 [battle-gen9championsvgc2026regma-1899] a0=3 a1=9 src=max_damage g0=0 g1=0
DEBUG:websockets.client:> TEXT 'battle-gen9championsvgc2026regma-1899|/choose m...ash 1, move solarbeam 1' [80 bytes]
INFO:player:Turn 4 [battle-gen9championsvgc2026regma-1899] value head win-prob: 0.135  (losing)
DEBUG:live_vgc_base:Turn 4 [battle-gen9championsvgc2026regma-1899] a0=3 a1=0 src=model opp_splice=on
DEBUG:websockets.client:> TEXT 'battle-gen9championsvgc2026regma-1899|/choose m...atwave, move hypervoice' [76 bytes]
DEBUG:websockets.client:< TEXT '>battle-gen9championsvgc2026regma-1899\n|\n|t:|...rom] Recoil\n|\n|upkeep' [372 bytes]
DEBUG:websockets.client:< TEXT '>battle-gen9championsvgc2026regma-1899\n|\n|t:|...rom] Recoil\n|\n|upkeep' [373 bytes]
DEBUG:websockets.client:< TEXT '>battle-gen9championsvgc2026regma-1899\n|reques...ng":false}]},"rqid":16}' [1404 bytes]
DEBUG:websockets.client:< TEXT '>battle-gen9championsvgc2026regma-1899\n|reques...ng":false}]},"rqid":17}' [1465 bytes]
DEBUG:vgc_base:forceSwitch [battle-gen9championsvgc2026regma-1899] force=[False, True] \u2192 /choose pass / /choose switch Whimsicott
DEBUG:websockets.client:> TEXT 'battle-gen9championsvgc2026regma-1899|/choose pass, switch Whimsicott' [69 bytes]
DEBUG:live_vgc_base:forceSwitch forced_switch_model [battle-gen9championsvgc2026regma-1899] turn 4 a0=12 a1=None opp_splice=on
DEBUG:websockets.client:> TEXT 'battle-gen9championsvgc2026regma-1899|/choose switch Charizard, pass' [68 bytes]
DEBUG:websockets.client:< TEXT '>battle-gen9championsvgc2026regma-1899\n|\n|t:|...L50, F|168/168\n|turn|5' [163 bytes]
DEBUG:websockets.client:< TEXT '>battle-gen9championsvgc2026regma-1899\n|\n|t:|...L50, F|100/100\n|turn|5' [163 bytes]
DEBUG:websockets.client:< TEXT '>battle-gen9championsvgc2026regma-1899\n|reques...ng":false}]},"rqid":18}' [2185 bytes]
DEBUG:websockets.client:< TEXT '>battle-gen9championsvgc2026regma-1899\n|reques...ng":false}]},"rqid":19}' [2211 bytes]
INFO:player:Turn 5 [battle-gen9championsvgc2026regma-1899] value head win-prob: 0.160  (losing)
DEBUG:live_vgc_base:Turn 5 [battle-gen9championsvgc2026regma-1899] a0=0 a1=0 src=model opp_splice=on
DEBUG:websockets.client:> TEXT 'battle-gen9championsvgc2026regma-1899|/choose m...e mega, move hypervoice' [81 bytes]
DEBUG:vgc_base:Turn 5 [battle-gen9championsvgc2026regma-1899] a0=3 a1=6 src=max_damage g0=0 g1=0
DEBUG:websockets.client:> TEXT 'battle-gen9championsvgc2026regma-1899|/choose m...ash 1, move moonblast 1' [80 bytes]
DEBUG:websockets.client:< TEXT '>battle-gen9championsvgc2026regma-1899\n|\n|t:|...keep]\n|upkeep\n|turn|6' [981 bytes]
DEBUG:websockets.client:< TEXT '>battle-gen9championsvgc2026regma-1899\n|\n|t:|...keep]\n|upkeep\n|turn|6' [980 bytes]
DEBUG:websockets.client:< TEXT '>battle-gen9championsvgc2026regma-1899\n|reques...ng":false}]},"rqid":20}' [2167 bytes]
DEBUG:websockets.client:< TEXT '>battle-gen9championsvgc2026regma-1899\n|reques...ng":false}]},"rqid":21}' [2199 bytes]
DEBUG:vgc_base:Turn 6 [battle-gen9championsvgc2026regma-1899] a0=3 a1=0 src=max_damage g0=0 g1=0
DEBUG:vgc_base:_safe_order: action 0 slot 1 \u2192 None, scanning legal actions.
DEBUG:vgc_base:_safe_order: slot 1 has no decodable legal action — sending Pass.
DEBUG:websockets.client:> TEXT 'battle-gen9championsvgc2026regma-1899|/choose move wavecrash 1, pass' [68 bytes]
INFO:player:Turn 6 [battle-gen9championsvgc2026regma-1899] value head win-prob: 0.988  (winning)
DEBUG:live_vgc_base:Turn 6 [battle-gen9championsvgc2026regma-1899] a0=0 a1=0 src=model opp_splice=on
DEBUG:vgc_base:_safe_order: action 0 slot 0 \u2192 None, scanning legal actions.
DEBUG:vgc_base:_safe_order: slot 0 has no decodable legal action — sending Pass.
DEBUG:websockets.client:> TEXT 'battle-gen9championsvgc2026regma-1899|/choose pass, move hypervoice' [67 bytes]
DEBUG:websockets.client:< TEXT '>battle-gen9championsvgc2026regma-1899\n|\n|t:|...keep]\n|upkeep\n|turn|7' [374 bytes]
DEBUG:websockets.client:< TEXT '>battle-gen9championsvgc2026regma-1899\n|\n|t:|...keep]\n|upkeep\n|turn|7' [374 bytes]
DEBUG:websockets.client:< TEXT '>battle-gen9championsvgc2026regma-1899\n|reques...ng":false}]},"rqid":22}' [2164 bytes]
DEBUG:websockets.client:< TEXT '>battle-gen9championsvgc2026regma-1899\n|reques...ng":false}]},"rqid":23}' [2197 bytes]
DEBUG:vgc_base:Turn 7 [battle-gen9championsvgc2026regma-1899] a0=4 a1=0 src=max_damage g0=0 g1=0
DEBUG:vgc_base:_safe_order: action 0 slot 1 \u2192 None, scanning legal actions.
DEBUG:vgc_base:_safe_order: slot 1 has no decodable legal action — sending Pass.
DEBUG:websockets.client:> TEXT 'battle-gen9championsvgc2026regma-1899|/choose move wavecrash 2, pass' [68 bytes]
INFO:player:Turn 7 [battle-gen9championsvgc2026regma-1899] value head win-prob: 0.970  (winning)
DEBUG:live_vgc_base:Turn 7 [battle-gen9championsvgc2026regma-1899] a0=0 a1=9 src=model opp_splice=on
DEBUG:vgc_base:_safe_order: action 0 slot 0 \u2192 None, scanning legal actions.
DEBUG:vgc_base:_safe_order: slot 0 has no decodable legal action — sending Pass.
DEBUG:websockets.client:> TEXT 'battle-gen9championsvgc2026regma-1899|/choose pass, move icywind' [64 bytes]
DEBUG:websockets.client:< TEXT '>battle-gen9championsvgc2026regma-1899\n|\n|t:|...asculegion\n|\n|win|BC2' [197 bytes]
DEBUG:websockets.client:< TEXT '>battle-gen9championsvgc2026regma-1899\n|\n|t:|...asculegion\n|\n|win|BC2' [197 bytes]
DEBUG:websockets.client:< TEXT '|updatesearch|{"searching":[],"games":null}' [43 bytes]
INFO:vgc_base:Battle battle-gen9championsvgc2026regma-1899 finished — outcome: WIN  (W/L/D so far: 3/2/0)
DEBUG:websockets.client:> TEXT '|/leave battle-gen9championsvgc2026regma-1899' [45 bytes]
DEBUG:websockets.client:< TEXT '|updatesearch|{"searching":[],"games":null}' [43 bytes]
INFO:vgc_base:Battle battle-gen9championsvgc2026regma-1899 finished — outcome: LOSS  (W/L/D so far: 2/3/0)
DEBUG:websockets.client:> TEXT '|/leave battle-gen9championsvgc2026regma-1899' [45 bytes]
DEBUG:websockets.client:< TEXT '>battle-gen9championsvgc2026regma-1899\n|deinit' [46 bytes]
DEBUG:websockets.client:< TEXT '>battle-gen9championsvgc2026regma-1899\n|l|\u2606BC2' [48 bytes]
DEBUG:websockets.client:< TEXT '>battle-gen9championsvgc2026regma-1899\n|deinit' [46 bytes]
DEBUG:websockets.client:> CLOSE 1000 (OK) [2 bytes]
DEBUG:websockets.client:= connection is CLOSING
DEBUG:websockets.client:< CLOSE 1000 (OK) [2 bytes]
DEBUG:websockets.client:< EOF
DEBUG:websockets.client:> EOF
DEBUG:websockets.client:= connection is CLOSED
DEBUG:websockets.client:x half-closing TCP connection
DEBUG:websockets.client:> CLOSE 1000 (OK) [2 bytes]
DEBUG:websockets.client:= connection is CLOSING
DEBUG:websockets.client:< CLOSE 1000 (OK) [2 bytes]
DEBUG:websockets.client:< EOF
DEBUG:websockets.client:> EOF
DEBUG:websockets.client:= connection is CLOSED
DEBUG:websockets.client:x half-closing TCP connection
INFO:__main__:vs max_damage: 3/5
INFO:run_local_battle:Loaded team from D:\ShowdownProject\Victory-Dance\teams\M-A\Trickery
INFO:run_local_battle:Loaded team from D:\ShowdownProject\Victory-Dance\teams\M-A\Trickery
INFO:player:VGCPlayer: loaded battle model from D:\ShowdownProject\Victory-Dance\ai_train_scripts\BC_model\checkpoints\bc_best.pt (heads=('our_a', 'our_b'))
INFO:player:VGCPlayer: loaded team-chooser from D:\ShowdownProject\Victory-Dance\ai_train_scripts\teamPreview_model\checkpoints\teampreview_best.pt (vocab=190)
INFO:player:VGCPlayer ready (gap-#6 splice) | battle_model=loaded (D:\ShowdownProject\Victory-Dance\ai_train_scripts\BC_model\checkpoints\bc_best.pt) | team_chooser=loaded (D:\ShowdownProject\Victory-Dance\ai_train_scripts\teamPreview_model\checkpoints\teampreview_best.pt) | replay=D:\ShowdownProject\Victory-Dance\replay_buffer\BC3.jsonl
DEBUG:websockets.client:= connection is CONNECTING
DEBUG:websockets.client:> GET /showdown/websocket HTTP/1.1
DEBUG:websockets.client:> Host: localhost:8000
DEBUG:websockets.client:> Upgrade: websocket
DEBUG:websockets.client:> Connection: Upgrade
DEBUG:websockets.client:> Sec-WebSocket-Key: TBr1FFnYE/jsNlt5FTUhMw==
DEBUG:websockets.client:> Sec-WebSocket-Version: 13
DEBUG:websockets.client:> Sec-WebSocket-Extensions: permessage-deflate; client_max_window_bits
DEBUG:websockets.client:> User-Agent: Python/3.12 websockets/16.0
DEBUG:websockets.client:< HTTP/1.1 101 Switching Protocols
DEBUG:websockets.client:< Upgrade: websocket
DEBUG:websockets.client:< Connection: Upgrade
DEBUG:websockets.client:< Sec-WebSocket-Accept: rcLcDkMeWPOtaHYRih3/xwwqPOA=
DEBUG:websockets.client:= connection is OPEN
DEBUG:websockets.client:< TEXT '|updateuser| Guest 1181|0|101|{"blockChallenges...c|[Gen 1] Custom Game,c' [8618 bytes]
DEBUG:websockets.client:< TEXT '|challstr|4|69013adbd89736c68efd2db4e74c1655547...f68db27318b017ae9a2489b' [268 bytes]
DEBUG:websockets.client:> TEXT '|/trn BC3,0,' [12 bytes]
DEBUG:websockets.client:< TEXT '|updatesearch|{"searching":[],"games":null}' [43 bytes]
DEBUG:websockets.client:< TEXT '|updateuser| BC3|1|169|{"blockChallenges":false...:false,"language":null}' [346 bytes]
DEBUG:websockets.client:< TEXT '|updatesearch|{"searching":[],"games":null}' [43 bytes]
DEBUG:websockets.client:= connection is CONNECTING
DEBUG:websockets.client:> GET /showdown/websocket HTTP/1.1
DEBUG:websockets.client:> Host: localhost:8000
DEBUG:websockets.client:> Upgrade: websocket
DEBUG:websockets.client:> Connection: Upgrade
DEBUG:websockets.client:> Sec-WebSocket-Key: ZZnM0t/FAUNoSW9fstMizA==
DEBUG:websockets.client:> Sec-WebSocket-Version: 13
DEBUG:websockets.client:> Sec-WebSocket-Extensions: permessage-deflate; client_max_window_bits
DEBUG:websockets.client:> User-Agent: Python/3.12 websockets/16.0
DEBUG:websockets.client:< HTTP/1.1 101 Switching Protocols
DEBUG:websockets.client:< Upgrade: websocket
DEBUG:websockets.client:< Connection: Upgrade
DEBUG:websockets.client:< Sec-WebSocket-Accept: /ngH/blNEfx1RZKgELbYvu7hdXI=
DEBUG:websockets.client:= connection is OPEN
DEBUG:websockets.client:< TEXT '|updateuser| Guest 1182|0|265|{"blockChallenges...c|[Gen 1] Custom Game,c' [8618 bytes]
DEBUG:websockets.client:< TEXT '|challstr|4|7e264ceb5904746a3a03557cc91b28a6ec8...0220a8afb38092f26e01e2f' [268 bytes]
DEBUG:websockets.client:> TEXT '|/trn OPheur3,0,' [16 bytes]
DEBUG:websockets.client:< TEXT '|updatesearch|{"searching":[],"games":null}' [43 bytes]
DEBUG:websockets.client:< TEXT '|updateuser| OPheur3|1|2|{"blockChallenges":fal...:false,"language":null}' [348 bytes]
DEBUG:websockets.client:< TEXT '|updatesearch|{"searching":[],"games":null}' [43 bytes]
DEBUG:websockets.client:> TEXT '|/utm Sneasler||whiteherb|unburden|fakeout,dire...Naive|32,2,,,,32||||50|' [550 bytes]
DEBUG:websockets.client:> TEXT '|/challenge opheur3, gen9championsvgc2026regma' [46 bytes]
DEBUG:websockets.client:< TEXT '|pm| BC3| OPheur3|/challenge gen9championsvgc20...hampionsvgc2026regma|||' [83 bytes]
DEBUG:websockets.client:< TEXT '|pm| BC3| OPheur3|/challenge gen9championsvgc20...hampionsvgc2026regma|||' [83 bytes]
DEBUG:websockets.client:< TEXT '|pm| BC3| OPheur3|/log BC3 wants to battle!' [43 bytes]
DEBUG:websockets.client:< TEXT '|pm| BC3| OPheur3|/log BC3 wants to battle!' [43 bytes]
DEBUG:websockets.client:> TEXT '|/utm Sneasler||whiteherb|unburden|fakeout,dire...Naive|32,2,,,,32||||50|' [550 bytes]
DEBUG:websockets.client:> TEXT '|/accept bc3' [12 bytes]
DEBUG:websockets.client:< TEXT '|pm| OPheur3| BC3|/challenge' [28 bytes]
DEBUG:websockets.client:< TEXT '|pm| OPheur3| BC3|/challenge' [28 bytes]
DEBUG:websockets.client:< TEXT '|updatesearch|{"searching":[],"games":null}' [43 bytes]
DEBUG:websockets.client:< TEXT '|updatesearch|{"searching":[],"games":null}' [43 bytes]
DEBUG:websockets.client:< TEXT '|updatesearch|{"searching":[],"games":{"battle-... 2026 Reg M-A Battle"}}' [124 bytes]
DEBUG:websockets.client:< TEXT '|updatesearch|{"searching":[],"games":{"battle-... 2026 Reg M-A Battle"}}' [124 bytes]
DEBUG:websockets.client:< TEXT '|updatesearch|{"searching":[],"games":{"battle-... 2026 Reg M-A Battle"}}' [124 bytes]
DEBUG:websockets.client:< TEXT '|updatesearch|{"searching":[],"games":{"battle-... 2026 Reg M-A Battle"}}' [124 bytes]
DEBUG:websockets.client:< TEXT '>battle-gen9championsvgc2026regma-1900\n|init|b... vs. OPheur3\n|j|\u2606BC3\n' [85 bytes]
DEBUG:websockets.client:< TEXT '>battle-gen9championsvgc2026regma-1900\n|init|b...n|j|\u2606BC3\n|j|\u2606OPheur3\n' [99 bytes]
DEBUG:websockets.client:< TEXT '>battle-gen9championsvgc2026regma-1900\n|j|\u2606OPheur3' [52 bytes]
DEBUG:websockets.client:< TEXT '|pm| OPheur3| BC3|/nonotify OPheur3 accepted th...26regma-1900</a>&raquo;' [173 bytes]
DEBUG:websockets.client:> TEXT 'battle-gen9championsvgc2026regma-1900|/rejectopenteamsheets' [59 bytes]
DEBUG:websockets.client:< TEXT '|pm| OPheur3| BC3|/nonotify OPheur3 accepted th...26regma-1900</a>&raquo;' [173 bytes]
DEBUG:websockets.client:< TEXT '>battle-gen9championsvgc2026regma-1900\n|t:|1781645519\n|gametype|doubles' [71 bytes]
DEBUG:websockets.client:> TEXT '|/utm Sneasler||whiteherb|unburden|fakeout,dire...Naive|32,2,,,,32||||50|' [550 bytes]
DEBUG:websockets.client:> TEXT '|/challenge opheur3, gen9championsvgc2026regma' [46 bytes]
DEBUG:websockets.client:< TEXT '>battle-gen9championsvgc2026regma-1900\n|t:|1781645519\n|gametype|doubles' [71 bytes]
DEBUG:websockets.client:< TEXT '>battle-gen9championsvgc2026regma-1900\n|player|p1|BC3|169|' [58 bytes]
DEBUG:websockets.client:> TEXT 'battle-gen9championsvgc2026regma-1900|/rejectopenteamsheets' [59 bytes]
DEBUG:websockets.client:< TEXT '>battle-gen9championsvgc2026regma-1900\n|player|p1|BC3|169|' [58 bytes]
DEBUG:websockets.client:< TEXT '>battle-gen9championsvgc2026regma-1900\n|uhtmlchange|otsrequest|' [63 bytes]
DEBUG:websockets.client:< TEXT '>battle-gen9championsvgc2026regma-1900\n|uhtmlchange|otsrequest|' [63 bytes]
DEBUG:websockets.client:< TEXT '>battle-gen9championsvgc2026regma-1900\nBC3 rejected open team sheets.' [69 bytes]
DEBUG:websockets.client:< TEXT '>battle-gen9championsvgc2026regma-1900\n|player...heets</strong></button>' [855 bytes]
DEBUG:websockets.client:< TEXT '>battle-gen9championsvgc2026regma-1900\n|reques...ing":false}]},"rqid":2}' [2093 bytes]
DEBUG:websockets.client:< TEXT '>battle-gen9championsvgc2026regma-1900\nBC3 rejected open team sheets.' [69 bytes]
DEBUG:websockets.client:< TEXT '>battle-gen9championsvgc2026regma-1900\n|player...heets</strong></button>' [855 bytes]
DEBUG:websockets.client:< TEXT '>battle-gen9championsvgc2026regma-1900\n|reques...ing":false}]},"rqid":3}' [2097 bytes]
DEBUG:websockets.client:< TEXT '>battle-gen9championsvgc2026regma-1900\n|uhtmlchange|otsrequest|' [63 bytes]
INFO:player:Team-preview [battle-gen9championsvgc2026regma-1900] NET drove: bring=['whimsicott', 'zoroarkhisui', 'ditto', 'charizardmegay'] leads=['whimsicott', 'zoroarkhisui'] (vs opp ['sneasler', 'charizard', 'whimsicott', 'basculegion', 'zoroarkhisui', 'ditto'])
INFO:vgc_base:Teampreview [battle-gen9championsvgc2026regma-1900] \u2192 /team 3562  (whimsicott, zoroarkhisui, ditto, charizardmegay)
DEBUG:websockets.client:> TEXT 'battle-gen9championsvgc2026regma-1900|/team 3562' [48 bytes]
DEBUG:websockets.client:< TEXT '>battle-gen9championsvgc2026regma-1900\n|uhtmlchange|otsrequest|' [63 bytes]
DEBUG:websockets.client:< TEXT '>battle-gen9championsvgc2026regma-1900\nOPheur3...ected open team sheets.' [73 bytes]
DEBUG:vgc_base:Teampreview: first-4 roster order \u2192 ['sneasler', 'charizardmegay', 'whimsicott', 'basculegion']
INFO:vgc_base:Teampreview [battle-gen9championsvgc2026regma-1900] \u2192 /team 1234  (sneasler, charizardmegay, whimsicott, basculegion)
DEBUG:websockets.client:> TEXT 'battle-gen9championsvgc2026regma-1900|/team 1234' [48 bytes]
DEBUG:websockets.client:< TEXT '>battle-gen9championsvgc2026regma-1900\nOPheur3...ected open team sheets.' [73 bytes]
DEBUG:websockets.client:< TEXT '|pm| BC3| OPheur3|/challenge gen9championsvgc20...hampionsvgc2026regma|||' [83 bytes]
DEBUG:websockets.client:< TEXT '|pm| BC3| OPheur3|/log BC3 wants to battle!' [43 bytes]
DEBUG:websockets.client:< TEXT '|pm| BC3| OPheur3|/challenge gen9championsvgc20...hampionsvgc2026regma|||' [83 bytes]
DEBUG:websockets.client:< TEXT '|pm| BC3| OPheur3|/log BC3 wants to battle!' [43 bytes]
DEBUG:websockets.client:> TEXT '|/utm Sneasler||whiteherb|unburden|fakeout,dire...Naive|32,2,,,,32||||50|' [550 bytes]
DEBUG:websockets.client:> TEXT '|/accept bc3' [12 bytes]
DEBUG:websockets.client:< TEXT '>battle-gen9championsvgc2026regma-1900\n|\n|t:|...L50, F|100/100\n|turn|1' [321 bytes]
DEBUG:websockets.client:< TEXT '>battle-gen9championsvgc2026regma-1900\n|\n|t:|...L50, F|168/168\n|turn|1' [321 bytes]
DEBUG:websockets.client:< TEXT '>battle-gen9championsvgc2026regma-1900\n|reques...ing":false}]},"rqid":5}' [2236 bytes]
DEBUG:websockets.client:< TEXT '>battle-gen9championsvgc2026regma-1900\n|reques...ing":false}]},"rqid":4}' [2167 bytes]
DEBUG:websockets.client:< TEXT '|pm| OPheur3| BC3|/challenge' [28 bytes]
DEBUG:vgc_base:Turn 1 [battle-gen9championsvgc2026regma-1900] a0=3 a1=0 src=heuristic g0=0 g1=0
DEBUG:websockets.client:> TEXT 'battle-gen9championsvgc2026regma-1900|/choose m...reclaw 1, move heatwave' [76 bytes]
DEBUG:websockets.client:< TEXT '|pm| OPheur3| BC3|/challenge' [28 bytes]
DEBUG:websockets.client:< TEXT '|updatesearch|{"searching":[],"games":{"battle-... 2026 Reg M-A Battle"}}' [124 bytes]
DEBUG:websockets.client:< TEXT '|updatesearch|{"searching":[],"games":{"battle-... 2026 Reg M-A Battle"}}' [208 bytes]
DEBUG:websockets.client:< TEXT '|updatesearch|{"searching":[],"games":{"battle-... 2026 Reg M-A Battle"}}' [208 bytes]
DEBUG:websockets.client:< TEXT '|updatesearch|{"searching":[],"games":{"battle-... 2026 Reg M-A Battle"}}' [124 bytes]
DEBUG:websockets.client:< TEXT '|updatesearch|{"searching":[],"games":{"battle-... 2026 Reg M-A Battle"}}' [208 bytes]
DEBUG:websockets.client:< TEXT '|updatesearch|{"searching":[],"games":{"battle-... 2026 Reg M-A Battle"}}' [208 bytes]
DEBUG:websockets.client:< TEXT '>battle-gen9championsvgc2026regma-1901\n|init|b... vs. OPheur3\n|j|\u2606BC3\n' [85 bytes]
DEBUG:websockets.client:< TEXT '>battle-gen9championsvgc2026regma-1901\n|j|\u2606OPheur3' [52 bytes]
DEBUG:websockets.client:< TEXT '|pm| OPheur3| BC3|/nonotify OPheur3 accepted th...26regma-1901</a>&raquo;' [173 bytes]
DEBUG:websockets.client:< TEXT '>battle-gen9championsvgc2026regma-1901\n|t:|1781645519\n|gametype|doubles' [71 bytes]
DEBUG:websockets.client:< TEXT '>battle-gen9championsvgc2026regma-1901\n|player|p1|BC3|169|' [58 bytes]
DEBUG:websockets.client:< TEXT '>battle-gen9championsvgc2026regma-1901\n|player...heets</strong></button>' [855 bytes]
DEBUG:websockets.client:< TEXT '>battle-gen9championsvgc2026regma-1901\n|reques...ing":false}]},"rqid":2}' [2093 bytes]
INFO:player:Turn 1 [battle-gen9championsvgc2026regma-1900] value head win-prob: 0.351  (losing)
DEBUG:live_vgc_base:Turn 1 [battle-gen9championsvgc2026regma-1900] a0=0 a1=9 src=model opp_splice=on
DEBUG:websockets.client:> TEXT 'battle-gen9championsvgc2026regma-1900|/choose move encore 1, move icywind' [73 bytes]
DEBUG:websockets.client:< TEXT '>battle-gen9championsvgc2026regma-1901\n|init|b...n|j|\u2606BC3\n|j|\u2606OPheur3\n' [99 bytes]
DEBUG:websockets.client:< TEXT '|pm| OPheur3| BC3|/nonotify OPheur3 accepted th...26regma-1901</a>&raquo;' [173 bytes]
DEBUG:websockets.client:< TEXT '>battle-gen9championsvgc2026regma-1901\n|t:|1781645519\n|gametype|doubles' [71 bytes]
DEBUG:websockets.client:< TEXT '>battle-gen9championsvgc2026regma-1901\n|player|p1|BC3|169|' [58 bytes]
DEBUG:websockets.client:< TEXT '>battle-gen9championsvgc2026regma-1901\n|player...heets</strong></button>' [855 bytes]
DEBUG:websockets.client:< TEXT '>battle-gen9championsvgc2026regma-1901\n|reques...ing":false}]},"rqid":3}' [2097 bytes]
DEBUG:websockets.client:< TEXT '>battle-gen9championsvgc2026regma-1900\n|\n|t:|...: Charizard\n|\n|upkeep' [614 bytes]
DEBUG:websockets.client:< TEXT '>battle-gen9championsvgc2026regma-1900\n|\n|t:|...: Charizard\n|\n|upkeep' [616 bytes]
DEBUG:websockets.client:< TEXT '>battle-gen9championsvgc2026regma-1900\n|reques...oCancel":true,"rqid":6}' [1421 bytes]
DEBUG:websockets.client:< TEXT '>battle-gen9championsvgc2026regma-1900\n|reques...ing":false}]},"rqid":7}' [1453 bytes]
DEBUG:live_vgc_base:forceSwitch forced_switch_model [battle-gen9championsvgc2026regma-1900] turn 1 a0=13 a1=None opp_splice=on
DEBUG:websockets.client:> TEXT 'battle-gen9championsvgc2026regma-1900|/choose switch Ditto, pass' [64 bytes]
DEBUG:websockets.client:< TEXT '>battle-gen9championsvgc2026regma-1900\n|\n|t:|...lity: Imposter\n|turn|2' [164 bytes]
DEBUG:websockets.client:< TEXT '>battle-gen9championsvgc2026regma-1900\n|\n|t:|...lity: Imposter\n|turn|2' [164 bytes]
DEBUG:websockets.client:< TEXT '>battle-gen9championsvgc2026regma-1900\n|reques...ing":false}]},"rqid":8}' [2199 bytes]
DEBUG:websockets.client:< TEXT '>battle-gen9championsvgc2026regma-1900\n|reques...ing":false}]},"rqid":9}' [2226 bytes]
DEBUG:vgc_base:Turn 2 [battle-gen9championsvgc2026regma-1900] a0=3 a1=0 src=heuristic g0=0 g1=0
DEBUG:websockets.client:> TEXT 'battle-gen9championsvgc2026regma-1900|/choose m...reclaw 1, move heatwave' [76 bytes]
INFO:player:Turn 2 [battle-gen9championsvgc2026regma-1900] value head win-prob: 0.365  (losing)
DEBUG:live_vgc_base:Turn 2 [battle-gen9championsvgc2026regma-1900] a0=0 a1=9 src=model opp_splice=on
DEBUG:websockets.client:> TEXT 'battle-gen9championsvgc2026regma-1900|/choose move heatwave, move icywind' [73 bytes]
DEBUG:websockets.client:< TEXT '>battle-gen9championsvgc2026regma-1900\n|\n|t:|...on\n|\n|upkeep\n|turn|3' [690 bytes]
DEBUG:websockets.client:< TEXT '>battle-gen9championsvgc2026regma-1900\n|\n|t:|...on\n|\n|upkeep\n|turn|3' [691 bytes]
DEBUG:websockets.client:< TEXT '>battle-gen9championsvgc2026regma-1900\n|reques...ng":false}]},"rqid":10}' [2198 bytes]
DEBUG:websockets.client:< TEXT '>battle-gen9championsvgc2026regma-1900\n|reques...ng":false}]},"rqid":11}' [2225 bytes]
DEBUG:vgc_base:Turn 3 [battle-gen9championsvgc2026regma-1900] a0=3 a1=10 src=heuristic g0=0 g1=0
DEBUG:websockets.client:> TEXT 'battle-gen9championsvgc2026regma-1900|/choose m...law 1, move solarbeam 2' [79 bytes]
INFO:player:Turn 3 [battle-gen9championsvgc2026regma-1900] value head win-prob: 0.290  (losing)
DEBUG:live_vgc_base:Turn 3 [battle-gen9championsvgc2026regma-1900] a0=0 a1=9 src=model opp_splice=on
DEBUG:websockets.client:> TEXT 'battle-gen9championsvgc2026regma-1900|/choose move heatwave, move icywind' [73 bytes]
DEBUG:websockets.client:< TEXT '>battle-gen9championsvgc2026regma-1900\n|\n|t:|...|Solar Beam\n|\n|upkeep' [408 bytes]
DEBUG:websockets.client:< TEXT '>battle-gen9championsvgc2026regma-1900\n|\n|t:|...|Solar Beam\n|\n|upkeep' [408 bytes]
DEBUG:websockets.client:< TEXT '>battle-gen9championsvgc2026regma-1900\n|reques...Cancel":true,"rqid":12}' [1419 bytes]
DEBUG:websockets.client:< TEXT '>battle-gen9championsvgc2026regma-1900\n|reques...ng":false}]},"rqid":13}' [1451 bytes]
DEBUG:live_vgc_base:forceSwitch forced_switch_model [battle-gen9championsvgc2026regma-1900] turn 3 a0=12 a1=None opp_splice=on
DEBUG:websockets.client:> TEXT 'battle-gen9championsvgc2026regma-1900|/choose switch Charizard, pass' [68 bytes]
DEBUG:websockets.client:< TEXT '>battle-gen9championsvgc2026regma-1900\n|\n|t:|...L50, M|168/168\n|turn|4' [112 bytes]
DEBUG:websockets.client:< TEXT '>battle-gen9championsvgc2026regma-1900\n|\n|t:|...L50, M|100/100\n|turn|4' [112 bytes]
DEBUG:websockets.client:< TEXT '>battle-gen9championsvgc2026regma-1900\n|reques...ng":false}]},"rqid":14}' [2184 bytes]
DEBUG:websockets.client:< TEXT '>battle-gen9championsvgc2026regma-1900\n|reques...ng":false}]},"rqid":15}' [1886 bytes]
INFO:player:Turn 4 [battle-gen9championsvgc2026regma-1900] value head win-prob: 0.287  (losing)
DEBUG:live_vgc_base:Turn 4 [battle-gen9championsvgc2026regma-1900] a0=0 a1=0 src=model opp_splice=on
DEBUG:websockets.client:> TEXT 'battle-gen9championsvgc2026regma-1900|/choose m...e mega, move hypervoice' [81 bytes]
DEBUG:vgc_base:Turn 4 [battle-gen9championsvgc2026regma-1900] a0=3 a1=10 src=heuristic g0=0 g1=0
DEBUG:websockets.client:> TEXT 'battle-gen9championsvgc2026regma-1900|/choose m...law 1, move solarbeam 2' [79 bytes]
DEBUG:websockets.client:< TEXT '>battle-gen9championsvgc2026regma-1900\n|\n|t:|...nyDay|[upkeep]\n|upkeep' [576 bytes]
DEBUG:websockets.client:< TEXT '>battle-gen9championsvgc2026regma-1900\n|\n|t:|...nyDay|[upkeep]\n|upkeep' [576 bytes]
DEBUG:websockets.client:< TEXT '>battle-gen9championsvgc2026regma-1900\n|reques...ng":false}]},"rqid":16}' [1389 bytes]
DEBUG:websockets.client:< TEXT '>battle-gen9championsvgc2026regma-1900\n|reques...Cancel":true,"rqid":17}' [1480 bytes]
DEBUG:vgc_base:forceSwitch [battle-gen9championsvgc2026regma-1900] force=[True, True] \u2192 /choose switch Whimsicott / /choose switch Basculegion
DEBUG:websockets.client:> TEXT 'battle-gen9championsvgc2026regma-1900|/choose s...ott, switch Basculegion' [83 bytes]
DEBUG:websockets.client:< TEXT '>battle-gen9championsvgc2026regma-1900\n|\n|t:|...L50, M|100/100\n|turn|5' [167 bytes]
DEBUG:websockets.client:< TEXT '>battle-gen9championsvgc2026regma-1900\n|\n|t:|...L50, M|197/197\n|turn|5' [167 bytes]
DEBUG:websockets.client:< TEXT '>battle-gen9championsvgc2026regma-1900\n|reques...ng":false}]},"rqid":18}' [2167 bytes]
DEBUG:websockets.client:< TEXT '>battle-gen9championsvgc2026regma-1900\n|reques...ng":false}]},"rqid":19}' [2211 bytes]
DEBUG:vgc_base:Turn 5 [battle-gen9championsvgc2026regma-1900] a0=7 a1=3 src=heuristic g0=0 g1=0
DEBUG:websockets.client:> TEXT 'battle-gen9championsvgc2026regma-1900|/choose m...ast 2, move wavecrash 1' [80 bytes]
INFO:player:Turn 5 [battle-gen9championsvgc2026regma-1900] value head win-prob: 0.017  (losing)
DEBUG:live_vgc_base:Turn 5 [battle-gen9championsvgc2026regma-1900] a0=0 a1=0 src=model opp_splice=on
DEBUG:websockets.client:> TEXT 'battle-gen9championsvgc2026regma-1900|/choose m...atwave, move hypervoice' [76 bytes]
DEBUG:websockets.client:< TEXT '>battle-gen9championsvgc2026regma-1900\n|\n|t:|...] brn\n|upkeep\n|turn|6' [764 bytes]
DEBUG:websockets.client:< TEXT '>battle-gen9championsvgc2026regma-1900\n|\n|t:|...] brn\n|upkeep\n|turn|6' [765 bytes]
DEBUG:websockets.client:< TEXT '>battle-gen9championsvgc2026regma-1900\n|reques...ng":false}]},"rqid":20}' [2165 bytes]
DEBUG:websockets.client:< TEXT '>battle-gen9championsvgc2026regma-1900\n|reques...ng":false}]},"rqid":21}' [2203 bytes]
DEBUG:vgc_base:Turn 6 [battle-gen9championsvgc2026regma-1900] a0=0 a1=3 src=heuristic g0=0 g1=0
DEBUG:vgc_base:_safe_order: action 0 slot 0 \u2192 None, scanning legal actions.
DEBUG:vgc_base:_safe_order: slot 0 has no decodable legal action — sending Pass.
DEBUG:websockets.client:> TEXT 'battle-gen9championsvgc2026regma-1900|/choose pass, move wavecrash 1' [68 bytes]
INFO:player:Turn 6 [battle-gen9championsvgc2026regma-1900] value head win-prob: 0.377  (losing)
DEBUG:live_vgc_base:Turn 6 [battle-gen9championsvgc2026regma-1900] a0=0 a1=0 src=model opp_splice=on
DEBUG:vgc_base:_safe_order: action 0 slot 1 \u2192 None, scanning legal actions.
DEBUG:vgc_base:_safe_order: slot 1 has no decodable legal action — sending Pass.
DEBUG:websockets.client:> TEXT 'battle-gen9championsvgc2026regma-1900|/choose move heatwave, pass' [65 bytes]
DEBUG:websockets.client:< TEXT '>battle-gen9championsvgc2026regma-1900\n|\n|t:|...asculegion\n|\n|win|BC3' [200 bytes]
DEBUG:websockets.client:< TEXT '>battle-gen9championsvgc2026regma-1900\n|\n|t:|...asculegion\n|\n|win|BC3' [200 bytes]
DEBUG:websockets.client:< TEXT '|updatesearch|{"searching":[],"games":{"battle-... 2026 Reg M-A Battle"}}' [124 bytes]
INFO:vgc_base:Battle battle-gen9championsvgc2026regma-1900 finished — outcome: WIN  (W/L/D so far: 1/0/0)
DEBUG:websockets.client:> TEXT '|/leave battle-gen9championsvgc2026regma-1900' [45 bytes]
DEBUG:websockets.client:< TEXT '|updatesearch|{"searching":[],"games":{"battle-... 2026 Reg M-A Battle"}}' [124 bytes]
DEBUG:websockets.client:> TEXT 'battle-gen9championsvgc2026regma-1901|/rejectopenteamsheets' [59 bytes]
INFO:vgc_base:Battle battle-gen9championsvgc2026regma-1900 finished — outcome: LOSS  (W/L/D so far: 0/1/0)
DEBUG:websockets.client:> TEXT '|/leave battle-gen9championsvgc2026regma-1900' [45 bytes]
DEBUG:websockets.client:> TEXT '|/utm Sneasler||whiteherb|unburden|fakeout,dire...Naive|32,2,,,,32||||50|' [550 bytes]
DEBUG:websockets.client:> TEXT '|/challenge opheur3, gen9championsvgc2026regma' [46 bytes]
DEBUG:websockets.client:> TEXT 'battle-gen9championsvgc2026regma-1901|/rejectopenteamsheets' [59 bytes]
DEBUG:websockets.client:< TEXT '>battle-gen9championsvgc2026regma-1900\n|deinit' [46 bytes]
DEBUG:websockets.client:< TEXT '>battle-gen9championsvgc2026regma-1900\n|l|\u2606BC3' [48 bytes]
DEBUG:websockets.client:< TEXT '>battle-gen9championsvgc2026regma-1901\n|uhtmlchange|otsrequest|' [63 bytes]
DEBUG:websockets.client:< TEXT '>battle-gen9championsvgc2026regma-1901\nBC3 rejected open team sheets.' [69 bytes]
DEBUG:websockets.client:< TEXT '>battle-gen9championsvgc2026regma-1901\n|uhtmlchange|otsrequest|' [63 bytes]
DEBUG:websockets.client:< TEXT '>battle-gen9championsvgc2026regma-1901\nBC3 rejected open team sheets.' [69 bytes]
DEBUG:websockets.client:< TEXT '>battle-gen9championsvgc2026regma-1900\n|deinit' [46 bytes]
DEBUG:websockets.client:< TEXT '>battle-gen9championsvgc2026regma-1901\n|uhtmlchange|otsrequest|' [63 bytes]
DEBUG:websockets.client:< TEXT '>battle-gen9championsvgc2026regma-1901\n|uhtmlchange|otsrequest|' [63 bytes]
DEBUG:websockets.client:< TEXT '>battle-gen9championsvgc2026regma-1901\nOPheur3...ected open team sheets.' [73 bytes]
DEBUG:websockets.client:< TEXT '>battle-gen9championsvgc2026regma-1901\nOPheur3...ected open team sheets.' [73 bytes]
INFO:player:Team-preview [battle-gen9championsvgc2026regma-1901] NET drove: bring=['whimsicott', 'zoroarkhisui', 'ditto', 'charizardmegay'] leads=['whimsicott', 'zoroarkhisui'] (vs opp ['sneasler', 'charizard', 'whimsicott', 'basculegion', 'zoroarkhisui', 'ditto'])
INFO:vgc_base:Teampreview [battle-gen9championsvgc2026regma-1901] \u2192 /team 3562  (whimsicott, zoroarkhisui, ditto, charizardmegay)
DEBUG:websockets.client:> TEXT 'battle-gen9championsvgc2026regma-1901|/team 3562' [48 bytes]
DEBUG:vgc_base:Teampreview: first-4 roster order \u2192 ['sneasler', 'charizardmegay', 'whimsicott', 'basculegion']
INFO:vgc_base:Teampreview [battle-gen9championsvgc2026regma-1901] \u2192 /team 1234  (sneasler, charizardmegay, whimsicott, basculegion)
DEBUG:websockets.client:> TEXT 'battle-gen9championsvgc2026regma-1901|/team 1234' [48 bytes]
DEBUG:websockets.client:< TEXT '|pm| BC3| OPheur3|/challenge gen9championsvgc20...hampionsvgc2026regma|||' [83 bytes]
DEBUG:websockets.client:< TEXT '|pm| BC3| OPheur3|/challenge gen9championsvgc20...hampionsvgc2026regma|||' [83 bytes]
DEBUG:websockets.client:< TEXT '|pm| BC3| OPheur3|/log BC3 wants to battle!' [43 bytes]
DEBUG:websockets.client:< TEXT '|pm| BC3| OPheur3|/log BC3 wants to battle!' [43 bytes]
DEBUG:websockets.client:> TEXT '|/utm Sneasler||whiteherb|unburden|fakeout,dire...Naive|32,2,,,,32||||50|' [550 bytes]
DEBUG:websockets.client:> TEXT '|/accept bc3' [12 bytes]
DEBUG:websockets.client:< TEXT '>battle-gen9championsvgc2026regma-1901\n|\n|t:|...L50, M|100/100\n|turn|1' [321 bytes]
DEBUG:websockets.client:< TEXT '>battle-gen9championsvgc2026regma-1901\n|\n|t:|...L50, M|168/168\n|turn|1' [321 bytes]
DEBUG:websockets.client:< TEXT '>battle-gen9championsvgc2026regma-1901\n|reques...ing":false}]},"rqid":4}' [2167 bytes]
DEBUG:websockets.client:< TEXT '>battle-gen9championsvgc2026regma-1901\n|reques...ing":false}]},"rqid":5}' [2236 bytes]
INFO:player:Turn 1 [battle-gen9championsvgc2026regma-1901] value head win-prob: 0.351  (losing)
DEBUG:live_vgc_base:Turn 1 [battle-gen9championsvgc2026regma-1901] a0=0 a1=9 src=model opp_splice=on
DEBUG:websockets.client:> TEXT 'battle-gen9championsvgc2026regma-1901|/choose move encore 1, move icywind' [73 bytes]
DEBUG:websockets.client:< TEXT '|pm| OPheur3| BC3|/challenge' [28 bytes]
DEBUG:websockets.client:< TEXT '|pm| OPheur3| BC3|/challenge' [28 bytes]
DEBUG:websockets.client:< TEXT '|updatesearch|{"searching":[],"games":{"battle-... 2026 Reg M-A Battle"}}' [124 bytes]
DEBUG:websockets.client:< TEXT '|updatesearch|{"searching":[],"games":{"battle-... 2026 Reg M-A Battle"}}' [208 bytes]
DEBUG:websockets.client:< TEXT '|updatesearch|{"searching":[],"games":{"battle-... 2026 Reg M-A Battle"}}' [208 bytes]
DEBUG:websockets.client:< TEXT '>battle-gen9championsvgc2026regma-1902\n|init|b...n|j|\u2606BC3\n|j|\u2606OPheur3\n' [99 bytes]
DEBUG:websockets.client:< TEXT '|pm| OPheur3| BC3|/nonotify OPheur3 accepted th...26regma-1902</a>&raquo;' [173 bytes]
DEBUG:websockets.client:< TEXT '>battle-gen9championsvgc2026regma-1902\n|t:|1781645520\n|gametype|doubles' [71 bytes]
DEBUG:websockets.client:< TEXT '>battle-gen9championsvgc2026regma-1902\n|player|p1|BC3|169|' [58 bytes]
DEBUG:websockets.client:< TEXT '>battle-gen9championsvgc2026regma-1902\n|player...heets</strong></button>' [855 bytes]
DEBUG:websockets.client:< TEXT '>battle-gen9championsvgc2026regma-1902\n|reques...ing":false}]},"rqid":3}' [2097 bytes]
DEBUG:vgc_base:Turn 1 [battle-gen9championsvgc2026regma-1901] a0=3 a1=0 src=heuristic g0=0 g1=0
DEBUG:websockets.client:> TEXT 'battle-gen9championsvgc2026regma-1901|/choose m...reclaw 1, move heatwave' [76 bytes]
DEBUG:websockets.client:< TEXT '|updatesearch|{"searching":[],"games":{"battle-... 2026 Reg M-A Battle"}}' [124 bytes]
DEBUG:websockets.client:< TEXT '|updatesearch|{"searching":[],"games":{"battle-... 2026 Reg M-A Battle"}}' [208 bytes]
DEBUG:websockets.client:< TEXT '|updatesearch|{"searching":[],"games":{"battle-... 2026 Reg M-A Battle"}}' [208 bytes]
DEBUG:websockets.client:< TEXT '>battle-gen9championsvgc2026regma-1902\n|init|b... vs. OPheur3\n|j|\u2606BC3\n' [85 bytes]
DEBUG:websockets.client:< TEXT '>battle-gen9championsvgc2026regma-1902\n|j|\u2606OPheur3' [52 bytes]
DEBUG:websockets.client:< TEXT '|pm| OPheur3| BC3|/nonotify OPheur3 accepted th...26regma-1902</a>&raquo;' [173 bytes]
DEBUG:websockets.client:< TEXT '>battle-gen9championsvgc2026regma-1902\n|t:|1781645520\n|gametype|doubles' [71 bytes]
DEBUG:websockets.client:< TEXT '>battle-gen9championsvgc2026regma-1902\n|player|p1|BC3|169|' [58 bytes]
DEBUG:websockets.client:< TEXT '>battle-gen9championsvgc2026regma-1902\n|player...heets</strong></button>' [855 bytes]
DEBUG:websockets.client:< TEXT '>battle-gen9championsvgc2026regma-1902\n|reques...ing":false}]},"rqid":2}' [2093 bytes]
DEBUG:websockets.client:< TEXT '>battle-gen9championsvgc2026regma-1901\n|\n|t:|...rk|Illusion\n|\n|upkeep' [673 bytes]
DEBUG:websockets.client:< TEXT '>battle-gen9championsvgc2026regma-1901\n|\n|t:|...rk|Illusion\n|\n|upkeep' [675 bytes]
DEBUG:websockets.client:< TEXT '>battle-gen9championsvgc2026regma-1901\n|reques...oCancel":true,"rqid":6}' [1420 bytes]
DEBUG:websockets.client:< TEXT '>battle-gen9championsvgc2026regma-1901\n|reques...ing":false}]},"rqid":7}' [1453 bytes]
DEBUG:live_vgc_base:forceSwitch forced_switch_model [battle-gen9championsvgc2026regma-1901] turn 1 a0=13 a1=None opp_splice=on
DEBUG:websockets.client:> TEXT 'battle-gen9championsvgc2026regma-1901|/choose switch Ditto, pass' [64 bytes]
DEBUG:websockets.client:< TEXT '>battle-gen9championsvgc2026regma-1901\n|\n|t:|...lity: Imposter\n|turn|2' [164 bytes]
DEBUG:websockets.client:< TEXT '>battle-gen9championsvgc2026regma-1901\n|\n|t:|...lity: Imposter\n|turn|2' [164 bytes]
DEBUG:websockets.client:< TEXT '>battle-gen9championsvgc2026regma-1901\n|reques...ing":false}]},"rqid":8}' [2198 bytes]
DEBUG:websockets.client:< TEXT '>battle-gen9championsvgc2026regma-1901\n|reques...ing":false}]},"rqid":9}' [2226 bytes]
DEBUG:vgc_base:Turn 2 [battle-gen9championsvgc2026regma-1901] a0=3 a1=10 src=heuristic g0=0 g1=0
DEBUG:websockets.client:> TEXT 'battle-gen9championsvgc2026regma-1901|/choose m...law 1, move solarbeam 2' [79 bytes]
INFO:player:Turn 2 [battle-gen9championsvgc2026regma-1901] value head win-prob: 0.188  (losing)
DEBUG:live_vgc_base:Turn 2 [battle-gen9championsvgc2026regma-1901] a0=0 a1=9 src=model opp_splice=on
DEBUG:websockets.client:> TEXT 'battle-gen9championsvgc2026regma-1901|/choose move heatwave, move icywind' [73 bytes]
DEBUG:websockets.client:< TEXT '>battle-gen9championsvgc2026regma-1901\n|\n|t:|...am\n|\n|upkeep\n|turn|3' [549 bytes]
DEBUG:websockets.client:< TEXT '>battle-gen9championsvgc2026regma-1901\n|\n|t:|...am\n|\n|upkeep\n|turn|3' [550 bytes]
DEBUG:websockets.client:< TEXT '>battle-gen9championsvgc2026regma-1901\n|reques...ng":false}]},"rqid":10}' [2198 bytes]
DEBUG:websockets.client:< TEXT '>battle-gen9championsvgc2026regma-1901\n|reques...ng":false}]},"rqid":11}' [1887 bytes]
DEBUG:vgc_base:Turn 3 [battle-gen9championsvgc2026regma-1901] a0=3 a1=10 src=heuristic g0=0 g1=0
DEBUG:websockets.client:> TEXT 'battle-gen9championsvgc2026regma-1901|/choose m...law 1, move solarbeam 2' [79 bytes]
INFO:player:Turn 3 [battle-gen9championsvgc2026regma-1901] value head win-prob: 0.555  (winning)
DEBUG:live_vgc_base:Turn 3 [battle-gen9championsvgc2026regma-1901] a0=0 a1=9 src=model opp_splice=on
DEBUG:websockets.client:> TEXT 'battle-gen9championsvgc2026regma-1901|/choose move heatwave, move icywind' [73 bytes]
DEBUG:websockets.client:< TEXT '>battle-gen9championsvgc2026regma-1901\n|\n|t:|...1b: Zoroark\n|\n|upkeep' [442 bytes]
DEBUG:websockets.client:< TEXT '>battle-gen9championsvgc2026regma-1901\n|\n|t:|...1b: Zoroark\n|\n|upkeep' [442 bytes]
DEBUG:websockets.client:< TEXT '>battle-gen9championsvgc2026regma-1901\n|reques...Cancel":true,"rqid":12}' [1417 bytes]
DEBUG:websockets.client:< TEXT '>battle-gen9championsvgc2026regma-1901\n|reques...ng":false}]},"rqid":13}' [1451 bytes]
DEBUG:live_vgc_base:forceSwitch forced_switch_model [battle-gen9championsvgc2026regma-1901] turn 3 a0=12 a1=None opp_splice=on
DEBUG:websockets.client:> TEXT 'battle-gen9championsvgc2026regma-1901|/choose switch Charizard, pass' [68 bytes]
DEBUG:websockets.client:< TEXT '>battle-gen9championsvgc2026regma-1901\n|\n|t:|...L50, M|168/168\n|turn|4' [112 bytes]
DEBUG:websockets.client:< TEXT '>battle-gen9championsvgc2026regma-1901\n|\n|t:|...L50, M|100/100\n|turn|4' [112 bytes]
DEBUG:websockets.client:< TEXT '>battle-gen9championsvgc2026regma-1901\n|reques...ng":false}]},"rqid":15}' [2224 bytes]
DEBUG:websockets.client:< TEXT '>battle-gen9championsvgc2026regma-1901\n|reques...ng":false}]},"rqid":14}' [2183 bytes]
DEBUG:vgc_base:Turn 4 [battle-gen9championsvgc2026regma-1901] a0=3 a1=0 src=heuristic g0=0 g1=0
DEBUG:websockets.client:> TEXT 'battle-gen9championsvgc2026regma-1901|/choose m...reclaw 1, move heatwave' [76 bytes]
INFO:player:Turn 4 [battle-gen9championsvgc2026regma-1901] value head win-prob: 0.064  (losing)
DEBUG:live_vgc_base:Turn 4 [battle-gen9championsvgc2026regma-1901] a0=0 a1=0 src=model opp_splice=on
DEBUG:vgc_base:_safe_order: action 0 slot 1 \u2192 None, scanning legal actions.
DEBUG:vgc_base:_safe_order: slot 1 has no decodable legal action — sending Pass.
DEBUG:websockets.client:> TEXT 'battle-gen9championsvgc2026regma-1901|/choose move heatwave mega, pass' [70 bytes]
DEBUG:websockets.client:< TEXT '>battle-gen9championsvgc2026regma-1901\n|\n|t:|...nyDay|[upkeep]\n|upkeep' [527 bytes]
DEBUG:websockets.client:< TEXT '>battle-gen9championsvgc2026regma-1901\n|\n|t:|...nyDay|[upkeep]\n|upkeep' [527 bytes]
DEBUG:websockets.client:< TEXT '>battle-gen9championsvgc2026regma-1901\n|reques...ng":false}]},"rqid":16}' [1388 bytes]
DEBUG:websockets.client:< TEXT '>battle-gen9championsvgc2026regma-1901\n|reques...Cancel":true,"rqid":17}' [1480 bytes]
DEBUG:vgc_base:forceSwitch [battle-gen9championsvgc2026regma-1901] force=[True, True] \u2192 /choose switch Basculegion / /choose switch Whimsicott
DEBUG:websockets.client:> TEXT 'battle-gen9championsvgc2026regma-1901|/choose s...gion, switch Whimsicott' [83 bytes]
DEBUG:websockets.client:< TEXT '>battle-gen9championsvgc2026regma-1901\n|\n|t:|...L50, F|100/100\n|turn|5' [167 bytes]
DEBUG:websockets.client:< TEXT '>battle-gen9championsvgc2026regma-1901\n|\n|t:|...L50, F|137/137\n|turn|5' [167 bytes]
DEBUG:websockets.client:< TEXT '>battle-gen9championsvgc2026regma-1901\n|reques...ng":false}]},"rqid":18}' [2166 bytes]
DEBUG:websockets.client:< TEXT '>battle-gen9championsvgc2026regma-1901\n|reques...ng":false}]},"rqid":19}' [2211 bytes]
INFO:player:Turn 5 [battle-gen9championsvgc2026regma-1901] value head win-prob: 0.003  (losing)
DEBUG:live_vgc_base:Turn 5 [battle-gen9championsvgc2026regma-1901] a0=0 a1=0 src=model opp_splice=on
DEBUG:vgc_base:_safe_order: action 0 slot 1 \u2192 None, scanning legal actions.
DEBUG:vgc_base:_safe_order: slot 1 has no decodable legal action — sending Pass.
DEBUG:websockets.client:> TEXT 'battle-gen9championsvgc2026regma-1901|/choose move heatwave, pass' [65 bytes]
DEBUG:vgc_base:Turn 5 [battle-gen9championsvgc2026regma-1901] a0=3 a1=6 src=heuristic g0=0 g1=0
DEBUG:websockets.client:> TEXT 'battle-gen9championsvgc2026regma-1901|/choose m...ash 1, move moonblast 1' [80 bytes]
DEBUG:websockets.client:< TEXT '>battle-gen9championsvgc2026regma-1901\n|\n|t:|...Recoil\n|\n|win|OPheur3' [664 bytes]
DEBUG:websockets.client:< TEXT '>battle-gen9championsvgc2026regma-1901\n|\n|t:|...Recoil\n|\n|win|OPheur3' [666 bytes]
DEBUG:websockets.client:< TEXT '|updatesearch|{"searching":[],"games":{"battle-... 2026 Reg M-A Battle"}}' [124 bytes]
DEBUG:websockets.client:< TEXT '|updatesearch|{"searching":[],"games":{"battle-... 2026 Reg M-A Battle"}}' [124 bytes]
INFO:vgc_base:Battle battle-gen9championsvgc2026regma-1901 finished — outcome: LOSS  (W/L/D so far: 1/1/0)
DEBUG:websockets.client:> TEXT '|/leave battle-gen9championsvgc2026regma-1901' [45 bytes]
INFO:vgc_base:Battle battle-gen9championsvgc2026regma-1901 finished — outcome: WIN  (W/L/D so far: 1/1/0)
DEBUG:websockets.client:> TEXT '|/leave battle-gen9championsvgc2026regma-1901' [45 bytes]
DEBUG:websockets.client:> TEXT 'battle-gen9championsvgc2026regma-1902|/rejectopenteamsheets' [59 bytes]
DEBUG:websockets.client:> TEXT 'battle-gen9championsvgc2026regma-1902|/rejectopenteamsheets' [59 bytes]
DEBUG:websockets.client:< TEXT '>battle-gen9championsvgc2026regma-1901\n|deinit' [46 bytes]
DEBUG:websockets.client:< TEXT '>battle-gen9championsvgc2026regma-1901\n|l|\u2606BC3' [48 bytes]
DEBUG:websockets.client:> TEXT '|/utm Sneasler||whiteherb|unburden|fakeout,dire...Naive|32,2,,,,32||||50|' [550 bytes]
DEBUG:websockets.client:> TEXT '|/challenge opheur3, gen9championsvgc2026regma' [46 bytes]
DEBUG:websockets.client:< TEXT '>battle-gen9championsvgc2026regma-1901\n|deinit' [46 bytes]
DEBUG:websockets.client:< TEXT '>battle-gen9championsvgc2026regma-1902\n|uhtmlchange|otsrequest|' [63 bytes]
DEBUG:websockets.client:< TEXT '>battle-gen9championsvgc2026regma-1902\nBC3 rejected open team sheets.' [69 bytes]
DEBUG:websockets.client:< TEXT '>battle-gen9championsvgc2026regma-1902\n|uhtmlchange|otsrequest|' [63 bytes]
DEBUG:websockets.client:< TEXT '>battle-gen9championsvgc2026regma-1902\n|uhtmlchange|otsrequest|' [63 bytes]
DEBUG:websockets.client:< TEXT '>battle-gen9championsvgc2026regma-1902\nOPheur3...ected open team sheets.' [73 bytes]
DEBUG:websockets.client:< TEXT '>battle-gen9championsvgc2026regma-1902\nBC3 rejected open team sheets.' [69 bytes]
DEBUG:websockets.client:< TEXT '>battle-gen9championsvgc2026regma-1902\n|uhtmlchange|otsrequest|' [63 bytes]
DEBUG:websockets.client:< TEXT '>battle-gen9championsvgc2026regma-1902\nOPheur3...ected open team sheets.' [73 bytes]
DEBUG:vgc_base:Teampreview: first-4 roster order \u2192 ['sneasler', 'charizardmegay', 'whimsicott', 'basculegion']
INFO:vgc_base:Teampreview [battle-gen9championsvgc2026regma-1902] \u2192 /team 1234  (sneasler, charizardmegay, whimsicott, basculegion)
DEBUG:websockets.client:> TEXT 'battle-gen9championsvgc2026regma-1902|/team 1234' [48 bytes]
INFO:player:Team-preview [battle-gen9championsvgc2026regma-1902] NET drove: bring=['whimsicott', 'zoroarkhisui', 'ditto', 'charizardmegay'] leads=['whimsicott', 'zoroarkhisui'] (vs opp ['sneasler', 'charizard', 'whimsicott', 'basculegion', 'zoroarkhisui', 'ditto'])
INFO:vgc_base:Teampreview [battle-gen9championsvgc2026regma-1902] \u2192 /team 3562  (whimsicott, zoroarkhisui, ditto, charizardmegay)
DEBUG:websockets.client:> TEXT 'battle-gen9championsvgc2026regma-1902|/team 3562' [48 bytes]
DEBUG:websockets.client:< TEXT '|pm| BC3| OPheur3|/challenge gen9championsvgc20...hampionsvgc2026regma|||' [83 bytes]
DEBUG:websockets.client:< TEXT '|pm| BC3| OPheur3|/challenge gen9championsvgc20...hampionsvgc2026regma|||' [83 bytes]
DEBUG:websockets.client:< TEXT '|pm| BC3| OPheur3|/log BC3 wants to battle!' [43 bytes]
DEBUG:websockets.client:< TEXT '|pm| BC3| OPheur3|/log BC3 wants to battle!' [43 bytes]
DEBUG:websockets.client:> TEXT '|/utm Sneasler||whiteherb|unburden|fakeout,dire...Naive|32,2,,,,32||||50|' [550 bytes]
DEBUG:websockets.client:> TEXT '|/accept bc3' [12 bytes]
DEBUG:websockets.client:< TEXT '>battle-gen9championsvgc2026regma-1902\n|\n|t:|...L50, F|100/100\n|turn|1' [321 bytes]
DEBUG:websockets.client:< TEXT '>battle-gen9championsvgc2026regma-1902\n|\n|t:|...L50, F|168/168\n|turn|1' [321 bytes]
DEBUG:websockets.client:< TEXT '|pm| OPheur3| BC3|/challenge' [28 bytes]
DEBUG:websockets.client:< TEXT '|updatesearch|{"searching":[],"games":{"battle-... 2026 Reg M-A Battle"}}' [124 bytes]
DEBUG:websockets.client:< TEXT '|pm| OPheur3| BC3|/challenge' [28 bytes]
DEBUG:websockets.client:< TEXT '|updatesearch|{"searching":[],"games":{"battle-... 2026 Reg M-A Battle"}}' [208 bytes]
DEBUG:websockets.client:< TEXT '|updatesearch|{"searching":[],"games":{"battle-... 2026 Reg M-A Battle"}}' [208 bytes]
DEBUG:websockets.client:< TEXT '|updatesearch|{"searching":[],"games":{"battle-... 2026 Reg M-A Battle"}}' [124 bytes]
DEBUG:websockets.client:< TEXT '|updatesearch|{"searching":[],"games":{"battle-... 2026 Reg M-A Battle"}}' [208 bytes]
DEBUG:websockets.client:< TEXT '|updatesearch|{"searching":[],"games":{"battle-... 2026 Reg M-A Battle"}}' [208 bytes]
DEBUG:websockets.client:< TEXT '>battle-gen9championsvgc2026regma-1903\n|init|b... vs. OPheur3\n|j|\u2606BC3\n' [85 bytes]
DEBUG:websockets.client:< TEXT '>battle-gen9championsvgc2026regma-1903\n|j|\u2606OPheur3' [52 bytes]
DEBUG:websockets.client:< TEXT '>battle-gen9championsvgc2026regma-1903\n|init|b...n|j|\u2606BC3\n|j|\u2606OPheur3\n' [99 bytes]
DEBUG:websockets.client:< TEXT '|pm| OPheur3| BC3|/nonotify OPheur3 accepted th...26regma-1903</a>&raquo;' [173 bytes]
DEBUG:websockets.client:< TEXT '|pm| OPheur3| BC3|/nonotify OPheur3 accepted th...26regma-1903</a>&raquo;' [173 bytes]
DEBUG:websockets.client:< TEXT '>battle-gen9championsvgc2026regma-1902\n|reques...ing":false}]},"rqid":4}' [2167 bytes]
DEBUG:websockets.client:< TEXT '>battle-gen9championsvgc2026regma-1903\n|t:|1781645520\n|gametype|doubles' [71 bytes]
DEBUG:websockets.client:< TEXT '>battle-gen9championsvgc2026regma-1902\n|reques...ing":false}]},"rqid":5}' [2236 bytes]
DEBUG:websockets.client:< TEXT '>battle-gen9championsvgc2026regma-1903\n|t:|1781645520\n|gametype|doubles' [71 bytes]
DEBUG:websockets.client:< TEXT '>battle-gen9championsvgc2026regma-1903\n|player|p1|BC3|169|' [58 bytes]
DEBUG:websockets.client:< TEXT '>battle-gen9championsvgc2026regma-1903\n|player|p1|BC3|169|' [58 bytes]
DEBUG:websockets.client:< TEXT '>battle-gen9championsvgc2026regma-1903\n|player...heets</strong></button>' [855 bytes]
DEBUG:websockets.client:< TEXT '>battle-gen9championsvgc2026regma-1903\n|reques...ing":false}]},"rqid":3}' [2097 bytes]
DEBUG:websockets.client:< TEXT '>battle-gen9championsvgc2026regma-1903\n|player...heets</strong></button>' [855 bytes]
DEBUG:websockets.client:< TEXT '>battle-gen9championsvgc2026regma-1903\n|reques...ing":false}]},"rqid":2}' [2093 bytes]
INFO:player:Turn 1 [battle-gen9championsvgc2026regma-1902] value head win-prob: 0.351  (losing)
DEBUG:live_vgc_base:Turn 1 [battle-gen9championsvgc2026regma-1902] a0=0 a1=9 src=model opp_splice=on
DEBUG:websockets.client:> TEXT 'battle-gen9championsvgc2026regma-1902|/choose move encore 1, move icywind' [73 bytes]
DEBUG:vgc_base:Turn 1 [battle-gen9championsvgc2026regma-1902] a0=3 a1=0 src=heuristic g0=0 g1=0
DEBUG:websockets.client:> TEXT 'battle-gen9championsvgc2026regma-1902|/choose m...reclaw 1, move heatwave' [76 bytes]
DEBUG:websockets.client:< TEXT '>battle-gen9championsvgc2026regma-1902\n|\n|t:|...rk|Illusion\n|\n|upkeep' [673 bytes]
DEBUG:websockets.client:< TEXT '>battle-gen9championsvgc2026regma-1902\n|\n|t:|...rk|Illusion\n|\n|upkeep' [675 bytes]
DEBUG:websockets.client:< TEXT '>battle-gen9championsvgc2026regma-1902\n|reques...oCancel":true,"rqid":6}' [1420 bytes]
DEBUG:websockets.client:< TEXT '>battle-gen9championsvgc2026regma-1902\n|reques...ing":false}]},"rqid":7}' [1453 bytes]
DEBUG:live_vgc_base:forceSwitch forced_switch_model [battle-gen9championsvgc2026regma-1902] turn 1 a0=13 a1=None opp_splice=on
DEBUG:websockets.client:> TEXT 'battle-gen9championsvgc2026regma-1902|/choose switch Ditto, pass' [64 bytes]
DEBUG:websockets.client:< TEXT '>battle-gen9championsvgc2026regma-1902\n|\n|t:|...lity: Imposter\n|turn|2' [164 bytes]
DEBUG:websockets.client:< TEXT '>battle-gen9championsvgc2026regma-1902\n|\n|t:|...lity: Imposter\n|turn|2' [164 bytes]
DEBUG:websockets.client:< TEXT '>battle-gen9championsvgc2026regma-1902\n|reques...ing":false}]},"rqid":8}' [2198 bytes]
DEBUG:websockets.client:< TEXT '>battle-gen9championsvgc2026regma-1902\n|reques...ing":false}]},"rqid":9}' [2226 bytes]
INFO:player:Turn 2 [battle-gen9championsvgc2026regma-1902] value head win-prob: 0.193  (losing)
DEBUG:live_vgc_base:Turn 2 [battle-gen9championsvgc2026regma-1902] a0=0 a1=9 src=model opp_splice=on
DEBUG:websockets.client:> TEXT 'battle-gen9championsvgc2026regma-1902|/choose move heatwave, move icywind' [73 bytes]
DEBUG:vgc_base:Turn 2 [battle-gen9championsvgc2026regma-1902] a0=3 a1=10 src=heuristic g0=0 g1=0
DEBUG:websockets.client:> TEXT 'battle-gen9championsvgc2026regma-1902|/choose m...law 1, move solarbeam 2' [79 bytes]
DEBUG:websockets.client:< TEXT '>battle-gen9championsvgc2026regma-1902\n|\n|t:|...am\n|\n|upkeep\n|turn|3' [546 bytes]
DEBUG:websockets.client:< TEXT '>battle-gen9championsvgc2026regma-1902\n|\n|t:|...am\n|\n|upkeep\n|turn|3' [546 bytes]
DEBUG:websockets.client:< TEXT '>battle-gen9championsvgc2026regma-1902\n|reques...ng":false}]},"rqid":10}' [2198 bytes]
DEBUG:websockets.client:< TEXT '>battle-gen9championsvgc2026regma-1902\n|reques...ng":false}]},"rqid":11}' [1887 bytes]
DEBUG:vgc_base:Turn 3 [battle-gen9championsvgc2026regma-1902] a0=3 a1=10 src=heuristic g0=0 g1=0
DEBUG:websockets.client:> TEXT 'battle-gen9championsvgc2026regma-1902|/choose m...law 1, move solarbeam 2' [79 bytes]
INFO:player:Turn 3 [battle-gen9championsvgc2026regma-1902] value head win-prob: 0.412  (losing)
DEBUG:live_vgc_base:Turn 3 [battle-gen9championsvgc2026regma-1902] a0=0 a1=9 src=model opp_splice=on
DEBUG:websockets.client:> TEXT 'battle-gen9championsvgc2026regma-1902|/choose move heatwave, move icywind' [73 bytes]
DEBUG:websockets.client:< TEXT '>battle-gen9championsvgc2026regma-1902\n|\n|t:|...1b: Zoroark\n|\n|upkeep' [443 bytes]
DEBUG:websockets.client:< TEXT '>battle-gen9championsvgc2026regma-1902\n|\n|t:|...1b: Zoroark\n|\n|upkeep' [443 bytes]
DEBUG:websockets.client:< TEXT '>battle-gen9championsvgc2026regma-1902\n|reques...Cancel":true,"rqid":12}' [1417 bytes]
DEBUG:websockets.client:< TEXT '>battle-gen9championsvgc2026regma-1902\n|reques...ng":false}]},"rqid":13}' [1452 bytes]
DEBUG:live_vgc_base:forceSwitch forced_switch_model [battle-gen9championsvgc2026regma-1902] turn 3 a0=12 a1=None opp_splice=on
DEBUG:websockets.client:> TEXT 'battle-gen9championsvgc2026regma-1902|/choose switch Charizard, pass' [68 bytes]
DEBUG:websockets.client:< TEXT '>battle-gen9championsvgc2026regma-1902\n|\n|t:|...L50, M|168/168\n|turn|4' [112 bytes]
DEBUG:websockets.client:< TEXT '>battle-gen9championsvgc2026regma-1902\n|\n|t:|...L50, M|100/100\n|turn|4' [112 bytes]
DEBUG:websockets.client:< TEXT '>battle-gen9championsvgc2026regma-1902\n|reques...ng":false}]},"rqid":14}' [2183 bytes]
DEBUG:websockets.client:< TEXT '>battle-gen9championsvgc2026regma-1902\n|reques...ng":false}]},"rqid":15}' [2225 bytes]
INFO:player:Turn 4 [battle-gen9championsvgc2026regma-1902] value head win-prob: 0.042  (losing)
DEBUG:live_vgc_base:Turn 4 [battle-gen9championsvgc2026regma-1902] a0=0 a1=0 src=model opp_splice=on
DEBUG:vgc_base:_safe_order: action 0 slot 1 \u2192 None, scanning legal actions.
DEBUG:vgc_base:_safe_order: slot 1 has no decodable legal action — sending Pass.
DEBUG:websockets.client:> TEXT 'battle-gen9championsvgc2026regma-1902|/choose move heatwave mega, pass' [70 bytes]
DEBUG:vgc_base:Turn 4 [battle-gen9championsvgc2026regma-1902] a0=3 a1=0 src=heuristic g0=0 g1=0
DEBUG:websockets.client:> TEXT 'battle-gen9championsvgc2026regma-1902|/choose m...reclaw 1, move heatwave' [76 bytes]
DEBUG:websockets.client:< TEXT '>battle-gen9championsvgc2026regma-1902\n|\n|t:|...nyDay|[upkeep]\n|upkeep' [527 bytes]
DEBUG:websockets.client:< TEXT '>battle-gen9championsvgc2026regma-1902\n|\n|t:|...nyDay|[upkeep]\n|upkeep' [527 bytes]
DEBUG:websockets.client:< TEXT '>battle-gen9championsvgc2026regma-1902\n|reques...ng":false}]},"rqid":16}' [1388 bytes]
DEBUG:websockets.client:< TEXT '>battle-gen9championsvgc2026regma-1902\n|reques...Cancel":true,"rqid":17}' [1480 bytes]
DEBUG:vgc_base:forceSwitch [battle-gen9championsvgc2026regma-1902] force=[True, True] \u2192 /choose switch Basculegion / /choose switch Whimsicott
DEBUG:websockets.client:> TEXT 'battle-gen9championsvgc2026regma-1902|/choose s...gion, switch Whimsicott' [83 bytes]
DEBUG:websockets.client:< TEXT '>battle-gen9championsvgc2026regma-1902\n|\n|t:|...L50, F|100/100\n|turn|5' [167 bytes]
DEBUG:websockets.client:< TEXT '>battle-gen9championsvgc2026regma-1902\n|\n|t:|...L50, F|137/137\n|turn|5' [167 bytes]
DEBUG:websockets.client:< TEXT '>battle-gen9championsvgc2026regma-1902\n|reques...ng":false}]},"rqid":19}' [2211 bytes]
DEBUG:websockets.client:< TEXT '>battle-gen9championsvgc2026regma-1902\n|reques...ng":false}]},"rqid":18}' [2166 bytes]
DEBUG:vgc_base:Turn 5 [battle-gen9championsvgc2026regma-1902] a0=3 a1=6 src=heuristic g0=0 g1=0
DEBUG:websockets.client:> TEXT 'battle-gen9championsvgc2026regma-1902|/choose m...ash 1, move moonblast 1' [80 bytes]
INFO:player:Turn 5 [battle-gen9championsvgc2026regma-1902] value head win-prob: 0.003  (losing)
DEBUG:live_vgc_base:Turn 5 [battle-gen9championsvgc2026regma-1902] a0=0 a1=0 src=model opp_splice=on
DEBUG:vgc_base:_safe_order: action 0 slot 1 \u2192 None, scanning legal actions.
DEBUG:vgc_base:_safe_order: slot 1 has no decodable legal action — sending Pass.
DEBUG:websockets.client:> TEXT 'battle-gen9championsvgc2026regma-1902|/choose move heatwave, pass' [65 bytes]
DEBUG:websockets.client:< TEXT '>battle-gen9championsvgc2026regma-1902\n|\n|t:|...Recoil\n|\n|win|OPheur3' [673 bytes]
DEBUG:websockets.client:< TEXT '>battle-gen9championsvgc2026regma-1902\n|\n|t:|...Recoil\n|\n|win|OPheur3' [675 bytes]
DEBUG:websockets.client:< TEXT '|updatesearch|{"searching":[],"games":{"battle-... 2026 Reg M-A Battle"}}' [124 bytes]
INFO:vgc_base:Battle battle-gen9championsvgc2026regma-1902 finished — outcome: LOSS  (W/L/D so far: 1/2/0)
DEBUG:websockets.client:> TEXT '|/leave battle-gen9championsvgc2026regma-1902' [45 bytes]
DEBUG:websockets.client:< TEXT '|updatesearch|{"searching":[],"games":{"battle-... 2026 Reg M-A Battle"}}' [124 bytes]
DEBUG:websockets.client:> TEXT 'battle-gen9championsvgc2026regma-1903|/rejectopenteamsheets' [59 bytes]
INFO:vgc_base:Battle battle-gen9championsvgc2026regma-1902 finished — outcome: WIN  (W/L/D so far: 2/1/0)
DEBUG:websockets.client:> TEXT '|/leave battle-gen9championsvgc2026regma-1902' [45 bytes]
DEBUG:websockets.client:> TEXT '|/utm Sneasler||whiteherb|unburden|fakeout,dire...Naive|32,2,,,,32||||50|' [550 bytes]
DEBUG:websockets.client:> TEXT '|/challenge opheur3, gen9championsvgc2026regma' [46 bytes]
DEBUG:websockets.client:> TEXT 'battle-gen9championsvgc2026regma-1903|/rejectopenteamsheets' [59 bytes]
DEBUG:websockets.client:< TEXT '>battle-gen9championsvgc2026regma-1902\n|deinit' [46 bytes]
DEBUG:websockets.client:< TEXT '>battle-gen9championsvgc2026regma-1902\n|l|\u2606BC3' [48 bytes]
DEBUG:websockets.client:< TEXT '>battle-gen9championsvgc2026regma-1903\n|uhtmlchange|otsrequest|' [63 bytes]
DEBUG:websockets.client:< TEXT '>battle-gen9championsvgc2026regma-1903\nBC3 rejected open team sheets.' [69 bytes]
DEBUG:websockets.client:< TEXT '>battle-gen9championsvgc2026regma-1903\n|uhtmlchange|otsrequest|' [63 bytes]
DEBUG:websockets.client:< TEXT '>battle-gen9championsvgc2026regma-1903\nBC3 rejected open team sheets.' [69 bytes]
DEBUG:websockets.client:< TEXT '>battle-gen9championsvgc2026regma-1902\n|deinit' [46 bytes]
DEBUG:websockets.client:< TEXT '>battle-gen9championsvgc2026regma-1903\n|uhtmlchange|otsrequest|' [63 bytes]
DEBUG:websockets.client:< TEXT '>battle-gen9championsvgc2026regma-1903\n|uhtmlchange|otsrequest|' [63 bytes]
DEBUG:websockets.client:< TEXT '>battle-gen9championsvgc2026regma-1903\nOPheur3...ected open team sheets.' [73 bytes]
DEBUG:websockets.client:< TEXT '>battle-gen9championsvgc2026regma-1903\nOPheur3...ected open team sheets.' [73 bytes]
INFO:player:Team-preview [battle-gen9championsvgc2026regma-1903] NET drove: bring=['whimsicott', 'zoroarkhisui', 'ditto', 'charizardmegay'] leads=['whimsicott', 'zoroarkhisui'] (vs opp ['sneasler', 'charizard', 'whimsicott', 'basculegion', 'zoroarkhisui', 'ditto'])
INFO:vgc_base:Teampreview [battle-gen9championsvgc2026regma-1903] \u2192 /team 3562  (whimsicott, zoroarkhisui, ditto, charizardmegay)
DEBUG:websockets.client:> TEXT 'battle-gen9championsvgc2026regma-1903|/team 3562' [48 bytes]
DEBUG:vgc_base:Teampreview: first-4 roster order \u2192 ['sneasler', 'charizardmegay', 'whimsicott', 'basculegion']
INFO:vgc_base:Teampreview [battle-gen9championsvgc2026regma-1903] \u2192 /team 1234  (sneasler, charizardmegay, whimsicott, basculegion)
DEBUG:websockets.client:> TEXT 'battle-gen9championsvgc2026regma-1903|/team 1234' [48 bytes]
DEBUG:websockets.client:< TEXT '|pm| BC3| OPheur3|/challenge gen9championsvgc20...hampionsvgc2026regma|||' [83 bytes]
DEBUG:websockets.client:< TEXT '|pm| BC3| OPheur3|/challenge gen9championsvgc20...hampionsvgc2026regma|||' [83 bytes]
DEBUG:websockets.client:< TEXT '|pm| BC3| OPheur3|/log BC3 wants to battle!' [43 bytes]
DEBUG:websockets.client:< TEXT '|pm| BC3| OPheur3|/log BC3 wants to battle!' [43 bytes]
DEBUG:websockets.client:> TEXT '|/utm Sneasler||whiteherb|unburden|fakeout,dire...Naive|32,2,,,,32||||50|' [550 bytes]
DEBUG:websockets.client:> TEXT '|/accept bc3' [12 bytes]
DEBUG:websockets.client:< TEXT '>battle-gen9championsvgc2026regma-1903\n|\n|t:|...L50, M|100/100\n|turn|1' [321 bytes]
DEBUG:websockets.client:< TEXT '>battle-gen9championsvgc2026regma-1903\n|\n|t:|...L50, M|168/168\n|turn|1' [321 bytes]
DEBUG:websockets.client:< TEXT '>battle-gen9championsvgc2026regma-1903\n|reques...ing":false}]},"rqid":4}' [2167 bytes]
DEBUG:websockets.client:< TEXT '>battle-gen9championsvgc2026regma-1903\n|reques...ing":false}]},"rqid":5}' [2236 bytes]
INFO:player:Turn 1 [battle-gen9championsvgc2026regma-1903] value head win-prob: 0.351  (losing)
DEBUG:live_vgc_base:Turn 1 [battle-gen9championsvgc2026regma-1903] a0=0 a1=9 src=model opp_splice=on
DEBUG:websockets.client:> TEXT 'battle-gen9championsvgc2026regma-1903|/choose move encore 1, move icywind' [73 bytes]
DEBUG:vgc_base:Turn 1 [battle-gen9championsvgc2026regma-1903] a0=3 a1=0 src=heuristic g0=0 g1=0
DEBUG:websockets.client:> TEXT 'battle-gen9championsvgc2026regma-1903|/choose m...reclaw 1, move heatwave' [76 bytes]
DEBUG:websockets.client:< TEXT '|pm| OPheur3| BC3|/challenge' [28 bytes]
DEBUG:websockets.client:< TEXT '|pm| OPheur3| BC3|/challenge' [28 bytes]
DEBUG:websockets.client:< TEXT '|updatesearch|{"searching":[],"games":{"battle-... 2026 Reg M-A Battle"}}' [124 bytes]
DEBUG:websockets.client:< TEXT '|updatesearch|{"searching":[],"games":{"battle-... 2026 Reg M-A Battle"}}' [208 bytes]
DEBUG:websockets.client:< TEXT '|updatesearch|{"searching":[],"games":{"battle-... 2026 Reg M-A Battle"}}' [208 bytes]
DEBUG:websockets.client:< TEXT '>battle-gen9championsvgc2026regma-1904\n|init|b...n|j|\u2606BC3\n|j|\u2606OPheur3\n' [99 bytes]
DEBUG:websockets.client:< TEXT '|pm| OPheur3| BC3|/nonotify OPheur3 accepted th...26regma-1904</a>&raquo;' [173 bytes]
DEBUG:websockets.client:< TEXT '>battle-gen9championsvgc2026regma-1904\n|t:|1781645520\n|gametype|doubles' [71 bytes]
DEBUG:websockets.client:< TEXT '>battle-gen9championsvgc2026regma-1904\n|player|p1|BC3|169|' [58 bytes]
DEBUG:websockets.client:< TEXT '>battle-gen9championsvgc2026regma-1904\n|player...heets</strong></button>' [855 bytes]
DEBUG:websockets.client:< TEXT '>battle-gen9championsvgc2026regma-1904\n|reques...ing":false}]},"rqid":3}' [2097 bytes]
DEBUG:websockets.client:< TEXT '|updatesearch|{"searching":[],"games":{"battle-... 2026 Reg M-A Battle"}}' [124 bytes]
DEBUG:websockets.client:< TEXT '|updatesearch|{"searching":[],"games":{"battle-... 2026 Reg M-A Battle"}}' [208 bytes]
DEBUG:websockets.client:< TEXT '|updatesearch|{"searching":[],"games":{"battle-... 2026 Reg M-A Battle"}}' [208 bytes]
DEBUG:websockets.client:< TEXT '>battle-gen9championsvgc2026regma-1904\n|init|b... vs. OPheur3\n|j|\u2606BC3\n' [85 bytes]
DEBUG:websockets.client:< TEXT '>battle-gen9championsvgc2026regma-1904\n|j|\u2606OPheur3' [52 bytes]
DEBUG:websockets.client:< TEXT '|pm| OPheur3| BC3|/nonotify OPheur3 accepted th...26regma-1904</a>&raquo;' [173 bytes]
DEBUG:websockets.client:< TEXT '>battle-gen9championsvgc2026regma-1904\n|t:|1781645520\n|gametype|doubles' [71 bytes]
DEBUG:websockets.client:< TEXT '>battle-gen9championsvgc2026regma-1904\n|player|p1|BC3|169|' [58 bytes]
DEBUG:websockets.client:< TEXT '>battle-gen9championsvgc2026regma-1904\n|player...heets</strong></button>' [855 bytes]
DEBUG:websockets.client:< TEXT '>battle-gen9championsvgc2026regma-1904\n|reques...ing":false}]},"rqid":2}' [2093 bytes]
DEBUG:websockets.client:< TEXT '>battle-gen9championsvgc2026regma-1903\n|\n|t:|...rk|Illusion\n|\n|upkeep' [673 bytes]
DEBUG:websockets.client:< TEXT '>battle-gen9championsvgc2026regma-1903\n|\n|t:|...rk|Illusion\n|\n|upkeep' [676 bytes]
DEBUG:websockets.client:< TEXT '>battle-gen9championsvgc2026regma-1903\n|reques...oCancel":true,"rqid":6}' [1420 bytes]
DEBUG:websockets.client:< TEXT '>battle-gen9championsvgc2026regma-1903\n|reques...ing":false}]},"rqid":7}' [1453 bytes]
DEBUG:live_vgc_base:forceSwitch forced_switch_model [battle-gen9championsvgc2026regma-1903] turn 1 a0=13 a1=None opp_splice=on
DEBUG:websockets.client:> TEXT 'battle-gen9championsvgc2026regma-1903|/choose switch Ditto, pass' [64 bytes]
DEBUG:websockets.client:< TEXT '>battle-gen9championsvgc2026regma-1903\n|\n|t:|...lity: Imposter\n|turn|2' [164 bytes]
DEBUG:websockets.client:< TEXT '>battle-gen9championsvgc2026regma-1903\n|\n|t:|...lity: Imposter\n|turn|2' [164 bytes]
DEBUG:websockets.client:< TEXT '>battle-gen9championsvgc2026regma-1903\n|reques...ing":false}]},"rqid":8}' [2198 bytes]
DEBUG:websockets.client:< TEXT '>battle-gen9championsvgc2026regma-1903\n|reques...ing":false}]},"rqid":9}' [2226 bytes]
INFO:player:Turn 2 [battle-gen9championsvgc2026regma-1903] value head win-prob: 0.178  (losing)
DEBUG:live_vgc_base:Turn 2 [battle-gen9championsvgc2026regma-1903] a0=0 a1=9 src=model opp_splice=on
DEBUG:websockets.client:> TEXT 'battle-gen9championsvgc2026regma-1903|/choose move heatwave, move icywind' [73 bytes]
DEBUG:vgc_base:Turn 2 [battle-gen9championsvgc2026regma-1903] a0=3 a1=10 src=heuristic g0=0 g1=0
DEBUG:websockets.client:> TEXT 'battle-gen9championsvgc2026regma-1903|/choose m...law 1, move solarbeam 2' [79 bytes]
DEBUG:websockets.client:< TEXT '>battle-gen9championsvgc2026regma-1903\n|\n|t:|...am\n|\n|upkeep\n|turn|3' [548 bytes]
DEBUG:websockets.client:< TEXT '>battle-gen9championsvgc2026regma-1903\n|\n|t:|...am\n|\n|upkeep\n|turn|3' [549 bytes]
DEBUG:websockets.client:< TEXT '>battle-gen9championsvgc2026regma-1903\n|reques...ng":false}]},"rqid":11}' [1887 bytes]
DEBUG:websockets.client:< TEXT '>battle-gen9championsvgc2026regma-1903\n|reques...ng":false}]},"rqid":10}' [2198 bytes]
DEBUG:vgc_base:Turn 3 [battle-gen9championsvgc2026regma-1903] a0=3 a1=10 src=heuristic g0=0 g1=0
DEBUG:websockets.client:> TEXT 'battle-gen9championsvgc2026regma-1903|/choose m...law 1, move solarbeam 2' [79 bytes]
INFO:player:Turn 3 [battle-gen9championsvgc2026regma-1903] value head win-prob: 0.579  (winning)
DEBUG:live_vgc_base:Turn 3 [battle-gen9championsvgc2026regma-1903] a0=0 a1=9 src=model opp_splice=on
DEBUG:websockets.client:> TEXT 'battle-gen9championsvgc2026regma-1903|/choose move heatwave, move icywind' [73 bytes]
DEBUG:websockets.client:< TEXT '>battle-gen9championsvgc2026regma-1903\n|\n|t:|...1b: Zoroark\n|\n|upkeep' [591 bytes]
DEBUG:websockets.client:< TEXT '>battle-gen9championsvgc2026regma-1903\n|\n|t:|...1b: Zoroark\n|\n|upkeep' [591 bytes]
DEBUG:websockets.client:< TEXT '>battle-gen9championsvgc2026regma-1903\n|reques...ng":false}]},"rqid":12}' [1439 bytes]
DEBUG:websockets.client:< TEXT '>battle-gen9championsvgc2026regma-1903\n|reques...ng":false}]},"rqid":13}' [1466 bytes]
DEBUG:vgc_base:forceSwitch [battle-gen9championsvgc2026regma-1903] force=[True, False] \u2192 /choose switch Whimsicott / /choose pass
DEBUG:websockets.client:> TEXT 'battle-gen9championsvgc2026regma-1903|/choose switch Whimsicott, pass' [69 bytes]
DEBUG:live_vgc_base:forceSwitch forced_switch_model [battle-gen9championsvgc2026regma-1903] turn 3 a0=None a1=12 opp_splice=on
DEBUG:websockets.client:> TEXT 'battle-gen9championsvgc2026regma-1903|/choose pass, switch Charizard' [68 bytes]
DEBUG:websockets.client:< TEXT ">battle-gen9championsvgc2026regma-1903\n|error|...ch to an active Pokémon" [115 bytes]
DEBUG:live_vgc_base:forceSwitch forced_switch_model [battle-gen9championsvgc2026regma-1903] turn 3 a0=None a1=12 opp_splice=on
DEBUG:websockets.client:> TEXT 'battle-gen9championsvgc2026regma-1903|/choose pass, switch Charizard' [68 bytes]
DEBUG:websockets.client:< TEXT ">battle-gen9championsvgc2026regma-1903\n|error|...ch to an active Pokémon" [115 bytes]
WARNING:vgc_base:forceSwitch [battle-gen9championsvgc2026regma-1903] re-requested 3× (order rejected) — sending /choose default.
DEBUG:websockets.client:> TEXT 'battle-gen9championsvgc2026regma-1903|/choose default' [53 bytes]
DEBUG:websockets.client:< TEXT '>battle-gen9championsvgc2026regma-1903\n|\n|t:|...L50, M|168/168\n|turn|4' [163 bytes]
DEBUG:websockets.client:< TEXT '>battle-gen9championsvgc2026regma-1903\n|\n|t:|...L50, M|100/100\n|turn|4' [163 bytes]
DEBUG:websockets.client:< TEXT '>battle-gen9championsvgc2026regma-1903\n|reques...ng":false}]},"rqid":14}' [2207 bytes]
DEBUG:websockets.client:< TEXT '>battle-gen9championsvgc2026regma-1903\n|reques...ng":false}]},"rqid":15}' [2237 bytes]
DEBUG:vgc_base:Turn 4 [battle-gen9championsvgc2026regma-1903] a0=6 a1=0 src=heuristic g0=0 g1=0
DEBUG:websockets.client:> TEXT 'battle-gen9championsvgc2026regma-1903|/choose m...nblast 1, move heatwave' [77 bytes]
INFO:player:Turn 4 [battle-gen9championsvgc2026regma-1903] value head win-prob: 0.097  (losing)
DEBUG:live_vgc_base:Turn 4 [battle-gen9championsvgc2026regma-1903] a0=0 a1=0 src=model opp_splice=on
DEBUG:websockets.client:> TEXT 'battle-gen9championsvgc2026regma-1903|/choose m...ave, move heatwave mega' [79 bytes]
DEBUG:websockets.client:< TEXT '>battle-gen9championsvgc2026regma-1903\n|\n|t:|...nyDay|[upkeep]\n|upkeep' [689 bytes]
DEBUG:websockets.client:< TEXT '>battle-gen9championsvgc2026regma-1903\n|\n|t:|...nyDay|[upkeep]\n|upkeep' [689 bytes]
DEBUG:websockets.client:< TEXT '>battle-gen9championsvgc2026regma-1903\n|reques...ng":false}]},"rqid":16}' [1389 bytes]
DEBUG:websockets.client:< TEXT '>battle-gen9championsvgc2026regma-1903\n|reques...Cancel":true,"rqid":17}' [1470 bytes]
DEBUG:vgc_base:forceSwitch [battle-gen9championsvgc2026regma-1903] force=[False, True] \u2192 /choose pass / /choose switch Basculegion
DEBUG:websockets.client:> TEXT 'battle-gen9championsvgc2026regma-1903|/choose pass, switch Basculegion' [70 bytes]
DEBUG:websockets.client:< TEXT '>battle-gen9championsvgc2026regma-1903\n|\n|t:|...L50, M|100/100\n|turn|5' [116 bytes]
DEBUG:websockets.client:< TEXT '>battle-gen9championsvgc2026regma-1903\n|\n|t:|...L50, M|197/197\n|turn|5' [116 bytes]
DEBUG:websockets.client:< TEXT '>battle-gen9championsvgc2026regma-1903\n|reques...ng":false}]},"rqid":18}' [1878 bytes]
DEBUG:websockets.client:< TEXT '>battle-gen9championsvgc2026regma-1903\n|reques...ng":false}]},"rqid":19}' [2200 bytes]
DEBUG:vgc_base:Turn 5 [battle-gen9championsvgc2026regma-1903] a0=7 a1=4 src=heuristic g0=0 g1=0
DEBUG:websockets.client:> TEXT 'battle-gen9championsvgc2026regma-1903|/choose m...ast 2, move wavecrash 2' [80 bytes]
INFO:player:Turn 5 [battle-gen9championsvgc2026regma-1903] value head win-prob: 0.011  (losing)
DEBUG:live_vgc_base:Turn 5 [battle-gen9championsvgc2026regma-1903] a0=0 a1=0 src=model opp_splice=on
DEBUG:vgc_base:_safe_order: action 0 slot 0 \u2192 None, scanning legal actions.
DEBUG:vgc_base:_safe_order: slot 0 has no decodable legal action — sending Pass.
DEBUG:websockets.client:> TEXT 'battle-gen9championsvgc2026regma-1903|/choose pass, move heatwave' [65 bytes]
DEBUG:websockets.client:< TEXT '>battle-gen9championsvgc2026regma-1903\n|\n|t:|...Recoil\n|\n|win|OPheur3' [576 bytes]
DEBUG:websockets.client:< TEXT '>battle-gen9championsvgc2026regma-1903\n|\n|t:|...Recoil\n|\n|win|OPheur3' [576 bytes]
DEBUG:websockets.client:< TEXT '|updatesearch|{"searching":[],"games":{"battle-... 2026 Reg M-A Battle"}}' [124 bytes]
INFO:vgc_base:Battle battle-gen9championsvgc2026regma-1903 finished — outcome: LOSS  (W/L/D so far: 1/3/0)
DEBUG:websockets.client:> TEXT '|/leave battle-gen9championsvgc2026regma-1903' [45 bytes]
DEBUG:websockets.client:< TEXT '|updatesearch|{"searching":[],"games":{"battle-... 2026 Reg M-A Battle"}}' [124 bytes]
DEBUG:websockets.client:> TEXT 'battle-gen9championsvgc2026regma-1904|/rejectopenteamsheets' [59 bytes]
INFO:vgc_base:Battle battle-gen9championsvgc2026regma-1903 finished — outcome: WIN  (W/L/D so far: 3/1/0)
DEBUG:websockets.client:> TEXT '|/leave battle-gen9championsvgc2026regma-1903' [45 bytes]
DEBUG:websockets.client:> TEXT 'battle-gen9championsvgc2026regma-1904|/rejectopenteamsheets' [59 bytes]
DEBUG:websockets.client:< TEXT '>battle-gen9championsvgc2026regma-1903\n|deinit' [46 bytes]
DEBUG:websockets.client:< TEXT '>battle-gen9championsvgc2026regma-1903\n|l|\u2606BC3' [48 bytes]
DEBUG:websockets.client:< TEXT '>battle-gen9championsvgc2026regma-1904\n|uhtmlchange|otsrequest|' [63 bytes]
DEBUG:websockets.client:< TEXT '>battle-gen9championsvgc2026regma-1904\nBC3 rejected open team sheets.' [69 bytes]
DEBUG:websockets.client:< TEXT '>battle-gen9championsvgc2026regma-1904\n|uhtmlchange|otsrequest|' [63 bytes]
DEBUG:websockets.client:< TEXT '>battle-gen9championsvgc2026regma-1904\nBC3 rejected open team sheets.' [69 bytes]
DEBUG:websockets.client:< TEXT '>battle-gen9championsvgc2026regma-1903\n|deinit' [46 bytes]
DEBUG:websockets.client:< TEXT '>battle-gen9championsvgc2026regma-1904\n|uhtmlchange|otsrequest|' [63 bytes]
DEBUG:websockets.client:< TEXT '>battle-gen9championsvgc2026regma-1904\n|uhtmlchange|otsrequest|' [63 bytes]
DEBUG:websockets.client:< TEXT '>battle-gen9championsvgc2026regma-1904\nOPheur3...ected open team sheets.' [73 bytes]
DEBUG:websockets.client:< TEXT '>battle-gen9championsvgc2026regma-1904\nOPheur3...ected open team sheets.' [73 bytes]
INFO:player:Team-preview [battle-gen9championsvgc2026regma-1904] NET drove: bring=['whimsicott', 'zoroarkhisui', 'ditto', 'charizardmegay'] leads=['whimsicott', 'zoroarkhisui'] (vs opp ['sneasler', 'charizard', 'whimsicott', 'basculegion', 'zoroarkhisui', 'ditto'])
INFO:vgc_base:Teampreview [battle-gen9championsvgc2026regma-1904] \u2192 /team 3562  (whimsicott, zoroarkhisui, ditto, charizardmegay)
DEBUG:websockets.client:> TEXT 'battle-gen9championsvgc2026regma-1904|/team 3562' [48 bytes]
DEBUG:vgc_base:Teampreview: first-4 roster order \u2192 ['sneasler', 'charizardmegay', 'whimsicott', 'basculegion']
INFO:vgc_base:Teampreview [battle-gen9championsvgc2026regma-1904] \u2192 /team 1234  (sneasler, charizardmegay, whimsicott, basculegion)
DEBUG:websockets.client:> TEXT 'battle-gen9championsvgc2026regma-1904|/team 1234' [48 bytes]
DEBUG:websockets.client:< TEXT '>battle-gen9championsvgc2026regma-1904\n|\n|t:|...L50, F|100/100\n|turn|1' [321 bytes]
DEBUG:websockets.client:< TEXT '>battle-gen9championsvgc2026regma-1904\n|\n|t:|...L50, F|168/168\n|turn|1' [321 bytes]
DEBUG:websockets.client:< TEXT '>battle-gen9championsvgc2026regma-1904\n|reques...ing":false}]},"rqid":4}' [2167 bytes]
DEBUG:websockets.client:< TEXT '>battle-gen9championsvgc2026regma-1904\n|reques...ing":false}]},"rqid":5}' [2236 bytes]
DEBUG:vgc_base:Turn 1 [battle-gen9championsvgc2026regma-1904] a0=3 a1=0 src=heuristic g0=0 g1=0
DEBUG:websockets.client:> TEXT 'battle-gen9championsvgc2026regma-1904|/choose m...reclaw 1, move heatwave' [76 bytes]
INFO:player:Turn 1 [battle-gen9championsvgc2026regma-1904] value head win-prob: 0.351  (losing)
DEBUG:live_vgc_base:Turn 1 [battle-gen9championsvgc2026regma-1904] a0=0 a1=9 src=model opp_splice=on
DEBUG:websockets.client:> TEXT 'battle-gen9championsvgc2026regma-1904|/choose move encore 1, move icywind' [73 bytes]
DEBUG:websockets.client:< TEXT '>battle-gen9championsvgc2026regma-1904\n|\n|t:|...rk|Illusion\n|\n|upkeep' [672 bytes]
DEBUG:websockets.client:< TEXT '>battle-gen9championsvgc2026regma-1904\n|\n|t:|...rk|Illusion\n|\n|upkeep' [674 bytes]
DEBUG:websockets.client:< TEXT '>battle-gen9championsvgc2026regma-1904\n|reques...oCancel":true,"rqid":6}' [1420 bytes]
DEBUG:websockets.client:< TEXT '>battle-gen9championsvgc2026regma-1904\n|reques...ing":false}]},"rqid":7}' [1453 bytes]
DEBUG:live_vgc_base:forceSwitch forced_switch_model [battle-gen9championsvgc2026regma-1904] turn 1 a0=13 a1=None opp_splice=on
DEBUG:websockets.client:> TEXT 'battle-gen9championsvgc2026regma-1904|/choose switch Ditto, pass' [64 bytes]
DEBUG:websockets.client:< TEXT '>battle-gen9championsvgc2026regma-1904\n|\n|t:|...lity: Imposter\n|turn|2' [164 bytes]
DEBUG:websockets.client:< TEXT '>battle-gen9championsvgc2026regma-1904\n|\n|t:|...lity: Imposter\n|turn|2' [164 bytes]
DEBUG:websockets.client:< TEXT '>battle-gen9championsvgc2026regma-1904\n|reques...ing":false}]},"rqid":8}' [2198 bytes]
DEBUG:websockets.client:< TEXT '>battle-gen9championsvgc2026regma-1904\n|reques...ing":false}]},"rqid":9}' [2226 bytes]
INFO:player:Turn 2 [battle-gen9championsvgc2026regma-1904] value head win-prob: 0.188  (losing)
DEBUG:live_vgc_base:Turn 2 [battle-gen9championsvgc2026regma-1904] a0=0 a1=9 src=model opp_splice=on
DEBUG:websockets.client:> TEXT 'battle-gen9championsvgc2026regma-1904|/choose move heatwave, move icywind' [73 bytes]
DEBUG:vgc_base:Turn 2 [battle-gen9championsvgc2026regma-1904] a0=3 a1=10 src=heuristic g0=0 g1=0
DEBUG:websockets.client:> TEXT 'battle-gen9championsvgc2026regma-1904|/choose m...law 1, move solarbeam 2' [79 bytes]
DEBUG:websockets.client:< TEXT '>battle-gen9championsvgc2026regma-1904\n|\n|t:|...am\n|\n|upkeep\n|turn|3' [548 bytes]
DEBUG:websockets.client:< TEXT '>battle-gen9championsvgc2026regma-1904\n|\n|t:|...am\n|\n|upkeep\n|turn|3' [550 bytes]
DEBUG:websockets.client:< TEXT '>battle-gen9championsvgc2026regma-1904\n|reques...ng":false}]},"rqid":10}' [2198 bytes]
DEBUG:websockets.client:< TEXT '>battle-gen9championsvgc2026regma-1904\n|reques...ng":false}]},"rqid":11}' [1887 bytes]
DEBUG:vgc_base:Turn 3 [battle-gen9championsvgc2026regma-1904] a0=3 a1=10 src=heuristic g0=0 g1=0
DEBUG:websockets.client:> TEXT 'battle-gen9championsvgc2026regma-1904|/choose m...law 1, move solarbeam 2' [79 bytes]
INFO:player:Turn 3 [battle-gen9championsvgc2026regma-1904] value head win-prob: 0.605  (winning)
DEBUG:live_vgc_base:Turn 3 [battle-gen9championsvgc2026regma-1904] a0=0 a1=9 src=model opp_splice=on
DEBUG:websockets.client:> TEXT 'battle-gen9championsvgc2026regma-1904|/choose move heatwave, move icywind' [73 bytes]
DEBUG:websockets.client:< TEXT '>battle-gen9championsvgc2026regma-1904\n|\n|t:|...1b: Zoroark\n|\n|upkeep' [536 bytes]
DEBUG:websockets.client:< TEXT '>battle-gen9championsvgc2026regma-1904\n|\n|t:|...1b: Zoroark\n|\n|upkeep' [536 bytes]
DEBUG:websockets.client:< TEXT '>battle-gen9championsvgc2026regma-1904\n|reques...ng":false}]},"rqid":12}' [1439 bytes]
DEBUG:websockets.client:< TEXT '>battle-gen9championsvgc2026regma-1904\n|reques...ng":false}]},"rqid":13}' [1465 bytes]
DEBUG:vgc_base:forceSwitch [battle-gen9championsvgc2026regma-1904] force=[True, False] \u2192 /choose switch Whimsicott / /choose pass
DEBUG:websockets.client:> TEXT 'battle-gen9championsvgc2026regma-1904|/choose switch Whimsicott, pass' [69 bytes]
DEBUG:live_vgc_base:forceSwitch forced_switch_model [battle-gen9championsvgc2026regma-1904] turn 3 a0=None a1=12 opp_splice=on
DEBUG:websockets.client:> TEXT 'battle-gen9championsvgc2026regma-1904|/choose pass, switch Charizard' [68 bytes]
DEBUG:websockets.client:< TEXT ">battle-gen9championsvgc2026regma-1904\n|error|...ch to an active Pokémon" [115 bytes]
DEBUG:live_vgc_base:forceSwitch forced_switch_model [battle-gen9championsvgc2026regma-1904] turn 3 a0=None a1=12 opp_splice=on
DEBUG:websockets.client:> TEXT 'battle-gen9championsvgc2026regma-1904|/choose pass, switch Charizard' [68 bytes]
DEBUG:websockets.client:< TEXT ">battle-gen9championsvgc2026regma-1904\n|error|...ch to an active Pokémon" [115 bytes]
WARNING:vgc_base:forceSwitch [battle-gen9championsvgc2026regma-1904] re-requested 3× (order rejected) — sending /choose default.
DEBUG:websockets.client:> TEXT 'battle-gen9championsvgc2026regma-1904|/choose default' [53 bytes]
DEBUG:websockets.client:< TEXT '>battle-gen9championsvgc2026regma-1904\n|\n|t:|...L50, M|168/168\n|turn|4' [163 bytes]
DEBUG:websockets.client:< TEXT '>battle-gen9championsvgc2026regma-1904\n|\n|t:|...L50, M|100/100\n|turn|4' [163 bytes]
DEBUG:websockets.client:< TEXT '>battle-gen9championsvgc2026regma-1904\n|reques...ng":false}]},"rqid":14}' [2207 bytes]
DEBUG:websockets.client:< TEXT '>battle-gen9championsvgc2026regma-1904\n|reques...ng":false}]},"rqid":15}' [2236 bytes]
DEBUG:vgc_base:Turn 4 [battle-gen9championsvgc2026regma-1904] a0=6 a1=0 src=heuristic g0=0 g1=0
DEBUG:websockets.client:> TEXT 'battle-gen9championsvgc2026regma-1904|/choose m...nblast 1, move heatwave' [77 bytes]
INFO:player:Turn 4 [battle-gen9championsvgc2026regma-1904] value head win-prob: 0.106  (losing)
DEBUG:live_vgc_base:Turn 4 [battle-gen9championsvgc2026regma-1904] a0=0 a1=0 src=model opp_splice=on
DEBUG:websockets.client:> TEXT 'battle-gen9championsvgc2026regma-1904|/choose m...ave, move heatwave mega' [79 bytes]
DEBUG:websockets.client:< TEXT '>battle-gen9championsvgc2026regma-1904\n|\n|t:|...nyDay|[upkeep]\n|upkeep' [690 bytes]
DEBUG:websockets.client:< TEXT '>battle-gen9championsvgc2026regma-1904\n|\n|t:|...nyDay|[upkeep]\n|upkeep' [690 bytes]
DEBUG:websockets.client:< TEXT '>battle-gen9championsvgc2026regma-1904\n|reques...ng":false}]},"rqid":16}' [1389 bytes]
DEBUG:websockets.client:< TEXT '>battle-gen9championsvgc2026regma-1904\n|reques...Cancel":true,"rqid":17}' [1469 bytes]
DEBUG:vgc_base:forceSwitch slot 1: no available switch — '/choose default' (handled poke-env desync).
DEBUG:vgc_base:forceSwitch DIAG [battle-gen9championsvgc2026regma-1904] turn=4 slot=1 force=[True, True] available_switches=[['basculegion'], ['basculegion']] own_bench_mons=['basculegion'] request_state={'Whimsicott': 'actfnt', 'Charizard': 'actfnt', 'Sneasler': 'fnt', 'Basculegion': ''} team_keys=['p2: Sneasler', 'p2: Charizard', 'p2: Whimsicott', 'p2: Basculegion', 'p2: Zoroark', 'p2: Ditto'] team=[sneasler(act=False,fnt=True,hp=0), charizard(act=True,fnt=True,hp=0), whimsicott(act=True,fnt=True,hp=0), basculegion(act=False,fnt=False,hp=1.0), zoroarkhisui(act=False,fnt=False,hp=1.0), ditto(act=False,fnt=False,hp=1.0)]
DEBUG:websockets.client:> TEXT 'battle-gen9championsvgc2026regma-1904|/choose default' [53 bytes]
DEBUG:websockets.client:< TEXT '>battle-gen9championsvgc2026regma-1904\n|\n|t:|...L50, M|100/100\n|turn|5' [116 bytes]
DEBUG:websockets.client:< TEXT '>battle-gen9championsvgc2026regma-1904\n|\n|t:|...L50, M|197/197\n|turn|5' [116 bytes]
DEBUG:websockets.client:< TEXT '>battle-gen9championsvgc2026regma-1904\n|reques...ng":false}]},"rqid":18}' [1878 bytes]
DEBUG:websockets.client:< TEXT '>battle-gen9championsvgc2026regma-1904\n|reques...ng":false}]},"rqid":19}' [2221 bytes]
DEBUG:vgc_base:Turn 5 [battle-gen9championsvgc2026regma-1904] a0=4 a1=0 src=heuristic g0=0 g1=0
DEBUG:vgc_base:_safe_order: action 0 slot 1 \u2192 None, scanning legal actions.
DEBUG:vgc_base:_safe_order: slot 1 has no decodable legal action — sending Pass.
DEBUG:websockets.client:> TEXT 'battle-gen9championsvgc2026regma-1904|/choose move wavecrash 2, pass' [68 bytes]
INFO:player:Turn 5 [battle-gen9championsvgc2026regma-1904] value head win-prob: 0.930  (winning)
DEBUG:live_vgc_base:Turn 5 [battle-gen9championsvgc2026regma-1904] a0=0 a1=6 src=model opp_splice=on
DEBUG:vgc_base:_safe_order: action 0 slot 0 \u2192 None, scanning legal actions.
DEBUG:vgc_base:_safe_order: slot 0 has no decodable legal action — sending Pass.
DEBUG:websockets.client:> TEXT 'battle-gen9championsvgc2026regma-1904|/choose pass, move protect' [64 bytes]
DEBUG:websockets.client:< TEXT '>battle-gen9championsvgc2026regma-1904\n|\n|t:|...keep]\n|upkeep\n|turn|6' [270 bytes]
DEBUG:websockets.client:< TEXT '>battle-gen9championsvgc2026regma-1904\n|\n|t:|...keep]\n|upkeep\n|turn|6' [270 bytes]
DEBUG:websockets.client:< TEXT '>battle-gen9championsvgc2026regma-1904\n|reques...ng":false}]},"rqid":20}' [1878 bytes]
DEBUG:websockets.client:< TEXT '>battle-gen9championsvgc2026regma-1904\n|reques...ng":false}]},"rqid":21}' [2221 bytes]
INFO:player:Turn 6 [battle-gen9championsvgc2026regma-1904] value head win-prob: 0.934  (winning)
DEBUG:live_vgc_base:Turn 6 [battle-gen9championsvgc2026regma-1904] a0=0 a1=6 src=model opp_splice=on
DEBUG:vgc_base:_safe_order: action 0 slot 0 \u2192 None, scanning legal actions.
DEBUG:vgc_base:_safe_order: slot 0 has no decodable legal action — sending Pass.
DEBUG:websockets.client:> TEXT 'battle-gen9championsvgc2026regma-1904|/choose pass, move protect' [64 bytes]
DEBUG:vgc_base:Turn 6 [battle-gen9championsvgc2026regma-1904] a0=4 a1=0 src=heuristic g0=0 g1=0
DEBUG:vgc_base:_safe_order: action 0 slot 1 \u2192 None, scanning legal actions.
DEBUG:vgc_base:_safe_order: slot 1 has no decodable legal action — sending Pass.
DEBUG:websockets.client:> TEXT 'battle-gen9championsvgc2026regma-1904|/choose move wavecrash 2, pass' [68 bytes]
DEBUG:websockets.client:< TEXT '>battle-gen9championsvgc2026regma-1904\n|\n|t:|...keep]\n|upkeep\n|turn|7' [270 bytes]
DEBUG:websockets.client:< TEXT '>battle-gen9championsvgc2026regma-1904\n|\n|t:|...keep]\n|upkeep\n|turn|7' [270 bytes]
DEBUG:websockets.client:< TEXT '>battle-gen9championsvgc2026regma-1904\n|reques...ng":false}]},"rqid":23}' [2221 bytes]
DEBUG:websockets.client:< TEXT '>battle-gen9championsvgc2026regma-1904\n|reques...ng":false}]},"rqid":22}' [1878 bytes]
DEBUG:vgc_base:Turn 7 [battle-gen9championsvgc2026regma-1904] a0=4 a1=0 src=heuristic g0=0 g1=0
DEBUG:vgc_base:_safe_order: action 0 slot 1 \u2192 None, scanning legal actions.
DEBUG:vgc_base:_safe_order: slot 1 has no decodable legal action — sending Pass.
DEBUG:websockets.client:> TEXT 'battle-gen9championsvgc2026regma-1904|/choose move wavecrash 2, pass' [68 bytes]
INFO:player:Turn 7 [battle-gen9championsvgc2026regma-1904] value head win-prob: 0.933  (winning)
DEBUG:live_vgc_base:Turn 7 [battle-gen9championsvgc2026regma-1904] a0=0 a1=6 src=model opp_splice=on
DEBUG:vgc_base:_safe_order: action 0 slot 0 \u2192 None, scanning legal actions.
DEBUG:vgc_base:_safe_order: slot 0 has no decodable legal action — sending Pass.
DEBUG:websockets.client:> TEXT 'battle-gen9championsvgc2026regma-1904|/choose pass, move protect' [64 bytes]
DEBUG:websockets.client:< TEXT '>battle-gen9championsvgc2026regma-1904\n|\n|t:|...Recoil\n|\n|win|OPheur3' [334 bytes]
DEBUG:websockets.client:< TEXT '>battle-gen9championsvgc2026regma-1904\n|\n|t:|...Recoil\n|\n|win|OPheur3' [335 bytes]
DEBUG:websockets.client:< TEXT '|updatesearch|{"searching":[],"games":null}' [43 bytes]
INFO:vgc_base:Battle battle-gen9championsvgc2026regma-1904 finished — outcome: LOSS  (W/L/D so far: 1/4/0)
DEBUG:websockets.client:> TEXT '|/leave battle-gen9championsvgc2026regma-1904' [45 bytes]
DEBUG:websockets.client:< TEXT '|updatesearch|{"searching":[],"games":null}' [43 bytes]
INFO:vgc_base:Battle battle-gen9championsvgc2026regma-1904 finished — outcome: WIN  (W/L/D so far: 4/1/0)
DEBUG:websockets.client:> TEXT '|/leave battle-gen9championsvgc2026regma-1904' [45 bytes]
DEBUG:websockets.client:< TEXT '>battle-gen9championsvgc2026regma-1904\n|deinit' [46 bytes]
DEBUG:websockets.client:< TEXT '>battle-gen9championsvgc2026regma-1904\n|l|\u2606BC3' [48 bytes]
DEBUG:websockets.client:< TEXT '>battle-gen9championsvgc2026regma-1904\n|deinit' [46 bytes]
DEBUG:websockets.client:> CLOSE 1000 (OK) [2 bytes]
DEBUG:websockets.client:= connection is CLOSING
DEBUG:websockets.client:< CLOSE 1000 (OK) [2 bytes]
DEBUG:websockets.client:< EOF
DEBUG:websockets.client:> EOF
DEBUG:websockets.client:= connection is CLOSED
DEBUG:websockets.client:x half-closing TCP connection
DEBUG:websockets.client:> CLOSE 1000 (OK) [2 bytes]
DEBUG:websockets.client:= connection is CLOSING
DEBUG:websockets.client:< CLOSE 1000 (OK) [2 bytes]
DEBUG:websockets.client:< EOF
DEBUG:websockets.client:> EOF
DEBUG:websockets.client:= connection is CLOSED
DEBUG:websockets.client:x half-closing TCP connection
INFO:__main__:vs heuristic: 1/5
Traceback (most recent call last):
  File "D:\ShowdownProject\Victory-Dance\local_battle\gauntlet.py", line 451, in <module>
    sys.exit(main())
             ^^^^^^
  File "D:\ShowdownProject\Victory-Dance\local_battle\gauntlet.py", line 446, in main
    print_sources(sources)
  File "D:\ShowdownProject\Victory-Dance\local_battle\gauntlet.py", line 180, in print_sources
    print(f"  MODEL-DRIVEN      : {model}/{total} = {model / total * 100:.1f}%  "
  File "D:\Python\3.12\Lib\encodings\cp1252.py", line 19, in encode
    return codecs.charmap_encode(input,self.errors,encoding_table)[0]
           ^^^^^^^^^^^^^^^^^^^^^^^^^^^^^^^^^^^^^^^^^^^^^^^^^^^^^^^
UnicodeEncodeError: 'charmap' codec can't encode character '\u21d2' in position 46: character maps to <undefined>
